label;geo_local_area;geom;geo_point_2d
141;Renfrew-Collingwood;"{""coordinates"": [-123.04057723116256, 49.241154693503795], ""type"": ""Point""}";49.241154693503795, -123.04057723116256
38;Renfrew-Collingwood;"{""coordinates"": [-123.03609465578404, 49.241662549953624], ""type"": ""Point""}";49.241662549953624, -123.03609465578404
35;Renfrew-Collingwood;"{""coordinates"": [-123.03673999686607, 49.24236794197082], ""type"": ""Point""}";49.24236794197082, -123.03673999686607
127;Renfrew-Collingwood;"{""coordinates"": [-123.0400313443298, 49.243306139970144], ""type"": ""Point""}";49.243306139970144, -123.0400313443298
115;Renfrew-Collingwood;"{""coordinates"": [-123.04131055008321, 49.24257721041519], ""type"": ""Point""}";49.24257721041519, -123.04131055008321
119;Renfrew-Collingwood;"{""coordinates"": [-123.0431215678137, 49.243286137861816], ""type"": ""Point""}";49.243286137861816, -123.0431215678137
15;Renfrew-Collingwood;"{""coordinates"": [-123.039836418788, 49.23716110872705], ""type"": ""Point""}";49.23716110872705, -123.039836418788
82;Renfrew-Collingwood;"{""coordinates"": [-123.03661056088065, 49.23870192798755], ""type"": ""Point""}";49.23870192798755, -123.03661056088065
86;Renfrew-Collingwood;"{""coordinates"": [-123.03743615095695, 49.239168066733264], ""type"": ""Point""}";49.239168066733264, -123.03743615095695
147;Renfrew-Collingwood;"{""coordinates"": [-123.03759360700344, 49.23988279549686], ""type"": ""Point""}";49.23988279549686, -123.03759360700344
144;Renfrew-Collingwood;"{""coordinates"": [-123.03930719151955, 49.24026151849316], ""type"": ""Point""}";49.24026151849316, -123.03930719151955
93;Renfrew-Collingwood;"{""coordinates"": [-123.03945445047039, 49.239485250944604], ""type"": ""Point""}";49.239485250944604, -123.03945445047039
101;Renfrew-Collingwood;"{""coordinates"": [-123.04147430711544, 49.240187359655124], ""type"": ""Point""}";49.240187359655124, -123.04147430711544
120;Renfrew-Collingwood;"{""coordinates"": [-123.04345366355855, 49.24379961438869], ""type"": ""Point""}";49.24379961438869, -123.04345366355855
26;Renfrew-Collingwood;"{""coordinates"": [-123.0356052268745, 49.240620036678564], ""type"": ""Point""}";49.240620036678564, -123.0356052268745
16;Killarney;"{""coordinates"": [-123.04214879699428, 49.23027835460965], ""type"": ""Point""}";49.23027835460965, -123.04214879699428
34;Renfrew-Collingwood;"{""coordinates"": [-123.03527655559634, 49.23518383469567], ""type"": ""Point""}";49.23518383469567, -123.03527655559634
16;Renfrew-Collingwood;"{""coordinates"": [-123.04150402335283, 49.23510579133666], ""type"": ""Point""}";49.23510579133666, -123.04150402335283
37;Killarney;"{""coordinates"": [-123.03565936874462, 49.23323450946155], ""type"": ""Point""}";49.23323450946155, -123.03565936874462
23;Renfrew-Collingwood;"{""coordinates"": [-123.0347235831723, 49.23996483985594], ""type"": ""Point""}";49.23996483985594, -123.0347235831723
S;Hastings-Sunrise;"{""coordinates"": [-123.04137792108902, 49.28964986915915], ""type"": ""Point""}";49.28964986915915, -123.04137792108902
5;Killarney;"{""coordinates"": [-123.04337898732769, 49.22244457286276], ""type"": ""Point""}";49.22244457286276, -123.04337898732769
5;Killarney;"{""coordinates"": [-123.04014345183704, 49.22219803086689], ""type"": ""Point""}";49.22219803086689, -123.04014345183704
D;Hastings-Sunrise;"{""coordinates"": [-123.02547185791892, 49.265345053343545], ""type"": ""Point""}";49.265345053343545, -123.02547185791892
A;Hastings-Sunrise;"{""coordinates"": [-123.03228207112608, 49.271807775984705], ""type"": ""Point""}";49.271807775984705, -123.03228207112608
86;Hastings-Sunrise;"{""coordinates"": [-123.03273893687769, 49.27185140904344], ""type"": ""Point""}";49.27185140904344, -123.03273893687769
95;Hastings-Sunrise;"{""coordinates"": [-123.02985031619352, 49.267870054954706], ""type"": ""Point""}";49.267870054954706, -123.02985031619352
1;Renfrew-Collingwood;"{""coordinates"": [-123.0299072298993, 49.24731852349709], ""type"": ""Point""}";49.24731852349709, -123.0299072298993
1;Renfrew-Collingwood;"{""coordinates"": [-123.03223270273322, 49.247343759386744], ""type"": ""Point""}";49.247343759386744, -123.03223270273322
12;Renfrew-Collingwood;"{""coordinates"": [-123.02832889188889, 49.252578951220855], ""type"": ""Point""}";49.252578951220855, -123.02832889188889
6;Renfrew-Collingwood;"{""coordinates"": [-123.02887250301559, 49.2556336289153], ""type"": ""Point""}";49.2556336289153, -123.02887250301559
4;Renfrew-Collingwood;"{""coordinates"": [-123.02946627422769, 49.25967886025528], ""type"": ""Point""}";49.25967886025528, -123.02946627422769
41;Renfrew-Collingwood;"{""coordinates"": [-123.03403459672585, 49.24089112286014], ""type"": ""Point""}";49.24089112286014, -123.03403459672585
80;Renfrew-Collingwood;"{""coordinates"": [-123.03239199995491, 49.24273533104534], ""type"": ""Point""}";49.24273533104534, -123.03239199995491
78;Renfrew-Collingwood;"{""coordinates"": [-123.03419083596364, 49.243468581068235], ""type"": ""Point""}";49.243468581068235, -123.03419083596364
71;Renfrew-Collingwood;"{""coordinates"": [-123.03323283302677, 49.241695989390905], ""type"": ""Point""}";49.241695989390905, -123.03323283302677
68;Renfrew-Collingwood;"{""coordinates"": [-123.03063988465931, 49.24057654705484], ""type"": ""Point""}";49.24057654705484, -123.03063988465931
83;Renfrew-Collingwood;"{""coordinates"": [-123.02945403430293, 49.241533526151244], ""type"": ""Point""}";49.241533526151244, -123.02945403430293
90;Renfrew-Collingwood;"{""coordinates"": [-123.0277288768035, 49.24197276780336], ""type"": ""Point""}";49.24197276780336, -123.0277288768035
1;Renfrew-Collingwood;"{""coordinates"": [-123.0244052904624, 49.24404406814516], ""type"": ""Point""}";49.24404406814516, -123.0244052904624
48;Renfrew-Collingwood;"{""coordinates"": [-123.03073140943216, 49.23993560286755], ""type"": ""Point""}";49.23993560286755, -123.03073140943216
17;Renfrew-Collingwood;"{""coordinates"": [-123.03179662957358, 49.23880040292135], ""type"": ""Point""}";49.23880040292135, -123.03179662957358
58;Renfrew-Collingwood;"{""coordinates"": [-123.02591206794887, 49.23790094508931], ""type"": ""Point""}";49.23790094508931, -123.02591206794887
63;Renfrew-Collingwood;"{""coordinates"": [-123.02576251001832, 49.23867085444114], ""type"": ""Point""}";49.23867085444114, -123.02576251001832
10;Killarney;"{""coordinates"": [-123.02986651038515, 49.23049233915835], ""type"": ""Point""}";49.23049233915835, -123.02986651038515
59;Renfrew-Collingwood;"{""coordinates"": [-123.03196485219172, 49.23499621311348], ""type"": ""Point""}";49.23499621311348, -123.03196485219172
2;Renfrew-Collingwood;"{""coordinates"": [-123.02424210360118, 49.23589103210514], ""type"": ""Point""}";49.23589103210514, -123.02424210360118
1;Renfrew-Collingwood;"{""coordinates"": [-123.03002740139765, 49.234720677759434], ""type"": ""Point""}";49.234720677759434, -123.03002740139765
55;Renfrew-Collingwood;"{""coordinates"": [-123.02756892528626, 49.23818477530302], ""type"": ""Point""}";49.23818477530302, -123.02756892528626
154;Renfrew-Collingwood;"{""coordinates"": [-123.03395413166562, 49.23872719734628], ""type"": ""Point""}";49.23872719734628, -123.03395413166562
K;Hastings-Sunrise;"{""coordinates"": [-123.03163220159907, 49.28900763484281], ""type"": ""Point""}";49.28900763484281, -123.03163220159907
M;Hastings-Sunrise;"{""coordinates"": [-123.02641526215422, 49.28907274785219], ""type"": ""Point""}";49.28907274785219, -123.02641526215422
B;Hastings-Sunrise;"{""coordinates"": [-123.02463456621271, 49.29224163285059], ""type"": ""Point""}";49.29224163285059, -123.02463456621271
A;Killarney;"{""coordinates"": [-123.03417654671662, 49.22076847908691], ""type"": ""Point""}";49.22076847908691, -123.03417654671662
1;Killarney;"{""coordinates"": [-123.02579926310155, 49.22886795712721], ""type"": ""Point""}";49.22886795712721, -123.02579926310155
A;Killarney;"{""coordinates"": [-123.02421701657266, 49.23107900986914], ""type"": ""Point""}";49.23107900986914, -123.02421701657266
9;Killarney;"{""coordinates"": [-123.03147321436995, 49.230538867824585], ""type"": ""Point""}";49.230538867824585, -123.03147321436995
48;Mount Pleasant;"{""coordinates"": [-123.1022914209359, 49.258987800759456], ""type"": ""Point""}";49.258987800759456, -123.1022914209359
197;Kitsilano;"{""coordinates"": [-123.14727406193244, 49.271859346926206], ""type"": ""Point""}";49.271859346926206, -123.14727406193244
187;Kitsilano;"{""coordinates"": [-123.14720504728639, 49.27285093017311], ""type"": ""Point""}";49.27285093017311, -123.14720504728639
66;Hastings-Sunrise;"{""coordinates"": [-123.02974835174724, 49.279463781353826], ""type"": ""Point""}";49.279463781353826, -123.02974835174724
47;Hastings-Sunrise;"{""coordinates"": [-123.02733777544518, 49.2814269266468], ""type"": ""Point""}";49.2814269266468, -123.02733777544518
30;Hastings-Sunrise;"{""coordinates"": [-123.02963446262883, 49.28326292324251], ""type"": ""Point""}";49.28326292324251, -123.02963446262883
24;Hastings-Sunrise;"{""coordinates"": [-123.0318774715827, 49.284200720612986], ""type"": ""Point""}";49.284200720612986, -123.0318774715827
18;Grandview-Woodland;"{""coordinates"": [-123.07557401843934, 49.27793439581594], ""type"": ""Point""}";49.27793439581594, -123.07557401843934
M;Riley Park;"{""coordinates"": [-123.09513097450619, 49.24965470311349], ""type"": ""Point""}";49.24965470311349, -123.09513097450619
22;Riley Park;"{""coordinates"": [-123.09564404644435, 49.2504830097417], ""type"": ""Point""}";49.2504830097417, -123.09564404644435
24;Riley Park;"{""coordinates"": [-123.09978741987332, 49.25056557166424], ""type"": ""Point""}";49.25056557166424, -123.09978741987332
766;Shaughnessy;"{""coordinates"": [-123.14743685656163, 49.24441335706607], ""type"": ""Point""}";49.24441335706607, -123.14743685656163
2;Kensington-Cedar Cottage;"{""coordinates"": [-123.07540019455988, 49.25022203056278], ""type"": ""Point""}";49.25022203056278, -123.07540019455988
60;Kensington-Cedar Cottage;"{""coordinates"": [-123.07706324633584, 49.25292587796678], ""type"": ""Point""}";49.25292587796678, -123.07706324633584
61;Kensington-Cedar Cottage;"{""coordinates"": [-123.0770174575487, 49.25382580839011], ""type"": ""Point""}";49.25382580839011, -123.0770174575487
BLK.;Grandview-Woodland;"{""coordinates"": [-123.07607965563089, 49.279966570095404], ""type"": ""Point""}";49.279966570095404, -123.07607965563089
D;Grandview-Woodland;"{""coordinates"": [-123.0691137343222, 49.27987607439122], ""type"": ""Point""}";49.27987607439122, -123.0691137343222
636;South Cambie;"{""coordinates"": [-123.12633000867652, 49.25055605870479], ""type"": ""Point""}";49.25055605870479, -123.12633000867652
596;South Cambie;"{""coordinates"": [-123.12607666037998, 49.25202700995619], ""type"": ""Point""}";49.25202700995619, -123.12607666037998
30;Mount Pleasant;"{""coordinates"": [-123.10073281043476, 49.26150362848101], ""type"": ""Point""}";49.26150362848101, -123.10073281043476
HALF;Victoria-Fraserview;"{""coordinates"": [-123.07563073149689, 49.22285647582152], ""type"": ""Point""}";49.22285647582152, -123.07563073149689
50;Mount Pleasant;"{""coordinates"": [-123.10088259859134, 49.257905790844994], ""type"": ""Point""}";49.257905790844994, -123.10088259859134
13;Sunset;"{""coordinates"": [-123.10446929550149, 49.20873828192449], ""type"": ""Point""}";49.20873828192449, -123.10446929550149
SOUTH;Kensington-Cedar Cottage;"{""coordinates"": [-123.06845173697268, 49.234935576956296], ""type"": ""Point""}";49.234935576956296, -123.06845173697268
HALF;Kensington-Cedar Cottage;"{""coordinates"": [-123.06364197186693, 49.2377611882782], ""type"": ""Point""}";49.2377611882782, -123.06364197186693
HALF;Renfrew-Collingwood;"{""coordinates"": [-123.05217985323264, 49.23449553355052], ""type"": ""Point""}";49.23449553355052, -123.05217985323264
1;Sunset;"{""coordinates"": [-123.10509671122288, 49.219500704240055], ""type"": ""Point""}";49.219500704240055, -123.10509671122288
N1/2;Hastings-Sunrise;"{""coordinates"": [-123.05059570342165, 49.278732124789904], ""type"": ""Point""}";49.278732124789904, -123.05059570342165
E PTN;Kerrisdale;"{""coordinates"": [-123.15691879900145, 49.23126132708151], ""type"": ""Point""}";49.23126132708151, -123.15691879900145
2;Grandview-Woodland;"{""coordinates"": [-123.06277109770514, 49.271571830588], ""type"": ""Point""}";49.271571830588, -123.06277109770514
2;Renfrew-Collingwood;"{""coordinates"": [-123.0525265419005, 49.24429433448414], ""type"": ""Point""}";49.24429433448414, -123.0525265419005
OF NORTH HALF;Kensington-Cedar Cottage;"{""coordinates"": [-123.06724555217968, 49.23491835783627], ""type"": ""Point""}";49.23491835783627, -123.06724555217968
1;Renfrew-Collingwood;"{""coordinates"": [-123.05074973793488, 49.243689191650056], ""type"": ""Point""}";49.243689191650056, -123.05074973793488
4;West Point Grey;"{""coordinates"": [-123.21106593114285, 49.271971572771484], ""type"": ""Point""}";49.271971572771484, -123.21106593114285
3;West Point Grey;"{""coordinates"": [-123.22372561710019, 49.27274752614207], ""type"": ""Point""}";49.27274752614207, -123.22372561710019
150;West Point Grey;"{""coordinates"": [-123.2107235395051, 49.264874989858896], ""type"": ""Point""}";49.264874989858896, -123.2107235395051
4;West Point Grey;"{""coordinates"": [-123.21113600633278, 49.269547660712064], ""type"": ""Point""}";49.269547660712064, -123.21113600633278
2;West Point Grey;"{""coordinates"": [-123.21283077305661, 49.26855732772489], ""type"": ""Point""}";49.26855732772489, -123.21283077305661
135;West Point Grey;"{""coordinates"": [-123.21318698981796, 49.27266054300237], ""type"": ""Point""}";49.27266054300237, -123.21318698981796
2;West Point Grey;"{""coordinates"": [-123.20667362796456, 49.270635629746096], ""type"": ""Point""}";49.270635629746096, -123.20667362796456
139;West Point Grey;"{""coordinates"": [-123.20449126661173, 49.27029096663933], ""type"": ""Point""}";49.27029096663933, -123.20449126661173
2;West Point Grey;"{""coordinates"": [-123.2097933061898, 49.26848325725583], ""type"": ""Point""}";49.26848325725583, -123.2097933061898
158;West Point Grey;"{""coordinates"": [-123.21136030151959, 49.26127346557391], ""type"": ""Point""}";49.26127346557391, -123.21136030151959
4;West Point Grey;"{""coordinates"": [-123.21150979891789, 49.26072449276569], ""type"": ""Point""}";49.26072449276569, -123.21150979891789
2;West Point Grey;"{""coordinates"": [-123.21312506561574, 49.259855302991], ""type"": ""Point""}";49.259855302991, -123.21312506561574
4;West Point Grey;"{""coordinates"": [-123.21456119408016, 49.26077599508295], ""type"": ""Point""}";49.26077599508295, -123.21456119408016
2;West Point Grey;"{""coordinates"": [-123.21304698935425, 49.26165627150127], ""type"": ""Point""}";49.26165627150127, -123.21304698935425
4;West Point Grey;"{""coordinates"": [-123.20240237556433, 49.25863624904568], ""type"": ""Point""}";49.25863624904568, -123.20240237556433
3;West Point Grey;"{""coordinates"": [-123.20095492882308, 49.26042162791824], ""type"": ""Point""}";49.26042162791824, -123.20095492882308
148;West Point Grey;"{""coordinates"": [-123.2048556548248, 49.264792010488215], ""type"": ""Point""}";49.264792010488215, -123.2048556548248
3;West Point Grey;"{""coordinates"": [-123.20668531473453, 49.26601606737409], ""type"": ""Point""}";49.26601606737409, -123.20668531473453
1;West Point Grey;"{""coordinates"": [-123.2084244266067, 49.266900761335904], ""type"": ""Point""}";49.266900761335904, -123.2084244266067
2;West Point Grey;"{""coordinates"": [-123.20673753936454, 49.26687293840089], ""type"": ""Point""}";49.26687293840089, -123.20673753936454
2;West Point Grey;"{""coordinates"": [-123.20970343216071, 49.266922563237074], ""type"": ""Point""}";49.266922563237074, -123.20970343216071
3;West Point Grey;"{""coordinates"": [-123.20996879775748, 49.25889374515335], ""type"": ""Point""}";49.25889374515335, -123.20996879775748
232;West Point Grey;"{""coordinates"": [-123.18875510394079, 49.27154966455672], ""type"": ""Point""}";49.27154966455672, -123.18875510394079
3;West Point Grey;"{""coordinates"": [-123.20400325574194, 49.2588057279143], ""type"": ""Point""}";49.2588057279143, -123.20400325574194
1;West Point Grey;"{""coordinates"": [-123.20841478703237, 49.25977212648663], ""type"": ""Point""}";49.25977212648663, -123.20841478703237
2;West Point Grey;"{""coordinates"": [-123.21003259901357, 49.259795211019224], ""type"": ""Point""}";49.259795211019224, -123.21003259901357
168;West Point Grey;"{""coordinates"": [-123.18975608513604, 49.259159788259566], ""type"": ""Point""}";49.259159788259566, -123.18975608513604
3;West Point Grey;"{""coordinates"": [-123.19798092064987, 49.25856655121912], ""type"": ""Point""}";49.25856655121912, -123.19798092064987
4;West Point Grey;"{""coordinates"": [-123.19018309404807, 49.26026182781521], ""type"": ""Point""}";49.26026182781521, -123.19018309404807
1;West Point Grey;"{""coordinates"": [-123.19006223370143, 49.26297503723745], ""type"": ""Point""}";49.26297503723745, -123.19006223370143
1;West Point Grey;"{""coordinates"": [-123.1931069583033, 49.26302035277037], ""type"": ""Point""}";49.26302035277037, -123.1931069583033
4;Dunbar-Southlands;"{""coordinates"": [-123.19581857428403, 49.25235854828441], ""type"": ""Point""}";49.25235854828441, -123.19581857428403
3;Dunbar-Southlands;"{""coordinates"": [-123.19162249061773, 49.252343140964314], ""type"": ""Point""}";49.252343140964314, -123.19162249061773
4;Dunbar-Southlands;"{""coordinates"": [-123.19286754386196, 49.25234780665085], ""type"": ""Point""}";49.25234780665085, -123.19286754386196
42;Dunbar-Southlands;"{""coordinates"": [-123.19529704460375, 49.253041728124614], ""type"": ""Point""}";49.253041728124614, -123.19529704460375
1;Dunbar-Southlands;"{""coordinates"": [-123.19576788786678, 49.25326356314493], ""type"": ""Point""}";49.25326356314493, -123.19576788786678
1;Dunbar-Southlands;"{""coordinates"": [-123.19005937822658, 49.25505195482613], ""type"": ""Point""}";49.25505195482613, -123.19005937822658
B;Dunbar-Southlands;"{""coordinates"": [-123.18890882101735, 49.235552837179924], ""type"": ""Point""}";49.235552837179924, -123.18890882101735
B;Dunbar-Southlands;"{""coordinates"": [-123.19154152188592, 49.23555117365684], ""type"": ""Point""}";49.23555117365684, -123.19154152188592
7;Dunbar-Southlands;"{""coordinates"": [-123.19024925071406, 49.2314758215544], ""type"": ""Point""}";49.2314758215544, -123.19024925071406
16;Dunbar-Southlands;"{""coordinates"": [-123.18965435857905, 49.23688697904987], ""type"": ""Point""}";49.23688697904987, -123.18965435857905
58;Dunbar-Southlands;"{""coordinates"": [-123.19542486970703, 49.24350284744995], ""type"": ""Point""}";49.24350284744995, -123.19542486970703
76;Dunbar-Southlands;"{""coordinates"": [-123.18956871567708, 49.24713644536462], ""type"": ""Point""}";49.24713644536462, -123.18956871567708
79;Dunbar-Southlands;"{""coordinates"": [-123.19522686859104, 49.2491918429213], ""type"": ""Point""}";49.2491918429213, -123.19522686859104
4;Dunbar-Southlands;"{""coordinates"": [-123.19286186924458, 49.2505383985797], ""type"": ""Point""}";49.2505383985797, -123.19286186924458
24;Kitsilano;"{""coordinates"": [-123.17873633551996, 49.268823500155634], ""type"": ""Point""}";49.268823500155634, -123.17873633551996
217;West Point Grey;"{""coordinates"": [-123.18680326646454, 49.2680672591598], ""type"": ""Point""}";49.2680672591598, -123.18680326646454
236;West Point Grey;"{""coordinates"": [-123.186839325376, 49.27270200471641], ""type"": ""Point""}";49.27270200471641, -123.186839325376
64;Kitsilano;"{""coordinates"": [-123.17878427052307, 49.26276004498335], ""type"": ""Point""}";49.26276004498335, -123.17878427052307
170;West Point Grey;"{""coordinates"": [-123.18711512895639, 49.260897968441576], ""type"": ""Point""}";49.260897968441576, -123.18711512895639
D;Kitsilano;"{""coordinates"": [-123.18300124722765, 49.26011108069936], ""type"": ""Point""}";49.26011108069936, -123.18300124722765
206;West Point Grey;"{""coordinates"": [-123.18693550710114, 49.26722822448187], ""type"": ""Point""}";49.26722822448187, -123.18693550710114
33;Kitsilano;"{""coordinates"": [-123.18084069304822, 49.26726216655488], ""type"": ""Point""}";49.26726216655488, -123.18084069304822
2;Dunbar-Southlands;"{""coordinates"": [-123.18256436318882, 49.25153705792942], ""type"": ""Point""}";49.25153705792942, -123.18256436318882
4;Dunbar-Southlands;"{""coordinates"": [-123.18412066671566, 49.250644950935495], ""type"": ""Point""}";49.250644950935495, -123.18412066671566
A;Dunbar-Southlands;"{""coordinates"": [-123.18022574588556, 49.25051702758404], ""type"": ""Point""}";49.25051702758404, -123.18022574588556
A;Dunbar-Southlands;"{""coordinates"": [-123.17982765053964, 49.25678781502135], ""type"": ""Point""}";49.25678781502135, -123.17982765053964
H;Dunbar-Southlands;"{""coordinates"": [-123.17987272816445, 49.255196040294614], ""type"": ""Point""}";49.255196040294614, -123.17987272816445
53;Dunbar-Southlands;"{""coordinates"": [-123.18041942096598, 49.243449114196494], ""type"": ""Point""}";49.243449114196494, -123.18041942096598
2;Dunbar-Southlands;"{""coordinates"": [-123.18363512705002, 49.24293490777709], ""type"": ""Point""}";49.24293490777709, -123.18363512705002
4;Dunbar-Southlands;"{""coordinates"": [-123.18434517549397, 49.24839215970011], ""type"": ""Point""}";49.24839215970011, -123.18434517549397
64;Dunbar-Southlands;"{""coordinates"": [-123.18051633264695, 49.24534023907107], ""type"": ""Point""}";49.24534023907107, -123.18051633264695
B;Dunbar-Southlands;"{""coordinates"": [-123.18538195462334, 49.21892993514107], ""type"": ""Point""}";49.21892993514107, -123.18538195462334
3;Dunbar-Southlands;"{""coordinates"": [-123.18053540262004, 49.231236413087785], ""type"": ""Point""}";49.231236413087785, -123.18053540262004
7;Dunbar-Southlands;"{""coordinates"": [-123.18036053407424, 49.234503809039076], ""type"": ""Point""}";49.234503809039076, -123.18036053407424
6;Dunbar-Southlands;"{""coordinates"": [-123.18040872124071, 49.23321740308191], ""type"": ""Point""}";49.23321740308191, -123.18040872124071
2;Kitsilano;"{""coordinates"": [-123.16920989099789, 49.26529808731184], ""type"": ""Point""}";49.26529808731184, -123.16920989099789
13;Kitsilano;"{""coordinates"": [-123.16719559215618, 49.26710135604762], ""type"": ""Point""}";49.26710135604762, -123.16719559215618
21;Kitsilano;"{""coordinates"": [-123.1673382646501, 49.26368915072269], ""type"": ""Point""}";49.26368915072269, -123.1673382646501
20;Kitsilano;"{""coordinates"": [-123.16747073555025, 49.2643674044139], ""type"": ""Point""}";49.2643674044139, -123.16747073555025
16;Kitsilano;"{""coordinates"": [-123.16752393168645, 49.26606965220093], ""type"": ""Point""}";49.26606965220093, -123.16752393168645
4;Kitsilano;"{""coordinates"": [-123.17620631918203, 49.271769643972185], ""type"": ""Point""}";49.271769643972185, -123.17620631918203
1;Kitsilano;"{""coordinates"": [-123.1731162853258, 49.270054855794065], ""type"": ""Point""}";49.270054855794065, -123.1731162853258
1;Kitsilano;"{""coordinates"": [-123.17565219635806, 49.26023854340954], ""type"": ""Point""}";49.26023854340954, -123.17565219635806
89;Kitsilano;"{""coordinates"": [-123.17130646187236, 49.260840209845256], ""type"": ""Point""}";49.260840209845256, -123.17130646187236
4;Kitsilano;"{""coordinates"": [-123.1754612509675, 49.261815145841], ""type"": ""Point""}";49.261815145841, -123.1754612509675
10;Arbutus Ridge;"{""coordinates"": [-123.17093732950347, 49.25294488728913], ""type"": ""Point""}";49.25294488728913, -123.17093732950347
2;Arbutus Ridge;"{""coordinates"": [-123.1666047361244, 49.25256193889418], ""type"": ""Point""}";49.25256193889418, -123.1666047361244
3;Arbutus Ridge;"{""coordinates"": [-123.17356724869826, 49.254218054418644], ""type"": ""Point""}";49.254218054418644, -123.17356724869826
14;Arbutus Ridge;"{""coordinates"": [-123.17371215151617, 49.25478003814276], ""type"": ""Point""}";49.25478003814276, -123.17371215151617
3;Arbutus Ridge;"{""coordinates"": [-123.17081557655567, 49.25406745560574], ""type"": ""Point""}";49.25406745560574, -123.17081557655567
5;Arbutus Ridge;"{""coordinates"": [-123.16909483198258, 49.25654114539328], ""type"": ""Point""}";49.25654114539328, -123.16909483198258
12;Arbutus Ridge;"{""coordinates"": [-123.17153898400896, 49.25640784027285], ""type"": ""Point""}";49.25640784027285, -123.17153898400896
B;Dunbar-Southlands;"{""coordinates"": [-123.17225599839571, 49.248830966426844], ""type"": ""Point""}";49.248830966426844, -123.17225599839571
U;Dunbar-Southlands;"{""coordinates"": [-123.17195831851097, 49.250942158853356], ""type"": ""Point""}";49.250942158853356, -123.17195831851097
P;Arbutus Ridge;"{""coordinates"": [-123.1734384229804, 49.25333716557885], ""type"": ""Point""}";49.25333716557885, -123.1734384229804
O;Kerrisdale;"{""coordinates"": [-123.17670125917097, 49.22882086176667], ""type"": ""Point""}";49.22882086176667, -123.17670125917097
A;Kerrisdale;"{""coordinates"": [-123.16806161680329, 49.228331008813974], ""type"": ""Point""}";49.228331008813974, -123.16806161680329
R;Kerrisdale;"{""coordinates"": [-123.1769747277858, 49.2322984880577], ""type"": ""Point""}";49.2322984880577, -123.1769747277858
7;Kerrisdale;"{""coordinates"": [-123.16852443540189, 49.23204080804638], ""type"": ""Point""}";49.23204080804638, -123.16852443540189
F;Kerrisdale;"{""coordinates"": [-123.16818819337345, 49.2336061220717], ""type"": ""Point""}";49.2336061220717, -123.16818819337345
9;Arbutus Ridge;"{""coordinates"": [-123.1679258010386, 49.23560749820696], ""type"": ""Point""}";49.23560749820696, -123.1679258010386
3;Kitsilano;"{""coordinates"": [-123.16520753996359, 49.271350184219585], ""type"": ""Point""}";49.271350184219585, -123.16520753996359
232;Kitsilano;"{""coordinates"": [-123.15874550411444, 49.26861931442446], ""type"": ""Point""}";49.26861931442446, -123.15874550411444
233;Kitsilano;"{""coordinates"": [-123.1564206609721, 49.268491146210536], ""type"": ""Point""}";49.268491146210536, -123.1564206609721
160;Kitsilano;"{""coordinates"": [-123.16223708058784, 49.27388190806538], ""type"": ""Point""}";49.27388190806538, -123.16223708058784
2;Kitsilano;"{""coordinates"": [-123.16525820956014, 49.272156486148354], ""type"": ""Point""}";49.272156486148354, -123.16525820956014
11;Kerrisdale;"{""coordinates"": [-123.1746608795444, 49.218321039670066], ""type"": ""Point""}";49.218321039670066, -123.1746608795444
322;Kitsilano;"{""coordinates"": [-123.15905376917738, 49.26426513061544], ""type"": ""Point""}";49.26426513061544, -123.15905376917738
529;Arbutus Ridge;"{""coordinates"": [-123.15700560202303, 49.25495522194171], ""type"": ""Point""}";49.25495522194171, -123.15700560202303
360B;Kitsilano;"{""coordinates"": [-123.16389538564168, 49.262001412074426], ""type"": ""Point""}";49.262001412074426, -123.16389538564168
400A;Kitsilano;"{""coordinates"": [-123.16396885149422, 49.26055874556734], ""type"": ""Point""}";49.26055874556734, -123.16396885149422
440A;Kitsilano;"{""coordinates"": [-123.16401569874168, 49.258715748351015], ""type"": ""Point""}";49.258715748351015, -123.16401569874168
441;Kitsilano;"{""coordinates"": [-123.16160294704073, 49.258678696783], ""type"": ""Point""}";49.258678696783, -123.16160294704073
260;Kitsilano;"{""coordinates"": [-123.16357098557471, 49.26688021584472], ""type"": ""Point""}";49.26688021584472, -123.16357098557471
261;Kitsilano;"{""coordinates"": [-123.16134604972979, 49.266858841278356], ""type"": ""Point""}";49.266858841278356, -123.16134604972979
342;Kitsilano;"{""coordinates"": [-123.15908907856429, 49.26328145594856], ""type"": ""Point""}";49.26328145594856, -123.15908907856429
3;Arbutus Ridge;"{""coordinates"": [-123.16113701225706, 49.24067264970677], ""type"": ""Point""}";49.24067264970677, -123.16113701225706
1;Arbutus Ridge;"{""coordinates"": [-123.15853378770352, 49.24158165865377], ""type"": ""Point""}";49.24158165865377, -123.15853378770352
546;Arbutus Ridge;"{""coordinates"": [-123.15697517880457, 49.25296238045204], ""type"": ""Point""}";49.25296238045204, -123.15697517880457
550;Arbutus Ridge;"{""coordinates"": [-123.16311999848116, 49.25069717243239], ""type"": ""Point""}";49.25069717243239, -123.16311999848116
552;Arbutus Ridge;"{""coordinates"": [-123.15852042931098, 49.250606201632976], ""type"": ""Point""}";49.250606201632976, -123.15852042931098
2;Arbutus Ridge;"{""coordinates"": [-123.16593360830078, 49.256894158653736], ""type"": ""Point""}";49.256894158653736, -123.16593360830078
4;Arbutus Ridge;"{""coordinates"": [-123.15866098862541, 49.235417643225404], ""type"": ""Point""}";49.235417643225404, -123.15866098862541
B;Arbutus Ridge;"{""coordinates"": [-123.16190166216877, 49.23672800996829], ""type"": ""Point""}";49.23672800996829, -123.16190166216877
BLK;Arbutus Ridge;"{""coordinates"": [-123.15858106845168, 49.240051934458656], ""type"": ""Point""}";49.240051934458656, -123.15858106845168
97;Arbutus Ridge;"{""coordinates"": [-123.1602072837178, 49.244140745017916], ""type"": ""Point""}";49.244140745017916, -123.1602072837178
761A;Arbutus Ridge;"{""coordinates"": [-123.16456725260183, 49.2446756262982], ""type"": ""Point""}";49.2446756262982, -123.16456725260183
A;Arbutus Ridge;"{""coordinates"": [-123.16320127699917, 49.24316006704731], ""type"": ""Point""}";49.24316006704731, -123.16320127699917
800;Arbutus Ridge;"{""coordinates"": [-123.16516473833713, 49.243189020871895], ""type"": ""Point""}";49.243189020871895, -123.16516473833713
3;Arbutus Ridge;"{""coordinates"": [-123.15646024000142, 49.24058332385779], ""type"": ""Point""}";49.24058332385779, -123.15646024000142
15;Kerrisdale;"{""coordinates"": [-123.16350084094277, 49.22318644958992], ""type"": ""Point""}";49.22318644958992, -123.16350084094277
3;Kerrisdale;"{""coordinates"": [-123.16065702503158, 49.22603837814946], ""type"": ""Point""}";49.22603837814946, -123.16065702503158
6;Kerrisdale;"{""coordinates"": [-123.15699581544351, 49.22614649775756], ""type"": ""Point""}";49.22614649775756, -123.15699581544351
3;Kerrisdale;"{""coordinates"": [-123.16203639338096, 49.231964806689106], ""type"": ""Point""}";49.231964806689106, -123.16203639338096
1;Kerrisdale;"{""coordinates"": [-123.16520461159088, 49.23197016912953], ""type"": ""Point""}";49.23197016912953, -123.16520461159088
6;Kitsilano;"{""coordinates"": [-123.14953943, 49.2729007343952], ""type"": ""Point""}";49.2729007343952, -123.14953943
176;Kitsilano;"{""coordinates"": [-123.14978333287172, 49.27400402969314], ""type"": ""Point""}";49.27400402969314, -123.14978333287172
4;Kerrisdale;"{""coordinates"": [-123.15548828520417, 49.21726749362582], ""type"": ""Point""}";49.21726749362582, -123.15548828520417
2;Kerrisdale;"{""coordinates"": [-123.15534936018274, 49.22064092794106], ""type"": ""Point""}";49.22064092794106, -123.15534936018274
4;Kerrisdale;"{""coordinates"": [-123.16415706212466, 49.226871411534205], ""type"": ""Point""}";49.226871411534205, -123.16415706212466
444;Kitsilano;"{""coordinates"": [-123.15450023232818, 49.258570827599634], ""type"": ""Point""}";49.258570827599634, -123.15450023232818
305;Kitsilano;"{""coordinates"": [-123.15191727617021, 49.26503652938098], ""type"": ""Point""}";49.26503652938098, -123.15191727617021
286;Kitsilano;"{""coordinates"": [-123.14931908571961, 49.26581210075268], ""type"": ""Point""}";49.26581210075268, -123.14931908571961
285;Kitsilano;"{""coordinates"": [-123.15167094006452, 49.26587583582054], ""type"": ""Point""}";49.26587583582054, -123.15167094006452
246;Kitsilano;"{""coordinates"": [-123.14945832077201, 49.26753089510766], ""type"": ""Point""}";49.26753089510766, -123.14945832077201
225;Kitsilano;"{""coordinates"": [-123.15179875198011, 49.269301742566334], ""type"": ""Point""}";49.269301742566334, -123.15179875198011
488;Shaughnessy;"{""coordinates"": [-123.14504788904866, 49.25654037497388], ""type"": ""Point""}";49.25654037497388, -123.14504788904866
27;Shaughnessy;"{""coordinates"": [-123.14822645628895, 49.25020662642648], ""type"": ""Point""}";49.25020662642648, -123.14822645628895
1;Shaughnessy;"{""coordinates"": [-123.15279671295917, 49.240269390927956], ""type"": ""Point""}";49.240269390927956, -123.15279671295917
708;Shaughnessy;"{""coordinates"": [-123.14501893539817, 49.24657710922791], ""type"": ""Point""}";49.24657710922791, -123.14501893539817
11;Kerrisdale;"{""coordinates"": [-123.15159003681337, 49.224984153353034], ""type"": ""Point""}";49.224984153353034, -123.15159003681337
7;Kerrisdale;"{""coordinates"": [-123.15009018371563, 49.22636705632129], ""type"": ""Point""}";49.22636705632129, -123.15009018371563
9;Kerrisdale;"{""coordinates"": [-123.15008657317608, 49.22809519537059], ""type"": ""Point""}";49.22809519537059, -123.15008657317608
8;Shaughnessy;"{""coordinates"": [-123.14592344462952, 49.2349473419844], ""type"": ""Point""}";49.2349473419844, -123.14592344462952
15;Kerrisdale;"{""coordinates"": [-123.15124957113579, 49.2329429962212], ""type"": ""Point""}";49.2329429962212, -123.15124957113579
7;Marpole;"{""coordinates"": [-123.14605009002601, 49.2171491561357], ""type"": ""Point""}";49.2171491561357, -123.14605009002601
8;Kerrisdale;"{""coordinates"": [-123.14968480653022, 49.213563804709324], ""type"": ""Point""}";49.213563804709324, -123.14968480653022
1;Kerrisdale;"{""coordinates"": [-123.15329219029387, 49.22237801906475], ""type"": ""Point""}";49.22237801906475, -123.15329219029387
L;Kerrisdale;"{""coordinates"": [-123.15054494470768, 49.226648924919935], ""type"": ""Point""}";49.226648924919935, -123.15054494470768
1;Kerrisdale;"{""coordinates"": [-123.14839218144309, 49.22260939835733], ""type"": ""Point""}";49.22260939835733, -123.14839218144309
351;Fairview;"{""coordinates"": [-123.13749606819037, 49.26311722117113], ""type"": ""Point""}";49.26311722117113, -123.13749606819037
331;Fairview;"{""coordinates"": [-123.1372688344513, 49.26392134809268], ""type"": ""Point""}";49.26392134809268, -123.1372688344513
312;Fairview;"{""coordinates"": [-123.13494346318953, 49.264748066242504], ""type"": ""Point""}";49.264748066242504, -123.13494346318953
F;Fairview;"{""coordinates"": [-123.13983624948943, 49.271503733633836], ""type"": ""Point""}";49.271503733633836, -123.13983624948943
O   &   R;Kerrisdale;"{""coordinates"": [-123.15242928856304, 49.2108021251513], ""type"": ""Point""}";49.2108021251513, -123.15242928856304
490;Shaughnessy;"{""coordinates"": [-123.14033226835451, 49.256446585827085], ""type"": ""Point""}";49.256446585827085, -123.14033226835451
471;Fairview;"{""coordinates"": [-123.13822973010264, 49.25764335257861], ""type"": ""Point""}";49.25764335257861, -123.13822973010264
370;Fairview;"{""coordinates"": [-123.1400970777, 49.26205484776686], ""type"": ""Point""}";49.26205484776686, -123.1400970777
372;Fairview;"{""coordinates"": [-123.13525514767109, 49.26200383061057], ""type"": ""Point""}";49.26200383061057, -123.13525514767109
829;Shaughnessy;"{""coordinates"": [-123.14324439353639, 49.24114575813283], ""type"": ""Point""}";49.24114575813283, -123.14324439353639
810;Shaughnessy;"{""coordinates"": [-123.14068400511604, 49.24251722464147], ""type"": ""Point""}";49.24251722464147, -123.14068400511604
753;Shaughnessy;"{""coordinates"": [-123.13373573030346, 49.2450145493707], ""type"": ""Point""}";49.2450145493707, -123.13373573030346
30;Shaughnessy;"{""coordinates"": [-123.14308294550537, 49.25009667674533], ""type"": ""Point""}";49.25009667674533, -123.14308294550537
9;Oakridge;"{""coordinates"": [-123.13351607938846, 49.22980248030086], ""type"": ""Point""}";49.22980248030086, -123.13351607938846
11;Oakridge;"{""coordinates"": [-123.13372335273301, 49.22798880480586], ""type"": ""Point""}";49.22798880480586, -123.13372335273301
2;Oakridge;"{""coordinates"": [-123.13861066176865, 49.228163299997355], ""type"": ""Point""}";49.228163299997355, -123.13861066176865
BLK 10;Oakridge;"{""coordinates"": [-123.13708601363588, 49.22847458337897], ""type"": ""Point""}";49.22847458337897, -123.13708601363588
9;Shaughnessy;"{""coordinates"": [-123.14307018336882, 49.234903298988435], ""type"": ""Point""}";49.234903298988435, -123.14307018336882
4;Shaughnessy;"{""coordinates"": [-123.14031394936923, 49.2358777529992], ""type"": ""Point""}";49.2358777529992, -123.14031394936923
3;Kerrisdale;"{""coordinates"": [-123.1439655576734, 49.23341615269364], ""type"": ""Point""}";49.23341615269364, -123.1439655576734
1;Oakridge;"{""coordinates"": [-123.13868622583928, 49.23325988709498], ""type"": ""Point""}";49.23325988709498, -123.13868622583928
972;Shaughnessy;"{""coordinates"": [-123.13615431455679, 49.234619509169086], ""type"": ""Point""}";49.234619509169086, -123.13615431455679
993;Oakridge;"{""coordinates"": [-123.13407879554545, 49.23315116773981], ""type"": ""Point""}";49.23315116773981, -123.13407879554545
850;Shaughnessy;"{""coordinates"": [-123.14114778340765, 49.240299286704555], ""type"": ""Point""}";49.240299286704555, -123.14114778340765
6;Shaughnessy;"{""coordinates"": [-123.14352167366528, 49.23614810457843], ""type"": ""Point""}";49.23614810457843, -123.14352167366528
5;Shaughnessy;"{""coordinates"": [-123.14148390030113, 49.236379403449284], ""type"": ""Point""}";49.236379403449284, -123.14148390030113
B;Marpole;"{""coordinates"": [-123.13444237488183, 49.21878853431942], ""type"": ""Point""}";49.21878853431942, -123.13444237488183
U;Oakridge;"{""coordinates"": [-123.13702076863386, 49.220947995940065], ""type"": ""Point""}";49.220947995940065, -123.13702076863386
M;Oakridge;"{""coordinates"": [-123.13640273709467, 49.223721879793814], ""type"": ""Point""}";49.223721879793814, -123.13640273709467
N;Oakridge;"{""coordinates"": [-123.13644637014723, 49.222874473780585], ""type"": ""Point""}";49.222874473780585, -123.13644637014723
6;Oakridge;"{""coordinates"": [-123.137131137131, 49.231096450334206], ""type"": ""Point""}";49.231096450334206, -123.137131137131
9;Marpole;"{""coordinates"": [-123.137921843685, 49.214107245787325], ""type"": ""Point""}";49.214107245787325, -123.137921843685
11;Marpole;"{""coordinates"": [-123.13671402388086, 49.21408900894899], ""type"": ""Point""}";49.21408900894899, -123.13671402388086
12;Marpole;"{""coordinates"": [-123.13603074574857, 49.21407841860728], ""type"": ""Point""}";49.21407841860728, -123.13603074574857
16;Marpole;"{""coordinates"": [-123.1334335861649, 49.21403628263304], ""type"": ""Point""}";49.21403628263304, -123.1334335861649
B;Marpole;"{""coordinates"": [-123.13713405718269, 49.21463199714433], ""type"": ""Point""}";49.21463199714433, -123.13713405718269
6;Marpole;"{""coordinates"": [-123.13924299651124, 49.21609944734052], ""type"": ""Point""}";49.21609944734052, -123.13924299651124
4;Marpole;"{""coordinates"": [-123.13789033576157, 49.21582179345994], ""type"": ""Point""}";49.21582179345994, -123.13789033576157
15;Marpole;"{""coordinates"": [-123.13632928677829, 49.21769973812866], ""type"": ""Point""}";49.21769973812866, -123.13632928677829
10;Marpole;"{""coordinates"": [-123.1368497409287, 49.2064090106435], ""type"": ""Point""}";49.2064090106435, -123.1368497409287
BLK B;Marpole;"{""coordinates"": [-123.13673023023694, 49.21053079576426], ""type"": ""Point""}";49.21053079576426, -123.13673023023694
5;Marpole;"{""coordinates"": [-123.13673343784201, 49.2119129271828], ""type"": ""Point""}";49.2119129271828, -123.13673343784201
10;Marpole;"{""coordinates"": [-123.13349333584108, 49.21189199815239], ""type"": ""Point""}";49.21189199815239, -123.13349333584108
41;Marpole;"{""coordinates"": [-123.1362033905812, 49.209237868296256], ""type"": ""Point""}";49.209237868296256, -123.1362033905812
105;Downtown;"{""coordinates"": [-123.12447201444816, 49.27488249468557], ""type"": ""Point""}";49.27488249468557, -123.12447201444816
27;West End;"{""coordinates"": [-123.13519383190629, 49.27913702615642], ""type"": ""Point""}";49.27913702615642, -123.13519383190629
50;West End;"{""coordinates"": [-123.13809766348881, 49.28382491116595], ""type"": ""Point""}";49.28382491116595, -123.13809766348881
39;West End;"{""coordinates"": [-123.13654373526032, 49.281350025569814], ""type"": ""Point""}";49.281350025569814, -123.13654373526032
51;West End;"{""coordinates"": [-123.13912200777449, 49.283113522238246], ""type"": ""Point""}";49.283113522238246, -123.13912200777449
63;West End;"{""coordinates"": [-123.14259694435931, 49.28495334229576], ""type"": ""Point""}";49.28495334229576, -123.14259694435931
37;West End;"{""coordinates"": [-123.13437059911702, 49.28279032640692], ""type"": ""Point""}";49.28279032640692, -123.13437059911702
48;West End;"{""coordinates"": [-123.13569216742968, 49.28503217886945], ""type"": ""Point""}";49.28503217886945, -123.13569216742968
64;Downtown;"{""coordinates"": [-123.13472488005971, 49.29360037983928], ""type"": ""Point""}";49.29360037983928, -123.13472488005971
2;Marpole;"{""coordinates"": [-123.13366657273407, 49.20183906870104], ""type"": ""Point""}";49.20183906870104, -123.13366657273407
536;South Cambie;"{""coordinates"": [-123.1258668368438, 49.25472706493877], ""type"": ""Point""}";49.25472706493877, -123.1258668368438
393;Fairview;"{""coordinates"": [-123.13283861264985, 49.2610184383886], ""type"": ""Point""}";49.2610184383886, -123.13283861264985
357;Fairview;"{""coordinates"": [-123.1229946140835, 49.26269585243731], ""type"": ""Point""}";49.26269585243731, -123.1229946140835
294;Fairview;"{""coordinates"": [-123.13004995115112, 49.26567491274697], ""type"": ""Point""}";49.26567491274697, -123.13004995115112
335;Fairview;"{""coordinates"": [-123.12796765549118, 49.26377424809911], ""type"": ""Point""}";49.26377424809911, -123.12796765549118
315;Fairview;"{""coordinates"": [-123.1279998440393, 49.26462389961058], ""type"": ""Point""}";49.26462389961058, -123.1279998440393
316;Fairview;"{""coordinates"": [-123.12542256291695, 49.26457998696251], ""type"": ""Point""}";49.26457998696251, -123.12542256291695
337;Fairview;"{""coordinates"": [-123.12330157523074, 49.26369759136941], ""type"": ""Point""}";49.26369759136941, -123.12330157523074
934;Shaughnessy;"{""coordinates"": [-123.13159486756798, 49.23625293340234], ""type"": ""Point""}";49.23625293340234, -123.13159486756798
898;South Cambie;"{""coordinates"": [-123.12602155579975, 49.23836192176423], ""type"": ""Point""}";49.23836192176423, -123.12602155579975
879;South Cambie;"{""coordinates"": [-123.12311475304051, 49.236253907403054], ""type"": ""Point""}";49.236253907403054, -123.12311475304051
755;Shaughnessy;"{""coordinates"": [-123.12907386321707, 49.244793621661664], ""type"": ""Point""}";49.244793621661664, -123.12907386321707
675;Shaughnessy;"{""coordinates"": [-123.12894339426764, 49.24847142363904], ""type"": ""Point""}";49.24847142363904, -123.12894339426764
697;South Cambie;"{""coordinates"": [-123.12378704723189, 49.24749596264474], ""type"": ""Point""}";49.24749596264474, -123.12378704723189
477A;Fairview;"{""coordinates"": [-123.12349627110659, 49.25751884252848], ""type"": ""Point""}";49.25751884252848, -123.12349627110659
474;Fairview;"{""coordinates"": [-123.13145589157394, 49.25732830303641], ""type"": ""Point""}";49.25732830303641, -123.13145589157394
52;Shaughnessy;"{""coordinates"": [-123.12851769149682, 49.25640208790432], ""type"": ""Point""}";49.25640208790432, -123.12851769149682
BLK;Oakridge;"{""coordinates"": [-123.13263049843181, 49.22460925709954], ""type"": ""Point""}";49.22460925709954, -123.13263049843181
D;Oakridge;"{""coordinates"": [-123.13031968395497, 49.226011865534765], ""type"": ""Point""}";49.226011865534765, -123.13031968395497
16;Oakridge;"{""coordinates"": [-123.1301368146191, 49.22965214882391], ""type"": ""Point""}";49.22965214882391, -123.1301368146191
D;Oakridge;"{""coordinates"": [-123.12309077759924, 49.23166364627686], ""type"": ""Point""}";49.23166364627686, -123.12309077759924
866;South Cambie;"{""coordinates"": [-123.1260919898311, 49.235281008171135], ""type"": ""Point""}";49.235281008171135, -123.1260919898311
995;Oakridge;"{""coordinates"": [-123.13041736497345, 49.233391574687204], ""type"": ""Point""}";49.233391574687204, -123.13041736497345
19;Marpole;"{""coordinates"": [-123.1310073192607, 49.21379439714136], ""type"": ""Point""}";49.21379439714136, -123.1310073192607
33;Marpole;"{""coordinates"": [-123.1256979813638, 49.21621830079204], ""type"": ""Point""}";49.21621830079204, -123.1256979813638
32;Marpole;"{""coordinates"": [-123.12571656072195, 49.2157042002388], ""type"": ""Point""}";49.2157042002388, -123.12571656072195
6;Marpole;"{""coordinates"": [-123.12342070532245, 49.21489760443969], ""type"": ""Point""}";49.21489760443969, -123.12342070532245
T;Oakridge;"{""coordinates"": [-123.12910053161336, 49.222054470568835], ""type"": ""Point""}";49.222054470568835, -123.12910053161336
A;Marpole;"{""coordinates"": [-123.12541735329123, 49.21176865657592], ""type"": ""Point""}";49.21176865657592, -123.12541735329123
18;Marpole;"{""coordinates"": [-123.1278480112057, 49.21177636340518], ""type"": ""Point""}";49.21177636340518, -123.1278480112057
27;Marpole;"{""coordinates"": [-123.12670282444739, 49.20966964207993], ""type"": ""Point""}";49.20966964207993, -123.12670282444739
28;Marpole;"{""coordinates"": [-123.1271469546591, 49.209681522575224], ""type"": ""Point""}";49.209681522575224, -123.1271469546591
6;Marpole;"{""coordinates"": [-123.13052705137662, 49.215867867934804], ""type"": ""Point""}";49.215867867934804, -123.13052705137662
9;Marpole;"{""coordinates"": [-123.12864485678574, 49.20770590994873], ""type"": ""Point""}";49.20770590994873, -123.12864485678574
A;South Cambie;"{""coordinates"": [-123.1155709871418, 49.25268207271318], ""type"": ""Point""}";49.25268207271318, -123.1155709871418
678;South Cambie;"{""coordinates"": [-123.12160868365761, 49.24837983578959], ""type"": ""Point""}";49.24837983578959, -123.12160868365761
681;Riley Park;"{""coordinates"": [-123.11377761414936, 49.248317389738986], ""type"": ""Point""}";49.248317389738986, -123.11377761414936
580;South Cambie;"{""coordinates"": [-123.11732401032874, 49.252801696369346], ""type"": ""Point""}";49.252801696369346, -123.11732401032874
863;Oakridge;"{""coordinates"": [-123.1122538423164, 49.229990988700074], ""type"": ""Point""}";49.229990988700074, -123.1122538423164
1;Oakridge;"{""coordinates"": [-123.11195671096921, 49.22895344896732], ""type"": ""Point""}";49.22895344896732, -123.11195671096921
874;South Cambie;"{""coordinates"": [-123.11696376669464, 49.23450402110236], ""type"": ""Point""}";49.23450402110236, -123.11696376669464
855;Riley Park;"{""coordinates"": [-123.11458656333144, 49.23472463730124], ""type"": ""Point""}";49.23472463730124, -123.11458656333144
6;Marpole;"{""coordinates"": [-123.11829845394941, 49.20620397018766], ""type"": ""Point""}";49.20620397018766, -123.11829845394941
12;Marpole;"{""coordinates"": [-123.11152849590083, 49.205951775846636], ""type"": ""Point""}";49.205951775846636, -123.11152849590083
B;Marpole;"{""coordinates"": [-123.11576301601248, 49.212052066416156], ""type"": ""Point""}";49.212052066416156, -123.11576301601248
H;Marpole;"{""coordinates"": [-123.12107529844305, 49.21360073587794], ""type"": ""Point""}";49.21360073587794, -123.12107529844305
75;Downtown;"{""coordinates"": [-123.11954464228786, 49.278154362466005], ""type"": ""Point""}";49.278154362466005, -123.11954464228786
61;Downtown;"{""coordinates"": [-123.12219799773462, 49.28172723439062], ""type"": ""Point""}";49.28172723439062, -123.12219799773462
22;Downtown;"{""coordinates"": [-123.11525060005576, 49.285291676486544], ""type"": ""Point""}";49.285291676486544, -123.11525060005576
13;Downtown;"{""coordinates"": [-123.11198868269878, 49.28460459423175], ""type"": ""Point""}";49.28460459423175, -123.11198868269878
30;Mount Pleasant;"{""coordinates"": [-123.10197348811165, 49.26602765924878], ""type"": ""Point""}";49.26602765924878, -123.10197348811165
11;Mount Pleasant;"{""coordinates"": [-123.10813126114152, 49.2686654350392], ""type"": ""Point""}";49.2686654350392, -123.10813126114152
12;Mount Pleasant;"{""coordinates"": [-123.10574186484519, 49.26862361494601], ""type"": ""Point""}";49.26862361494601, -123.10574186484519
13;Mount Pleasant;"{""coordinates"": [-123.10376241960286, 49.26858831331614], ""type"": ""Point""}";49.26858831331614, -123.10376241960286
A;Mount Pleasant;"{""coordinates"": [-123.10628815257144, 49.25722956857791], ""type"": ""Point""}";49.25722956857791, -123.10628815257144
58;Riley Park;"{""coordinates"": [-123.10242818293045, 49.256046738914016], ""type"": ""Point""}";49.256046738914016, -123.10242818293045
20;Mount Pleasant;"{""coordinates"": [-123.11035455168614, 49.26418216634682], ""type"": ""Point""}";49.26418216634682, -123.11035455168614
32;Riley Park;"{""coordinates"": [-123.10066740170343, 49.24788657799449], ""type"": ""Point""}";49.24788657799449, -123.10066740170343
26;Riley Park;"{""coordinates"": [-123.10204325948315, 49.248142166786835], ""type"": ""Point""}";49.248142166786835, -123.10204325948315
744;Riley Park;"{""coordinates"": [-123.10641897717267, 49.24555942990601], ""type"": ""Point""}";49.24555942990601, -123.10641897717267
37;Riley Park;"{""coordinates"": [-123.100708318704, 49.246433380678546], ""type"": ""Point""}";49.246433380678546, -123.100708318704
5;Riley Park;"{""coordinates"": [-123.10286293340191, 49.246538966431], ""type"": ""Point""}";49.246538966431, -123.10286293340191
2;Riley Park;"{""coordinates"": [-123.104198511905, 49.246568353362335], ""type"": ""Point""}";49.246568353362335, -123.104198511905
6;Sunset;"{""coordinates"": [-123.1025816525397, 49.230719881988286], ""type"": ""Point""}";49.230719881988286, -123.1025816525397
M;Riley Park;"{""coordinates"": [-123.100489057398, 49.233371480537855], ""type"": ""Point""}";49.233371480537855, -123.100489057398
C;Riley Park;"{""coordinates"": [-123.10285700187116, 49.23577810887172], ""type"": ""Point""}";49.23577810887172, -123.10285700187116
4;Sunset;"{""coordinates"": [-123.10499703293463, 49.22054029776014], ""type"": ""Point""}";49.22054029776014, -123.10499703293463
A;Sunset;"{""coordinates"": [-123.10070448207422, 49.222795087444226], ""type"": ""Point""}";49.222795087444226, -123.10070448207422
1064;Oakridge;"{""coordinates"": [-123.10743864637267, 49.23077002313164], ""type"": ""Point""}";49.23077002313164, -123.10743864637267
3;Oakridge;"{""coordinates"": [-123.11051409343979, 49.22804718925576], ""type"": ""Point""}";49.22804718925576, -123.11051409343979
B;Sunset;"{""coordinates"": [-123.10326366947415, 49.23135654331631], ""type"": ""Point""}";49.23135654331631, -123.10326366947415
2;Oakridge;"{""coordinates"": [-123.11046735233869, 49.228945860546396], ""type"": ""Point""}";49.228945860546396, -123.11046735233869
1144;Oakridge;"{""coordinates"": [-123.10756428209798, 49.22711807341773], ""type"": ""Point""}";49.22711807341773, -123.10756428209798
4;Downtown;"{""coordinates"": [-123.10821626357841, 49.28259621995228], ""type"": ""Point""}";49.28259621995228, -123.10821626357841
26;Downtown;"{""coordinates"": [-123.11130008464967, 49.282617874584666], ""type"": ""Point""}";49.282617874584666, -123.11130008464967
2;Downtown;"{""coordinates"": [-123.10282867775021, 49.283374464127114], ""type"": ""Point""}";49.283374464127114, -123.10282867775021
2;Sunset;"{""coordinates"": [-123.10458403543585, 49.20780252374725], ""type"": ""Point""}";49.20780252374725, -123.10458403543585
B;Sunset;"{""coordinates"": [-123.10304289076345, 49.217113840865075], ""type"": ""Point""}";49.217113840865075, -123.10304289076345
89;Mount Pleasant;"{""coordinates"": [-123.09535386635268, 49.26577176737577], ""type"": ""Point""}";49.26577176737577, -123.09535386635268
87;Mount Pleasant;"{""coordinates"": [-123.09193322745553, 49.26557046555357], ""type"": ""Point""}";49.26557046555357, -123.09193322745553
38;Mount Pleasant;"{""coordinates"": [-123.0997629359584, 49.26493358656557], ""type"": ""Point""}";49.26493358656557, -123.0997629359584
122;Mount Pleasant;"{""coordinates"": [-123.09573602107731, 49.26307008357355], ""type"": ""Point""}";49.26307008357355, -123.09573602107731
53;Mount Pleasant;"{""coordinates"": [-123.09967196348322, 49.26339411778048], ""type"": ""Point""}";49.26339411778048, -123.09967196348322
16;Mount Pleasant;"{""coordinates"": [-123.099853555263, 49.26765748917829], ""type"": ""Point""}";49.26765748917829, -123.099853555263
3;Strathcona;"{""coordinates"": [-123.09832065738098, 49.26967060671514], ""type"": ""Point""}";49.26967060671514, -123.09832065738098
PCL.;Strathcona;"{""coordinates"": [-123.0938396981097, 49.27244254975167], ""type"": ""Point""}";49.27244254975167, -123.0938396981097
15;Downtown;"{""coordinates"": [-123.10137731672513, 49.28000963420326], ""type"": ""Point""}";49.28000963420326, -123.10137731672513
C;Mount Pleasant;"{""coordinates"": [-123.09019765947467, 49.25822145319271], ""type"": ""Point""}";49.25822145319271, -123.09019765947467
110;Mount Pleasant;"{""coordinates"": [-123.09971697721741, 49.25780751356047], ""type"": ""Point""}";49.25780751356047, -123.09971697721741
BLK.;Mount Pleasant;"{""coordinates"": [-123.0921756202055, 49.2611190488013], ""type"": ""Point""}";49.2611190488013, -123.0921756202055
114;Mount Pleasant;"{""coordinates"": [-123.099928974469, 49.259630624165545], ""type"": ""Point""}";49.259630624165545, -123.099928974469
119;Mount Pleasant;"{""coordinates"": [-123.09015427275268, 49.26282407523891], ""type"": ""Point""}";49.26282407523891, -123.09015427275268
104;Mount Pleasant;"{""coordinates"": [-123.09557765272045, 49.263807848550066], ""type"": ""Point""}";49.263807848550066, -123.09557765272045
25;Mount Pleasant;"{""coordinates"": [-123.09970480722707, 49.26672711815279], ""type"": ""Point""}";49.26672711815279, -123.09970480722707
17;Riley Park;"{""coordinates"": [-123.09472252896835, 49.24773605056108], ""type"": ""Point""}";49.24773605056108, -123.09472252896835
14;Riley Park;"{""coordinates"": [-123.09600860901729, 49.24850634790573], ""type"": ""Point""}";49.24850634790573, -123.09600860901729
21;Riley Park;"{""coordinates"": [-123.09474092527688, 49.245961330226244], ""type"": ""Point""}";49.245961330226244, -123.09474092527688
19;Riley Park;"{""coordinates"": [-123.09474803719819, 49.246612030526165], ""type"": ""Point""}";49.246612030526165, -123.09474803719819
10;Riley Park;"{""coordinates"": [-123.09607667209032, 49.24664743590563], ""type"": ""Point""}";49.24664743590563, -123.09607667209032
74;Riley Park;"{""coordinates"": [-123.09765903347893, 49.2550299652587], ""type"": ""Point""}";49.2550299652587, -123.09765903347893
1;Riley Park;"{""coordinates"": [-123.09610370754704, 49.24301318558131], ""type"": ""Point""}";49.24301318558131, -123.09610370754704
A;Riley Park;"{""coordinates"": [-123.099697426339, 49.24896010921502], ""type"": ""Point""}";49.24896010921502, -123.099697426339
66;Riley Park;"{""coordinates"": [-123.0992025293014, 49.24530981153912], ""type"": ""Point""}";49.24530981153912, -123.0992025293014
57;Riley Park;"{""coordinates"": [-123.09869579609165, 49.24694788169035], ""type"": ""Point""}";49.24694788169035, -123.09869579609165
40;Riley Park;"{""coordinates"": [-123.0999145054136, 49.246062215991195], ""type"": ""Point""}";49.246062215991195, -123.0999145054136
49;Riley Park;"{""coordinates"": [-123.09989526545054, 49.2482803487579], ""type"": ""Point""}";49.2482803487579, -123.09989526545054
22;Riley Park;"{""coordinates"": [-123.09174361645475, 49.24594536304898], ""type"": ""Point""}";49.24594536304898, -123.09174361645475
171;Riley Park;"{""coordinates"": [-123.09082587476412, 49.24598432692862], ""type"": ""Point""}";49.24598432692862, -123.09082587476412
5;Riley Park;"{""coordinates"": [-123.09551264204347, 49.23652114334449], ""type"": ""Point""}";49.23652114334449, -123.09551264204347
10;Riley Park;"{""coordinates"": [-123.09850430850311, 49.24090060161605], ""type"": ""Point""}";49.24090060161605, -123.09850430850311
C;Riley Park;"{""coordinates"": [-123.0977092588135, 49.241645992749675], ""type"": ""Point""}";49.241645992749675, -123.0977092588135
A;Riley Park;"{""coordinates"": [-123.098559499433, 49.24203484535144], ""type"": ""Point""}";49.24203484535144, -123.098559499433
203;Riley Park;"{""coordinates"": [-123.09157772025705, 49.243960156444494], ""type"": ""Point""}";49.243960156444494, -123.09157772025705
202;Riley Park;"{""coordinates"": [-123.09266867918154, 49.243967688058156], ""type"": ""Point""}";49.243967688058156, -123.09266867918154
7;Sunset;"{""coordinates"": [-123.09279416084767, 49.22593633829174], ""type"": ""Point""}";49.22593633829174, -123.09279416084767
5;Sunset;"{""coordinates"": [-123.09858755166432, 49.22595129284312], ""type"": ""Point""}";49.22595129284312, -123.09858755166432
7;Sunset;"{""coordinates"": [-123.09839838797988, 49.227817251604904], ""type"": ""Point""}";49.227817251604904, -123.09839838797988
7;Sunset;"{""coordinates"": [-123.09294652800497, 49.215120740479], ""type"": ""Point""}";49.215120740479, -123.09294652800497
8;Sunset;"{""coordinates"": [-123.09691832793987, 49.21901322340795], ""type"": ""Point""}";49.21901322340795, -123.09691832793987
8;Sunset;"{""coordinates"": [-123.09332257845749, 49.22399404158722], ""type"": ""Point""}";49.22399404158722, -123.09332257845749
17;Sunset;"{""coordinates"": [-123.09670322730385, 49.22497522623431], ""type"": ""Point""}";49.22497522623431, -123.09670322730385
1;Sunset;"{""coordinates"": [-123.08986139622306, 49.21272045168235], ""type"": ""Point""}";49.21272045168235, -123.08986139622306
4;Sunset;"{""coordinates"": [-123.09854160008058, 49.21198649064656], ""type"": ""Point""}";49.21198649064656, -123.09854160008058
14;Sunset;"{""coordinates"": [-123.09455118417705, 49.20941364736606], ""type"": ""Point""}";49.20941364736606, -123.09455118417705
16;Sunset;"{""coordinates"": [-123.09260928890137, 49.20939399173879], ""type"": ""Point""}";49.20939399173879, -123.09260928890137
10;Sunset;"{""coordinates"": [-123.09509724646007, 49.21399951799396], ""type"": ""Point""}";49.21399951799396, -123.09509724646007
84;Strathcona;"{""coordinates"": [-123.09063403194787, 49.27873069327517], ""type"": ""Point""}";49.27873069327517, -123.09063403194787
121;Strathcona;"{""coordinates"": [-123.09527755069074, 49.27829073637441], ""type"": ""Point""}";49.27829073637441, -123.09527755069074
5;Strathcona;"{""coordinates"": [-123.09862868645791, 49.282703208306096], ""type"": ""Point""}";49.282703208306096, -123.09862868645791
116;Mount Pleasant;"{""coordinates"": [-123.08416445031916, 49.2627688205953], ""type"": ""Point""}";49.2627688205953, -123.08416445031916
110;Mount Pleasant;"{""coordinates"": [-123.0825373424054, 49.26370465023227], ""type"": ""Point""}";49.26370465023227, -123.0825373424054
45;Strathcona;"{""coordinates"": [-123.0807987889953, 49.276242473458446], ""type"": ""Point""}";49.276242473458446, -123.0807987889953
36;Strathcona;"{""coordinates"": [-123.0792512364031, 49.27358592615408], ""type"": ""Point""}";49.27358592615408, -123.0792512364031
66;Kensington-Cedar Cottage;"{""coordinates"": [-123.08669904540234, 49.25415757389368], ""type"": ""Point""}";49.25415757389368, -123.08669904540234
C;Mount Pleasant;"{""coordinates"": [-123.0863287992133, 49.25820247842424], ""type"": ""Point""}";49.25820247842424, -123.0863287992133
158;Mount Pleasant;"{""coordinates"": [-123.08268684172796, 49.26107978691738], ""type"": ""Point""}";49.26107978691738, -123.08268684172796
A;Mount Pleasant;"{""coordinates"": [-123.088214696775, 49.26183317613738], ""type"": ""Point""}";49.26183317613738, -123.088214696775
BLK.;Mount Pleasant;"{""coordinates"": [-123.0882193317943, 49.25838839367685], ""type"": ""Point""}";49.25838839367685, -123.0882193317943
34;Kensington-Cedar Cottage;"{""coordinates"": [-123.08102743124168, 49.25117488120041], ""type"": ""Point""}";49.25117488120041, -123.08102743124168
62;Kensington-Cedar Cottage;"{""coordinates"": [-123.07885132674407, 49.25385926591127], ""type"": ""Point""}";49.25385926591127, -123.07885132674407
103;Mount Pleasant;"{""coordinates"": [-123.08662306440843, 49.256606911833615], ""type"": ""Point""}";49.256606911833615, -123.08662306440843
C;Mount Pleasant;"{""coordinates"": [-123.08063249052569, 49.25745671722188], ""type"": ""Point""}";49.25745671722188, -123.08063249052569
B;Kensington-Cedar Cottage;"{""coordinates"": [-123.08178838551562, 49.24494193736361], ""type"": ""Point""}";49.24494193736361, -123.08178838551562
A;Kensington-Cedar Cottage;"{""coordinates"": [-123.08334084085288, 49.24494707057217], ""type"": ""Point""}";49.24494707057217, -123.08334084085288
1;Kensington-Cedar Cottage;"{""coordinates"": [-123.08090419341748, 49.243164885494686], ""type"": ""Point""}";49.243164885494686, -123.08090419341748
D;Kensington-Cedar Cottage;"{""coordinates"": [-123.08093238568317, 49.24416527094589], ""type"": ""Point""}";49.24416527094589, -123.08093238568317
1;Kensington-Cedar Cottage;"{""coordinates"": [-123.08695844610459, 49.242026781234166], ""type"": ""Point""}";49.242026781234166, -123.08695844610459
6;Kensington-Cedar Cottage;"{""coordinates"": [-123.08336813017388, 49.2410231304437], ""type"": ""Point""}";49.2410231304437, -123.08336813017388
16;Kensington-Cedar Cottage;"{""coordinates"": [-123.082165071426, 49.24488725790415], ""type"": ""Point""}";49.24488725790415, -123.082165071426
7;Kensington-Cedar Cottage;"{""coordinates"": [-123.08682210711012, 49.24943391860264], ""type"": ""Point""}";49.24943391860264, -123.08682210711012
D;Kensington-Cedar Cottage;"{""coordinates"": [-123.08064712616975, 49.24618647459637], ""type"": ""Point""}";49.24618647459637, -123.08064712616975
19;Kensington-Cedar Cottage;"{""coordinates"": [-123.08198079174002, 49.24631075854504], ""type"": ""Point""}";49.24631075854504, -123.08198079174002
8;Kensington-Cedar Cottage;"{""coordinates"": [-123.08789245260839, 49.233394317524066], ""type"": ""Point""}";49.233394317524066, -123.08789245260839
9;Kensington-Cedar Cottage;"{""coordinates"": [-123.08741031242616, 49.23338750513201], ""type"": ""Point""}";49.23338750513201, -123.08741031242616
6;Kensington-Cedar Cottage;"{""coordinates"": [-123.08743151482125, 49.237259809070736], ""type"": ""Point""}";49.237259809070736, -123.08743151482125
7;Kensington-Cedar Cottage;"{""coordinates"": [-123.08625928035376, 49.23908059927143], ""type"": ""Point""}";49.23908059927143, -123.08625928035376
3;Kensington-Cedar Cottage;"{""coordinates"": [-123.08849844329684, 49.239154987430844], ""type"": ""Point""}";49.239154987430844, -123.08849844329684
5;Sunset;"{""coordinates"": [-123.07949236384273, 49.22083754815611], ""type"": ""Point""}";49.22083754815611, -123.07949236384273
2;Sunset;"{""coordinates"": [-123.08856838766309, 49.2281631135008], ""type"": ""Point""}";49.2281631135008, -123.08856838766309
S;Sunset;"{""coordinates"": [-123.07982539264543, 49.20839369561276], ""type"": ""Point""}";49.20839369561276, -123.07982539264543
A;Sunset;"{""coordinates"": [-123.08658664666008, 49.21177143156561], ""type"": ""Point""}";49.21177143156561, -123.08658664666008
2B;Sunset;"{""coordinates"": [-123.08709409552971, 49.21417456308782], ""type"": ""Point""}";49.21417456308782, -123.08709409552971
9;Sunset;"{""coordinates"": [-123.08087789443616, 49.21393983527037], ""type"": ""Point""}";49.21393983527037, -123.08087789443616
24;Sunset;"{""coordinates"": [-123.07926768414805, 49.217232360461544], ""type"": ""Point""}";49.217232360461544, -123.07926768414805
2;Sunset;"{""coordinates"": [-123.08911955413329, 49.21506726611305], ""type"": ""Point""}";49.21506726611305, -123.08911955413329
26;Sunset;"{""coordinates"": [-123.08248299753988, 49.21723765631381], ""type"": ""Point""}";49.21723765631381, -123.08248299753988
21A;Strathcona;"{""coordinates"": [-123.08074067631098, 49.27710198597585], ""type"": ""Point""}";49.27710198597585, -123.08074067631098
15;Strathcona;"{""coordinates"": [-123.08045380549898, 49.27943649878571], ""type"": ""Point""}";49.27943649878571, -123.08045380549898
80;Strathcona;"{""coordinates"": [-123.08201964018603, 49.27855776511775], ""type"": ""Point""}";49.27855776511775, -123.08201964018603
92;Strathcona;"{""coordinates"": [-123.08862856657302, 49.27778300529367], ""type"": ""Point""}";49.27778300529367, -123.08862856657302
M;Strathcona;"{""coordinates"": [-123.07894464946843, 49.28246303178371], ""type"": ""Point""}";49.28246303178371, -123.07894464946843
49;Strathcona;"{""coordinates"": [-123.08354026503346, 49.28230010934992], ""type"": ""Point""}";49.28230010934992, -123.08354026503346
P;Sunset;"{""coordinates"": [-123.08687177967369, 49.20762441595897], ""type"": ""Point""}";49.20762441595897, -123.08687177967369
63;Grandview-Woodland;"{""coordinates"": [-123.07069503816956, 49.2699303268116], ""type"": ""Point""}";49.2699303268116, -123.07069503816956
60;Grandview-Woodland;"{""coordinates"": [-123.0766602541634, 49.269967990911084], ""type"": ""Point""}";49.269967990911084, -123.0766602541634
61;Grandview-Woodland;"{""coordinates"": [-123.07451185977385, 49.26995950161498], ""type"": ""Point""}";49.26995950161498, -123.07451185977385
44;Grandview-Woodland;"{""coordinates"": [-123.07527491168177, 49.27188647007902], ""type"": ""Point""}";49.27188647007902, -123.07527491168177
41;Grandview-Woodland;"{""coordinates"": [-123.07403244260428, 49.273405598050736], ""type"": ""Point""}";49.273405598050736, -123.07403244260428
28;Grandview-Woodland;"{""coordinates"": [-123.07010058118824, 49.27510486664038], ""type"": ""Point""}";49.27510486664038, -123.07010058118824
177;Grandview-Woodland;"{""coordinates"": [-123.0733122906776, 49.275884123436654], ""type"": ""Point""}";49.275884123436654, -123.0733122906776
33;Grandview-Woodland;"{""coordinates"": [-123.0766154011839, 49.274327414301155], ""type"": ""Point""}";49.274327414301155, -123.0766154011839
C;Grandview-Woodland;"{""coordinates"": [-123.07254650264798, 49.26287492714148], ""type"": ""Point""}";49.26287492714148, -123.07254650264798
C;Grandview-Woodland;"{""coordinates"": [-123.07456463860942, 49.26362428324526], ""type"": ""Point""}";49.26362428324526, -123.07456463860942
75;Grandview-Woodland;"{""coordinates"": [-123.07655520540256, 49.267259049024716], ""type"": ""Point""}";49.267259049024716, -123.07655520540256
2;Kensington-Cedar Cottage;"{""coordinates"": [-123.07320782441612, 49.2548530295245], ""type"": ""Point""}";49.2548530295245, -123.07320782441612
7;Kensington-Cedar Cottage;"{""coordinates"": [-123.0731952612302, 49.25603143797078], ""type"": ""Point""}";49.25603143797078, -123.0731952612302
K;Kensington-Cedar Cottage;"{""coordinates"": [-123.06825475819616, 49.25487551847139], ""type"": ""Point""}";49.25487551847139, -123.06825475819616
B;Kensington-Cedar Cottage;"{""coordinates"": [-123.07090785541983, 49.258800296144855], ""type"": ""Point""}";49.258800296144855, -123.07090785541983
A;Kensington-Cedar Cottage;"{""coordinates"": [-123.07297313756958, 49.25881638893151], ""type"": ""Point""}";49.25881638893151, -123.07297313756958
C;Kensington-Cedar Cottage;"{""coordinates"": [-123.0730399948952, 49.260099027832375], ""type"": ""Point""}";49.260099027832375, -123.0730399948952
C;Kensington-Cedar Cottage;"{""coordinates"": [-123.07669238632629, 49.26014582899209], ""type"": ""Point""}";49.26014582899209, -123.07669238632629
4;Kensington-Cedar Cottage;"{""coordinates"": [-123.07506200513112, 49.243969081244884], ""type"": ""Point""}";49.243969081244884, -123.07506200513112
3;Kensington-Cedar Cottage;"{""coordinates"": [-123.07133204662327, 49.24233262029208], ""type"": ""Point""}";49.24233262029208, -123.07133204662327
21;Kensington-Cedar Cottage;"{""coordinates"": [-123.07115880513602, 49.24533751364261], ""type"": ""Point""}";49.24533751364261, -123.07115880513602
K;Kensington-Cedar Cottage;"{""coordinates"": [-123.0714331752696, 49.24940791084165], ""type"": ""Point""}";49.24940791084165, -123.0714331752696
2;Kensington-Cedar Cottage;"{""coordinates"": [-123.0748338550604, 49.24580732439166], ""type"": ""Point""}";49.24580732439166, -123.0748338550604
C;Kensington-Cedar Cottage;"{""coordinates"": [-123.06875052007724, 49.25715015976687], ""type"": ""Point""}";49.25715015976687, -123.06875052007724
BLK. 169;Kensington-Cedar Cottage;"{""coordinates"": [-123.0688771170253, 49.258215369561384], ""type"": ""Point""}";49.258215369561384, -123.0688771170253
12;Kensington-Cedar Cottage;"{""coordinates"": [-123.07533762375134, 49.2366244851896], ""type"": ""Point""}";49.2366244851896, -123.07533762375134
3;Kensington-Cedar Cottage;"{""coordinates"": [-123.07059364988882, 49.23786326638829], ""type"": ""Point""}";49.23786326638829, -123.07059364988882
2;Kensington-Cedar Cottage;"{""coordinates"": [-123.07058444310604, 49.23872900131309], ""type"": ""Point""}";49.23872900131309, -123.07058444310604
1;Kensington-Cedar Cottage;"{""coordinates"": [-123.0752080054368, 49.24469801410884], ""type"": ""Point""}";49.24469801410884, -123.0752080054368
13;Kensington-Cedar Cottage;"{""coordinates"": [-123.06896890716799, 49.24485944974367], ""type"": ""Point""}";49.24485944974367, -123.06896890716799
2;Kensington-Cedar Cottage;"{""coordinates"": [-123.07295438503864, 49.24338805283381], ""type"": ""Point""}";49.24338805283381, -123.07295438503864
3;Kensington-Cedar Cottage;"{""coordinates"": [-123.07397868159883, 49.2446654984896], ""type"": ""Point""}";49.2446654984896, -123.07397868159883
BLK;Kensington-Cedar Cottage;"{""coordinates"": [-123.07543555407766, 49.244822431758685], ""type"": ""Point""}";49.244822431758685, -123.07543555407766
24;Kensington-Cedar Cottage;"{""coordinates"": [-123.06987265594773, 49.243221782855386], ""type"": ""Point""}";49.243221782855386, -123.06987265594773
4;Victoria-Fraserview;"{""coordinates"": [-123.06868710705086, 49.22730128984008], ""type"": ""Point""}";49.22730128984008, -123.06868710705086
5;Victoria-Fraserview;"{""coordinates"": [-123.06790503812357, 49.227213724580544], ""type"": ""Point""}";49.227213724580544, -123.06790503812357
2;Victoria-Fraserview;"{""coordinates"": [-123.06756942780004, 49.22830622487985], ""type"": ""Point""}";49.22830622487985, -123.06756942780004
4;Kensington-Cedar Cottage;"{""coordinates"": [-123.07486797138205, 49.23386567771938], ""type"": ""Point""}";49.23386567771938, -123.07486797138205
3;Kensington-Cedar Cottage;"{""coordinates"": [-123.07478356641991, 49.23564336469681], ""type"": ""Point""}";49.23564336469681, -123.07478356641991
3;Victoria-Fraserview;"{""coordinates"": [-123.06814311131477, 49.219162819619314], ""type"": ""Point""}";49.219162819619314, -123.06814311131477
5;Victoria-Fraserview;"{""coordinates"": [-123.06738346308858, 49.21838109912039], ""type"": ""Point""}";49.21838109912039, -123.06738346308858
31;Victoria-Fraserview;"{""coordinates"": [-123.07621869245376, 49.21886257550182], ""type"": ""Point""}";49.21886257550182, -123.07621869245376
28;Victoria-Fraserview;"{""coordinates"": [-123.0692227367568, 49.2257058131862], ""type"": ""Point""}";49.2257058131862, -123.0692227367568
A;Victoria-Fraserview;"{""coordinates"": [-123.07051948542602, 49.22347784601571], ""type"": ""Point""}";49.22347784601571, -123.07051948542602
2;Victoria-Fraserview;"{""coordinates"": [-123.06764690428955, 49.22371736281747], ""type"": ""Point""}";49.22371736281747, -123.06764690428955
6;Sunset;"{""coordinates"": [-123.07819303792968, 49.21314160747165], ""type"": ""Point""}";49.21314160747165, -123.07819303792968
E;Victoria-Fraserview;"{""coordinates"": [-123.06985610279132, 49.20982650219723], ""type"": ""Point""}";49.20982650219723, -123.06985610279132
2;Victoria-Fraserview;"{""coordinates"": [-123.07621271336149, 49.21511681082795], ""type"": ""Point""}";49.21511681082795, -123.07621271336149
C;Grandview-Woodland;"{""coordinates"": [-123.06467842613425, 49.27276801163174], ""type"": ""Point""}";49.27276801163174, -123.06467842613425
15;Grandview-Woodland;"{""coordinates"": [-123.07160223214579, 49.28161376782172], ""type"": ""Point""}";49.28161376782172, -123.07160223214579
2;Grandview-Woodland;"{""coordinates"": [-123.07337864683257, 49.28374819788866], ""type"": ""Point""}";49.28374819788866, -123.07337864683257
7;Strathcona;"{""coordinates"": [-123.07818785631487, 49.28169716633847], ""type"": ""Point""}";49.28169716633847, -123.07818785631487
D;Grandview-Woodland;"{""coordinates"": [-123.06676914607252, 49.270086273077375], ""type"": ""Point""}";49.270086273077375, -123.06676914607252
B;Grandview-Woodland;"{""coordinates"": [-123.0589597850941, 49.2687543846005], ""type"": ""Point""}";49.2687543846005, -123.0589597850941
3;Grandview-Woodland;"{""coordinates"": [-123.05905320666692, 49.27080728320345], ""type"": ""Point""}";49.27080728320345, -123.05905320666692
1;Grandview-Woodland;"{""coordinates"": [-123.0573205971084, 49.27067731163987], ""type"": ""Point""}";49.27067731163987, -123.0573205971084
1;Grandview-Woodland;"{""coordinates"": [-123.05739037455066, 49.27427959892818], ""type"": ""Point""}";49.27427959892818, -123.05739037455066
134;Grandview-Woodland;"{""coordinates"": [-123.05754451645242, 49.27325483537067], ""type"": ""Point""}";49.27325483537067, -123.05754451645242
B;Grandview-Woodland;"{""coordinates"": [-123.05726863904299, 49.27398216147854], ""type"": ""Point""}";49.27398216147854, -123.05726863904299
147;Grandview-Woodland;"{""coordinates"": [-123.06346997087252, 49.2662445295835], ""type"": ""Point""}";49.2662445295835, -123.06346997087252
D;Kensington-Cedar Cottage;"{""coordinates"": [-123.0629933961073, 49.26004983753034], ""type"": ""Point""}";49.26004983753034, -123.0629933961073
A;Grandview-Woodland;"{""coordinates"": [-123.06477254395922, 49.266996587998264], ""type"": ""Point""}";49.266996587998264, -123.06477254395922
8;Kensington-Cedar Cottage;"{""coordinates"": [-123.05766826406402, 49.25297475984287], ""type"": ""Point""}";49.25297475984287, -123.05766826406402
7;Kensington-Cedar Cottage;"{""coordinates"": [-123.06412029400298, 49.251331071379965], ""type"": ""Point""}";49.251331071379965, -123.06412029400298
17;Kensington-Cedar Cottage;"{""coordinates"": [-123.06304044684663, 49.252274589891506], ""type"": ""Point""}";49.252274589891506, -123.06304044684663
13;Kensington-Cedar Cottage;"{""coordinates"": [-123.06506991053601, 49.25322542000159], ""type"": ""Point""}";49.25322542000159, -123.06506991053601
12;Kensington-Cedar Cottage;"{""coordinates"": [-123.06558706067713, 49.253324317880136], ""type"": ""Point""}";49.253324317880136, -123.06558706067713
4;Kensington-Cedar Cottage;"{""coordinates"": [-123.05896161534035, 49.25420870998612], ""type"": ""Point""}";49.25420870998612, -123.05896161534035
3;Kensington-Cedar Cottage;"{""coordinates"": [-123.05727571985432, 49.25584926932365], ""type"": ""Point""}";49.25584926932365, -123.05727571985432
11;Kensington-Cedar Cottage;"{""coordinates"": [-123.06556838731044, 49.249268750854675], ""type"": ""Point""}";49.249268750854675, -123.06556838731044
7;Kensington-Cedar Cottage;"{""coordinates"": [-123.0605517505415, 49.24213525630602], ""type"": ""Point""}";49.24213525630602, -123.0605517505415
C;Kensington-Cedar Cottage;"{""coordinates"": [-123.06396273214025, 49.24095616623299], ""type"": ""Point""}";49.24095616623299, -123.06396273214025
11;Kensington-Cedar Cottage;"{""coordinates"": [-123.05933654963773, 49.247281385565486], ""type"": ""Point""}";49.247281385565486, -123.05933654963773
3;Kensington-Cedar Cottage;"{""coordinates"": [-123.05903290044894, 49.24898118057465], ""type"": ""Point""}";49.24898118057465, -123.05903290044894
2;Kensington-Cedar Cottage;"{""coordinates"": [-123.06574192285352, 49.24610581260976], ""type"": ""Point""}";49.24610581260976, -123.06574192285352
5;Kensington-Cedar Cottage;"{""coordinates"": [-123.06571014412344, 49.24699725810761], ""type"": ""Point""}";49.24699725810761, -123.06571014412344
10;Kensington-Cedar Cottage;"{""coordinates"": [-123.0655737019303, 49.248903352710265], ""type"": ""Point""}";49.248903352710265, -123.0655737019303
2;Kensington-Cedar Cottage;"{""coordinates"": [-123.06046016952085, 49.23815203157818], ""type"": ""Point""}";49.23815203157818, -123.06046016952085
A;Kensington-Cedar Cottage;"{""coordinates"": [-123.06719585361964, 49.23650873765369], ""type"": ""Point""}";49.23650873765369, -123.06719585361964
36;Victoria-Fraserview;"{""coordinates"": [-123.05858346535403, 49.212266165487186], ""type"": ""Point""}";49.212266165487186, -123.05858346535403
43;Victoria-Fraserview;"{""coordinates"": [-123.0599144045938, 49.21621863024957], ""type"": ""Point""}";49.21621863024957, -123.0599144045938
53;Victoria-Fraserview;"{""coordinates"": [-123.06132393878147, 49.21619503353957], ""type"": ""Point""}";49.21619503353957, -123.06132393878147
57;Victoria-Fraserview;"{""coordinates"": [-123.06568542892023, 49.217349005686394], ""type"": ""Point""}";49.217349005686394, -123.06568542892023
40;Victoria-Fraserview;"{""coordinates"": [-123.06296079822079, 49.213848777472414], ""type"": ""Point""}";49.213848777472414, -123.06296079822079
B;Victoria-Fraserview;"{""coordinates"": [-123.06431048336826, 49.2206335672324], ""type"": ""Point""}";49.2206335672324, -123.06431048336826
62;Victoria-Fraserview;"{""coordinates"": [-123.06038892161295, 49.218888630984054], ""type"": ""Point""}";49.218888630984054, -123.06038892161295
A;Victoria-Fraserview;"{""coordinates"": [-123.05832411646776, 49.22377659759486], ""type"": ""Point""}";49.22377659759486, -123.05832411646776
1;Victoria-Fraserview;"{""coordinates"": [-123.06414470708074, 49.22341728156925], ""type"": ""Point""}";49.22341728156925, -123.06414470708074
1;Victoria-Fraserview;"{""coordinates"": [-123.06405857945441, 49.22561264195096], ""type"": ""Point""}";49.22561264195096, -123.06405857945441
3;Grandview-Woodland;"{""coordinates"": [-123.06019281145306, 49.288879826848984], ""type"": ""Point""}";49.288879826848984, -123.06019281145306
44;Victoria-Fraserview;"{""coordinates"": [-123.06006432153904, 49.20568727534318], ""type"": ""Point""}";49.20568727534318, -123.06006432153904
4;Killarney;"{""coordinates"": [-123.05666936808507, 49.20628401161625], ""type"": ""Point""}";49.20628401161625, -123.05666936808507
J;Victoria-Fraserview;"{""coordinates"": [-123.06689402661843, 49.20785065901706], ""type"": ""Point""}";49.20785065901706, -123.06689402661843
23;Victoria-Fraserview;"{""coordinates"": [-123.0642829789804, 49.209622855580626], ""type"": ""Point""}";49.209622855580626, -123.0642829789804
7;Grandview-Woodland;"{""coordinates"": [-123.06264501026506, 49.27788876915227], ""type"": ""Point""}";49.27788876915227, -123.06264501026506
50;Grandview-Woodland;"{""coordinates"": [-123.06087921945631, 49.27983971521136], ""type"": ""Point""}";49.27983971521136, -123.06087921945631
6;Grandview-Woodland;"{""coordinates"": [-123.06680600320539, 49.27964721803123], ""type"": ""Point""}";49.27964721803123, -123.06680600320539
4;Hastings-Sunrise;"{""coordinates"": [-123.04616196906353, 49.27367847158827], ""type"": ""Point""}";49.27367847158827, -123.04616196906353
35;Hastings-Sunrise;"{""coordinates"": [-123.05078478443201, 49.27164189223153], ""type"": ""Point""}";49.27164189223153, -123.05078478443201
36;Hastings-Sunrise;"{""coordinates"": [-123.05091203516416, 49.272626638725384], ""type"": ""Point""}";49.272626638725384, -123.05091203516416
1;Hastings-Sunrise;"{""coordinates"": [-123.046186424234, 49.27479594295414], ""type"": ""Point""}";49.27479594295414, -123.046186424234
3;Hastings-Sunrise;"{""coordinates"": [-123.05386132863657, 49.27608536339555], ""type"": ""Point""}";49.27608536339555, -123.05386132863657
28;Hastings-Sunrise;"{""coordinates"": [-123.04839261905111, 49.262344473851655], ""type"": ""Point""}";49.262344473851655, -123.04839261905111
43;Hastings-Sunrise;"{""coordinates"": [-123.04834752195359, 49.266998898357414], ""type"": ""Point""}";49.266998898357414, -123.04834752195359
8;Hastings-Sunrise;"{""coordinates"": [-123.05340157701134, 49.26699043034506], ""type"": ""Point""}";49.26699043034506, -123.05340157701134
12;Hastings-Sunrise;"{""coordinates"": [-123.05535487890357, 49.2660469760359], ""type"": ""Point""}";49.2660469760359, -123.05535487890357
5;Hastings-Sunrise;"{""coordinates"": [-123.05358191293718, 49.26788630458722], ""type"": ""Point""}";49.26788630458722, -123.05358191293718
6;Renfrew-Collingwood;"{""coordinates"": [-123.05524700584145, 49.24573040491699], ""type"": ""Point""}";49.24573040491699, -123.05524700584145
1;Renfrew-Collingwood;"{""coordinates"": [-123.0537397896066, 49.250031680810274], ""type"": ""Point""}";49.250031680810274, -123.0537397896066
C;Renfrew-Collingwood;"{""coordinates"": [-123.05103005761188, 49.253502591760935], ""type"": ""Point""}";49.253502591760935, -123.05103005761188
H;Renfrew-Collingwood;"{""coordinates"": [-123.05270779458718, 49.251926973188475], ""type"": ""Point""}";49.251926973188475, -123.05270779458718
J;Renfrew-Collingwood;"{""coordinates"": [-123.05386278859766, 49.251917886036665], ""type"": ""Point""}";49.251917886036665, -123.05386278859766
M;Renfrew-Collingwood;"{""coordinates"": [-123.05547168758288, 49.25181106208019], ""type"": ""Point""}";49.25181106208019, -123.05547168758288
G;Renfrew-Collingwood;"{""coordinates"": [-123.05271960245481, 49.251001647173595], ""type"": ""Point""}";49.251001647173595, -123.05271960245481
W;Renfrew-Collingwood;"{""coordinates"": [-123.05394077141928, 49.2509850719818], ""type"": ""Point""}";49.2509850719818, -123.05394077141928
9;Renfrew-Collingwood;"{""coordinates"": [-123.04569277512338, 49.258441652332316], ""type"": ""Point""}";49.258441652332316, -123.04569277512338
N;Renfrew-Collingwood;"{""coordinates"": [-123.0461723838734, 49.25474271915822], ""type"": ""Point""}";49.25474271915822, -123.0461723838734
A;Renfrew-Collingwood;"{""coordinates"": [-123.04769151750806, 49.241197572525564], ""type"": ""Point""}";49.241197572525564, -123.04769151750806
131;Renfrew-Collingwood;"{""coordinates"": [-123.04559421717406, 49.24302213178535], ""type"": ""Point""}";49.24302213178535, -123.04559421717406
5;Renfrew-Collingwood;"{""coordinates"": [-123.05287520560044, 49.2407837481192], ""type"": ""Point""}";49.2407837481192, -123.05287520560044
11;Renfrew-Collingwood;"{""coordinates"": [-123.05275775504357, 49.243554703868114], ""type"": ""Point""}";49.243554703868114, -123.05275775504357
13;Renfrew-Collingwood;"{""coordinates"": [-123.05197535082101, 49.24434715192462], ""type"": ""Point""}";49.24434715192462, -123.05197535082101
7;Renfrew-Collingwood;"{""coordinates"": [-123.0550925333829, 49.24311450262227], ""type"": ""Point""}";49.24311450262227, -123.0550925333829
3;Renfrew-Collingwood;"{""coordinates"": [-123.04555844820972, 49.248241845299155], ""type"": ""Point""}";49.248241845299155, -123.04555844820972
2;Renfrew-Collingwood;"{""coordinates"": [-123.04816918498186, 49.24571457483294], ""type"": ""Point""}";49.24571457483294, -123.04816918498186
A;Killarney;"{""coordinates"": [-123.04805492199937, 49.22784045661542], ""type"": ""Point""}";49.22784045661542, -123.04805492199937
2;Renfrew-Collingwood;"{""coordinates"": [-123.04976089440991, 49.239409372380685], ""type"": ""Point""}";49.239409372380685, -123.04976089440991
4;Renfrew-Collingwood;"{""coordinates"": [-123.04751663653073, 49.2393738685382], ""type"": ""Point""}";49.2393738685382, -123.04751663653073
4;Victoria-Fraserview;"{""coordinates"": [-123.05376818537923, 49.22055048689833], ""type"": ""Point""}";49.22055048689833, -123.05376818537923
67;Victoria-Fraserview;"{""coordinates"": [-123.05301103318006, 49.21852074759853], ""type"": ""Point""}";49.21852074759853, -123.05301103318006
72;Victoria-Fraserview;"{""coordinates"": [-123.05441235246673, 49.21854430229273], ""type"": ""Point""}";49.21854430229273, -123.05441235246673
D;Killarney;"{""coordinates"": [-123.04821000419844, 49.21845624109521], ""type"": ""Point""}";49.21845624109521, -123.04821000419844
1;Killarney;"{""coordinates"": [-123.04955061577158, 49.223499430153915], ""type"": ""Point""}";49.223499430153915, -123.04955061577158
C;Victoria-Fraserview;"{""coordinates"": [-123.05561160887018, 49.22366278688154], ""type"": ""Point""}";49.22366278688154, -123.05561160887018
8;Victoria-Fraserview;"{""coordinates"": [-123.05325042564888, 49.23119980521537], ""type"": ""Point""}";49.23119980521537, -123.05325042564888
21;Hastings-Sunrise;"{""coordinates"": [-123.05073993174078, 49.284203080676214], ""type"": ""Point""}";49.284203080676214, -123.05073993174078
5;Hastings-Sunrise;"{""coordinates"": [-123.04547674445234, 49.28613609421205], ""type"": ""Point""}";49.28613609421205, -123.04547674445234
72;Victoria-Fraserview;"{""coordinates"": [-123.05554645696212, 49.2134922388079], ""type"": ""Point""}";49.2134922388079, -123.05554645696212
72;Victoria-Fraserview;"{""coordinates"": [-123.05468531205605, 49.21520174417747], ""type"": ""Point""}";49.21520174417747, -123.05468531205605
57;Hastings-Sunrise;"{""coordinates"": [-123.04283133755543, 49.268815514108866], ""type"": ""Point""}";49.268815514108866, -123.04283133755543
4;Hastings-Sunrise;"{""coordinates"": [-123.03527430431897, 49.27441214188275], ""type"": ""Point""}";49.27441214188275, -123.03527430431897
2;Hastings-Sunrise;"{""coordinates"": [-123.03500747300528, 49.276077501769095], ""type"": ""Point""}";49.276077501769095, -123.03500747300528
2;Hastings-Sunrise;"{""coordinates"": [-123.04220820498072, 49.274363150024485], ""type"": ""Point""}";49.274363150024485, -123.04220820498072
1;Hastings-Sunrise;"{""coordinates"": [-123.04555047070608, 49.27690385719496], ""type"": ""Point""}";49.27690385719496, -123.04555047070608
2;Hastings-Sunrise;"{""coordinates"": [-123.05371017531601, 49.27691469977798], ""type"": ""Point""}";49.27691469977798, -123.05371017531601
51;Hastings-Sunrise;"{""coordinates"": [-123.04810967632878, 49.28148179827107], ""type"": ""Point""}";49.28148179827107, -123.04810967632878
52;Hastings-Sunrise;"{""coordinates"": [-123.05065297988183, 49.281509972693634], ""type"": ""Point""}";49.281509972693634, -123.05065297988183
Q;Renfrew-Collingwood;"{""coordinates"": [-123.03524375924901, 49.25584960826208], ""type"": ""Point""}";49.25584960826208, -123.03524375924901
18;Hastings-Sunrise;"{""coordinates"": [-123.0403528803884, 49.26325294688862], ""type"": ""Point""}";49.26325294688862, -123.0403528803884
72;Hastings-Sunrise;"{""coordinates"": [-123.03788546133364, 49.26987396118431], ""type"": ""Point""}";49.26987396118431, -123.03788546133364
77;Renfrew-Collingwood;"{""coordinates"": [-123.03498415043983, 49.24406509644717], ""type"": ""Point""}";49.24406509644717, -123.03498415043983
75;Renfrew-Collingwood;"{""coordinates"": [-123.03699608072168, 49.24361057012616], ""type"": ""Point""}";49.24361057012616, -123.03699608072168
3;Renfrew-Collingwood;"{""coordinates"": [-123.03554419773408, 49.248175638272556], ""type"": ""Point""}";49.248175638272556, -123.03554419773408
1;Renfrew-Collingwood;"{""coordinates"": [-123.03549940714339, 49.24733642418561], ""type"": ""Point""}";49.24733642418561, -123.03549940714339
H;Renfrew-Collingwood;"{""coordinates"": [-123.03782278320001, 49.25177081907009], ""type"": ""Point""}";49.25177081907009, -123.03782278320001
M;Renfrew-Collingwood;"{""coordinates"": [-123.0352225181638, 49.252611596893544], ""type"": ""Point""}";49.252611596893544, -123.0352225181638
B;Renfrew-Collingwood;"{""coordinates"": [-123.04293504278226, 49.2566225825497], ""type"": ""Point""}";49.2566225825497, -123.04293504278226
136;Renfrew-Collingwood;"{""coordinates"": [-123.04278126577125, 49.24206002469908], ""type"": ""Point""}";49.24206002469908, -123.04278126577125
137;Renfrew-Collingwood;"{""coordinates"": [-123.04236742189659, 49.241969649135456], ""type"": ""Point""}";49.241969649135456, -123.04236742189659
138;Renfrew-Collingwood;"{""coordinates"": [-123.04192364402414, 49.24170177991914], ""type"": ""Point""}";49.24170177991914, -123.04192364402414
9;Marpole;"{""coordinates"": [-123.1225249872526, 49.2138879558855], ""type"": ""Point""}";49.2138879558855, -123.1225249872526
883;Oakridge;"{""coordinates"": [-123.12317021889722, 49.22123465837143], ""type"": ""Point""}";49.22123465837143, -123.12317021889722
10;Marpole;"{""coordinates"": [-123.12846047244352, 49.207705044719056], ""type"": ""Point""}";49.207705044719056, -123.12846047244352
B;Marpole;"{""coordinates"": [-123.132823037649, 49.20509606204293], ""type"": ""Point""}";49.20509606204293, -123.132823037649
13;West End;"{""coordinates"": [-123.13315957450774, 49.2778275846666], ""type"": ""Point""}";49.2778275846666, -123.13315957450774
93;Downtown;"{""coordinates"": [-123.12479179887904, 49.2772848812327], ""type"": ""Point""}";49.2772848812327, -123.12479179887904
358;Fairview;"{""coordinates"": [-123.12103532400906, 49.26267228518266], ""type"": ""Point""}";49.26267228518266, -123.12103532400906
16;Mount Pleasant;"{""coordinates"": [-123.11191888709878, 49.265118321770274], ""type"": ""Point""}";49.265118321770274, -123.11191888709878
561;Riley Park;"{""coordinates"": [-123.11412085576572, 49.2532981398017], ""type"": ""Point""}";49.2532981398017, -123.11412085576572
A;South Cambie;"{""coordinates"": [-123.11545600205173, 49.25643726048577], ""type"": ""Point""}";49.25643726048577, -123.11545600205173
658;South Cambie;"{""coordinates"": [-123.12152184770119, 49.249366523957896], ""type"": ""Point""}";49.249366523957896, -123.12152184770119
740;South Cambie;"{""coordinates"": [-123.11750804589278, 49.245567905940966], ""type"": ""Point""}";49.245567905940966, -123.11750804589278
8;Oakridge;"{""coordinates"": [-123.11193221846419, 49.226264743747926], ""type"": ""Point""}";49.226264743747926, -123.11193221846419
5;Marpole;"{""coordinates"": [-123.1196639309328, 49.204693260629234], ""type"": ""Point""}";49.204693260629234, -123.1196639309328
1;Marpole;"{""coordinates"": [-123.11892025796286, 49.21062470704224], ""type"": ""Point""}";49.21062470704224, -123.11892025796286
O;Marpole;"{""coordinates"": [-123.1162471457539, 49.21541255130937], ""type"": ""Point""}";49.21541255130937, -123.1162471457539
66;Downtown;"{""coordinates"": [-123.1171919263029, 49.278524369737326], ""type"": ""Point""}";49.278524369737326, -123.1171919263029
55;Downtown;"{""coordinates"": [-123.11646138491889, 49.28023493049083], ""type"": ""Point""}";49.28023493049083, -123.11646138491889
14;Downtown;"{""coordinates"": [-123.11313031545382, 49.28516400739125], ""type"": ""Point""}";49.28516400739125, -123.11313031545382
3;Downtown;"{""coordinates"": [-123.1216801452056, 49.28549961982349], ""type"": ""Point""}";49.28549961982349, -123.1216801452056
E;Mount Pleasant;"{""coordinates"": [-123.10322423758346, 49.271105966067246], ""type"": ""Point""}";49.271105966067246, -123.10322423758346
57;Downtown;"{""coordinates"": [-123.11433971749615, 49.27922042302082], ""type"": ""Point""}";49.27922042302082, -123.11433971749615
53;Mount Pleasant;"{""coordinates"": [-123.10624039539658, 49.25787590074221], ""type"": ""Point""}";49.25787590074221, -123.10624039539658
502;Riley Park;"{""coordinates"": [-123.11121916379471, 49.25609529870969], ""type"": ""Point""}";49.25609529870969, -123.11121916379471
49;Mount Pleasant;"{""coordinates"": [-123.10595741645014, 49.26343068515353], ""type"": ""Point""}";49.26343068515353, -123.10595741645014
4;Riley Park;"{""coordinates"": [-123.10464653871536, 49.24790595311985], ""type"": ""Point""}";49.24790595311985, -123.10464653871536
7;Riley Park;"{""coordinates"": [-123.10055950147971, 49.24239368695392], ""type"": ""Point""}";49.24239368695392, -123.10055950147971
4;Riley Park;"{""coordinates"": [-123.10251048910507, 49.2409425422375], ""type"": ""Point""}";49.2409425422375, -123.10251048910507
5;Riley Park;"{""coordinates"": [-123.10249559083437, 49.24170310305667], ""type"": ""Point""}";49.24170310305667, -123.10249559083437
3;Riley Park;"{""coordinates"": [-123.10447517627426, 49.24086247862664], ""type"": ""Point""}";49.24086247862664, -123.10447517627426
36;Riley Park;"{""coordinates"": [-123.10069788732767, 49.24670900369207], ""type"": ""Point""}";49.24670900369207, -123.10069788732767
L;Riley Park;"{""coordinates"": [-123.10299879495614, 49.23330759867768], ""type"": ""Point""}";49.23330759867768, -123.10299879495614
J;Riley Park;"{""coordinates"": [-123.10471671304246, 49.233989252663406], ""type"": ""Point""}";49.233989252663406, -123.10471671304246
K;Riley Park;"{""coordinates"": [-123.10463334589471, 49.23334496226631], ""type"": ""Point""}";49.23334496226631, -123.10463334589471
845;Riley Park;"{""coordinates"": [-123.10853730715657, 49.23654997531459], ""type"": ""Point""}";49.23654997531459, -123.10853730715657
1;Sunset;"{""coordinates"": [-123.10061497754846, 49.221345208751806], ""type"": ""Point""}";49.221345208751806, -123.10061497754846
7;Sunset;"{""coordinates"": [-123.1026833647943, 49.226054480493914], ""type"": ""Point""}";49.226054480493914, -123.1026833647943
3;Sunset;"{""coordinates"": [-123.10517106116124, 49.23145420215119], ""type"": ""Point""}";49.23145420215119, -123.10517106116124
88;Mount Pleasant;"{""coordinates"": [-123.09392354943039, 49.26561096231946], ""type"": ""Point""}";49.26561096231946, -123.09392354943039
5;Strathcona;"{""coordinates"": [-123.09853436513376, 49.268349201105025], ""type"": ""Point""}";49.268349201105025, -123.09853436513376
17;Downtown;"{""coordinates"": [-123.1050004324001, 49.27965375164215], ""type"": ""Point""}";49.27965375164215, -123.1050004324001
E;Mount Pleasant;"{""coordinates"": [-123.09211599682791, 49.260054522227485], ""type"": ""Point""}";49.260054522227485, -123.09211599682791
125;Mount Pleasant;"{""coordinates"": [-123.0942390056169, 49.2609723005015], ""type"": ""Point""}";49.2609723005015, -123.0942390056169
29;Mount Pleasant;"{""coordinates"": [-123.09969683417458, 49.26579896415551], ""type"": ""Point""}";49.26579896415551, -123.09969683417458
95;Riley Park;"{""coordinates"": [-123.09746133377571, 49.2559353929824], ""type"": ""Point""}";49.2559353929824, -123.09746133377571
27;Riley Park;"{""coordinates"": [-123.09493770484355, 49.24329498096927], ""type"": ""Point""}";49.24329498096927, -123.09493770484355
4;Riley Park;"{""coordinates"": [-123.09608237612892, 49.243964710503725], ""type"": ""Point""}";49.243964710503725, -123.09608237612892
12;Riley Park;"{""coordinates"": [-123.09958474673454, 49.24283511808818], ""type"": ""Point""}";49.24283511808818, -123.09958474673454
12;Riley Park;"{""coordinates"": [-123.0985642825064, 49.242367215357675], ""type"": ""Point""}";49.242367215357675, -123.0985642825064
16;Sunset;"{""coordinates"": [-123.0971077205211, 49.226959781976625], ""type"": ""Point""}";49.226959781976625, -123.0971077205211
11;Sunset;"{""coordinates"": [-123.09503315424678, 49.22596911381837], ""type"": ""Point""}";49.22596911381837, -123.09503315424678
1;Sunset;"{""coordinates"": [-123.08985917686233, 49.23059841954543], ""type"": ""Point""}";49.23059841954543, -123.08985917686233
14;Sunset;"{""coordinates"": [-123.09670410221608, 49.225993615461334], ""type"": ""Point""}";49.225993615461334, -123.09670410221608
15;Sunset;"{""coordinates"": [-123.09716078164627, 49.22600267728289], ""type"": ""Point""}";49.22600267728289, -123.09716078164627
22;Sunset;"{""coordinates"": [-123.09406202453812, 49.226917100924545], ""type"": ""Point""}";49.226917100924545, -123.09406202453812
7;Sunset;"{""coordinates"": [-123.09277958928266, 49.223970641518655], ""type"": ""Point""}";49.223970641518655, -123.09277958928266
24;Sunset;"{""coordinates"": [-123.09307356559742, 49.22494017574048], ""type"": ""Point""}";49.22494017574048, -123.09307356559742
D;Sunset;"{""coordinates"": [-123.09281847528617, 49.21212351598179], ""type"": ""Point""}";49.21212351598179, -123.09281847528617
2;Sunset;"{""coordinates"": [-123.08987994529653, 49.212288294749136], ""type"": ""Point""}";49.212288294749136, -123.08987994529653
3;Sunset;"{""coordinates"": [-123.09563293037147, 49.21270499615987], ""type"": ""Point""}";49.21270499615987, -123.09563293037147
2;Sunset;"{""coordinates"": [-123.09994625652521, 49.21202306398626], ""type"": ""Point""}";49.21202306398626, -123.09994625652521
3;Sunset;"{""coordinates"": [-123.09813365038234, 49.21594976399079], ""type"": ""Point""}";49.21594976399079, -123.09813365038234
12;Sunset;"{""coordinates"": [-123.09770202128516, 49.21404275235655], ""type"": ""Point""}";49.21404275235655, -123.09770202128516
B;Sunset;"{""coordinates"": [-123.09749996023537, 49.21526576874053], ""type"": ""Point""}";49.21526576874053, -123.09749996023537
5;Sunset;"{""coordinates"": [-123.09490358680287, 49.215850213605215], ""type"": ""Point""}";49.215850213605215, -123.09490358680287
101;Strathcona;"{""coordinates"": [-123.09092394172524, 49.27693683499734], ""type"": ""Point""}";49.27693683499734, -123.09092394172524
117;Strathcona;"{""coordinates"": [-123.08250609539292, 49.27369236372999], ""type"": ""Point""}";49.27369236372999, -123.08250609539292
79;Kensington-Cedar Cottage;"{""coordinates"": [-123.08684495654532, 49.254885276508155], ""type"": ""Point""}";49.254885276508155, -123.08684495654532
BLK.;Mount Pleasant;"{""coordinates"": [-123.08456656750667, 49.26109441986297], ""type"": ""Point""}";49.26109441986297, -123.08456656750667
B;Mount Pleasant;"{""coordinates"": [-123.0824412699078, 49.25889599719657], ""type"": ""Point""}";49.25889599719657, -123.0824412699078
32;Kensington-Cedar Cottage;"{""coordinates"": [-123.08471674455228, 49.25122416428117], ""type"": ""Point""}";49.25122416428117, -123.08471674455228
56;Kensington-Cedar Cottage;"{""coordinates"": [-123.08466820046108, 49.25303406574259], ""type"": ""Point""}";49.25303406574259, -123.08466820046108
43;Kensington-Cedar Cottage;"{""coordinates"": [-123.0889566283692, 49.252203444862474], ""type"": ""Point""}";49.252203444862474, -123.0889566283692
D;Mount Pleasant;"{""coordinates"": [-123.07864547985477, 49.257436003605235], ""type"": ""Point""}";49.257436003605235, -123.07864547985477
6;Kensington-Cedar Cottage;"{""coordinates"": [-123.07977760962555, 49.24097906134998], ""type"": ""Point""}";49.24097906134998, -123.07977760962555
5;Kensington-Cedar Cottage;"{""coordinates"": [-123.08210277894491, 49.24099356076026], ""type"": ""Point""}";49.24099356076026, -123.08210277894491
5;Kensington-Cedar Cottage;"{""coordinates"": [-123.08699364815246, 49.24066795175835], ""type"": ""Point""}";49.24066795175835, -123.08699364815246
15;Kensington-Cedar Cottage;"{""coordinates"": [-123.08511920330952, 49.244162549899436], ""type"": ""Point""}";49.244162549899436, -123.08511920330952
14;Kensington-Cedar Cottage;"{""coordinates"": [-123.08921111443408, 49.24420042690195], ""type"": ""Point""}";49.24420042690195, -123.08921111443408
4;Kensington-Cedar Cottage;"{""coordinates"": [-123.08358896849383, 49.235020299854156], ""type"": ""Point""}";49.235020299854156, -123.08358896849383
3;Kensington-Cedar Cottage;"{""coordinates"": [-123.08526799830074, 49.23316563719741], ""type"": ""Point""}";49.23316563719741, -123.08526799830074
8;Kensington-Cedar Cottage;"{""coordinates"": [-123.08631704431438, 49.23733640511594], ""type"": ""Point""}";49.23733640511594, -123.08631704431438
16;Kensington-Cedar Cottage;"{""coordinates"": [-123.08176281388886, 49.237184478192454], ""type"": ""Point""}";49.237184478192454, -123.08176281388886
1;Sunset;"{""coordinates"": [-123.07931093655043, 49.224396453196526], ""type"": ""Point""}";49.224396453196526, -123.07931093655043
5;Sunset;"{""coordinates"": [-123.08441235074505, 49.22808218245308], ""type"": ""Point""}";49.22808218245308, -123.08441235074505
4;Kensington-Cedar Cottage;"{""coordinates"": [-123.08349588645576, 49.23313632976942], ""type"": ""Point""}";49.23313632976942, -123.08349588645576
5;Sunset;"{""coordinates"": [-123.08697303545213, 49.21326973779851], ""type"": ""Point""}";49.21326973779851, -123.08697303545213
2;Sunset;"{""coordinates"": [-123.08097619521776, 49.21568930365368], ""type"": ""Point""}";49.21568930365368, -123.08097619521776
1;Sunset;"{""coordinates"": [-123.08670280354568, 49.217682530846965], ""type"": ""Point""}";49.217682530846965, -123.08670280354568
29;Strathcona;"{""coordinates"": [-123.07809056748829, 49.27549056589785], ""type"": ""Point""}";49.27549056589785, -123.07809056748829
120;Strathcona;"{""coordinates"": [-123.0828342179367, 49.27900352494204], ""type"": ""Point""}";49.27900352494204, -123.0828342179367
60;Strathcona;"{""coordinates"": [-123.08851005969926, 49.281489362239576], ""type"": ""Point""}";49.281489362239576, -123.08851005969926
BLK.;Grandview-Woodland;"{""coordinates"": [-123.07570173449834, 49.27452421055286], ""type"": ""Point""}";49.27452421055286, -123.07570173449834
29;Grandview-Woodland;"{""coordinates"": [-123.06841300844619, 49.27514387380145], ""type"": ""Point""}";49.27514387380145, -123.06841300844619
E;Grandview-Woodland;"{""coordinates"": [-123.07665718703083, 49.262744559026494], ""type"": ""Point""}";49.262744559026494, -123.07665718703083
B;Grandview-Woodland;"{""coordinates"": [-123.07070801627724, 49.264477393203535], ""type"": ""Point""}";49.264477393203535, -123.07070801627724
BLK.;Grandview-Woodland;"{""coordinates"": [-123.07640168922421, 49.263828416631966], ""type"": ""Point""}";49.263828416631966, -123.07640168922421
C;Grandview-Woodland;"{""coordinates"": [-123.06840050013936, 49.270124393985576], ""type"": ""Point""}";49.270124393985576, -123.06840050013936
2;Kensington-Cedar Cottage;"{""coordinates"": [-123.0745455253463, 49.25483145817142], ""type"": ""Point""}";49.25483145817142, -123.0745455253463
6;Kensington-Cedar Cottage;"{""coordinates"": [-123.07536012460544, 49.25609775318473], ""type"": ""Point""}";49.25609775318473, -123.07536012460544
A;Kensington-Cedar Cottage;"{""coordinates"": [-123.06961184200372, 49.254485188824574], ""type"": ""Point""}";49.254485188824574, -123.06961184200372
11;Kensington-Cedar Cottage;"{""coordinates"": [-123.07043273676143, 49.25531402345029], ""type"": ""Point""}";49.25531402345029, -123.07043273676143
D;Kensington-Cedar Cottage;"{""coordinates"": [-123.06960461140083, 49.25518726098247], ""type"": ""Point""}";49.25518726098247, -123.06960461140083
84;Kensington-Cedar Cottage;"{""coordinates"": [-123.0770704269315, 49.25468719127131], ""type"": ""Point""}";49.25468719127131, -123.0770704269315
108;Kensington-Cedar Cottage;"{""coordinates"": [-123.07707212255212, 49.25640292893465], ""type"": ""Point""}";49.25640292893465, -123.07707212255212
1;Kensington-Cedar Cottage;"{""coordinates"": [-123.07454763801914, 49.25460091834719], ""type"": ""Point""}";49.25460091834719, -123.07454763801914
2;Kensington-Cedar Cottage;"{""coordinates"": [-123.07306197155185, 49.242379816648175], ""type"": ""Point""}";49.242379816648175, -123.07306197155185
4;Kensington-Cedar Cottage;"{""coordinates"": [-123.07141114113611, 49.24098014622716], ""type"": ""Point""}";49.24098014622716, -123.07141114113611
B;Kensington-Cedar Cottage;"{""coordinates"": [-123.07060865330182, 49.24636391937171], ""type"": ""Point""}";49.24636391937171, -123.07060865330182
12;Kensington-Cedar Cottage;"{""coordinates"": [-123.06907331130732, 49.24877844757567], ""type"": ""Point""}";49.24877844757567, -123.06907331130732
8;Kensington-Cedar Cottage;"{""coordinates"": [-123.0709333488367, 49.24941102531273], ""type"": ""Point""}";49.24941102531273, -123.0709333488367
1;Kensington-Cedar Cottage;"{""coordinates"": [-123.07810481736136, 49.24598909385447], ""type"": ""Point""}";49.24598909385447, -123.07810481736136
BLK. 171;Kensington-Cedar Cottage;"{""coordinates"": [-123.07629029733896, 49.25808324123478], ""type"": ""Point""}";49.25808324123478, -123.07629029733896
4;Kensington-Cedar Cottage;"{""coordinates"": [-123.07058094462988, 49.2370162188532], ""type"": ""Point""}";49.2370162188532, -123.07058094462988
1;Kensington-Cedar Cottage;"{""coordinates"": [-123.07270868924697, 49.23960664507473], ""type"": ""Point""}";49.23960664507473, -123.07270868924697
2;Kensington-Cedar Cottage;"{""coordinates"": [-123.07776093567341, 49.239651821230744], ""type"": ""Point""}";49.239651821230744, -123.07776093567341
D;Kensington-Cedar Cottage;"{""coordinates"": [-123.06944508944697, 49.237002685748394], ""type"": ""Point""}";49.237002685748394, -123.06944508944697
15;Kensington-Cedar Cottage;"{""coordinates"": [-123.0692590164957, 49.243544190816706], ""type"": ""Point""}";49.243544190816706, -123.0692590164957
6;Kensington-Cedar Cottage;"{""coordinates"": [-123.07292447405655, 49.24437624333019], ""type"": ""Point""}";49.24437624333019, -123.07292447405655
20;Kensington-Cedar Cottage;"{""coordinates"": [-123.07117013557489, 49.2448945004005], ""type"": ""Point""}";49.2448945004005, -123.07117013557489
18;Kensington-Cedar Cottage;"{""coordinates"": [-123.07158019948878, 49.24361874971844], ""type"": ""Point""}";49.24361874971844, -123.07158019948878
4;Kensington-Cedar Cottage;"{""coordinates"": [-123.07719530966774, 49.24100521080104], ""type"": ""Point""}";49.24100521080104, -123.07719530966774
10;Victoria-Fraserview;"{""coordinates"": [-123.07019834105098, 49.22782084718533], ""type"": ""Point""}";49.22782084718533, -123.07019834105098
5;Victoria-Fraserview;"{""coordinates"": [-123.06915461317114, 49.22961096661612], ""type"": ""Point""}";49.22961096661612, -123.06915461317114
3;Sunset;"{""coordinates"": [-123.07779728669736, 49.22985559162011], ""type"": ""Point""}";49.22985559162011, -123.07779728669736
2;Kensington-Cedar Cottage;"{""coordinates"": [-123.07615927135546, 49.23560741146619], ""type"": ""Point""}";49.23560741146619, -123.07615927135546
3;Kensington-Cedar Cottage;"{""coordinates"": [-123.07758798211941, 49.23562239133477], ""type"": ""Point""}";49.23562239133477, -123.07758798211941
3;Sunset;"{""coordinates"": [-123.07796015919737, 49.225639151096985], ""type"": ""Point""}";49.225639151096985, -123.07796015919737
6;Victoria-Fraserview;"{""coordinates"": [-123.07638738567387, 49.214055162267556], ""type"": ""Point""}";49.214055162267556, -123.07638738567387
3;Victoria-Fraserview;"{""coordinates"": [-123.07398717522089, 49.22085485124684], ""type"": ""Point""}";49.22085485124684, -123.07398717522089
4;Victoria-Fraserview;"{""coordinates"": [-123.07247285601775, 49.22089650585313], ""type"": ""Point""}";49.22089650585313, -123.07247285601775
1;Victoria-Fraserview;"{""coordinates"": [-123.0737961934809, 49.22435934130249], ""type"": ""Point""}";49.22435934130249, -123.0737961934809
25;Victoria-Fraserview;"{""coordinates"": [-123.0710540035864, 49.22608116208491], ""type"": ""Point""}";49.22608116208491, -123.0710540035864
1;Victoria-Fraserview;"{""coordinates"": [-123.07372142093008, 49.22634928551419], ""type"": ""Point""}";49.22634928551419, -123.07372142093008
3;Victoria-Fraserview;"{""coordinates"": [-123.07659046782886, 49.2268001504906], ""type"": ""Point""}";49.2268001504906, -123.07659046782886
5;Victoria-Fraserview;"{""coordinates"": [-123.0694476243506, 49.21039075309527], ""type"": ""Point""}";49.21039075309527, -123.0694476243506
D;Victoria-Fraserview;"{""coordinates"": [-123.07545165893468, 49.2122811876905], ""type"": ""Point""}";49.2122811876905, -123.07545165893468
H;Victoria-Fraserview;"{""coordinates"": [-123.06848440114426, 49.20940322272435], ""type"": ""Point""}";49.20940322272435, -123.06848440114426
D;Victoria-Fraserview;"{""coordinates"": [-123.07062427566127, 49.21000674142737], ""type"": ""Point""}";49.21000674142737, -123.07062427566127
2;Victoria-Fraserview;"{""coordinates"": [-123.07310418271472, 49.214884286013096], ""type"": ""Point""}";49.214884286013096, -123.07310418271472
D;Grandview-Woodland;"{""coordinates"": [-123.06294702815542, 49.272769912324], ""type"": ""Point""}";49.272769912324, -123.06294702815542
B;Grandview-Woodland;"{""coordinates"": [-123.06271116185745, 49.2740338556612], ""type"": ""Point""}";49.2740338556612, -123.06271116185745
3;Grandview-Woodland;"{""coordinates"": [-123.06913112639967, 49.28249213136245], ""type"": ""Point""}";49.28249213136245, -123.06913112639967
BLK.;Grandview-Woodland;"{""coordinates"": [-123.06506717495975, 49.26624008806091], ""type"": ""Point""}";49.26624008806091, -123.06506717495975
A;Grandview-Woodland;"{""coordinates"": [-123.06112549698503, 49.26877205014976], ""type"": ""Point""}";49.26877205014976, -123.06112549698503
141;Grandview-Woodland;"{""coordinates"": [-123.0575311030682, 49.26837595725829], ""type"": ""Point""}";49.26837595725829, -123.0575311030682
165;Kensington-Cedar Cottage;"{""coordinates"": [-123.05800183334252, 49.26062494229499], ""type"": ""Point""}";49.26062494229499, -123.05800183334252
D;Kensington-Cedar Cottage;"{""coordinates"": [-123.05925989467644, 49.25999021357146], ""type"": ""Point""}";49.25999021357146, -123.05925989467644
B;Kensington-Cedar Cottage;"{""coordinates"": [-123.0592307071708, 49.26142901220936], ""type"": ""Point""}";49.26142901220936, -123.0592307071708
B;Kensington-Cedar Cottage;"{""coordinates"": [-123.06315388994864, 49.25874319550295], ""type"": ""Point""}";49.25874319550295, -123.06315388994864
B;Grandview-Woodland;"{""coordinates"": [-123.05724943861304, 49.265551604638326], ""type"": ""Point""}";49.265551604638326, -123.05724943861304
A;Grandview-Woodland;"{""coordinates"": [-123.05736725980861, 49.26697234706876], ""type"": ""Point""}";49.26697234706876, -123.05736725980861
5;Grandview-Woodland;"{""coordinates"": [-123.05905045016303, 49.26638995944745], ""type"": ""Point""}";49.26638995944745, -123.05905045016303
5;Grandview-Woodland;"{""coordinates"": [-123.06112472764707, 49.26641346460675], ""type"": ""Point""}";49.26641346460675, -123.06112472764707
9;Kensington-Cedar Cottage;"{""coordinates"": [-123.06684335801333, 49.24927193315333], ""type"": ""Point""}";49.24927193315333, -123.06684335801333
1;Kensington-Cedar Cottage;"{""coordinates"": [-123.06424340992362, 49.25064922795163], ""type"": ""Point""}";49.25064922795163, -123.06424340992362
14;Kensington-Cedar Cottage;"{""coordinates"": [-123.06468681708698, 49.253056156170274], ""type"": ""Point""}";49.253056156170274, -123.06468681708698
10;Kensington-Cedar Cottage;"{""coordinates"": [-123.06658899163311, 49.25360399084938], ""type"": ""Point""}";49.25360399084938, -123.06658899163311
BLK. A;Kensington-Cedar Cottage;"{""coordinates"": [-123.05951841725954, 49.25479425609502], ""type"": ""Point""}";49.25479425609502, -123.05951841725954
5;Kensington-Cedar Cottage;"{""coordinates"": [-123.05744388213105, 49.254163976752054], ""type"": ""Point""}";49.254163976752054, -123.05744388213105
2;Kensington-Cedar Cottage;"{""coordinates"": [-123.06613726044272, 49.240686847675384], ""type"": ""Point""}";49.240686847675384, -123.06613726044272
8;Kensington-Cedar Cottage;"{""coordinates"": [-123.05763097144002, 49.24726318806791], ""type"": ""Point""}";49.24726318806791, -123.05763097144002
13;Kensington-Cedar Cottage;"{""coordinates"": [-123.05960655401637, 49.24779329102395], ""type"": ""Point""}";49.24779329102395, -123.05960655401637
3;Kensington-Cedar Cottage;"{""coordinates"": [-123.06594494775115, 49.24637870218467], ""type"": ""Point""}";49.24637870218467, -123.06594494775115
9;Kensington-Cedar Cottage;"{""coordinates"": [-123.06555946523011, 49.24853900908507], ""type"": ""Point""}";49.24853900908507, -123.06555946523011
D;Kensington-Cedar Cottage;"{""coordinates"": [-123.06404694281834, 49.240091542022256], ""type"": ""Point""}";49.240091542022256, -123.06404694281834
B;Kensington-Cedar Cottage;"{""coordinates"": [-123.06718869176358, 49.2371735984789], ""type"": ""Point""}";49.2371735984789, -123.06718869176358
C;Kensington-Cedar Cottage;"{""coordinates"": [-123.06697255212171, 49.23779542137975], ""type"": ""Point""}";49.23779542137975, -123.06697255212171
D;Kensington-Cedar Cottage;"{""coordinates"": [-123.06716872987802, 49.238691971427436], ""type"": ""Point""}";49.238691971427436, -123.06716872987802
4;Kensington-Cedar Cottage;"{""coordinates"": [-123.05974345158846, 49.24408381148475], ""type"": ""Point""}";49.24408381148475, -123.05974345158846
B1;Kensington-Cedar Cottage;"{""coordinates"": [-123.06377699038009, 49.24209808858968], ""type"": ""Point""}";49.24209808858968, -123.06377699038009
A;Victoria-Fraserview;"{""coordinates"": [-123.06096564304508, 49.22059340904539], ""type"": ""Point""}";49.22059340904539, -123.06096564304508
2;Victoria-Fraserview;"{""coordinates"": [-123.06415479645679, 49.22272406463487], ""type"": ""Point""}";49.22272406463487, -123.06415479645679
4;Victoria-Fraserview;"{""coordinates"": [-123.05761495671035, 49.225194589341044], ""type"": ""Point""}";49.225194589341044, -123.05761495671035
1;Victoria-Fraserview;"{""coordinates"": [-123.0568821870732, 49.230703272015425], ""type"": ""Point""}";49.230703272015425, -123.0568821870732
20;Grandview-Woodland;"{""coordinates"": [-123.06080221079785, 49.28509617618533], ""type"": ""Point""}";49.28509617618533, -123.06080221079785
9;Grandview-Woodland;"{""coordinates"": [-123.06148724372616, 49.28720205955711], ""type"": ""Point""}";49.28720205955711, -123.06148724372616
7;Grandview-Woodland;"{""coordinates"": [-123.05904202286366, 49.28783519130227], ""type"": ""Point""}";49.28783519130227, -123.05904202286366
24;Victoria-Fraserview;"{""coordinates"": [-123.06049542016504, 49.208192176532975], ""type"": ""Point""}";49.208192176532975, -123.06049542016504
M;Victoria-Fraserview;"{""coordinates"": [-123.0657931910775, 49.20836483249329], ""type"": ""Point""}";49.20836483249329, -123.0657931910775
14;Grandview-Woodland;"{""coordinates"": [-123.05896344931246, 49.27689239407663], ""type"": ""Point""}";49.27689239407663, -123.05896344931246
10;Grandview-Woodland;"{""coordinates"": [-123.05723897345182, 49.277773502802], ""type"": ""Point""}";49.277773502802, -123.05723897345182
51;Grandview-Woodland;"{""coordinates"": [-123.05902372207403, 49.27984198220347], ""type"": ""Point""}";49.27984198220347, -123.05902372207403
9;Grandview-Woodland;"{""coordinates"": [-123.06722373111369, 49.27693869748298], ""type"": ""Point""}";49.27693869748298, -123.06722373111369
4;Grandview-Woodland;"{""coordinates"": [-123.06680408802072, 49.28154770236016], ""type"": ""Point""}";49.28154770236016, -123.06680408802072
42;Grandview-Woodland;"{""coordinates"": [-123.05737082497386, 49.28149781943515], ""type"": ""Point""}";49.28149781943515, -123.05737082497386
36;Grandview-Woodland;"{""coordinates"": [-123.06275055804802, 49.28240758378248], ""type"": ""Point""}";49.28240758378248, -123.06275055804802
23;Grandview-Woodland;"{""coordinates"": [-123.05738313269418, 49.28418932238291], ""type"": ""Point""}";49.28418932238291, -123.05738313269418
25;Grandview-Woodland;"{""coordinates"": [-123.060622760703, 49.28423975923473], ""type"": ""Point""}";49.28423975923473, -123.060622760703
48;Hastings-Sunrise;"{""coordinates"": [-123.04576749287848, 49.26875139503354], ""type"": ""Point""}";49.26875139503354, -123.04576749287848
3;Hastings-Sunrise;"{""coordinates"": [-123.05081103942759, 49.26880279061255], ""type"": ""Point""}";49.26880279061255, -123.05081103942759
49;Hastings-Sunrise;"{""coordinates"": [-123.0459362286405, 49.26985028006881], ""type"": ""Point""}";49.26985028006881, -123.0459362286405
39;Hastings-Sunrise;"{""coordinates"": [-123.048350349152, 49.270764268197695], ""type"": ""Point""}";49.270764268197695, -123.048350349152
51;Hastings-Sunrise;"{""coordinates"": [-123.04584984544601, 49.2716884190865], ""type"": ""Point""}";49.2716884190865, -123.04584984544601
3;Hastings-Sunrise;"{""coordinates"": [-123.05368996394695, 49.271694810832564], ""type"": ""Point""}";49.271694810832564, -123.05368996394695
8;Hastings-Sunrise;"{""coordinates"": [-123.0555089050881, 49.27442434215608], ""type"": ""Point""}";49.27442434215608, -123.0555089050881
6;Hastings-Sunrise;"{""coordinates"": [-123.05547548848985, 49.2678934706447], ""type"": ""Point""}";49.2678934706447, -123.05547548848985
16;Hastings-Sunrise;"{""coordinates"": [-123.04583884640793, 49.26327379345644], ""type"": ""Point""}";49.26327379345644, -123.04583884640793
2;Hastings-Sunrise;"{""coordinates"": [-123.04586252741599, 49.26508226966985], ""type"": ""Point""}";49.26508226966985, -123.04586252741599
21;Hastings-Sunrise;"{""coordinates"": [-123.05089666416883, 49.26328417948118], ""type"": ""Point""}";49.26328417948118, -123.05089666416883
18;Hastings-Sunrise;"{""coordinates"": [-123.05544765922112, 49.26419429774391], ""type"": ""Point""}";49.26419429774391, -123.05544765922112
9;Hastings-Sunrise;"{""coordinates"": [-123.05087096671882, 49.2669924717488], ""type"": ""Point""}";49.2669924717488, -123.05087096671882
7;Hastings-Sunrise;"{""coordinates"": [-123.05547926041946, 49.2669912504416], ""type"": ""Point""}";49.2669912504416, -123.05547926041946
42;Hastings-Sunrise;"{""coordinates"": [-123.04834623692469, 49.26792054689745], ""type"": ""Point""}";49.26792054689745, -123.04834623692469
4;Renfrew-Collingwood;"{""coordinates"": [-123.053737926182, 49.247694451751244], ""type"": ""Point""}";49.247694451751244, -123.053737926182
F;Renfrew-Collingwood;"{""coordinates"": [-123.04833528971702, 49.252645822410706], ""type"": ""Point""}";49.252645822410706, -123.04833528971702
P;Renfrew-Collingwood;"{""coordinates"": [-123.05527089702764, 49.253495486545916], ""type"": ""Point""}";49.253495486545916, -123.05527089702764
117;Renfrew-Collingwood;"{""coordinates"": [-123.04562703041871, 49.24152113751747], ""type"": ""Point""}";49.24152113751747, -123.04562703041871
7;Renfrew-Collingwood;"{""coordinates"": [-123.05388749810169, 49.241403151321066], ""type"": ""Point""}";49.241403151321066, -123.05388749810169
B;Renfrew-Collingwood;"{""coordinates"": [-123.05113769724053, 49.23751041493377], ""type"": ""Point""}";49.23751041493377, -123.05113769724053
2;Killarney;"{""coordinates"": [-123.04892619217607, 49.227836465798326], ""type"": ""Point""}";49.227836465798326, -123.04892619217607
A;Victoria-Fraserview;"{""coordinates"": [-123.05102239283526, 49.23199586531113], ""type"": ""Point""}";49.23199586531113, -123.05102239283526
7;Renfrew-Collingwood;"{""coordinates"": [-123.04718881304906, 49.23378297149251], ""type"": ""Point""}";49.23378297149251, -123.04718881304906
B;Renfrew-Collingwood;"{""coordinates"": [-123.047368786106, 49.234946064609346], ""type"": ""Point""}";49.234946064609346, -123.047368786106
D;Renfrew-Collingwood;"{""coordinates"": [-123.04930402237885, 49.23333241549461], ""type"": ""Point""}";49.23333241549461, -123.04930402237885
E;Renfrew-Collingwood;"{""coordinates"": [-123.04988139720695, 49.23446510146813], ""type"": ""Point""}";49.23446510146813, -123.04988139720695
6;Victoria-Fraserview;"{""coordinates"": [-123.0533206284831, 49.232016658867614], ""type"": ""Point""}";49.232016658867614, -123.0533206284831
B;Renfrew-Collingwood;"{""coordinates"": [-123.04930658071989, 49.23942192663815], ""type"": ""Point""}";49.23942192663815, -123.04930658071989
4;Renfrew-Collingwood;"{""coordinates"": [-123.05377642033699, 49.23814919242655], ""type"": ""Point""}";49.23814919242655, -123.05377642033699
6;Killarney;"{""coordinates"": [-123.04965676978959, 49.22153357657948], ""type"": ""Point""}";49.22153357657948, -123.04965676978959
2;Victoria-Fraserview;"{""coordinates"": [-123.05384131951494, 49.22237785098006], ""type"": ""Point""}";49.22237785098006, -123.05384131951494
72;Victoria-Fraserview;"{""coordinates"": [-123.05199710004693, 49.21835520965678], ""type"": ""Point""}";49.21835520965678, -123.05199710004693
65;Victoria-Fraserview;"{""coordinates"": [-123.05610624516736, 49.21918249826709], ""type"": ""Point""}";49.21918249826709, -123.05610624516736
2;Killarney;"{""coordinates"": [-123.0479902298066, 49.22372598707646], ""type"": ""Point""}";49.22372598707646, -123.0479902298066
3;Killarney;"{""coordinates"": [-123.04646924340166, 49.223789665761856], ""type"": ""Point""}";49.223789665761856, -123.04646924340166
9;Killarney;"{""coordinates"": [-123.04801949888345, 49.225075399672356], ""type"": ""Point""}";49.225075399672356, -123.04801949888345
16;Victoria-Fraserview;"{""coordinates"": [-123.05310510000203, 49.230325875080894], ""type"": ""Point""}";49.230325875080894, -123.05310510000203
40;Hastings-Sunrise;"{""coordinates"": [-123.04808089052467, 49.28237878216761], ""type"": ""Point""}";49.28237878216761, -123.04808089052467
37;Hastings-Sunrise;"{""coordinates"": [-123.05566594353476, 49.2824009503935], ""type"": ""Point""}";49.2824009503935, -123.05566594353476
3;Hastings-Sunrise;"{""coordinates"": [-123.05069160850964, 49.2860497474327], ""type"": ""Point""}";49.2860497474327, -123.05069160850964
72;Killarney;"{""coordinates"": [-123.05453905210297, 49.210887585434925], ""type"": ""Point""}";49.210887585434925, -123.05453905210297
48;Victoria-Fraserview;"{""coordinates"": [-123.05486330957807, 49.21664098536181], ""type"": ""Point""}";49.21664098536181, -123.05486330957807
72;Victoria-Fraserview;"{""coordinates"": [-123.05259196031543, 49.21726888671842], ""type"": ""Point""}";49.21726888671842, -123.05259196031543
66;Victoria-Fraserview;"{""coordinates"": [-123.05511002852721, 49.21737278664156], ""type"": ""Point""}";49.21737278664156, -123.05511002852721
E;Killarney;"{""coordinates"": [-123.04558559563563, 49.21739685355044], ""type"": ""Point""}";49.21739685355044, -123.04558559563563
58;Hastings-Sunrise;"{""coordinates"": [-123.0425562268305, 49.267892087918696], ""type"": ""Point""}";49.267892087918696, -123.0425562268305
B;Hastings-Sunrise;"{""coordinates"": [-123.037607043522, 49.275752525469095], ""type"": ""Point""}";49.275752525469095, -123.037607043522
2;Hastings-Sunrise;"{""coordinates"": [-123.03970254070722, 49.274365774218865], ""type"": ""Point""}";49.274365774218865, -123.03970254070722
B;Hastings-Sunrise;"{""coordinates"": [-123.04026942546362, 49.27575321143491], ""type"": ""Point""}";49.27575321143491, -123.04026942546362
1;Hastings-Sunrise;"{""coordinates"": [-123.04356395588437, 49.27436669466441], ""type"": ""Point""}";49.27436669466441, -123.04356395588437
2;Hastings-Sunrise;"{""coordinates"": [-123.04479436850963, 49.274763289763555], ""type"": ""Point""}";49.274763289763555, -123.04479436850963
72;Hastings-Sunrise;"{""coordinates"": [-123.04564195259734, 49.27948209192176], ""type"": ""Point""}";49.27948209192176, -123.04564195259734
76;Hastings-Sunrise;"{""coordinates"": [-123.05544353008933, 49.279497764939904], ""type"": ""Point""}";49.279497764939904, -123.05544353008933
50;Hastings-Sunrise;"{""coordinates"": [-123.04560084118332, 49.28147835397385], ""type"": ""Point""}";49.28147835397385, -123.04560084118332
E;Renfrew-Collingwood;"{""coordinates"": [-123.0378797634458, 49.25424257907661], ""type"": ""Point""}";49.25424257907661, -123.0378797634458
A;Renfrew-Collingwood;"{""coordinates"": [-123.03779131038631, 49.25748831589169], ""type"": ""Point""}";49.25748831589169, -123.03779131038631
9;Hastings-Sunrise;"{""coordinates"": [-123.03540290840635, 49.26414665099484], ""type"": ""Point""}";49.26414665099484, -123.03540290840635
10;Hastings-Sunrise;"{""coordinates"": [-123.0378153545795, 49.264154000286354], ""type"": ""Point""}";49.264154000286354, -123.0378153545795
3;Hastings-Sunrise;"{""coordinates"": [-123.04271155024091, 49.26506858138222], ""type"": ""Point""}";49.26506858138222, -123.04271155024091
75;Hastings-Sunrise;"{""coordinates"": [-123.03785502945537, 49.26696669667601], ""type"": ""Point""}";49.26696669667601, -123.03785502945537
71;Hastings-Sunrise;"{""coordinates"": [-123.03786009177372, 49.2707443534188], ""type"": ""Point""}";49.2707443534188, -123.03786009177372
131;Renfrew-Collingwood;"{""coordinates"": [-123.03921054032172, 49.244283025139886], ""type"": ""Point""}";49.244283025139886, -123.03921054032172
2;Renfrew-Collingwood;"{""coordinates"": [-123.0403800997361, 49.24819855225703], ""type"": ""Point""}";49.24819855225703, -123.0403800997361
4;Renfrew-Collingwood;"{""coordinates"": [-123.03552687270135, 49.24752666484216], ""type"": ""Point""}";49.24752666484216, -123.03552687270135
2;Renfrew-Collingwood;"{""coordinates"": [-123.03553859269255, 49.24654981525208], ""type"": ""Point""}";49.24654981525208, -123.03553859269255
G;Renfrew-Collingwood;"{""coordinates"": [-123.04039760872226, 49.251773419600845], ""type"": ""Point""}";49.251773419600845, -123.04039760872226
4;Renfrew-Collingwood;"{""coordinates"": [-123.03783076548237, 49.249970638272686], ""type"": ""Point""}";49.249970638272686, -123.03783076548237
M;Renfrew-Collingwood;"{""coordinates"": [-123.04034248012863, 49.25585619802248], ""type"": ""Point""}";49.25585619802248, -123.04034248012863
1;Renfrew-Collingwood;"{""coordinates"": [-123.04152926024311, 49.24380894861523], ""type"": ""Point""}";49.24380894861523, -123.04152926024311
114;Renfrew-Collingwood;"{""coordinates"": [-123.04479460557764, 49.24151028219979], ""type"": ""Point""}";49.24151028219979, -123.04479460557764
118;Renfrew-Collingwood;"{""coordinates"": [-123.04267370963848, 49.24310065148296], ""type"": ""Point""}";49.24310065148296, -123.04267370963848
22;Renfrew-Collingwood;"{""coordinates"": [-123.03832258328822, 49.23646722382016], ""type"": ""Point""}";49.23646722382016, -123.03832258328822
10;Renfrew-Collingwood;"{""coordinates"": [-123.04364081405208, 49.23741842847122], ""type"": ""Point""}";49.23741842847122, -123.04364081405208
9;Renfrew-Collingwood;"{""coordinates"": [-123.04400569769147, 49.23759512757629], ""type"": ""Point""}";49.23759512757629, -123.04400569769147
103;Renfrew-Collingwood;"{""coordinates"": [-123.04307424426484, 49.23910843362894], ""type"": ""Point""}";49.23910843362894, -123.04307424426484
145;Renfrew-Collingwood;"{""coordinates"": [-123.03880407843202, 49.24011013676416], ""type"": ""Point""}";49.24011013676416, -123.03880407843202
94;Renfrew-Collingwood;"{""coordinates"": [-123.03992396875465, 49.23963524720962], ""type"": ""Point""}";49.23963524720962, -123.03992396875465
132;Renfrew-Collingwood;"{""coordinates"": [-123.04501156469321, 49.24291713398955], ""type"": ""Point""}";49.24291713398955, -123.04501156469321
25;Renfrew-Collingwood;"{""coordinates"": [-123.03910929953064, 49.23438821229667], ""type"": ""Point""}";49.23438821229667, -123.03910929953064
12;Renfrew-Collingwood;"{""coordinates"": [-123.04431341617014, 49.23380304525758], ""type"": ""Point""}";49.23380304525758, -123.04431341617014
13;Renfrew-Collingwood;"{""coordinates"": [-123.04420227296546, 49.23498573830797], ""type"": ""Point""}";49.23498573830797, -123.04420227296546
11;Killarney;"{""coordinates"": [-123.0443280491829, 49.23179625282249], ""type"": ""Point""}";49.23179625282249, -123.0443280491829
87;Renfrew-Collingwood;"{""coordinates"": [-123.03876381743306, 49.23758929646423], ""type"": ""Point""}";49.23758929646423, -123.03876381743306
84;Renfrew-Collingwood;"{""coordinates"": [-123.03835844332727, 49.237326779617725], ""type"": ""Point""}";49.237326779617725, -123.03835844332727
F;Killarney;"{""coordinates"": [-123.04276248587506, 49.2172347408519], ""type"": ""Point""}";49.2172347408519, -123.04276248587506
7;Killarney;"{""coordinates"": [-123.04503981658944, 49.22105958323533], ""type"": ""Point""}";49.22105958323533, -123.04503981658944
6;Killarney;"{""coordinates"": [-123.04496215549456, 49.22246514235645], ""type"": ""Point""}";49.22246514235645, -123.04496215549456
3;Killarney;"{""coordinates"": [-123.04011197641559, 49.221299864136604], ""type"": ""Point""}";49.221299864136604, -123.04011197641559
7;Killarney;"{""coordinates"": [-123.03577254248276, 49.22555058157738], ""type"": ""Point""}";49.22555058157738, -123.03577254248276
11;Killarney;"{""coordinates"": [-123.03992323624446, 49.22498783621953], ""type"": ""Point""}";49.22498783621953, -123.03992323624446
3;Killarney;"{""coordinates"": [-123.04178348995117, 49.22387593023015], ""type"": ""Point""}";49.22387593023015, -123.04178348995117
1;Killarney;"{""coordinates"": [-123.03551397654319, 49.22400558071618], ""type"": ""Point""}";49.22400558071618, -123.03551397654319
2;Killarney;"{""coordinates"": [-123.03569333892797, 49.22753461904928], ""type"": ""Point""}";49.22753461904928, -123.03569333892797
19;Killarney;"{""coordinates"": [-123.04189905932532, 49.22865275955751], ""type"": ""Point""}";49.22865275955751, -123.04189905932532
1;Hastings-Sunrise;"{""coordinates"": [-123.02745082418828, 49.266289410995924], ""type"": ""Point""}";49.266289410995924, -123.02745082418828
90;Hastings-Sunrise;"{""coordinates"": [-123.03241819824298, 49.267892768518365], ""type"": ""Point""}";49.267892768518365, -123.03241819824298
8;Hastings-Sunrise;"{""coordinates"": [-123.02961315081666, 49.27522707618417], ""type"": ""Point""}";49.27522707618417, -123.02961315081666
2;Hastings-Sunrise;"{""coordinates"": [-123.02727628923768, 49.27439968952993], ""type"": ""Point""}";49.27439968952993, -123.02727628923768
2;Hastings-Sunrise;"{""coordinates"": [-123.03486786283987, 49.27771809448066], ""type"": ""Point""}";49.27771809448066, -123.03486786283987
70;Hastings-Sunrise;"{""coordinates"": [-123.04037565109016, 49.27945234407096], ""type"": ""Point""}";49.27945234407096, -123.04037565109016
9;Renfrew-Collingwood;"{""coordinates"": [-123.02622037882507, 49.253003735560355], ""type"": ""Point""}";49.253003735560355, -123.02622037882507
C;Renfrew-Collingwood;"{""coordinates"": [-123.02541398837234, 49.24751304168123], ""type"": ""Point""}";49.24751304168123, -123.02541398837234
96;Renfrew-Collingwood;"{""coordinates"": [-123.03375234329214, 49.24425792492768], ""type"": ""Point""}";49.24425792492768, -123.03375234329214
92;Renfrew-Collingwood;"{""coordinates"": [-123.02968945101644, 49.242852590470186], ""type"": ""Point""}";49.242852590470186, -123.02968945101644
15;Renfrew-Collingwood;"{""coordinates"": [-123.03070966441814, 49.23836619075732], ""type"": ""Point""}";49.23836619075732, -123.03070966441814
16;Renfrew-Collingwood;"{""coordinates"": [-123.03110006599181, 49.23861654987063], ""type"": ""Point""}";49.23861654987063, -123.03110006599181
54;Renfrew-Collingwood;"{""coordinates"": [-123.02765109582643, 49.238688003543864], ""type"": ""Point""}";49.238688003543864, -123.02765109582643
60;Renfrew-Collingwood;"{""coordinates"": [-123.02459023993885, 49.23697307766796], ""type"": ""Point""}";49.23697307766796, -123.02459023993885
22;Renfrew-Collingwood;"{""coordinates"": [-123.03415573437265, 49.239526617058544], ""type"": ""Point""}";49.239526617058544, -123.03415573437265
67;Renfrew-Collingwood;"{""coordinates"": [-123.03369000209905, 49.2360893381388], ""type"": ""Point""}";49.2360893381388, -123.03369000209905
5;Renfrew-Collingwood;"{""coordinates"": [-123.03169322372447, 49.23488982018827], ""type"": ""Point""}";49.23488982018827, -123.03169322372447
45;Killarney;"{""coordinates"": [-123.03418995095909, 49.23211616918441], ""type"": ""Point""}";49.23211616918441, -123.03418995095909
39;Renfrew-Collingwood;"{""coordinates"": [-123.0342080496419, 49.233918884253185], ""type"": ""Point""}";49.233918884253185, -123.0342080496419
W;Hastings-Sunrise;"{""coordinates"": [-123.03293308081746, 49.28706383888639], ""type"": ""Point""}";49.28706383888639, -123.03293308081746
A;Hastings-Sunrise;"{""coordinates"": [-123.02388804810288, 49.29286637740778], ""type"": ""Point""}";49.29286637740778, -123.02388804810288
19;Killarney;"{""coordinates"": [-123.03260616984598, 49.20672257535851], ""type"": ""Point""}";49.20672257535851, -123.03260616984598
6;Killarney;"{""coordinates"": [-123.02570000720851, 49.22602115023189], ""type"": ""Point""}";49.22602115023189, -123.02570000720851
2;Killarney;"{""coordinates"": [-123.02571897971457, 49.22836051650996], ""type"": ""Point""}";49.22836051650996, -123.02571897971457
A;Killarney;"{""coordinates"": [-123.03120100330906, 49.22787460928955], ""type"": ""Point""}";49.22787460928955, -123.03120100330906
4;Killarney;"{""coordinates"": [-123.03271339481161, 49.22732547102836], ""type"": ""Point""}";49.22732547102836, -123.03271339481161
43;Mount Pleasant;"{""coordinates"": [-123.10414059438581, 49.2596574705077], ""type"": ""Point""}";49.2596574705077, -123.10414059438581
39;Mount Pleasant;"{""coordinates"": [-123.10220748145107, 49.260567443232624], ""type"": ""Point""}";49.260567443232624, -123.10220748145107
61;Hastings-Sunrise;"{""coordinates"": [-123.0295874496954, 49.28054864115905], ""type"": ""Point""}";49.28054864115905, -123.0295874496954
46;Hastings-Sunrise;"{""coordinates"": [-123.02477087289722, 49.2814638369405], ""type"": ""Point""}";49.2814638369405, -123.02477087289722
23;Grandview-Woodland;"{""coordinates"": [-123.07581096216731, 49.27704656894458], ""type"": ""Point""}";49.27704656894458, -123.07581096216731
44;Riley Park;"{""coordinates"": [-123.09125271490757, 49.2522478536124], ""type"": ""Point""}";49.2522478536124, -123.09125271490757
29;Riley Park;"{""coordinates"": [-123.09124069821655, 49.251342053054806], ""type"": ""Point""}";49.251342053054806, -123.09124069821655
36;Mount Pleasant;"{""coordinates"": [-123.10827317794296, 49.26059437292043], ""type"": ""Point""}";49.26059437292043, -123.10827317794296
26;Mount Pleasant;"{""coordinates"": [-123.10599817067737, 49.2623854496875], ""type"": ""Point""}";49.2623854496875, -123.10599817067737
21C;Shaughnessy;"{""coordinates"": [-123.14637365553578, 49.24098776517801], ""type"": ""Point""}";49.24098776517801, -123.14637365553578
E;Arbutus Ridge;"{""coordinates"": [-123.14815337496121, 49.241685524341655], ""type"": ""Point""}";49.241685524341655, -123.14815337496121
747;Shaughnessy;"{""coordinates"": [-123.14619234122462, 49.24450310992563], ""type"": ""Point""}";49.24450310992563, -123.14619234122462
748;Shaughnessy;"{""coordinates"": [-123.1451831377391, 49.244485951340366], ""type"": ""Point""}";49.244485951340366, -123.1451831377391
C;Grandview-Woodland;"{""coordinates"": [-123.07241850056468, 49.27989166303436], ""type"": ""Point""}";49.27989166303436, -123.07241850056468
9;Grandview-Woodland;"{""coordinates"": [-123.0689816513665, 49.27695182880847], ""type"": ""Point""}";49.27695182880847, -123.0689816513665
29;Mount Pleasant;"{""coordinates"": [-123.10072483780516, 49.26232021145532], ""type"": ""Point""}";49.26232021145532, -123.10072483780516
61;Shaughnessy;"{""coordinates"": [-123.13128385260364, 49.25272487068056], ""type"": ""Point""}";49.25272487068056, -123.13128385260364
597;South Cambie;"{""coordinates"": [-123.12355530226647, 49.252086718640435], ""type"": ""Point""}";49.252086718640435, -123.12355530226647
577;South Cambie;"{""coordinates"": [-123.12351957873359, 49.25290351419772], ""type"": ""Point""}";49.25290351419772, -123.12351957873359
557;South Cambie;"{""coordinates"": [-123.12353277455196, 49.25377514617793], ""type"": ""Point""}";49.25377514617793, -123.12353277455196
U;Hastings-Sunrise;"{""coordinates"": [-123.04099213231422, 49.29139845025004], ""type"": ""Point""}";49.29139845025004, -123.04099213231422
180;Kensington-Cedar Cottage;"{""coordinates"": [-123.07212914602432, 49.25725866008996], ""type"": ""Point""}";49.25725866008996, -123.07212914602432
56;Mount Pleasant;"{""coordinates"": [-123.10096254354042, 49.25686903142225], ""type"": ""Point""}";49.25686903142225, -123.10096254354042
49;Mount Pleasant;"{""coordinates"": [-123.10086307470861, 49.258832179999715], ""type"": ""Point""}";49.258832179999715, -123.10086307470861
HALF;Victoria-Fraserview;"{""coordinates"": [-123.06128253260088, 49.226052721084045], ""type"": ""Point""}";49.226052721084045, -123.06128253260088
S1/2;Victoria-Fraserview;"{""coordinates"": [-123.06753993752397, 49.23013889110338], ""type"": ""Point""}";49.23013889110338, -123.06753993752397
N1/2;Hastings-Sunrise;"{""coordinates"": [-123.02505809243495, 49.27873193944579], ""type"": ""Point""}";49.27873193944579, -123.02505809243495
WEST;Renfrew-Collingwood;"{""coordinates"": [-123.04863856202225, 49.235435535155865], ""type"": ""Point""}";49.235435535155865, -123.04863856202225
K;Victoria-Fraserview;"{""coordinates"": [-123.06756238155286, 49.20895319164313], ""type"": ""Point""}";49.20895319164313, -123.06756238155286
PT;Renfrew-Collingwood;"{""coordinates"": [-123.04536215882445, 49.23596314411789], ""type"": ""Point""}";49.23596314411789, -123.04536215882445
E;Strathcona;"{""coordinates"": [-123.08273126212703, 49.271159084902656], ""type"": ""Point""}";49.271159084902656, -123.08273126212703
0 4;Renfrew-Collingwood;"{""coordinates"": [-123.02421658005079, 49.24403862076283], ""type"": ""Point""}";49.24403862076283, -123.02421658005079
153;Renfrew-Collingwood;"{""coordinates"": [-123.03425780680553, 49.238950000813006], ""type"": ""Point""}";49.238950000813006, -123.03425780680553
N1/2;Victoria-Fraserview;"{""coordinates"": [-123.06806020638018, 49.23127015299235], ""type"": ""Point""}";49.23127015299235, -123.06806020638018
N1/2;Hastings-Sunrise;"{""coordinates"": [-123.04272908567515, 49.27872117911651], ""type"": ""Point""}";49.27872117911651, -123.04272908567515
12;Kensington-Cedar Cottage;"{""coordinates"": [-123.06557469731558, 49.24964454985518], ""type"": ""Point""}";49.24964454985518, -123.06557469731558
B;Kerrisdale;"{""coordinates"": [-123.17783239489962, 49.21692361405115], ""type"": ""Point""}";49.21692361405115, -123.17783239489962
C;Renfrew-Collingwood;"{""coordinates"": [-123.03456132127569, 49.23372115344874], ""type"": ""Point""}";49.23372115344874, -123.03456132127569
SOUTH  HALF;Kensington-Cedar Cottage;"{""coordinates"": [-123.06710343666735, 49.233937616373815], ""type"": ""Point""}";49.233937616373815, -123.06710343666735
A;West Point Grey;"{""coordinates"": [-123.21101571544884, 49.273245078775574], ""type"": ""Point""}";49.273245078775574, -123.21101571544884
145;West Point Grey;"{""coordinates"": [-123.21089800722051, 49.26659133527543], ""type"": ""Point""}";49.26659133527543, -123.21089800722051
4;West Point Grey;"{""coordinates"": [-123.21122972098163, 49.26609740511006], ""type"": ""Point""}";49.26609740511006, -123.21122972098163
144;West Point Grey;"{""coordinates"": [-123.21394281019528, 49.26664963047099], ""type"": ""Point""}";49.26664963047099, -123.21394281019528
4;West Point Grey;"{""coordinates"": [-123.21433086323172, 49.26612705425607], ""type"": ""Point""}";49.26612705425607, -123.21433086323172
152;West Point Grey;"{""coordinates"": [-123.21411635597822, 49.26310981042277], ""type"": ""Point""}";49.26310981042277, -123.21411635597822
2;West Point Grey;"{""coordinates"": [-123.21293067062807, 49.265265338425536], ""type"": ""Point""}";49.265265338425536, -123.21293067062807
6;West Point Grey;"{""coordinates"": [-123.21748309276148, 49.27027665220937], ""type"": ""Point""}";49.27027665220937, -123.21748309276148
4;West Point Grey;"{""coordinates"": [-123.2194579094797, 49.2727767594353], ""type"": ""Point""}";49.2727767594353, -123.2194579094797
E;West Point Grey;"{""coordinates"": [-123.21400455226042, 49.272182025257244], ""type"": ""Point""}";49.272182025257244, -123.21400455226042
1;West Point Grey;"{""coordinates"": [-123.20803810757867, 49.27065700934713], ""type"": ""Point""}";49.27065700934713, -123.20803810757867
2;West Point Grey;"{""coordinates"": [-123.20363397786869, 49.27058754128886], ""type"": ""Point""}";49.27058754128886, -123.20363397786869
5;West Point Grey;"{""coordinates"": [-123.20495963833503, 49.267862286329546], ""type"": ""Point""}";49.267862286329546, -123.20495963833503
141;West Point Grey;"{""coordinates"": [-123.20787940426968, 49.26824602280197], ""type"": ""Point""}";49.26824602280197, -123.20787940426968
132;West Point Grey;"{""coordinates"": [-123.20433764324439, 49.27281893451134], ""type"": ""Point""}";49.27281893451134, -123.20433764324439
1;West Point Grey;"{""coordinates"": [-123.2113888535227, 49.26164807308329], ""type"": ""Point""}";49.26164807308329, -123.2113888535227
159;West Point Grey;"{""coordinates"": [-123.21411485254585, 49.261326421860225], ""type"": ""Point""}";49.261326421860225, -123.21411485254585
164;West Point Grey;"{""coordinates"": [-123.20196197316005, 49.25932335494073], ""type"": ""Point""}";49.25932335494073, -123.20196197316005
1;West Point Grey;"{""coordinates"": [-123.20537798322819, 49.26333960689231], ""type"": ""Point""}";49.26333960689231, -123.20537798322819
4;West Point Grey;"{""coordinates"": [-123.2086548587209, 49.26605366248699], ""type"": ""Point""}";49.26605366248699, -123.2086548587209
2;West Point Grey;"{""coordinates"": [-123.20987410355487, 49.26341431929071], ""type"": ""Point""}";49.26341431929071, -123.20987410355487
C;West Point Grey;"{""coordinates"": [-123.2015546359284, 49.26664420857167], ""type"": ""Point""}";49.26664420857167, -123.2015546359284
185;West Point Grey;"{""coordinates"": [-123.19594244437688, 49.26402420298874], ""type"": ""Point""}";49.26402420298874, -123.19594244437688
3;West Point Grey;"{""coordinates"": [-123.20692258955643, 49.260662150810134], ""type"": ""Point""}";49.260662150810134, -123.20692258955643
154;West Point Grey;"{""coordinates"": [-123.20788411431919, 49.262486462536415], ""type"": ""Point""}";49.262486462536415, -123.20788411431919
4;West Point Grey;"{""coordinates"": [-123.19024348790464, 49.25845365366048], ""type"": ""Point""}";49.25845365366048, -123.19024348790464
2;West Point Grey;"{""coordinates"": [-123.18882433578055, 49.25933573205471], ""type"": ""Point""}";49.25933573205471, -123.18882433578055
174;West Point Grey;"{""coordinates"": [-123.19881525143671, 49.26106924317963], ""type"": ""Point""}";49.26106924317963, -123.19881525143671
1;West Point Grey;"{""coordinates"": [-123.19920816214413, 49.26130127262893], ""type"": ""Point""}";49.26130127262893, -123.19920816214413
3;West Point Grey;"{""coordinates"": [-123.18879686515092, 49.260240722748584], ""type"": ""Point""}";49.260240722748584, -123.18879686515092
4;Dunbar-Southlands;"{""coordinates"": [-123.19010191707649, 49.25233757524847], ""type"": ""Point""}";49.25233757524847, -123.19010191707649
1;Dunbar-Southlands;"{""coordinates"": [-123.19556271809967, 49.255071069542836], ""type"": ""Point""}";49.255071069542836, -123.19556271809967
1;Dunbar-Southlands;"{""coordinates"": [-123.19282313312229, 49.25506130889833], ""type"": ""Point""}";49.25506130889833, -123.19282313312229
12;Dunbar-Southlands;"{""coordinates"": [-123.19043327338227, 49.22957607866426], ""type"": ""Point""}";49.22957607866426, -123.19043327338227
9;Dunbar-Southlands;"{""coordinates"": [-123.19301486806613, 49.23162746349323], ""type"": ""Point""}";49.23162746349323, -123.19301486806613
D;Dunbar-Southlands;"{""coordinates"": [-123.19299495605411, 49.23398759195578], ""type"": ""Point""}";49.23398759195578, -123.19299495605411
275;Dunbar-Southlands;"{""coordinates"": [-123.19803982881741, 49.23710001154021], ""type"": ""Point""}";49.23710001154021, -123.19803982881741
37;Dunbar-Southlands;"{""coordinates"": [-123.1924395984836, 49.2396924893134], ""type"": ""Point""}";49.2396924893134, -123.1924395984836
36;Dunbar-Southlands;"{""coordinates"": [-123.18968017008123, 49.23967054394291], ""type"": ""Point""}";49.23967054394291, -123.18968017008123
45;Kitsilano;"{""coordinates"": [-123.18092138212943, 49.26561239144068], ""type"": ""Point""}";49.26561239144068, -123.18092138212943
50;Kitsilano;"{""coordinates"": [-123.1828873873275, 49.26461300498007], ""type"": ""Point""}";49.26461300498007, -123.1828873873275
182;West Point Grey;"{""coordinates"": [-123.18697554500527, 49.264004403223595], ""type"": ""Point""}";49.264004403223595, -123.18697554500527
4;Kitsilano;"{""coordinates"": [-123.17742073452902, 49.27167021470757], ""type"": ""Point""}";49.27167021470757, -123.17742073452902
6;Kitsilano;"{""coordinates"": [-123.18258610024814, 49.271601459210764], ""type"": ""Point""}";49.271601459210764, -123.18258610024814
21;Kitsilano;"{""coordinates"": [-123.1849070953721, 49.26892131838129], ""type"": ""Point""}";49.26892131838129, -123.1849070953721
22;Kitsilano;"{""coordinates"": [-123.1826571604392, 49.26907026855323], ""type"": ""Point""}";49.26907026855323, -123.1826571604392
11;Kitsilano;"{""coordinates"": [-123.1807089570246, 49.27063876668643], ""type"": ""Point""}";49.27063876668643, -123.1807089570246
2;Kitsilano;"{""coordinates"": [-123.18451688375856, 49.27247425440352], ""type"": ""Point""}";49.27247425440352, -123.18451688375856
63;Kitsilano;"{""coordinates"": [-123.18129257159114, 49.26279123577594], ""type"": ""Point""}";49.26279123577594, -123.18129257159114
169;West Point Grey;"{""coordinates"": [-123.18752553954492, 49.25858133155842], ""type"": ""Point""}";49.25858133155842, -123.18752553954492
85;Kitsilano;"{""coordinates"": [-123.1787970874192, 49.260951168795444], ""type"": ""Point""}";49.260951168795444, -123.1787970874192
1;West Point Grey;"{""coordinates"": [-123.18703008929128, 49.26131090552839], ""type"": ""Point""}";49.26131090552839, -123.18703008929128
3;Kitsilano;"{""coordinates"": [-123.17850492909326, 49.26262276020418], ""type"": ""Point""}";49.26262276020418, -123.17850492909326
1;Dunbar-Southlands;"{""coordinates"": [-123.18118134459067, 49.25153698627936], ""type"": ""Point""}";49.25153698627936, -123.18118134459067
2;Dunbar-Southlands;"{""coordinates"": [-123.18260902084704, 49.25336583411663], ""type"": ""Point""}";49.25336583411663, -123.18260902084704
3;Dunbar-Southlands;"{""coordinates"": [-123.18271498226214, 49.25063998639724], ""type"": ""Point""}";49.25063998639724, -123.18271498226214
1;Dunbar-Southlands;"{""coordinates"": [-123.18733882282909, 49.253366672085704], ""type"": ""Point""}";49.253366672085704, -123.18733882282909
4;Dunbar-Southlands;"{""coordinates"": [-123.17766051175423, 49.254094417948146], ""type"": ""Point""}";49.254094417948146, -123.17766051175423
27;Dunbar-Southlands;"{""coordinates"": [-123.1830126428326, 49.2548076068306], ""type"": ""Point""}";49.2548076068306, -123.1830126428326
2;Dunbar-Southlands;"{""coordinates"": [-123.18255660812068, 49.25711410064732], ""type"": ""Point""}";49.25711410064732, -123.18255660812068
1;Dunbar-Southlands;"{""coordinates"": [-123.17760524582175, 49.25152545710803], ""type"": ""Point""}";49.25152545710803, -123.17760524582175
13;Dunbar-Southlands;"{""coordinates"": [-123.18044141256347, 49.2359550670747], ""type"": ""Point""}";49.2359550670747, -123.18044141256347
35;Dunbar-Southlands;"{""coordinates"": [-123.18684730206087, 49.23966710071782], ""type"": ""Point""}";49.23966710071782, -123.18684730206087
3;Dunbar-Southlands;"{""coordinates"": [-123.18261047424694, 49.24838771843581], ""type"": ""Point""}";49.24838771843581, -123.18261047424694
1;Dunbar-Southlands;"{""coordinates"": [-123.18109243921582, 49.25334786501877], ""type"": ""Point""}";49.25334786501877, -123.18109243921582
3;Kitsilano;"{""coordinates"": [-123.16901195319178, 49.268728302329215], ""type"": ""Point""}";49.268728302329215, -123.16901195319178
20;Kitsilano;"{""coordinates"": [-123.17482487789282, 49.269839528767164], ""type"": ""Point""}";49.269839528767164, -123.17482487789282
2;Kerrisdale;"{""coordinates"": [-123.1774230408651, 49.22633388660098], ""type"": ""Point""}";49.22633388660098, -123.1774230408651
5;Dunbar-Southlands;"{""coordinates"": [-123.18669020331411, 49.22952914338255], ""type"": ""Point""}";49.22952914338255, -123.18669020331411
4;Dunbar-Southlands;"{""coordinates"": [-123.18362835378029, 49.231132545170986], ""type"": ""Point""}";49.231132545170986, -123.18362835378029
P;Kerrisdale;"{""coordinates"": [-123.17830950468208, 49.230867502449264], ""type"": ""Point""}";49.230867502449264, -123.17830950468208
31;Kitsilano;"{""coordinates"": [-123.17269980554937, 49.265311885543866], ""type"": ""Point""}";49.265311885543866, -123.17269980554937
4;Kitsilano;"{""coordinates"": [-123.16925209227561, 49.26478080108439], ""type"": ""Point""}";49.26478080108439, -123.16925209227561
54;Kitsilano;"{""coordinates"": [-123.17498615801611, 49.26468780316872], ""type"": ""Point""}";49.26468780316872, -123.17498615801611
125;Kitsilano;"{""coordinates"": [-123.1691918772625, 49.26337422752805], ""type"": ""Point""}";49.26337422752805, -123.1691918772625
1;Arbutus Ridge;"{""coordinates"": [-123.1671196803699, 49.25691537794171], ""type"": ""Point""}";49.25691537794171, -123.1671196803699
4;Arbutus Ridge;"{""coordinates"": [-123.16665724837839, 49.256510820239754], ""type"": ""Point""}";49.256510820239754, -123.16665724837839
97;Kitsilano;"{""coordinates"": [-123.17328936992917, 49.259960669142075], ""type"": ""Point""}";49.259960669142075, -123.17328936992917
77;Kitsilano;"{""coordinates"": [-123.17517050909552, 49.26180002528574], ""type"": ""Point""}";49.26180002528574, -123.17517050909552
3;Kitsilano;"{""coordinates"": [-123.17458568503666, 49.262572078989685], ""type"": ""Point""}";49.262572078989685, -123.17458568503666
110;Kitsilano;"{""coordinates"": [-123.1675327584612, 49.25896523969323], ""type"": ""Point""}";49.25896523969323, -123.1675327584612
2;Arbutus Ridge;"{""coordinates"": [-123.17089814796181, 49.25330993554255], ""type"": ""Point""}";49.25330993554255, -123.17089814796181
1;Arbutus Ridge;"{""coordinates"": [-123.16948886917304, 49.25329628789852], ""type"": ""Point""}";49.25329628789852, -123.16948886917304
4;Arbutus Ridge;"{""coordinates"": [-123.16714905109728, 49.25220319662676], ""type"": ""Point""}";49.25220319662676, -123.16714905109728
11;Arbutus Ridge;"{""coordinates"": [-123.17167272642301, 49.25475521031267], ""type"": ""Point""}";49.25475521031267, -123.17167272642301
4;Arbutus Ridge;"{""coordinates"": [-123.16947413937997, 49.25601016843479], ""type"": ""Point""}";49.25601016843479, -123.16947413937997
2;Arbutus Ridge;"{""coordinates"": [-123.16879909505096, 49.25692552082904], ""type"": ""Point""}";49.25692552082904, -123.16879909505096
13;Arbutus Ridge;"{""coordinates"": [-123.17367980910952, 49.25632906405968], ""type"": ""Point""}";49.25632906405968, -123.17367980910952
2;Dunbar-Southlands;"{""coordinates"": [-123.17650184959906, 49.251521759912826], ""type"": ""Point""}";49.251521759912826, -123.17650184959906
1;Dunbar-Southlands;"{""coordinates"": [-123.17162309840886, 49.24188615422452], ""type"": ""Point""}";49.24188615422452, -123.17162309840886
G;Arbutus Ridge;"{""coordinates"": [-123.16673475798211, 49.2485141228188], ""type"": ""Point""}";49.2485141228188, -123.16673475798211
71;Dunbar-Southlands;"{""coordinates"": [-123.17442281509902, 49.247217442551616], ""type"": ""Point""}";49.247217442551616, -123.17442281509902
L;Arbutus Ridge;"{""coordinates"": [-123.1669304718539, 49.24548852668487], ""type"": ""Point""}";49.24548852668487, -123.1669304718539
A;Dunbar-Southlands;"{""coordinates"": [-123.1710692103724, 49.2501339080731], ""type"": ""Point""}";49.2501339080731, -123.1710692103724
T;Dunbar-Southlands;"{""coordinates"": [-123.17459456676403, 49.251328570964496], ""type"": ""Point""}";49.251328570964496, -123.17459456676403
9;Kerrisdale;"{""coordinates"": [-123.17115665241445, 49.232040509245465], ""type"": ""Point""}";49.232040509245465, -123.17115665241445
2;Kerrisdale;"{""coordinates"": [-123.1664683543615, 49.2331935090749], ""type"": ""Point""}";49.2331935090749, -123.1664683543615
243;Kitsilano;"{""coordinates"": [-123.15676160349797, 49.267641060361385], ""type"": ""Point""}";49.267641060361385, -123.15676160349797
201;Kitsilano;"{""coordinates"": [-123.1613017458077, 49.271222249996136], ""type"": ""Point""}";49.271222249996136, -123.1613017458077
240A;Kitsilano;"{""coordinates"": [-123.16323205955966, 49.26792951785275], ""type"": ""Point""}";49.26792951785275, -123.16323205955966
223;Kitsilano;"{""coordinates"": [-123.1564525016072, 49.26936648901008], ""type"": ""Point""}";49.26936648901008, -123.1564525016072
211;Kitsilano;"{""coordinates"": [-123.16107687168807, 49.27033829079114], ""type"": ""Point""}";49.27033829079114, -123.16107687168807
181;Kitsilano;"{""coordinates"": [-123.16124045608176, 49.2729748155411], ""type"": ""Point""}";49.2729748155411, -123.16124045608176
193;Kitsilano;"{""coordinates"": [-123.15626063205822, 49.27200412258498], ""type"": ""Point""}";49.27200412258498, -123.15626063205822
111;Kitsilano;"{""coordinates"": [-123.16574740059343, 49.25893589069319], ""type"": ""Point""}";49.25893589069319, -123.16574740059343
420A;Kitsilano;"{""coordinates"": [-123.16398234169614, 49.25963599730664], ""type"": ""Point""}";49.25963599730664, -123.16398234169614
22;Kitsilano;"{""coordinates"": [-123.16571999075474, 49.263650321070706], ""type"": ""Point""}";49.263650321070706, -123.16571999075474
15;Kitsilano;"{""coordinates"": [-123.16542051077293, 49.26604805392352], ""type"": ""Point""}";49.26604805392352, -123.16542051077293
512;Arbutus Ridge;"{""coordinates"": [-123.15931331266265, 49.25571303162604], ""type"": ""Point""}";49.25571303162604, -123.15931331266265
4;Arbutus Ridge;"{""coordinates"": [-123.15857537017773, 49.2406321445885], ""type"": ""Point""}";49.2406321445885, -123.15857537017773
554;Arbutus Ridge;"{""coordinates"": [-123.16172940182196, 49.24802501609892], ""type"": ""Point""}";49.24802501609892, -123.16172940182196
2;Arbutus Ridge;"{""coordinates"": [-123.16589942030522, 49.25151544162349], ""type"": ""Point""}";49.25151544162349, -123.16589942030522
3;Arbutus Ridge;"{""coordinates"": [-123.16603116977748, 49.25600145874948], ""type"": ""Point""}";49.25600145874948, -123.16603116977748
4;Arbutus Ridge;"{""coordinates"": [-123.16044937566734, 49.235593504077166], ""type"": ""Point""}";49.235593504077166, -123.16044937566734
19;Arbutus Ridge;"{""coordinates"": [-123.15758163637057, 49.24005196175117], ""type"": ""Point""}";49.24005196175117, -123.15758163637057
6;Arbutus Ridge;"{""coordinates"": [-123.15659738066057, 49.239642217384755], ""type"": ""Point""}";49.239642217384755, -123.15659738066057
801;Arbutus Ridge;"{""coordinates"": [-123.16110347872957, 49.24342256014445], ""type"": ""Point""}";49.24342256014445, -123.16110347872957
761B;Arbutus Ridge;"{""coordinates"": [-123.16524416171976, 49.24433732961847], ""type"": ""Point""}";49.24433732961847, -123.16524416171976
3;Kerrisdale;"{""coordinates"": [-123.16221250331111, 49.228030436907915], ""type"": ""Point""}";49.228030436907915, -123.16221250331111
K;Kerrisdale;"{""coordinates"": [-123.16093000329454, 49.232938857566715], ""type"": ""Point""}";49.232938857566715, -123.16093000329454
7;Kerrisdale;"{""coordinates"": [-123.15730990830671, 49.23219585227813], ""type"": ""Point""}";49.23219585227813, -123.15730990830671
9;Kerrisdale;"{""coordinates"": [-123.15713363318594, 49.23397940176885], ""type"": ""Point""}";49.23397940176885, -123.15713363318594
12;Kerrisdale;"{""coordinates"": [-123.16200039238151, 49.2335444333483], ""type"": ""Point""}";49.2335444333483, -123.16200039238151
10;Kerrisdale;"{""coordinates"": [-123.15920612479569, 49.23350431325687], ""type"": ""Point""}";49.23350431325687, -123.15920612479569
165;Kitsilano;"{""coordinates"": [-123.15126995052371, 49.27480966332689], ""type"": ""Point""}";49.27480966332689, -123.15126995052371
5;Kerrisdale;"{""coordinates"": [-123.16214620884493, 49.21992625857856], ""type"": ""Point""}";49.21992625857856, -123.16214620884493
2;Kerrisdale;"{""coordinates"": [-123.15724695048362, 49.22089352036825], ""type"": ""Point""}";49.22089352036825, -123.15724695048362
3;Kerrisdale;"{""coordinates"": [-123.1654817554144, 49.22678306797109], ""type"": ""Point""}";49.22678306797109, -123.1654817554144
264;Kitsilano;"{""coordinates"": [-123.15419769348914, 49.266874080344024], ""type"": ""Point""}";49.266874080344024, -123.15419769348914
347;Kitsilano;"{""coordinates"": [-123.14725122978683, 49.26309777040638], ""type"": ""Point""}";49.26309777040638, -123.14725122978683
326;Kitsilano;"{""coordinates"": [-123.14947955871602, 49.264118536715465], ""type"": ""Point""}";49.264118536715465, -123.14947955871602
324;Kitsilano;"{""coordinates"": [-123.15431929912496, 49.26419397641876], ""type"": ""Point""}";49.26419397641876, -123.15431929912496
245;Kitsilano;"{""coordinates"": [-123.15180816533314, 49.26758491517201], ""type"": ""Point""}";49.26758491517201, -123.15180816533314
204;Kitsilano;"{""coordinates"": [-123.15395881343696, 49.27108959462712], ""type"": ""Point""}";49.27108959462712, -123.15395881343696
224;Kitsilano;"{""coordinates"": [-123.15382615991659, 49.269339458666], ""type"": ""Point""}";49.269339458666, -123.15382615991659
364;Kitsilano;"{""coordinates"": [-123.1545122362544, 49.26214747038693], ""type"": ""Point""}";49.26214747038693, -123.1545122362544
534;Arbutus Ridge;"{""coordinates"": [-123.15473727801091, 49.25202558718917], ""type"": ""Point""}";49.25202558718917, -123.15473727801091
45;Shaughnessy;"{""coordinates"": [-123.14996687487795, 49.254020227306064], ""type"": ""Point""}";49.254020227306064, -123.14996687487795
530;Arbutus Ridge;"{""coordinates"": [-123.15459269783734, 49.25564060137878], ""type"": ""Point""}";49.25564060137878, -123.15459269783734
407;Kitsilano;"{""coordinates"": [-123.1472549829299, 49.26031269536327], ""type"": ""Point""}";49.26031269536327, -123.1472549829299
406;Kitsilano;"{""coordinates"": [-123.14964604505049, 49.260335466438555], ""type"": ""Point""}";49.260335466438555, -123.14964604505049
5;Kerrisdale;"{""coordinates"": [-123.15113540278121, 49.23368796180873], ""type"": ""Point""}";49.23368796180873, -123.15113540278121
3;Kerrisdale;"{""coordinates"": [-123.15352265505366, 49.23299303379937], ""type"": ""Point""}";49.23299303379937, -123.15352265505366
10;Kerrisdale;"{""coordinates"": [-123.14711191516115, 49.23161262472991], ""type"": ""Point""}";49.23161262472991, -123.14711191516115
9;Kerrisdale;"{""coordinates"": [-123.14551731145848, 49.23165695809108], ""type"": ""Point""}";49.23165695809108, -123.14551731145848
3;Shaughnessy;"{""coordinates"": [-123.14854130756534, 49.23720927966793], ""type"": ""Point""}";49.23720927966793, -123.14854130756534
A;Shaughnessy;"{""coordinates"": [-123.15123012476663, 49.23722791940668], ""type"": ""Point""}";49.23722791940668, -123.15123012476663
B;Shaughnessy;"{""coordinates"": [-123.15340462818195, 49.23719624056625], ""type"": ""Point""}";49.23719624056625, -123.15340462818195
6;Shaughnessy;"{""coordinates"": [-123.15029872756558, 49.23856989469635], ""type"": ""Point""}";49.23856989469635, -123.15029872756558
10;Kerrisdale;"{""coordinates"": [-123.15300754652549, 49.225328404434734], ""type"": ""Point""}";49.225328404434734, -123.15300754652549
2;Kerrisdale;"{""coordinates"": [-123.14641518795464, 49.22452129323576], ""type"": ""Point""}";49.22452129323576, -123.14641518795464
B;Kerrisdale;"{""coordinates"": [-123.1511137798472, 49.23313793021961], ""type"": ""Point""}";49.23313793021961, -123.1511137798472
BLK B;Kerrisdale;"{""coordinates"": [-123.15091931092151, 49.21581009305535], ""type"": ""Point""}";49.21581009305535, -123.15091931092151
13;Marpole;"{""coordinates"": [-123.14768729083252, 49.213892949804894], ""type"": ""Point""}";49.213892949804894, -123.14768729083252
292;Fairview;"{""coordinates"": [-123.13479109883468, 49.26556995606324], ""type"": ""Point""}";49.26556995606324, -123.13479109883468
272;Fairview;"{""coordinates"": [-123.13525472261603, 49.266972674968116], ""type"": ""Point""}";49.266972674968116, -123.13525472261603
271;Fairview;"{""coordinates"": [-123.13759430014997, 49.266394660354976], ""type"": ""Point""}";49.266394660354976, -123.13759430014997
220;Fairview;"{""coordinates"": [-123.14041118676374, 49.26980020069516], ""type"": ""Point""}";49.26980020069516, -123.14041118676374
136;Kitsilano;"{""coordinates"": [-123.14905113870424, 49.277247490422994], ""type"": ""Point""}";49.277247490422994, -123.14905113870424
146;Kitsilano;"{""coordinates"": [-123.14932754107544, 49.27651113831862], ""type"": ""Point""}";49.27651113831862, -123.14932754107544
10;Kerrisdale;"{""coordinates"": [-123.1499551502368, 49.21150259757343], ""type"": ""Point""}";49.21150259757343, -123.1499551502368
37;Shaughnessy;"{""coordinates"": [-123.14110168306188, 49.25348360332445], ""type"": ""Point""}";49.25348360332445, -123.14110168306188
58;Shaughnessy;"{""coordinates"": [-123.13791770381017, 49.252506563816816], ""type"": ""Point""}";49.252506563816816, -123.13791770381017
1;Shaughnessy;"{""coordinates"": [-123.14254042309572, 49.25489137061935], ""type"": ""Point""}";49.25489137061935, -123.14254042309572
430;Fairview;"{""coordinates"": [-123.14021073751151, 49.2592636754274], ""type"": ""Point""}";49.2592636754274, -123.14021073751151
409;Fairview;"{""coordinates"": [-123.14254163909925, 49.26021951515769], ""type"": ""Point""}";49.26021951515769, -123.14254163909925
389;Fairview;"{""coordinates"": [-123.14241753501575, 49.26117522960751], ""type"": ""Point""}";49.26117522960751, -123.14241753501575
431;Fairview;"{""coordinates"": [-123.1374501289643, 49.25921575583467], ""type"": ""Point""}";49.25921575583467, -123.1374501289643
411;Fairview;"{""coordinates"": [-123.13758532660766, 49.26013669580174], ""type"": ""Point""}";49.26013669580174, -123.13758532660766
371;Fairview;"{""coordinates"": [-123.13734155303075, 49.262012937186256], ""type"": ""Point""}";49.262012937186256, -123.13734155303075
903;Shaughnessy;"{""coordinates"": [-123.13284001441191, 49.23953950515875], ""type"": ""Point""}";49.23953950515875, -123.13284001441191
913;Shaughnessy;"{""coordinates"": [-123.13377013581693, 49.23725335137026], ""type"": ""Point""}";49.23725335137026, -123.13377013581693
789;Shaughnessy;"{""coordinates"": [-123.14227591985508, 49.24391003200549], ""type"": ""Point""}";49.24391003200549, -123.14227591985508
831;Shaughnessy;"{""coordinates"": [-123.13801622456364, 49.24138831944038], ""type"": ""Point""}";49.24138831944038, -123.13801622456364
671;Shaughnessy;"{""coordinates"": [-123.13799955369045, 49.248643456450644], ""type"": ""Point""}";49.248643456450644, -123.13799955369045
34;Shaughnessy;"{""coordinates"": [-123.14288374534691, 49.25128745070033], ""type"": ""Point""}";49.25128745070033, -123.14288374534691
3;Oakridge;"{""coordinates"": [-123.1384480734692, 49.22725048469901], ""type"": ""Point""}";49.22725048469901, -123.1384480734692
5;Oakridge;"{""coordinates"": [-123.13625147834831, 49.2280784568416], ""type"": ""Point""}";49.2280784568416, -123.13625147834831
10;Shaughnessy;"{""coordinates"": [-123.14060164329184, 49.23483287456159], ""type"": ""Point""}";49.23483287456159, -123.14060164329184
953;Shaughnessy;"{""coordinates"": [-123.13367645802326, 49.23540440521483], ""type"": ""Point""}";49.23540440521483, -123.13367645802326
2;Shaughnessy;"{""coordinates"": [-123.14293726340182, 49.237344072968824], ""type"": ""Point""}";49.237344072968824, -123.14293726340182
BLK 12;Oakridge;"{""coordinates"": [-123.13689025856718, 49.224694132453806], ""type"": ""Point""}";49.224694132453806, -123.13689025856718
P;Oakridge;"{""coordinates"": [-123.13432376628917, 49.22307895929047], ""type"": ""Point""}";49.22307895929047, -123.13432376628917
6;Oakridge;"{""coordinates"": [-123.13565075407615, 49.23136196612024], ""type"": ""Point""}";49.23136196612024, -123.13565075407615
4;Kerrisdale;"{""coordinates"": [-123.1423942330856, 49.22969051030908], ""type"": ""Point""}";49.22969051030908, -123.1423942330856
BLK;Oakridge;"{""coordinates"": [-123.13787333534951, 49.23111930539505], ""type"": ""Point""}";49.23111930539505, -123.13787333534951
3;Marpole;"{""coordinates"": [-123.1368370272696, 49.21563183331572], ""type"": ""Point""}";49.21563183331572, -123.1368370272696
4;Marpole;"{""coordinates"": [-123.13330790274243, 49.21621993378159], ""type"": ""Point""}";49.21621993378159, -123.13330790274243
2;Marpole;"{""coordinates"": [-123.13546082424119, 49.2036077846368], ""type"": ""Point""}";49.2036077846368, -123.13546082424119
11;Marpole;"{""coordinates"": [-123.13843568796811, 49.20636486983151], ""type"": ""Point""}";49.20636486983151, -123.13843568796811
13;Marpole;"{""coordinates"": [-123.13982999329741, 49.20786911980501], ""type"": ""Point""}";49.20786911980501, -123.13982999329741
3;Marpole;"{""coordinates"": [-123.14335038713314, 49.21110368543481], ""type"": ""Point""}";49.21110368543481, -123.14335038713314
5;Marpole;"{""coordinates"": [-123.1438812263738, 49.21069939775056], ""type"": ""Point""}";49.21069939775056, -123.1438812263738
1;Marpole;"{""coordinates"": [-123.1393539781853, 49.211958738760956], ""type"": ""Point""}";49.211958738760956, -123.1393539781853
42;Marpole;"{""coordinates"": [-123.13681633784063, 49.20913036077845], ""type"": ""Point""}";49.20913036077845, -123.13681633784063
A;Marpole;"{""coordinates"": [-123.13406623045057, 49.20365533278484], ""type"": ""Point""}";49.20365533278484, -123.13406623045057
28;West End;"{""coordinates"": [-123.13614838069334, 49.27854807913745], ""type"": ""Point""}";49.27854807913745, -123.13614838069334
70;West End;"{""coordinates"": [-123.14266967302419, 49.28956732539265], ""type"": ""Point""}";49.28956732539265, -123.14266967302419
58;West End;"{""coordinates"": [-123.13640793147248, 49.288279051779746], ""type"": ""Point""}";49.288279051779746, -123.13640793147248
124;Downtown;"{""coordinates"": [-123.13089178211433, 49.27369997222268], ""type"": ""Point""}";49.27369997222268, -123.13089178211433
336;Fairview;"{""coordinates"": [-123.12527187072125, 49.263708514979754], ""type"": ""Point""}";49.263708514979754, -123.12527187072125
122;Downtown;"{""coordinates"": [-123.13075677274185, 49.27510060424603], ""type"": ""Point""}";49.27510060424603, -123.13075677274185
121;Downtown;"{""coordinates"": [-123.13136345297869, 49.27551064543837], ""type"": ""Point""}";49.27551064543837, -123.13136345297869
837;South Cambie;"{""coordinates"": [-123.12347543420579, 49.239759428906126], ""type"": ""Point""}";49.239759428906126, -123.12347543420579
817;South Cambie;"{""coordinates"": [-123.12438018384738, 49.241692858296744], ""type"": ""Point""}";49.241692858296744, -123.12438018384738
794;Shaughnessy;"{""coordinates"": [-123.13209384431828, 49.24302393018543], ""type"": ""Point""}";49.24302393018543, -123.13209384431828
815;Shaughnessy;"{""coordinates"": [-123.12911157152924, 49.24179267789542], ""type"": ""Point""}";49.24179267789542, -123.12911157152924
457;Fairview;"{""coordinates"": [-123.1234221784294, 49.258062664510874], ""type"": ""Point""}";49.258062664510874, -123.1234221784294
F;Oakridge;"{""coordinates"": [-123.12966438196759, 49.22424209147145], ""type"": ""Point""}";49.22424209147145, -123.12966438196759
79;Oakridge;"{""coordinates"": [-123.12626537758183, 49.225063139815774], ""type"": ""Point""}";49.225063139815774, -123.12626537758183
R;Oakridge;"{""coordinates"": [-123.13125286937614, 49.22303624468004], ""type"": ""Point""}";49.22303624468004, -123.13125286937614
BLK D;Marpole;"{""coordinates"": [-123.12347113309167, 49.20325616734844], ""type"": ""Point""}";49.20325616734844, -123.12347113309167
B;Marpole;"{""coordinates"": [-123.13218771503665, 49.20494164895602], ""type"": ""Point""}";49.20494164895602, -123.13218771503665
5;Marpole;"{""coordinates"": [-123.1305546265593, 49.20774015312653], ""type"": ""Point""}";49.20774015312653, -123.1305546265593
C;Marpole;"{""coordinates"": [-123.13276454324757, 49.20630193997499], ""type"": ""Point""}";49.20630193997499, -123.13276454324757
25;West End;"{""coordinates"": [-123.13319929419879, 49.280564035437635], ""type"": ""Point""}";49.280564035437635, -123.13319929419879
10;West End;"{""coordinates"": [-123.12992280878706, 49.279960231359865], ""type"": ""Point""}";49.279960231359865, -123.12992280878706
83;Downtown;"{""coordinates"": [-123.12329440638436, 49.2783120926568], ""type"": ""Point""}";49.2783120926568, -123.12329440638436
538;South Cambie;"{""coordinates"": [-123.12132483263572, 49.25462559132568], ""type"": ""Point""}";49.25462559132568, -123.12132483263572
360;Fairview;"{""coordinates"": [-123.11650779884721, 49.2625987170062], ""type"": ""Point""}";49.2625987170062, -123.11650779884721
A;Mount Pleasant;"{""coordinates"": [-123.11392863822978, 49.2613955082229], ""type"": ""Point""}";49.2613955082229, -123.11392863822978
399;Fairview;"{""coordinates"": [-123.11911796891285, 49.260781056075615], ""type"": ""Point""}";49.260781056075615, -123.11911796891285
0;South Cambie;"{""coordinates"": [-123.11572351735114, 49.252681461276985], ""type"": ""Point""}";49.252681461276985, -123.11572351735114
578;South Cambie;"{""coordinates"": [-123.12150841712182, 49.252863396297975], ""type"": ""Point""}";49.252863396297975, -123.12150841712182
E;Mount Pleasant;"{""coordinates"": [-123.11416517455203, 49.25722557071588], ""type"": ""Point""}";49.25722557071588, -123.11416517455203
520;South Cambie;"{""coordinates"": [-123.11723077449264, 49.255459878906585], ""type"": ""Point""}";49.255459878906585, -123.11723077449264
2;South Cambie;"{""coordinates"": [-123.1157386910724, 49.255468786312115], ""type"": ""Point""}";49.255468786312115, -123.1157386910724
4;South Cambie;"{""coordinates"": [-123.11577627686155, 49.25465224355963], ""type"": ""Point""}";49.25465224355963, -123.11577627686155
760;South Cambie;"{""coordinates"": [-123.11805724258465, 49.2445234489476], ""type"": ""Point""}";49.2445234489476, -123.11805724258465
639;South Cambie;"{""coordinates"": [-123.11946338774446, 49.250443762466354], ""type"": ""Point""}";49.250443762466354, -123.11946338774446
8;Marpole;"{""coordinates"": [-123.1164299219799, 49.20512210639847], ""type"": ""Point""}";49.20512210639847, -123.1164299219799
J;Marpole;"{""coordinates"": [-123.12183436531274, 49.21171364417432], ""type"": ""Point""}";49.21171364417432, -123.12183436531274
4;Marpole;"{""coordinates"": [-123.11249383907344, 49.21365535094743], ""type"": ""Point""}";49.21365535094743, -123.11249383907344
85;Downtown;"{""coordinates"": [-123.12149781488408, 49.27694936320468], ""type"": ""Point""}";49.27694936320468, -123.12149781488408
52;Downtown;"{""coordinates"": [-123.11944079035662, 49.28228425621962], ""type"": ""Point""}";49.28228425621962, -123.11944079035662
35;Downtown;"{""coordinates"": [-123.11356869036024, 49.28246605941687], ""type"": ""Point""}";49.28246605941687, -123.11356869036024
8;Mount Pleasant;"{""coordinates"": [-123.10362777700195, 49.26957912020637], ""type"": ""Point""}";49.26957912020637, -123.10362777700195
1;Riley Park;"{""coordinates"": [-123.10377504358657, 49.25214502038706], ""type"": ""Point""}";49.25214502038706, -123.10377504358657
3;Riley Park;"{""coordinates"": [-123.10375606380302, 49.25064215122392], ""type"": ""Point""}";49.25064215122392, -123.10375606380302
6;Riley Park;"{""coordinates"": [-123.10095794055505, 49.255218619905975], ""type"": ""Point""}";49.255218619905975, -123.10095794055505
34;Mount Pleasant;"{""coordinates"": [-123.10823164572416, 49.26505081743128], ""type"": ""Point""}";49.26505081743128, -123.10823164572416
31;Riley Park;"{""coordinates"": [-123.10066238646294, 49.24815014260748], ""type"": ""Point""}";49.24815014260748, -123.10066238646294
20;Riley Park;"{""coordinates"": [-123.10281409590948, 49.24735664949765], ""type"": ""Point""}";49.24735664949765, -123.10281409590948
19;Riley Park;"{""coordinates"": [-123.10278332697277, 49.24755951933709], ""type"": ""Point""}";49.24755951933709, -123.10278332697277
5;Riley Park;"{""coordinates"": [-123.10460952275653, 49.24761993830618], ""type"": ""Point""}";49.24761993830618, -123.10460952275653
3;Riley Park;"{""coordinates"": [-123.10459359686976, 49.24821138013313], ""type"": ""Point""}";49.24821138013313, -123.10459359686976
2;Riley Park;"{""coordinates"": [-123.10459002585898, 49.24846576846477], ""type"": ""Point""}";49.24846576846477, -123.10459002585898
7;Riley Park;"{""coordinates"": [-123.10237639870742, 49.24416380217112], ""type"": ""Point""}";49.24416380217112, -123.10237639870742
1;Riley Park;"{""coordinates"": [-123.1043864176832, 49.24480157375914], ""type"": ""Point""}";49.24480157375914, -123.1043864176832
9;Riley Park;"{""coordinates"": [-123.10043857663709, 49.24072890810929], ""type"": ""Point""}";49.24072890810929, -123.10043857663709
38;Riley Park;"{""coordinates"": [-123.1007827037126, 49.24618909524179], ""type"": ""Point""}";49.24618909524179, -123.1007827037126
25;Marpole;"{""coordinates"": [-123.12658132643764, 49.21321730120582], ""type"": ""Point""}";49.21321730120582, -123.12658132643764
19;Marpole;"{""coordinates"": [-123.12717963953737, 49.2117240470325], ""type"": ""Point""}";49.2117240470325, -123.12717963953737
20;Marpole;"{""coordinates"": [-123.12285697063612, 49.20964901463197], ""type"": ""Point""}";49.20964901463197, -123.12285697063612
11;Marpole;"{""coordinates"": [-123.13014516285475, 49.21753955898469], ""type"": ""Point""}";49.21753955898469, -123.13014516285475
W;Marpole;"{""coordinates"": [-123.12682722268788, 49.20729473915946], ""type"": ""Point""}";49.20729473915946, -123.12682722268788
3;Marpole;"{""coordinates"": [-123.1314237220047, 49.20775579083922], ""type"": ""Point""}";49.20775579083922, -123.1314237220047
11;Marpole;"{""coordinates"": [-123.12924367850978, 49.20699956955643], ""type"": ""Point""}";49.20699956955643, -123.12924367850978
17;Marpole;"{""coordinates"": [-123.13091300549327, 49.20599571254115], ""type"": ""Point""}";49.20599571254115, -123.13091300549327
110;Downtown;"{""coordinates"": [-123.13095383411662, 49.27711038273589], ""type"": ""Point""}";49.27711038273589, -123.13095383411662
22;West End;"{""coordinates"": [-123.12976300663988, 49.28282836192661], ""type"": ""Point""}";49.28282836192661, -123.12976300663988
379;Fairview;"{""coordinates"": [-123.11891496390076, 49.261978725541695], ""type"": ""Point""}";49.261978725541695, -123.11891496390076
5;South Cambie;"{""coordinates"": [-123.11590262681771, 49.25465427572981], ""type"": ""Point""}";49.25465427572981, -123.11590262681771
602;Riley Park;"{""coordinates"": [-123.11173894127961, 49.25140456268535], ""type"": ""Point""}";49.25140456268535, -123.11173894127961
478;Fairview;"{""coordinates"": [-123.12150689122106, 49.257347640996684], ""type"": ""Point""}";49.257347640996684, -123.12150689122106
852;Riley Park;"{""coordinates"": [-123.11311409887134, 49.23615197955233], ""type"": ""Point""}";49.23615197955233, -123.11311409887134
761;Riley Park;"{""coordinates"": [-123.11298462763834, 49.240632674129124], ""type"": ""Point""}";49.240632674129124, -123.11298462763834
718;South Cambie;"{""coordinates"": [-123.12174249640394, 49.24649451911594], ""type"": ""Point""}";49.24649451911594, -123.12174249640394
680;South Cambie;"{""coordinates"": [-123.11725095670506, 49.24833845589529], ""type"": ""Point""}";49.24833845589529, -123.11725095670506
560;South Cambie;"{""coordinates"": [-123.11732055138741, 49.25364994938446], ""type"": ""Point""}";49.25364994938446, -123.11732055138741
2;Oakridge;"{""coordinates"": [-123.11531502623154, 49.22783051420625], ""type"": ""Point""}";49.22783051420625, -123.11531502623154
998;South Cambie;"{""coordinates"": [-123.1221557209719, 49.23483547492402], ""type"": ""Point""}";49.23483547492402, -123.1221557209719
7;Marpole;"{""coordinates"": [-123.11867188157146, 49.20855306810288], ""type"": ""Point""}";49.20855306810288, -123.11867188157146
C;Marpole;"{""coordinates"": [-123.11390598945816, 49.21265554434638], ""type"": ""Point""}";49.21265554434638, -123.11390598945816
14;Marpole;"{""coordinates"": [-123.11231388719078, 49.21073561102375], ""type"": ""Point""}";49.21073561102375, -123.11231388719078
A;Marpole;"{""coordinates"": [-123.1140411612069, 49.21567959836044], ""type"": ""Point""}";49.21567959836044, -123.1140411612069
887;Oakridge;"{""coordinates"": [-123.12205251354342, 49.222260334285295], ""type"": ""Point""}";49.222260334285295, -123.12205251354342
48;Downtown;"{""coordinates"": [-123.11163678208565, 49.27979921638331], ""type"": ""Point""}";49.27979921638331, -123.11163678208565
32;Downtown;"{""coordinates"": [-123.11653454051842, 49.28446360643893], ""type"": ""Point""}";49.28446360643893, -123.11653454051842
42;Downtown;"{""coordinates"": [-123.11780368859499, 49.28334883385079], ""type"": ""Point""}";49.28334883385079, -123.11780368859499
U;Mount Pleasant;"{""coordinates"": [-123.10853287820369, 49.25790457859346], ""type"": ""Point""}";49.25790457859346, -123.10853287820369
542;Riley Park;"{""coordinates"": [-123.1111489611018, 49.25419540501422], ""type"": ""Point""}";49.25419540501422, -123.1111489611018
2;Riley Park;"{""coordinates"": [-123.10205581873002, 49.2540352516757], ""type"": ""Point""}";49.2540352516757, -123.10205581873002
35;Mount Pleasant;"{""coordinates"": [-123.10593576124043, 49.26500023335784], ""type"": ""Point""}";49.26500023335784, -123.10593576124043
4;Riley Park;"{""coordinates"": [-123.10424323823516, 49.24288211950252], ""type"": ""Point""}";49.24288211950252, -123.10424323823516
B;Sunset;"{""coordinates"": [-123.10479530326637, 49.21884020313006], ""type"": ""Point""}";49.21884020313006, -123.10479530326637
1163;Oakridge;"{""coordinates"": [-123.1096687716945, 49.226215416875675], ""type"": ""Point""}";49.226215416875675, -123.1096687716945
1124;Oakridge;"{""coordinates"": [-123.10761836012527, 49.22799319912004], ""type"": ""Point""}";49.22799319912004, -123.10761836012527
28;Downtown;"{""coordinates"": [-123.10866447900402, 49.28180603177877], ""type"": ""Point""}";49.28180603177877, -123.10866447900402
10;Downtown;"{""coordinates"": [-123.10968149925188, 49.28410505641412], ""type"": ""Point""}";49.28410505641412, -123.10968149925188
1;Sunset;"{""coordinates"": [-123.10476566793388, 49.21624733213432], ""type"": ""Point""}";49.21624733213432, -123.10476566793388
101;Mount Pleasant;"{""coordinates"": [-123.09218312819814, 49.264677609480266], ""type"": ""Point""}";49.264677609480266, -123.09218312819814
107;Strathcona;"{""coordinates"": [-123.09278893233208, 49.276080881773], ""type"": ""Point""}";49.276080881773, -123.09278893233208
175;Mount Pleasant;"{""coordinates"": [-123.0905608109026, 49.2585911962197], ""type"": ""Point""}";49.2585911962197, -123.0905608109026
B;Mount Pleasant;"{""coordinates"": [-123.09036846744925, 49.26182404563349], ""type"": ""Point""}";49.26182404563349, -123.09036846744925
115;Mount Pleasant;"{""coordinates"": [-123.09953426546797, 49.260521436815125], ""type"": ""Point""}";49.260521436815125, -123.09953426546797
126;Mount Pleasant;"{""coordinates"": [-123.09585097418864, 49.26095243533394], ""type"": ""Point""}";49.26095243533394, -123.09585097418864
141;Riley Park;"{""coordinates"": [-123.09235091169005, 49.24703553310741], ""type"": ""Point""}";49.24703553310741, -123.09235091169005
139;Riley Park;"{""coordinates"": [-123.09080376680143, 49.24701790547461], ""type"": ""Point""}";49.24701790547461, -123.09080376680143
24;Riley Park;"{""coordinates"": [-123.09521818948369, 49.24446142330111], ""type"": ""Point""}";49.24446142330111, -123.09521818948369
9;Riley Park;"{""coordinates"": [-123.09932292606953, 49.244760387098445], ""type"": ""Point""}";49.244760387098445, -123.09932292606953
68;Riley Park;"{""coordinates"": [-123.09814151491499, 49.24529998642154], ""type"": ""Point""}";49.24529998642154, -123.09814151491499
56;Riley Park;"{""coordinates"": [-123.09869829634836, 49.24716825373247], ""type"": ""Point""}";49.24716825373247, -123.09869829634836
47;Riley Park;"{""coordinates"": [-123.09992230290463, 49.247733874141524], ""type"": ""Point""}";49.247733874141524, -123.09992230290463
23;Riley Park;"{""coordinates"": [-123.09535170182785, 49.2459922930664], ""type"": ""Point""}";49.2459922930664, -123.09535170182785
E;Riley Park;"{""coordinates"": [-123.09942080249962, 49.24104283186717], ""type"": ""Point""}";49.24104283186717, -123.09942080249962
7;Riley Park;"{""coordinates"": [-123.09474603378344, 49.240890009258386], ""type"": ""Point""}";49.240890009258386, -123.09474603378344
12;Sunset;"{""coordinates"": [-123.09556965397691, 49.225984143063734], ""type"": ""Point""}";49.225984143063734, -123.09556965397691
4;Sunset;"{""coordinates"": [-123.09578597056293, 49.22955958039685], ""type"": ""Point""}";49.22955958039685, -123.09578597056293
2;Sunset;"{""coordinates"": [-123.09239943351902, 49.21876536460207], ""type"": ""Point""}";49.21876536460207, -123.09239943351902
L;Sunset;"{""coordinates"": [-123.09201267052664, 49.2114807278413], ""type"": ""Point""}";49.2114807278413, -123.09201267052664
41;Strathcona;"{""coordinates"": [-123.09429610646204, 49.28340715346044], ""type"": ""Point""}";49.28340715346044, -123.09429610646204
B;Mount Pleasant;"{""coordinates"": [-123.0863190957898, 49.25892703209879], ""type"": ""Point""}";49.25892703209879, -123.0863190957898
112;Mount Pleasant;"{""coordinates"": [-123.07893810094045, 49.26363612118518], ""type"": ""Point""}";49.26363612118518, -123.07893810094045
173;Mount Pleasant;"{""coordinates"": [-123.08253162952317, 49.25833393876995], ""type"": ""Point""}";49.25833393876995, -123.08253162952317
82;Kensington-Cedar Cottage;"{""coordinates"": [-123.08087101365874, 49.25479933650483], ""type"": ""Point""}";49.25479933650483, -123.08087101365874
A;Mount Pleasant;"{""coordinates"": [-123.08066991311395, 49.25889060909092], ""type"": ""Point""}";49.25889060909092, -123.08066991311395
B;Mount Pleasant;"{""coordinates"": [-123.07877922005721, 49.26160287218949], ""type"": ""Point""}";49.26160287218949, -123.07877922005721
C;Mount Pleasant;"{""coordinates"": [-123.08040070805912, 49.26033666900669], ""type"": ""Point""}";49.26033666900669, -123.08040070805912
D;Mount Pleasant;"{""coordinates"": [-123.08242089892204, 49.260189685048566], ""type"": ""Point""}";49.260189685048566, -123.08242089892204
C;Kensington-Cedar Cottage;"{""coordinates"": [-123.08898740274616, 49.24733750711414], ""type"": ""Point""}";49.24733750711414, -123.08898740274616
I;Kensington-Cedar Cottage;"{""coordinates"": [-123.08284056252752, 49.24873448573595], ""type"": ""Point""}";49.24873448573595, -123.08284056252752
K;Kensington-Cedar Cottage;"{""coordinates"": [-123.07927560563508, 49.24866573574071], ""type"": ""Point""}";49.24866573574071, -123.07927560563508
10;Kensington-Cedar Cottage;"{""coordinates"": [-123.0811428246381, 49.24936087692827], ""type"": ""Point""}";49.24936087692827, -123.0811428246381
33;Kensington-Cedar Cottage;"{""coordinates"": [-123.08288734433471, 49.2511776816198], ""type"": ""Point""}";49.2511776816198, -123.08288734433471
57;Kensington-Cedar Cottage;"{""coordinates"": [-123.08303189761874, 49.25302707664806], ""type"": ""Point""}";49.25302707664806, -123.08303189761874
42;Kensington-Cedar Cottage;"{""coordinates"": [-123.08666688050442, 49.2521667306135], ""type"": ""Point""}";49.2521667306135, -123.08666688050442
E;Kensington-Cedar Cottage;"{""coordinates"": [-123.08617795525574, 49.24786161214891], ""type"": ""Point""}";49.24786161214891, -123.08617795525574
6;Kensington-Cedar Cottage;"{""coordinates"": [-123.08905657693673, 49.23507855135637], ""type"": ""Point""}";49.23507855135637, -123.08905657693673
2;Sunset;"{""coordinates"": [-123.08844187837283, 49.23184987188489], ""type"": ""Point""}";49.23184987188489, -123.08844187837283
12;Kensington-Cedar Cottage;"{""coordinates"": [-123.08550513839523, 49.233371866985884], ""type"": ""Point""}";49.233371866985884, -123.08550513839523
5;Sunset;"{""coordinates"": [-123.08457319376643, 49.21882482763522], ""type"": ""Point""}";49.21882482763522, -123.08457319376643
28;Sunset;"{""coordinates"": [-123.08059112571345, 49.21893138100139], ""type"": ""Point""}";49.21893138100139, -123.08059112571345
1;Sunset;"{""coordinates"": [-123.08653496163642, 49.22218319895994], ""type"": ""Point""}";49.22218319895994, -123.08653496163642
2;Sunset;"{""coordinates"": [-123.0886190401395, 49.22633458072438], ""type"": ""Point""}";49.22633458072438, -123.0886190401395
1;Sunset;"{""coordinates"": [-123.08228795882194, 49.2243966107055], ""type"": ""Point""}";49.2243966107055, -123.08228795882194
A;Sunset;"{""coordinates"": [-123.07893120012908, 49.22825157940908], ""type"": ""Point""}";49.22825157940908, -123.07893120012908
5;Sunset;"{""coordinates"": [-123.08770040586961, 49.2121456767501], ""type"": ""Point""}";49.2121456767501, -123.08770040586961
8;Sunset;"{""coordinates"": [-123.07907562365271, 49.214068141489584], ""type"": ""Point""}";49.214068141489584, -123.07907562365271
1;Sunset;"{""coordinates"": [-123.08241589195029, 49.21569414134727], ""type"": ""Point""}";49.21569414134727, -123.08241589195029
66;Strathcona;"{""coordinates"": [-123.08608774506094, 49.28044202170663], ""type"": ""Point""}";49.28044202170663, -123.08608774506094
J;Grandview-Woodland;"{""coordinates"": [-123.0748128611481, 49.27449357618358], ""type"": ""Point""}";49.27449357618358, -123.0748128611481
BLK.;Strathcona;"{""coordinates"": [-123.0781980317022, 49.27528846133179], ""type"": ""Point""}";49.27528846133179, -123.0781980317022
43;Grandview-Woodland;"{""coordinates"": [-123.07071719324894, 49.27347619996812], ""type"": ""Point""}";49.27347619996812, -123.07071719324894
2;Grandview-Woodland;"{""coordinates"": [-123.06739568137102, 49.265353976325635], ""type"": ""Point""}";49.265353976325635, -123.06739568137102
64;Grandview-Woodland;"{""coordinates"": [-123.07096577938371, 49.26900511292363], ""type"": ""Point""}";49.26900511292363, -123.07096577938371
BLK.;Grandview-Woodland;"{""coordinates"": [-123.06909438432872, 49.27088635080135], ""type"": ""Point""}";49.27088635080135, -123.06909438432872
52;West End;"{""coordinates"": [-123.14034968371656, 49.28233945080771], ""type"": ""Point""}";49.28233945080771, -123.14034968371656
69;West End;"{""coordinates"": [-123.14155907583589, 49.29030267883277], ""type"": ""Point""}";49.29030267883277, -123.14155907583589
517;South Cambie;"{""coordinates"": [-123.12334194418641, 49.255579989236956], ""type"": ""Point""}";49.255579989236956, -123.12334194418641
516;South Cambie;"{""coordinates"": [-123.12598469422002, 49.255657617931156], ""type"": ""Point""}";49.255657617931156, -123.12598469422002
417;Fairview;"{""coordinates"": [-123.12325615829471, 49.2599872508257], ""type"": ""Point""}";49.2599872508257, -123.12325615829471
414;Fairview;"{""coordinates"": [-123.13049395471614, 49.2600217872466], ""type"": ""Point""}";49.2600217872466, -123.13049395471614
434;Fairview;"{""coordinates"": [-123.13054028990138, 49.259101524566574], ""type"": ""Point""}";49.259101524566574, -123.13054028990138
415;Fairview;"{""coordinates"": [-123.12788253058035, 49.25998023485508], ""type"": ""Point""}";49.25998023485508, -123.12788253058035
375;Fairview;"{""coordinates"": [-123.12815401885688, 49.26186327940497], ""type"": ""Point""}";49.26186327940497, -123.12815401885688
317;Fairview;"{""coordinates"": [-123.12317138966483, 49.264538467151624], ""type"": ""Point""}";49.264538467151624, -123.12317138966483
475;Fairview;"{""coordinates"": [-123.12888660976591, 49.25730367239278], ""type"": ""Point""}";49.25730367239278, -123.12888660976591
775;Shaughnessy;"{""coordinates"": [-123.12916836684387, 49.24389444208118], ""type"": ""Point""}";49.24389444208118, -123.12916836684387
455;Fairview;"{""coordinates"": [-123.12795725769865, 49.25816333475677], ""type"": ""Point""}";49.25816333475677, -123.12795725769865
G;Oakridge;"{""coordinates"": [-123.13118878446062, 49.22473597361477], ""type"": ""Point""}";49.22473597361477, -123.13118878446062
18;Marpole;"{""coordinates"": [-123.13189973945762, 49.21403181956158], ""type"": ""Point""}";49.21403181956158, -123.13189973945762
4;Marpole;"{""coordinates"": [-123.13086780457539, 49.213905161314], ""type"": ""Point""}";49.213905161314, -123.13086780457539
8;Oakridge;"{""coordinates"": [-123.1266320565054, 49.21979467575484], ""type"": ""Point""}";49.21979467575484, -123.1266320565054
910;Oakridge;"{""coordinates"": [-123.12313715899464, 49.220055359227516], ""type"": ""Point""}";49.220055359227516, -123.12313715899464
23;Marpole;"{""coordinates"": [-123.12510548201065, 49.210886206145744], ""type"": ""Point""}";49.210886206145744, -123.12510548201065
17;Marpole;"{""coordinates"": [-123.12266027004335, 49.21092161646965], ""type"": ""Point""}";49.21092161646965, -123.12266027004335
29;Marpole;"{""coordinates"": [-123.12788988950481, 49.20967959596658], ""type"": ""Point""}";49.20967959596658, -123.12788988950481
5;Marpole;"{""coordinates"": [-123.1319803438805, 49.21606543508611], ""type"": ""Point""}";49.21606543508611, -123.1319803438805
45;West End;"{""coordinates"": [-123.1326365995016, 49.28722740920777], ""type"": ""Point""}";49.28722740920777, -123.1326365995016
42;Downtown;"{""coordinates"": [-123.12841119766756, 49.29002100782564], ""type"": ""Point""}";49.29002100782564, -123.12841119766756
30;Downtown;"{""coordinates"": [-123.12626190488434, 49.28818544770093], ""type"": ""Point""}";49.28818544770093, -123.12626190488434
4;Marpole;"{""coordinates"": [-123.13089444048718, 49.2077469467865], ""type"": ""Point""}";49.2077469467865, -123.13089444048718
12;Marpole;"{""coordinates"": [-123.13124408268074, 49.207057969189464], ""type"": ""Point""}";49.207057969189464, -123.13124408268074
D;Marpole;"{""coordinates"": [-123.13272457951544, 49.207769109646584], ""type"": ""Point""}";49.207769109646584, -123.13272457951544
7;Mount Pleasant;"{""coordinates"": [-123.1114332627194, 49.26784741362452], ""type"": ""Point""}";49.26784741362452, -123.1114332627194
82;Downtown;"{""coordinates"": [-123.12422026552099, 49.279037623993894], ""type"": ""Point""}";49.279037623993894, -123.12422026552099
81;Downtown;"{""coordinates"": [-123.12519024413048, 49.279605189621726], ""type"": ""Point""}";49.279605189621726, -123.12519024413048
90;Downtown;"{""coordinates"": [-123.1280463045826, 49.27898679851527], ""type"": ""Point""}";49.27898679851527, -123.1280463045826
60;Downtown;"{""coordinates"": [-123.12316598386509, 49.28225029273165], ""type"": ""Point""}";49.28225029273165, -123.12316598386509
7;West End;"{""coordinates"": [-123.12670358979399, 49.28210056609489], ""type"": ""Point""}";49.28210056609489, -123.12670358979399
K;Mount Pleasant;"{""coordinates"": [-123.11199672811523, 49.261609243228826], ""type"": ""Point""}";49.261609243228826, -123.11199672811523
L;Mount Pleasant;"{""coordinates"": [-123.11191018128883, 49.26252683837057], ""type"": ""Point""}";49.26252683837057, -123.11191018128883
419;Fairview;"{""coordinates"": [-123.11898523562532, 49.25980543725042], ""type"": ""Point""}";49.25980543725042, -123.11898523562532
418;Fairview;"{""coordinates"": [-123.1210769913463, 49.25996215558887], ""type"": ""Point""}";49.25996215558887, -123.1210769913463
339;Fairview;"{""coordinates"": [-123.11841842247479, 49.26363056677209], ""type"": ""Point""}";49.26363056677209, -123.11841842247479
319;Fairview;"{""coordinates"": [-123.11880628249381, 49.26447229077785], ""type"": ""Point""}";49.26447229077785, -123.11880628249381
13;Mount Pleasant;"{""coordinates"": [-123.111905285818, 49.2659902669745], ""type"": ""Point""}";49.2659902669745, -123.111905285818
618;South Cambie;"{""coordinates"": [-123.12158520493391, 49.251016766743454], ""type"": ""Point""}";49.251016766743454, -123.12158520493391
582;Riley Park;"{""coordinates"": [-123.11171488317456, 49.25228879854067], ""type"": ""Point""}";49.25228879854067, -123.11171488317456
581;Riley Park;"{""coordinates"": [-123.11415958401064, 49.25233447925865], ""type"": ""Point""}";49.25233447925865, -123.11415958401064
G;Mount Pleasant;"{""coordinates"": [-123.11216208533207, 49.258092800435286], ""type"": ""Point""}";49.258092800435286, -123.11216208533207
540;South Cambie;"{""coordinates"": [-123.11728423821339, 49.25455175719368], ""type"": ""Point""}";49.25455175719368, -123.11728423821339
0;South Cambie;"{""coordinates"": [-123.11562911882768, 49.25546690808152], ""type"": ""Point""}";49.25546690808152, -123.11562911882768
A;South Cambie;"{""coordinates"": [-123.11550212191038, 49.25465252695667], ""type"": ""Point""}";49.25465252695667, -123.11550212191038
659;South Cambie;"{""coordinates"": [-123.11960426567148, 49.249393747668094], ""type"": ""Point""}";49.249393747668094, -123.11960426567148
699;South Cambie;"{""coordinates"": [-123.11964211410493, 49.24758250987449], ""type"": ""Point""}";49.24758250987449, -123.11964211410493
719;South Cambie;"{""coordinates"": [-123.1196344295847, 49.24650043633778], ""type"": ""Point""}";49.24650043633778, -123.1196344295847
619;South Cambie;"{""coordinates"": [-123.11941509882394, 49.250977975938575], ""type"": ""Point""}";49.250977975938575, -123.11941509882394
6;South Cambie;"{""coordinates"": [-123.11580771962376, 49.253630453864034], ""type"": ""Point""}";49.253630453864034, -123.11580771962376
4;Oakridge;"{""coordinates"": [-123.1146640466652, 49.22634834698901], ""type"": ""Point""}";49.22634834698901, -123.1146640466652
5;Oakridge;"{""coordinates"": [-123.11198001671244, 49.22716555511803], ""type"": ""Point""}";49.22716555511803, -123.11198001671244
862;Oakridge;"{""coordinates"": [-123.11459714232497, 49.23008766272026], ""type"": ""Point""}";49.23008766272026, -123.11459714232497
E;Oakridge;"{""coordinates"": [-123.12196256502777, 49.23259045474645], ""type"": ""Point""}";49.23259045474645, -123.12196256502777
849;Riley Park;"{""coordinates"": [-123.1131884501376, 49.23447154894739], ""type"": ""Point""}";49.23447154894739, -123.1131884501376
856;Riley Park;"{""coordinates"": [-123.11466535550406, 49.23379841694242], ""type"": ""Point""}";49.23379841694242, -123.11466535550406
807;Riley Park;"{""coordinates"": [-123.11312925654467, 49.23822360621786], ""type"": ""Point""}";49.23822360621786, -123.11312925654467
840;Riley Park;"{""coordinates"": [-123.1161178402922, 49.238892181017206], ""type"": ""Point""}";49.238892181017206, -123.1161178402922
8;Marpole;"{""coordinates"": [-123.11148326348238, 49.212828917412764], ""type"": ""Point""}";49.212828917412764, -123.11148326348238
1;Marpole;"{""coordinates"": [-123.1219571807058, 49.2166190837334], ""type"": ""Point""}";49.2166190837334, -123.1219571807058
L;Marpole;"{""coordinates"": [-123.11875656561574, 49.21537475512591], ""type"": ""Point""}";49.21537475512591, -123.11875656561574
D;Marpole;"{""coordinates"": [-123.11132067982622, 49.21369094845015], ""type"": ""Point""}";49.21369094845015, -123.11132067982622
47;Downtown;"{""coordinates"": [-123.11270923406073, 49.28039947610941], ""type"": ""Point""}";49.28039947610941, -123.11270923406073
41;Downtown;"{""coordinates"": [-123.1188931141939, 49.28383110979482], ""type"": ""Point""}";49.28383110979482, -123.1188931141939
37;Downtown;"{""coordinates"": [-123.11160660621417, 49.28105588116066], ""type"": ""Point""}";49.28105588116066, -123.11160660621417
43;Downtown;"{""coordinates"": [-123.11687802418237, 49.28290367607827], ""type"": ""Point""}";49.28290367607827, -123.11687802418237
53;Downtown;"{""coordinates"": [-123.1184694412777, 49.281460416344935], ""type"": ""Point""}";49.281460416344935, -123.1184694412777
33;Mount Pleasant;"{""coordinates"": [-123.10820231875867, 49.26594567870899], ""type"": ""Point""}";49.26594567870899, -123.10820231875867
32;Mount Pleasant;"{""coordinates"": [-123.10578170359543, 49.26587301714788], ""type"": ""Point""}";49.26587301714788, -123.10578170359543
24;Mount Pleasant;"{""coordinates"": [-123.10196209086727, 49.26674692561512], ""type"": ""Point""}";49.26674692561512, -123.10196209086727
44;Mount Pleasant;"{""coordinates"": [-123.10209369554694, 49.26400470271408], ""type"": ""Point""}";49.26400470271408, -123.10209369554694
3;Riley Park;"{""coordinates"": [-123.10217226946551, 49.25123274999955], ""type"": ""Point""}";49.25123274999955, -123.10217226946551
2;Riley Park;"{""coordinates"": [-123.10220023785745, 49.25212053592773], ""type"": ""Point""}";49.25212053592773, -123.10220023785745
4;Riley Park;"{""coordinates"": [-123.1037875913036, 49.25126097644206], ""type"": ""Point""}";49.25126097644206, -123.1037875913036
5;Riley Park;"{""coordinates"": [-123.10230875931542, 49.24980242421323], ""type"": ""Point""}";49.24980242421323, -123.10230875931542
60;Riley Park;"{""coordinates"": [-123.10454787724858, 49.2551323473096], ""type"": ""Point""}";49.2551323473096, -123.10454787724858
47;Mount Pleasant;"{""coordinates"": [-123.10833929964755, 49.264104142167746], ""type"": ""Point""}";49.264104142167746, -123.10833929964755
46;Mount Pleasant;"{""coordinates"": [-123.1059272697544, 49.26410264566778], ""type"": ""Point""}";49.26410264566778, -123.1059272697544
27;Riley Park;"{""coordinates"": [-123.10203557787418, 49.24841516980024], ""type"": ""Point""}";49.24841516980024, -123.10203557787418
14;Riley Park;"{""coordinates"": [-123.10368831703789, 49.24863272314633], ""type"": ""Point""}";49.24863272314633, -123.10368831703789
702;Riley Park;"{""coordinates"": [-123.11117081594482, 49.247203016712916], ""type"": ""Point""}";49.247203016712916, -123.11117081594482
564;Riley Park;"{""coordinates"": [-123.10621167477389, 49.25316944885739], ""type"": ""Point""}";49.25316944885739, -123.10621167477389
2;Riley Park;"{""coordinates"": [-123.10445538376864, 49.24428429436474], ""type"": ""Point""}";49.24428429436474, -123.10445538376864
6;Riley Park;"{""coordinates"": [-123.10248121127576, 49.24237594174259], ""type"": ""Point""}";49.24237594174259, -123.10248121127576
8;Riley Park;"{""coordinates"": [-123.10176442412983, 49.24553339065791], ""type"": ""Point""}";49.24553339065791, -123.10176442412983
3;Riley Park;"{""coordinates"": [-123.10358635122543, 49.2465517319589], ""type"": ""Point""}";49.2465517319589, -123.10358635122543
2;Riley Park;"{""coordinates"": [-123.10941918173307, 49.23362395083368], ""type"": ""Point""}";49.23362395083368, -123.10941918173307
1;Riley Park;"{""coordinates"": [-123.10921643989309, 49.234330719768224], ""type"": ""Point""}";49.234330719768224, -123.10921643989309
1;Riley Park;"{""coordinates"": [-123.10697379549254, 49.23425606173686], ""type"": ""Point""}";49.23425606173686, -123.10697379549254
C;Sunset;"{""coordinates"": [-123.10263859369422, 49.23196336262962], ""type"": ""Point""}";49.23196336262962, -123.10263859369422
844;Riley Park;"{""coordinates"": [-123.10699849549052, 49.23585954124411], ""type"": ""Point""}";49.23585954124411, -123.10699849549052
984;Riley Park;"{""coordinates"": [-123.10725915910315, 49.23516423655598], ""type"": ""Point""}";49.23516423655598, -123.10725915910315
1023;Oakridge;"{""coordinates"": [-123.10977060124583, 49.232627546003194], ""type"": ""Point""}";49.232627546003194, -123.10977060124583
F;Sunset;"{""coordinates"": [-123.10073016825298, 49.23266830047695], ""type"": ""Point""}";49.23266830047695, -123.10073016825298
D;Riley Park;"{""coordinates"": [-123.10451050352327, 49.23581300162351], ""type"": ""Point""}";49.23581300162351, -123.10451050352327
F;Riley Park;"{""coordinates"": [-123.10284186186196, 49.234857449507516], ""type"": ""Point""}";49.234857449507516, -123.10284186186196
2;Sunset;"{""coordinates"": [-123.10292041829021, 49.22139300248548], ""type"": ""Point""}";49.22139300248548, -123.10292041829021
3;Sunset;"{""coordinates"": [-123.10309466185834, 49.224132914219744], ""type"": ""Point""}";49.224132914219744, -123.10309466185834
6;Sunset;"{""coordinates"": [-123.10068857519639, 49.22600393796668], ""type"": ""Point""}";49.22600393796668, -123.10068857519639
1164;Oakridge;"{""coordinates"": [-123.10752969060835, 49.22618400144187], ""type"": ""Point""}";49.22618400144187, -123.10752969060835
1;Sunset;"{""coordinates"": [-123.10503043836475, 49.225118787724334], ""type"": ""Point""}";49.225118787724334, -123.10503043836475
8;Sunset;"{""coordinates"": [-123.10054068903679, 49.22407648019857], ""type"": ""Point""}";49.22407648019857, -123.10054068903679
1123;Oakridge;"{""coordinates"": [-123.10952037038524, 49.228028651915665], ""type"": ""Point""}";49.228028651915665, -123.10952037038524
8;Downtown;"{""coordinates"": [-123.11014050858651, 49.28488122711528], ""type"": ""Point""}";49.28488122711528, -123.11014050858651
15;Marpole;"{""coordinates"": [-123.11103247062083, 49.20935024393201], ""type"": ""Point""}";49.20935024393201, -123.11103247062083
5;Downtown;"{""coordinates"": [-123.10776958489745, 49.28346087589615], ""type"": ""Point""}";49.28346087589615, -123.10776958489745
91;Mount Pleasant;"{""coordinates"": [-123.09383136374765, 49.266554993676635], ""type"": ""Point""}";49.266554993676635, -123.09383136374765
39;Mount Pleasant;"{""coordinates"": [-123.09780637289859, 49.264861516690544], ""type"": ""Point""}";49.264861516690544, -123.09780637289859
22;Downtown;"{""coordinates"": [-123.10093853102444, 49.27731757140177], ""type"": ""Point""}";49.27731757140177, -123.10093853102444
3;Downtown;"{""coordinates"": [-123.10113484110695, 49.27816968440322], ""type"": ""Point""}";49.27816968440322, -123.10113484110695
134A;Mount Pleasant;"{""coordinates"": [-123.09597893258594, 49.25793474129427], ""type"": ""Point""}";49.25793474129427, -123.09597893258594
133;Mount Pleasant;"{""coordinates"": [-123.09470626917768, 49.257890401658095], ""type"": ""Point""}";49.257890401658095, -123.09470626917768
109;Mount Pleasant;"{""coordinates"": [-123.09753663454362, 49.257779483683386], ""type"": ""Point""}";49.257779483683386, -123.09753663454362
156;Mount Pleasant;"{""coordinates"": [-123.09062535601366, 49.26113945296667], ""type"": ""Point""}";49.26113945296667, -123.09062535601366
F;Mount Pleasant;"{""coordinates"": [-123.09035741912298, 49.257519027002544], ""type"": ""Point""}";49.257519027002544, -123.09035741912298
136;Riley Park;"{""coordinates"": [-123.09239412132094, 49.24798396467042], ""type"": ""Point""}";49.24798396467042, -123.09239412132094
16;Riley Park;"{""coordinates"": [-123.09470999735981, 49.248044660194196], ""type"": ""Point""}";49.248044660194196, -123.09470999735981
12;Riley Park;"{""coordinates"": [-123.09605306671635, 49.247709792346974], ""type"": ""Point""}";49.247709792346974, -123.09605306671635
167;Riley Park;"{""coordinates"": [-123.09375475582348, 49.24603343994338], ""type"": ""Point""}";49.24603343994338, -123.09375475582348
20;Riley Park;"{""coordinates"": [-123.0947460095386, 49.24631348942287], ""type"": ""Point""}";49.24631348942287, -123.0947460095386
C;Riley Park;"{""coordinates"": [-123.09541824152545, 49.248957497966586], ""type"": ""Point""}";49.248957497966586, -123.09541824152545
101;Mount Pleasant;"{""coordinates"": [-123.09091407979801, 49.256742654032045], ""type"": ""Point""}";49.256742654032045, -123.09091407979801
206;Riley Park;"{""coordinates"": [-123.09160903392782, 49.24298091912396], ""type"": ""Point""}";49.24298091912396, -123.09160903392782
209;Riley Park;"{""coordinates"": [-123.09352166080699, 49.24301412626441], ""type"": ""Point""}";49.24301412626441, -123.09352166080699
41;Riley Park;"{""coordinates"": [-123.09956580184958, 49.2460678422146], ""type"": ""Point""}";49.2460678422146, -123.09956580184958
53;Riley Park;"{""coordinates"": [-123.09860718809855, 49.24797654401884], ""type"": ""Point""}";49.24797654401884, -123.09860718809855
22;Riley Park;"{""coordinates"": [-123.09477327986914, 49.24536420008313], ""type"": ""Point""}";49.24536420008313, -123.09477327986914
138;Riley Park;"{""coordinates"": [-123.09075401604672, 49.24797098025118], ""type"": ""Point""}";49.24797098025118, -123.09075401604672
B;Riley Park;"{""coordinates"": [-123.09372228966569, 49.23642906811038], ""type"": ""Point""}";49.23642906811038, -123.09372228966569
12;Riley Park;"{""coordinates"": [-123.09822106974276, 49.236947037124715], ""type"": ""Point""}";49.236947037124715, -123.09822106974276
2;Riley Park;"{""coordinates"": [-123.09571298678318, 49.239081933042435], ""type"": ""Point""}";49.239081933042435, -123.09571298678318
11;Riley Park;"{""coordinates"": [-123.09855244039457, 49.24158740116168], ""type"": ""Point""}";49.24158740116168, -123.09855244039457
10;Riley Park;"{""coordinates"": [-123.0992911120265, 49.24411259556144], ""type"": ""Point""}";49.24411259556144, -123.0992911120265
11;Riley Park;"{""coordinates"": [-123.09548642297264, 49.243785030021], ""type"": ""Point""}";49.243785030021, -123.09548642297264
176;Riley Park;"{""coordinates"": [-123.09378477174226, 49.2449569019784], ""type"": ""Point""}";49.2449569019784, -123.09378477174226
200;Riley Park;"{""coordinates"": [-123.09376163901844, 49.243986910548124], ""type"": ""Point""}";49.243986910548124, -123.09376163901844
6;Riley Park;"{""coordinates"": [-123.09549784525018, 49.235821846970296], ""type"": ""Point""}";49.235821846970296, -123.09549784525018
4;Sunset;"{""coordinates"": [-123.09193211511693, 49.22632499328695], ""type"": ""Point""}";49.22632499328695, -123.09193211511693
2;Sunset;"{""coordinates"": [-123.09240946462735, 49.23043488877941], ""type"": ""Point""}";49.23043488877941, -123.09240946462735
H;Sunset;"{""coordinates"": [-123.09789533946302, 49.23198734107264], ""type"": ""Point""}";49.23198734107264, -123.09789533946302
4;Sunset;"{""coordinates"": [-123.09590684512133, 49.22035121516055], ""type"": ""Point""}";49.22035121516055, -123.09590684512133
21;Sunset;"{""coordinates"": [-123.09441359301675, 49.22692129376174], ""type"": ""Point""}";49.22692129376174, -123.09441359301675
2;Sunset;"{""coordinates"": [-123.09176413371829, 49.224983968849266], ""type"": ""Point""}";49.224983968849266, -123.09176413371829
1;Sunset;"{""coordinates"": [-123.09173306779188, 49.22526598610511], ""type"": ""Point""}";49.22526598610511, -123.09173306779188
A;Sunset;"{""coordinates"": [-123.09581261849212, 49.21197878376526], ""type"": ""Point""}";49.21197878376526, -123.09581261849212
12;Sunset;"{""coordinates"": [-123.09628611007857, 49.20944179068956], ""type"": ""Point""}";49.20944179068956, -123.09628611007857
13;Sunset;"{""coordinates"": [-123.09536757536203, 49.209429059785094], ""type"": ""Point""}";49.209429059785094, -123.09536757536203
L;Sunset;"{""coordinates"": [-123.08978660269318, 49.20935989738514], ""type"": ""Point""}";49.20935989738514, -123.08978660269318
31;Sunset;"{""coordinates"": [-123.0940079107546, 49.21233528359133], ""type"": ""Point""}";49.21233528359133, -123.0940079107546
3;Sunset;"{""coordinates"": [-123.10002195219063, 49.21111131711593], ""type"": ""Point""}";49.21111131711593, -123.10002195219063
6;Sunset;"{""coordinates"": [-123.08952696582799, 49.21333069960156], ""type"": ""Point""}";49.21333069960156, -123.08952696582799
A;Sunset;"{""coordinates"": [-123.0974489674705, 49.21619729106116], ""type"": ""Point""}";49.21619729106116, -123.0974489674705
4;Sunset;"{""coordinates"": [-123.09652011993218, 49.215889092056436], ""type"": ""Point""}";49.215889092056436, -123.09652011993218
9;Sunset;"{""coordinates"": [-123.10001875844361, 49.21787875881034], ""type"": ""Point""}";49.21787875881034, -123.10001875844361
103;Strathcona;"{""coordinates"": [-123.09469791591341, 49.27701796262407], ""type"": ""Point""}";49.27701796262407, -123.09469791591341
1;Strathcona;"{""coordinates"": [-123.0985913699712, 49.284262319788226], ""type"": ""Point""}";49.284262319788226, -123.0985913699712
37;Strathcona;"{""coordinates"": [-123.093093184244, 49.284272942833226], ""type"": ""Point""}";49.284272942833226, -123.093093184244
83;Strathcona;"{""coordinates"": [-123.08008008520169, 49.26555448897414], ""type"": ""Point""}";49.26555448897414, -123.08008008520169
94;Mount Pleasant;"{""coordinates"": [-123.07853801518371, 49.264540987548045], ""type"": ""Point""}";49.264540987548045, -123.07853801518371
35;Strathcona;"{""coordinates"": [-123.07945701234878, 49.27466745625283], ""type"": ""Point""}";49.27466745625283, -123.07945701234878
27;Strathcona;"{""coordinates"": [-123.07940206534285, 49.276381976538794], ""type"": ""Point""}";49.276381976538794, -123.07940206534285
126;Strathcona;"{""coordinates"": [-123.0848798245052, 49.275336556923335], ""type"": ""Point""}";49.275336556923335, -123.0848798245052
D;Mount Pleasant;"{""coordinates"": [-123.08826598281243, 49.26091988040855], ""type"": ""Point""}";49.26091988040855, -123.08826598281243
86;Kensington-Cedar Cottage;"{""coordinates"": [-123.07895801998829, 49.25566057556329], ""type"": ""Point""}";49.25566057556329, -123.07895801998829
106;Mount Pleasant;"{""coordinates"": [-123.08065602036291, 49.256437416955876], ""type"": ""Point""}";49.256437416955876, -123.08065602036291
67;Kensington-Cedar Cottage;"{""coordinates"": [-123.08890871068294, 49.2542610217353], ""type"": ""Point""}";49.2542610217353, -123.08890871068294
B;Mount Pleasant;"{""coordinates"": [-123.08244123513501, 49.26159792453032], ""type"": ""Point""}";49.26159792453032, -123.08244123513501
A;Mount Pleasant;"{""coordinates"": [-123.08044412725084, 49.261589833332195], ""type"": ""Point""}";49.261589833332195, -123.08044412725084
21;Kensington-Cedar Cottage;"{""coordinates"": [-123.08900506535863, 49.24611048093478], ""type"": ""Point""}";49.24611048093478, -123.08900506535863
35;Kensington-Cedar Cottage;"{""coordinates"": [-123.0791359771172, 49.2511429908873], ""type"": ""Point""}";49.2511429908873, -123.0791359771172
64;Kensington-Cedar Cottage;"{""coordinates"": [-123.08274448528368, 49.253764000447916], ""type"": ""Point""}";49.253764000447916, -123.08274448528368
2;Kensington-Cedar Cottage;"{""coordinates"": [-123.07847598871986, 49.241883506690314], ""type"": ""Point""}";49.241883506690314, -123.07847598871986
1;Kensington-Cedar Cottage;"{""coordinates"": [-123.0833113124499, 49.24170343644978], ""type"": ""Point""}";49.24170343644978, -123.0833113124499
F;Kensington-Cedar Cottage;"{""coordinates"": [-123.0887277573832, 49.24881048676088], ""type"": ""Point""}";49.24881048676088, -123.0887277573832
C;Kensington-Cedar Cottage;"{""coordinates"": [-123.08177912125979, 49.246162570095926], ""type"": ""Point""}";49.246162570095926, -123.08177912125979
A;Kensington-Cedar Cottage;"{""coordinates"": [-123.08330306011482, 49.24619829879504], ""type"": ""Point""}";49.24619829879504, -123.08330306011482
D;Kensington-Cedar Cottage;"{""coordinates"": [-123.08234911731998, 49.24809666157004], ""type"": ""Point""}";49.24809666157004, -123.08234911731998
27;Kensington-Cedar Cottage;"{""coordinates"": [-123.08499341853619, 49.24797160179305], ""type"": ""Point""}";49.24797160179305, -123.08499341853619
4;Kensington-Cedar Cottage;"{""coordinates"": [-123.0803444621872, 49.23564042262108], ""type"": ""Point""}";49.23564042262108, -123.0803444621872
2;Sunset;"{""coordinates"": [-123.08046876987521, 49.231794434190036], ""type"": ""Point""}";49.231794434190036, -123.08046876987521
4;Kensington-Cedar Cottage;"{""coordinates"": [-123.08858653759495, 49.23726951655513], ""type"": ""Point""}";49.23726951655513, -123.08858653759495
12;Kensington-Cedar Cottage;"{""coordinates"": [-123.08444365765358, 49.237264136596536], ""type"": ""Point""}";49.237264136596536, -123.08444365765358
1;Kensington-Cedar Cottage;"{""coordinates"": [-123.08913135424591, 49.236381095684116], ""type"": ""Point""}";49.236381095684116, -123.08913135424591
16;Kensington-Cedar Cottage;"{""coordinates"": [-123.08300580289651, 49.23331389841999], ""type"": ""Point""}";49.23331389841999, -123.08300580289651
13;Kensington-Cedar Cottage;"{""coordinates"": [-123.08504430591094, 49.233366369238695], ""type"": ""Point""}";49.233366369238695, -123.08504430591094
I;Sunset;"{""coordinates"": [-123.08345724559707, 49.20991764734475], ""type"": ""Point""}";49.20991764734475, -123.08345724559707
9;Sunset;"{""coordinates"": [-123.08462118541752, 49.21213095452724], ""type"": ""Point""}";49.21213095452724, -123.08462118541752
10;Sunset;"{""coordinates"": [-123.08895154749834, 49.21680866591375], ""type"": ""Point""}";49.21680866591375, -123.08895154749834
37;Strathcona;"{""coordinates"": [-123.07789779386108, 49.27349116469575], ""type"": ""Point""}";49.27349116469575, -123.07789779386108
2;Strathcona;"{""coordinates"": [-123.08049877118323, 49.28311500927231], ""type"": ""Point""}";49.28311500927231, -123.08049877118323
48;Strathcona;"{""coordinates"": [-123.08193556704542, 49.2822679222258], ""type"": ""Point""}";49.2822679222258, -123.08193556704542
50;Strathcona;"{""coordinates"": [-123.08657976163894, 49.28235721310129], ""type"": ""Point""}";49.28235721310129, -123.08657976163894
24;Grandview-Woodland;"{""coordinates"": [-123.0753060643319, 49.276042038033935], ""type"": ""Point""}";49.276042038033935, -123.0753060643319
66;Grandview-Woodland;"{""coordinates"": [-123.07434684135774, 49.269049321104944], ""type"": ""Point""}";49.269049321104944, -123.07434684135774
67;Grandview-Woodland;"{""coordinates"": [-123.07646468850604, 49.2690278796797], ""type"": ""Point""}";49.2690278796797, -123.07646468850604
5;Grandview-Woodland;"{""coordinates"": [-123.0685588467778, 49.26997668000056], ""type"": ""Point""}";49.26997668000056, -123.0685588467778
49;Grandview-Woodland;"{""coordinates"": [-123.07282747451856, 49.27246257046316], ""type"": ""Point""}";49.27246257046316, -123.07282747451856
37;Grandview-Woodland;"{""coordinates"": [-123.06826414750414, 49.27424763640442], ""type"": ""Point""}";49.27424763640442, -123.06826414750414
23;Grandview-Woodland;"{""coordinates"": [-123.07057277758199, 49.27627100293747], ""type"": ""Point""}";49.27627100293747, -123.07057277758199
30;Grandview-Woodland;"{""coordinates"": [-123.07682271974814, 49.2754370398866], ""type"": ""Point""}";49.2754370398866, -123.07682271974814
1;Grandview-Woodland;"{""coordinates"": [-123.06767703822557, 49.26606355124358], ""type"": ""Point""}";49.26606355124358, -123.06767703822557
A;Grandview-Woodland;"{""coordinates"": [-123.0765658931261, 49.26451886974631], ""type"": ""Point""}";49.26451886974631, -123.0765658931261
79;Grandview-Woodland;"{""coordinates"": [-123.07468400434537, 49.26644333862566], ""type"": ""Point""}";49.26644333862566, -123.07468400434537
3;Grandview-Woodland;"{""coordinates"": [-123.06866430110534, 49.2707732317673], ""type"": ""Point""}";49.2707732317673, -123.06866430110534
CC;Strathcona;"{""coordinates"": [-123.07826679594164, 49.27093349244922], ""type"": ""Point""}";49.27093349244922, -123.07826679594164
1;Kensington-Cedar Cottage;"{""coordinates"": [-123.07326848323534, 49.25453788856047], ""type"": ""Point""}";49.25453788856047, -123.07326848323534
6;Kensington-Cedar Cottage;"{""coordinates"": [-123.07358759825108, 49.25604197401325], ""type"": ""Point""}";49.25604197401325, -123.07358759825108
5;Kensington-Cedar Cottage;"{""coordinates"": [-123.07254037896028, 49.23660049513395], ""type"": ""Point""}";49.23660049513395, -123.07254037896028
14;Kensington-Cedar Cottage;"{""coordinates"": [-123.06920426021117, 49.24417882850439], ""type"": ""Point""}";49.24417882850439, -123.06920426021117
3;Kensington-Cedar Cottage;"{""coordinates"": [-123.07295274423595, 49.24367319386215], ""type"": ""Point""}";49.24367319386215, -123.07295274423595
4;Kensington-Cedar Cottage;"{""coordinates"": [-123.07294001222282, 49.24389986385292], ""type"": ""Point""}";49.24389986385292, -123.07294001222282
5;Kensington-Cedar Cottage;"{""coordinates"": [-123.07501649513075, 49.24326682573524], ""type"": ""Point""}";49.24326682573524, -123.07501649513075
12;Victoria-Fraserview;"{""coordinates"": [-123.06905643957948, 49.22808742635518], ""type"": ""Point""}";49.22808742635518, -123.06905643957948
1;Kensington-Cedar Cottage;"{""coordinates"": [-123.07071184375067, 49.23382881630861], ""type"": ""Point""}";49.23382881630861, -123.07071184375067
23;Sunset;"{""coordinates"": [-123.07771389481957, 49.2172324447741], ""type"": ""Point""}";49.2172324447741, -123.07771389481957
2;Victoria-Fraserview;"{""coordinates"": [-123.06776390225833, 49.21999241591358], ""type"": ""Point""}";49.21999241591358, -123.06776390225833
32;Victoria-Fraserview;"{""coordinates"": [-123.07495157293951, 49.218848553431904], ""type"": ""Point""}";49.218848553431904, -123.07495157293951
7;Victoria-Fraserview;"{""coordinates"": [-123.07658925597394, 49.22071095804535], ""type"": ""Point""}";49.22071095804535, -123.07658925597394
5;Victoria-Fraserview;"{""coordinates"": [-123.06773418556779, 49.22121868680252], ""type"": ""Point""}";49.22121868680252, -123.06773418556779
21;Victoria-Fraserview;"{""coordinates"": [-123.06959628085627, 49.2266864952091], ""type"": ""Point""}";49.2266864952091, -123.06959628085627
29;Victoria-Fraserview;"{""coordinates"": [-123.06962858110083, 49.22570692755982], ""type"": ""Point""}";49.22570692755982, -123.06962858110083
2;Sunset;"{""coordinates"": [-123.07797131232782, 49.22438290079414], ""type"": ""Point""}";49.22438290079414, -123.07797131232782
3;Sunset;"{""coordinates"": [-123.07803832492212, 49.22261608601829], ""type"": ""Point""}";49.22261608601829, -123.07803832492212
4;Victoria-Fraserview;"{""coordinates"": [-123.06983566473534, 49.21050297822883], ""type"": ""Point""}";49.21050297822883, -123.06983566473534
3;Victoria-Fraserview;"{""coordinates"": [-123.07027791700402, 49.21061829944595], ""type"": ""Point""}";49.21061829944595, -123.07027791700402
4;Victoria-Fraserview;"{""coordinates"": [-123.07529833223381, 49.21248944763355], ""type"": ""Point""}";49.21248944763355, -123.07529833223381
10;Victoria-Fraserview;"{""coordinates"": [-123.07137567204126, 49.21570591648815], ""type"": ""Point""}";49.21570591648815, -123.07137567204126
2;Victoria-Fraserview;"{""coordinates"": [-123.0747252407741, 49.21758378437471], ""type"": ""Point""}";49.21758378437471, -123.0747252407741
5;Grandview-Woodland;"{""coordinates"": [-123.0627851997608, 49.273617347221894], ""type"": ""Point""}";49.273617347221894, -123.0627851997608
A;Grandview-Woodland;"{""coordinates"": [-123.06438175793282, 49.27402166592804], ""type"": ""Point""}";49.27402166592804, -123.06438175793282
BLK;Grandview-Woodland;"{""coordinates"": [-123.06783372254914, 49.28265701723853], ""type"": ""Point""}";49.28265701723853, -123.06783372254914
2;Grandview-Woodland;"{""coordinates"": [-123.06378397239042, 49.27267633513555], ""type"": ""Point""}";49.27267633513555, -123.06378397239042
BLK.;Grandview-Woodland;"{""coordinates"": [-123.06093222215294, 49.26838822824584], ""type"": ""Point""}";49.26838822824584, -123.06093222215294
B;Grandview-Woodland;"{""coordinates"": [-123.0668622416263, 49.268818328452724], ""type"": ""Point""}";49.268818328452724, -123.0668622416263
D;Grandview-Woodland;"{""coordinates"": [-123.05885558005326, 49.27002867911057], ""type"": ""Point""}";49.27002867911057, -123.05885558005326
A;Grandview-Woodland;"{""coordinates"": [-123.05760295582637, 49.27134183501063], ""type"": ""Point""}";49.27134183501063, -123.05760295582637
D;Grandview-Woodland;"{""coordinates"": [-123.05883300312826, 49.27309910942971], ""type"": ""Point""}";49.27309910942971, -123.05883300312826
B;Grandview-Woodland;"{""coordinates"": [-123.05891244525576, 49.27399678880003], ""type"": ""Point""}";49.27399678880003, -123.05891244525576
BLK.;Kensington-Cedar Cottage;"{""coordinates"": [-123.06099212625503, 49.26069289042887], ""type"": ""Point""}";49.26069289042887, -123.06099212625503
B;Kensington-Cedar Cottage;"{""coordinates"": [-123.06306912099294, 49.26146071273675], ""type"": ""Point""}";49.26146071273675, -123.06306912099294
152;Grandview-Woodland;"{""coordinates"": [-123.06346028733937, 49.26351684767906], ""type"": ""Point""}";49.26351684767906, -123.06346028733937
C;Grandview-Woodland;"{""coordinates"": [-123.06499738524559, 49.26556689052059], ""type"": ""Point""}";49.26556689052059, -123.06499738524559
B;Grandview-Woodland;"{""coordinates"": [-123.05921820577198, 49.26691252167588], ""type"": ""Point""}";49.26691252167588, -123.05921820577198
BLK.;Grandview-Woodland;"{""coordinates"": [-123.06110989978768, 49.26619363875143], ""type"": ""Point""}";49.26619363875143, -123.06110989978768
9;Kensington-Cedar Cottage;"{""coordinates"": [-123.06300629585289, 49.250976202014904], ""type"": ""Point""}";49.250976202014904, -123.06300629585289
24;Kensington-Cedar Cottage;"{""coordinates"": [-123.05908352498726, 49.25083865084285], ""type"": ""Point""}";49.25083865084285, -123.05908352498726
21;Kensington-Cedar Cottage;"{""coordinates"": [-123.06033198234863, 49.25177317607713], ""type"": ""Point""}";49.25177317607713, -123.06033198234863
BLK.;Kensington-Cedar Cottage;"{""coordinates"": [-123.06495581882389, 49.25839297537001], ""type"": ""Point""}";49.25839297537001, -123.06495581882389
C;Grandview-Woodland;"{""coordinates"": [-123.06496383342912, 49.262939005649926], ""type"": ""Point""}";49.262939005649926, -123.06496383342912
G;Kensington-Cedar Cottage;"{""coordinates"": [-123.06106807215794, 49.24093928339231], ""type"": ""Point""}";49.24093928339231, -123.06106807215794
2;Kensington-Cedar Cottage;"{""coordinates"": [-123.06680808738338, 49.24658465583386], ""type"": ""Point""}";49.24658465583386, -123.06680808738338
3;Kensington-Cedar Cottage;"{""coordinates"": [-123.06379918154877, 49.24355100501588], ""type"": ""Point""}";49.24355100501588, -123.06379918154877
1;Victoria-Fraserview;"{""coordinates"": [-123.06622751272592, 49.22829952693791], ""type"": ""Point""}";49.22829952693791, -123.06622751272592
1;Victoria-Fraserview;"{""coordinates"": [-123.05687263138641, 49.23161633109802], ""type"": ""Point""}";49.23161633109802, -123.05687263138641
15;Kensington-Cedar Cottage;"{""coordinates"": [-123.06051653011252, 49.23366178125893], ""type"": ""Point""}";49.23366178125893, -123.06051653011252
9;Kensington-Cedar Cottage;"{""coordinates"": [-123.0636822291582, 49.235052238436516], ""type"": ""Point""}";49.235052238436516, -123.0636822291582
K;Renfrew-Collingwood;"{""coordinates"": [-123.0566149298618, 49.23919591702361], ""type"": ""Point""}";49.23919591702361, -123.0566149298618
E;Kensington-Cedar Cottage;"{""coordinates"": [-123.06390480522309, 49.23923718968303], ""type"": ""Point""}";49.23923718968303, -123.06390480522309
11;Renfrew-Collingwood;"{""coordinates"": [-123.05742361843724, 49.240662335923375], ""type"": ""Point""}";49.240662335923375, -123.05742361843724
42;Victoria-Fraserview;"{""coordinates"": [-123.06107617351725, 49.214772849162244], ""type"": ""Point""}";49.214772849162244, -123.06107617351725
41;Victoria-Fraserview;"{""coordinates"": [-123.06424287155996, 49.21475948247909], ""type"": ""Point""}";49.21475948247909, -123.06424287155996
50;Victoria-Fraserview;"{""coordinates"": [-123.0581427472768, 49.21650390333265], ""type"": ""Point""}";49.21650390333265, -123.0581427472768
63;Victoria-Fraserview;"{""coordinates"": [-123.05858487115698, 49.218997863134156], ""type"": ""Point""}";49.218997863134156, -123.05858487115698
59;Victoria-Fraserview;"{""coordinates"": [-123.06342718033895, 49.21881835972355], ""type"": ""Point""}";49.21881835972355, -123.06342718033895
61;Victoria-Fraserview;"{""coordinates"": [-123.0629188158789, 49.219717346562675], ""type"": ""Point""}";49.219717346562675, -123.0629188158789
3;Victoria-Fraserview;"{""coordinates"": [-123.06079687920081, 49.22443088864326], ""type"": ""Point""}";49.22443088864326, -123.06079687920081
3;Victoria-Fraserview;"{""coordinates"": [-123.06089387820575, 49.2234006186662], ""type"": ""Point""}";49.2234006186662, -123.06089387820575
2;Victoria-Fraserview;"{""coordinates"": [-123.06090936372384, 49.22564179892335], ""type"": ""Point""}";49.22564179892335, -123.06090936372384
8;Victoria-Fraserview;"{""coordinates"": [-123.05938922076065, 49.227235174708746], ""type"": ""Point""}";49.227235174708746, -123.05938922076065
37;Victoria-Fraserview;"{""coordinates"": [-123.06297209392056, 49.211985767074054], ""type"": ""Point""}";49.211985767074054, -123.06297209392056
27;Grandview-Woodland;"{""coordinates"": [-123.06465121821246, 49.28424183928037], ""type"": ""Point""}";49.28424183928037, -123.06465121821246
21;Grandview-Woodland;"{""coordinates"": [-123.05881649659871, 49.285103500585386], ""type"": ""Point""}";49.285103500585386, -123.05881649659871
13;Grandview-Woodland;"{""coordinates"": [-123.0572670275985, 49.28600835642249], ""type"": ""Point""}";49.28600835642249, -123.0572670275985
29;Victoria-Fraserview;"{""coordinates"": [-123.06512653085554, 49.211108836375224], ""type"": ""Point""}";49.211108836375224, -123.06512653085554
30;Victoria-Fraserview;"{""coordinates"": [-123.06200229918868, 49.21083618140162], ""type"": ""Point""}";49.21083618140162, -123.06200229918868
13;Grandview-Woodland;"{""coordinates"": [-123.06109434509648, 49.27690665082835], ""type"": ""Point""}";49.27690665082835, -123.06109434509648
1;Grandview-Woodland;"{""coordinates"": [-123.06464825469018, 49.27863002008142], ""type"": ""Point""}";49.27863002008142, -123.06464825469018
8;Grandview-Woodland;"{""coordinates"": [-123.06694044666442, 49.27784266195521], ""type"": ""Point""}";49.27784266195521, -123.06694044666442
40;Grandview-Woodland;"{""coordinates"": [-123.06085955350558, 49.28151190212792], ""type"": ""Point""}";49.28151190212792, -123.06085955350558
38;Grandview-Woodland;"{""coordinates"": [-123.06471364187658, 49.28154965659176], ""type"": ""Point""}";49.28154965659176, -123.06471364187658
24;Grandview-Woodland;"{""coordinates"": [-123.0588440785022, 49.28424690335262], ""type"": ""Point""}";49.28424690335262, -123.0588440785022
4;Hastings-Sunrise;"{""coordinates"": [-123.05559873053149, 49.27169523942015], ""type"": ""Point""}";49.27169523942015, -123.05559873053149
10;Hastings-Sunrise;"{""coordinates"": [-123.05364422669898, 49.273582481724816], ""type"": ""Point""}";49.273582481724816, -123.05364422669898
2;Hastings-Sunrise;"{""coordinates"": [-123.04820628743421, 49.274421008100056], ""type"": ""Point""}";49.274421008100056, -123.04820628743421
2;Hastings-Sunrise;"{""coordinates"": [-123.05121902412345, 49.274434275121706], ""type"": ""Point""}";49.274434275121706, -123.05121902412345
T;Renfrew-Collingwood;"{""coordinates"": [-123.05429355562248, 49.25691942178234], ""type"": ""Point""}";49.25691942178234, -123.05429355562248
2;Renfrew-Collingwood;"{""coordinates"": [-123.04573598488155, 49.26129850492912], ""type"": ""Point""}";49.26129850492912, -123.04573598488155
7;Renfrew-Collingwood;"{""coordinates"": [-123.05386583780724, 49.25878674941455], ""type"": ""Point""}";49.25878674941455, -123.05386583780724
6;Renfrew-Collingwood;"{""coordinates"": [-123.05391018272167, 49.2594890748289], ""type"": ""Point""}";49.2594890748289, -123.05391018272167
3;Renfrew-Collingwood;"{""coordinates"": [-123.05390021212946, 49.260429537681574], ""type"": ""Point""}";49.260429537681574, -123.05390021212946
24;Hastings-Sunrise;"{""coordinates"": [-123.05544498407554, 49.26244455179453], ""type"": ""Point""}";49.26244455179453, -123.05544498407554
13;Hastings-Sunrise;"{""coordinates"": [-123.04583508464505, 49.26415391269018], ""type"": ""Point""}";49.26415391269018, -123.04583508464505
14;Hastings-Sunrise;"{""coordinates"": [-123.05352540947868, 49.26509588487926], ""type"": ""Point""}";49.26509588487926, -123.05352540947868
11;Hastings-Sunrise;"{""coordinates"": [-123.05345422867832, 49.26608001982726], ""type"": ""Point""}";49.26608001982726, -123.05345422867832
3;Renfrew-Collingwood;"{""coordinates"": [-123.05362983637357, 49.248231283259024], ""type"": ""Point""}";49.248231283259024, -123.05362983637357
1;Renfrew-Collingwood;"{""coordinates"": [-123.05522863316601, 49.24735403491156], ""type"": ""Point""}";49.24735403491156, -123.05522863316601
1;Renfrew-Collingwood;"{""coordinates"": [-123.04819929295729, 49.25002423936286], ""type"": ""Point""}";49.25002423936286, -123.04819929295729
H;Renfrew-Collingwood;"{""coordinates"": [-123.04591012089531, 49.250955907605295], ""type"": ""Point""}";49.250955907605295, -123.04591012089531
K;Renfrew-Collingwood;"{""coordinates"": [-123.04578006097137, 49.2526347376115], ""type"": ""Point""}";49.2526347376115, -123.04578006097137
G;Renfrew-Collingwood;"{""coordinates"": [-123.04831674535546, 49.250977225363464], ""type"": ""Point""}";49.250977225363464, -123.04831674535546
L;Renfrew-Collingwood;"{""coordinates"": [-123.0552269505797, 49.25097012593612], ""type"": ""Point""}";49.25097012593612, -123.0552269505797
M;Renfrew-Collingwood;"{""coordinates"": [-123.04616539920094, 49.254296730027946], ""type"": ""Point""}";49.254296730027946, -123.04616539920094
A;Renfrew-Collingwood;"{""coordinates"": [-123.05125403269443, 49.25602173836826], ""type"": ""Point""}";49.25602173836826, -123.05125403269443
115;Renfrew-Collingwood;"{""coordinates"": [-123.04602024804733, 49.24015509936578], ""type"": ""Point""}";49.24015509936578, -123.04602024804733
122;Renfrew-Collingwood;"{""coordinates"": [-123.04671074777599, 49.24248028942458], ""type"": ""Point""}";49.24248028942458, -123.04671074777599
126;Renfrew-Collingwood;"{""coordinates"": [-123.04777711259555, 49.24276914916278], ""type"": ""Point""}";49.24276914916278, -123.04777711259555
C;Renfrew-Collingwood;"{""coordinates"": [-123.05034127262637, 49.247214521070866], ""type"": ""Point""}";49.247214521070866, -123.05034127262637
1;Killarney;"{""coordinates"": [-123.04770519531793, 49.22873904808256], ""type"": ""Point""}";49.22873904808256, -123.04770519531793
2;Victoria-Fraserview;"{""coordinates"": [-123.05044898448008, 49.231882633023936], ""type"": ""Point""}";49.231882633023936, -123.05044898448008
A;Renfrew-Collingwood;"{""coordinates"": [-123.05005404278623, 49.23872498662916], ""type"": ""Point""}";49.23872498662916, -123.05005404278623
C;Renfrew-Collingwood;"{""coordinates"": [-123.04864528210916, 49.24002643535453], ""type"": ""Point""}";49.24002643535453, -123.04864528210916
4;Renfrew-Collingwood;"{""coordinates"": [-123.05271705656645, 49.23966655750753], ""type"": ""Point""}";49.23966655750753, -123.05271705656645
5;Killarney;"{""coordinates"": [-123.04809241661779, 49.22159847368314], ""type"": ""Point""}";49.22159847368314, -123.04809241661779
4;Killarney;"{""coordinates"": [-123.04657730059537, 49.22174547456101], ""type"": ""Point""}";49.22174547456101, -123.04657730059537
68;Victoria-Fraserview;"{""coordinates"": [-123.05373968637235, 49.2192425335378], ""type"": ""Point""}";49.2192425335378, -123.05373968637235
11;Victoria-Fraserview;"{""coordinates"": [-123.0533713184884, 49.229789662073756], ""type"": ""Point""}";49.229789662073756, -123.0533713184884
2;Killarney;"{""coordinates"": [-123.0472276717676, 49.229689305452894], ""type"": ""Point""}";49.229689305452894, -123.0472276717676
41;Hastings-Sunrise;"{""coordinates"": [-123.04559729125151, 49.282370379939685], ""type"": ""Point""}";49.282370379939685, -123.04559729125151
54;Hastings-Sunrise;"{""coordinates"": [-123.05563912956515, 49.28147053831924], ""type"": ""Point""}";49.28147053831924, -123.05563912956515
23;Hastings-Sunrise;"{""coordinates"": [-123.04560906913821, 49.28418305563853], ""type"": ""Point""}";49.28418305563853, -123.04560906913821
71;Killarney;"{""coordinates"": [-123.0505125911383, 49.20879706735932], ""type"": ""Point""}";49.20879706735932, -123.0505125911383
65;Killarney;"{""coordinates"": [-123.04854534446768, 49.206525952079], ""type"": ""Point""}";49.206525952079, -123.04854534446768
71;Killarney;"{""coordinates"": [-123.04972240328536, 49.21154405839026], ""type"": ""Point""}";49.21154405839026, -123.04972240328536
71;Killarney;"{""coordinates"": [-123.04828141896945, 49.215066736735075], ""type"": ""Point""}";49.215066736735075, -123.04828141896945
53;Hastings-Sunrise;"{""coordinates"": [-123.05335594747886, 49.28147512325129], ""type"": ""Point""}";49.28147512325129, -123.05335594747886
3;Hastings-Sunrise;"{""coordinates"": [-123.0447527608177, 49.273676516327264], ""type"": ""Point""}";49.273676516327264, -123.0447527608177
73;Hastings-Sunrise;"{""coordinates"": [-123.0481294741257, 49.27948799988055], ""type"": ""Point""}";49.27948799988055, -123.0481294741257
56;Hastings-Sunrise;"{""coordinates"": [-123.05337332825236, 49.28058449375281], ""type"": ""Point""}";49.28058449375281, -123.05337332825236
55;Hastings-Sunrise;"{""coordinates"": [-123.05546450492407, 49.28058340996593], ""type"": ""Point""}";49.28058340996593, -123.05546450492407
77;Hastings-Sunrise;"{""coordinates"": [-123.05569153240342, 49.27806666536424], ""type"": ""Point""}";49.27806666536424, -123.05569153240342
34;Hastings-Sunrise;"{""coordinates"": [-123.05074486272665, 49.28328664131972], ""type"": ""Point""}";49.28328664131972, -123.05074486272665
23;Hastings-Sunrise;"{""coordinates"": [-123.03538434981, 49.26231606958807], ""type"": ""Point""}";49.26231606958807, -123.03538434981
24;Hastings-Sunrise;"{""coordinates"": [-123.03789560979035, 49.26232255034065], ""type"": ""Point""}";49.26232255034065, -123.03789560979035
66;Hastings-Sunrise;"{""coordinates"": [-123.0402969523614, 49.27072812947875], ""type"": ""Point""}";49.27072812947875, -123.0402969523614
76;Renfrew-Collingwood;"{""coordinates"": [-123.03669351308851, 49.24399202860425], ""type"": ""Point""}";49.24399202860425, -123.03669351308851
3;Renfrew-Collingwood;"{""coordinates"": [-123.03784110316279, 49.24907769678901], ""type"": ""Point""}";49.24907769678901, -123.03784110316279
3;Renfrew-Collingwood;"{""coordinates"": [-123.03550244451107, 49.24568946847024], ""type"": ""Point""}";49.24568946847024, -123.03550244451107
1;Renfrew-Collingwood;"{""coordinates"": [-123.0422710485956, 49.243647233100944], ""type"": ""Point""}";49.243647233100944, -123.0422710485956
130;Renfrew-Collingwood;"{""coordinates"": [-123.03867612936882, 49.243849419090104], ""type"": ""Point""}";49.243849419090104, -123.03867612936882
117;Renfrew-Collingwood;"{""coordinates"": [-123.0423502680153, 49.2429884110068], ""type"": ""Point""}";49.2429884110068, -123.0423502680153
8;Renfrew-Collingwood;"{""coordinates"": [-123.0449245464707, 49.237968643262874], ""type"": ""Point""}";49.237968643262874, -123.0449245464707
81;Renfrew-Collingwood;"{""coordinates"": [-123.03610962813327, 49.23851208812468], ""type"": ""Point""}";49.23851208812468, -123.03610962813327
150;Renfrew-Collingwood;"{""coordinates"": [-123.03593356238078, 49.23966169001854], ""type"": ""Point""}";49.23966169001854, -123.03593356238078
149;Renfrew-Collingwood;"{""coordinates"": [-123.03631311342637, 49.239790590085086], ""type"": ""Point""}";49.239790590085086, -123.03631311342637
148;Renfrew-Collingwood;"{""coordinates"": [-123.0367361279554, 49.239967419723754], ""type"": ""Point""}";49.239967419723754, -123.0367361279554
121;Renfrew-Collingwood;"{""coordinates"": [-123.0442710080004, 49.24391184345572], ""type"": ""Point""}";49.24391184345572, -123.0442710080004
C;Killarney;"{""coordinates"": [-123.03586931215168, 49.23137454998258], ""type"": ""Point""}";49.23137454998258, -123.03586931215168
27;Renfrew-Collingwood;"{""coordinates"": [-123.03682594452167, 49.23567682149387], ""type"": ""Point""}";49.23567682149387, -123.03682594452167
15;Killarney;"{""coordinates"": [-123.0422074717926, 49.23204872527354], ""type"": ""Point""}";49.23204872527354, -123.0422074717926
40;Killarney;"{""coordinates"": [-123.03555959415988, 49.23261009881914], ""type"": ""Point""}";49.23261009881914, -123.03555959415988
24;Renfrew-Collingwood;"{""coordinates"": [-123.03518533036116, 49.24015451771799], ""type"": ""Point""}";49.24015451771799, -123.03518533036116
18;Renfrew-Collingwood;"{""coordinates"": [-123.0391699466261, 49.2368034697703], ""type"": ""Point""}";49.2368034697703, -123.0391699466261
16;Killarney;"{""coordinates"": [-123.0354416685332, 49.20720006480719], ""type"": ""Point""}";49.20720006480719, -123.0354416685332
1;Killarney;"{""coordinates"": [-123.04019193349852, 49.220356772133755], ""type"": ""Point""}";49.220356772133755, -123.04019193349852
9;Killarney;"{""coordinates"": [-123.04193731815145, 49.22114729475166], ""type"": ""Point""}";49.22114729475166, -123.04193731815145
2;Killarney;"{""coordinates"": [-123.04017786905857, 49.220913044603115], ""type"": ""Point""}";49.220913044603115, -123.04017786905857
3;Killarney;"{""coordinates"": [-123.03779276315649, 49.22495024204344], ""type"": ""Point""}";49.22495024204344, -123.03779276315649
2;Killarney;"{""coordinates"": [-123.03775573356752, 49.22570337362771], ""type"": ""Point""}";49.22570337362771, -123.03775573356752
92;Hastings-Sunrise;"{""coordinates"": [-123.03250019632719, 49.266036820113584], ""type"": ""Point""}";49.266036820113584, -123.03250019632719
112;Hastings-Sunrise;"{""coordinates"": [-123.02501741405975, 49.26898152450056], ""type"": ""Point""}";49.26898152450056, -123.02501741405975
96;Hastings-Sunrise;"{""coordinates"": [-123.02980308603796, 49.268760771505974], ""type"": ""Point""}";49.268760771505974, -123.02980308603796
84;Hastings-Sunrise;"{""coordinates"": [-123.03762819524732, 49.27803930104063], ""type"": ""Point""}";49.27803930104063, -123.03762819524732
82;Hastings-Sunrise;"{""coordinates"": [-123.04271627594241, 49.27807329695109], ""type"": ""Point""}";49.27807329695109, -123.04271627594241
2;Renfrew-Collingwood;"{""coordinates"": [-123.02989177960363, 49.246534017506924], ""type"": ""Point""}";49.246534017506924, -123.02989177960363
2;Renfrew-Collingwood;"{""coordinates"": [-123.02726530054892, 49.24647501084517], ""type"": ""Point""}";49.24647501084517, -123.02726530054892
3;Renfrew-Collingwood;"{""coordinates"": [-123.02983699726157, 49.24566511931138], ""type"": ""Point""}";49.24566511931138, -123.02983699726157
16;Renfrew-Collingwood;"{""coordinates"": [-123.02891390449882, 49.25179107673564], ""type"": ""Point""}";49.25179107673564, -123.02891390449882
20;Renfrew-Collingwood;"{""coordinates"": [-123.03047186566474, 49.25526688796504], ""type"": ""Point""}";49.25526688796504, -123.03047186566474
4;Renfrew-Collingwood;"{""coordinates"": [-123.02559846555619, 49.25687144071507], ""type"": ""Point""}";49.25687144071507, -123.02559846555619
1;Renfrew-Collingwood;"{""coordinates"": [-123.03322631006593, 49.257118351483584], ""type"": ""Point""}";49.257118351483584, -123.03322631006593
C;Renfrew-Collingwood;"{""coordinates"": [-123.02438918861606, 49.25907978414808], ""type"": ""Point""}";49.25907978414808, -123.02438918861606
95;Renfrew-Collingwood;"{""coordinates"": [-123.0326134748658, 49.24382783906278], ""type"": ""Point""}";49.24382783906278, -123.0326134748658
3;Renfrew-Collingwood;"{""coordinates"": [-123.03188762060984, 49.24905150923714], ""type"": ""Point""}";49.24905150923714, -123.03188762060984
13;Renfrew-Collingwood;"{""coordinates"": [-123.02957796683556, 49.23819384933553], ""type"": ""Point""}";49.23819384933553, -123.02957796683556
14;Renfrew-Collingwood;"{""coordinates"": [-123.0302698751999, 49.23826480450038], ""type"": ""Point""}";49.23826480450038, -123.0302698751999
53;Renfrew-Collingwood;"{""coordinates"": [-123.02813498487083, 49.23833571394698], ""type"": ""Point""}";49.23833571394698, -123.02813498487083
62;Renfrew-Collingwood;"{""coordinates"": [-123.02426829063856, 49.23797500912074], ""type"": ""Point""}";49.23797500912074, -123.02426829063856
4;Renfrew-Collingwood;"{""coordinates"": [-123.02522595416946, 49.23631899521093], ""type"": ""Point""}";49.23631899521093, -123.02522595416946
49;Renfrew-Collingwood;"{""coordinates"": [-123.02981178483265, 49.23936559950669], ""type"": ""Point""}";49.23936559950669, -123.02981178483265
158;Renfrew-Collingwood;"{""coordinates"": [-123.03210023851567, 49.23766350006874], ""type"": ""Point""}";49.23766350006874, -123.03210023851567
110;Renfrew-Collingwood;"{""coordinates"": [-123.02421661816425, 49.23914343007151], ""type"": ""Point""}";49.23914343007151, -123.02421661816425
97;Renfrew-Collingwood;"{""coordinates"": [-123.03117642908097, 49.244218008308394], ""type"": ""Point""}";49.244218008308394, -123.03117642908097
7;Renfrew-Collingwood;"{""coordinates"": [-123.02975595811755, 49.23338092347692], ""type"": ""Point""}";49.23338092347692, -123.02975595811755
44;Renfrew-Collingwood;"{""coordinates"": [-123.03301353654254, 49.2404358282485], ""type"": ""Point""}";49.2404358282485, -123.03301353654254
12;Hastings-Sunrise;"{""coordinates"": [-123.0297057658088, 49.28508624422776], ""type"": ""Point""}";49.28508624422776, -123.0297057658088
27;Killarney;"{""coordinates"": [-123.02657464192511, 49.2032762417131], ""type"": ""Point""}";49.2032762417131, -123.02657464192511
6;Killarney;"{""coordinates"": [-123.03424613972452, 49.22553168637024], ""type"": ""Point""}";49.22553168637024, -123.03424613972452
38;Mount Pleasant;"{""coordinates"": [-123.10413991204581, 49.260587279133745], ""type"": ""Point""}";49.260587279133745, -123.10413991204581
J;Kitsilano;"{""coordinates"": [-123.1426850862504, 49.27387300294571], ""type"": ""Point""}";49.27387300294571, -123.1426850862504
1;Hastings-Sunrise;"{""coordinates"": [-123.03223520010847, 49.27690124180252], ""type"": ""Point""}";49.27690124180252, -123.03223520010847
25;Hastings-Sunrise;"{""coordinates"": [-123.0297443604878, 49.284166478065835], ""type"": ""Point""}";49.284166478065835, -123.0297443604878
31;Hastings-Sunrise;"{""coordinates"": [-123.03191557516911, 49.28326543704317], ""type"": ""Point""}";49.28326543704317, -123.03191557516911
10;Strathcona;"{""coordinates"": [-123.07821977940078, 49.28063429255444], ""type"": ""Point""}";49.28063429255444, -123.07821977940078
52;Riley Park;"{""coordinates"": [-123.09321658934225, 49.25315953474385], ""type"": ""Point""}";49.25315953474385, -123.09321658934225
25;Riley Park;"{""coordinates"": [-123.09971093266306, 49.25147744772027], ""type"": ""Point""}";49.25147744772027, -123.09971093266306
33;Mount Pleasant;"{""coordinates"": [-123.10586056489329, 49.26148038800743], ""type"": ""Point""}";49.26148038800743, -123.10586056489329
3;Kensington-Cedar Cottage;"{""coordinates"": [-123.0723699558946, 49.252855260269705], ""type"": ""Point""}";49.252855260269705, -123.0723699558946
A;Kensington-Cedar Cottage;"{""coordinates"": [-123.07376184135988, 49.25197592459499], ""type"": ""Point""}";49.25197592459499, -123.07376184135988
11;Grandview-Woodland;"{""coordinates"": [-123.07568247820703, 49.280610049165176], ""type"": ""Point""}";49.280610049165176, -123.07568247820703
13;Strathcona;"{""coordinates"": [-123.07830057697842, 49.279656965597894], ""type"": ""Point""}";49.279656965597894, -123.07830057697842
13;Grandview-Woodland;"{""coordinates"": [-123.07182887773051, 49.27969921939], ""type"": ""Point""}";49.27969921939, -123.07182887773051
CREEK;Fairview;"{""coordinates"": [-123.13645046647501, 49.26870871007082], ""type"": ""Point""}";49.26870871007082, -123.13645046647501
L;Marpole;"{""coordinates"": [-123.1408984618681, 49.20426814611988], ""type"": ""Point""}";49.20426814611988, -123.1408984618681
B;Arbutus Ridge;"{""coordinates"": [-123.15334921710577, 49.2410094262253], ""type"": ""Point""}";49.2410094262253, -123.15334921710577
11;Marpole;"{""coordinates"": [-123.10765491381895, 49.20857929747043], ""type"": ""Point""}";49.20857929747043, -123.10765491381895
3;Renfrew-Collingwood;"{""coordinates"": [-123.05373445865261, 49.24425855363778], ""type"": ""Point""}";49.24425855363778, -123.05373445865261
E1/2;West Point Grey;"{""coordinates"": [-123.20786839588523, 49.26603138668929], ""type"": ""Point""}";49.26603138668929, -123.20786839588523
6;Dunbar-Southlands;"{""coordinates"": [-123.18016063836534, 49.223870081688034], ""type"": ""Point""}";49.223870081688034, -123.18016063836534
154;Renfrew-Collingwood;"{""coordinates"": [-123.03428683104087, 49.23828977734352], ""type"": ""Point""}";49.23828977734352, -123.03428683104087
BLK;Grandview-Woodland;"{""coordinates"": [-123.06455592402345, 49.26842664889095], ""type"": ""Point""}";49.26842664889095, -123.06455592402345
WEST;Victoria-Fraserview;"{""coordinates"": [-123.07651123764501, 49.22118954920346], ""type"": ""Point""}";49.22118954920346, -123.07651123764501
WEST;Victoria-Fraserview;"{""coordinates"": [-123.0735721291806, 49.22655272760717], ""type"": ""Point""}";49.22655272760717, -123.0735721291806
24;Strathcona;"{""coordinates"": [-123.09954948457394, 49.27575943407339], ""type"": ""Point""}";49.27575943407339, -123.09954948457394
W1/2;Mount Pleasant;"{""coordinates"": [-123.07921080253685, 49.26030080843986], ""type"": ""Point""}";49.26030080843986, -123.07921080253685
PT.;Kensington-Cedar Cottage;"{""coordinates"": [-123.083087716689, 49.24323416423853], ""type"": ""Point""}";49.24323416423853, -123.083087716689
HALF;Victoria-Fraserview;"{""coordinates"": [-123.06130818943853, 49.22691967087573], ""type"": ""Point""}";49.22691967087573, -123.06130818943853
W10  AC.;Victoria-Fraserview;"{""coordinates"": [-123.06034167159825, 49.23182741686339], ""type"": ""Point""}";49.23182741686339, -123.06034167159825
N1/2  OF;Victoria-Fraserview;"{""coordinates"": [-123.06117716151809, 49.23182426086332], ""type"": ""Point""}";49.23182426086332, -123.06117716151809
SOUTH;Kensington-Cedar Cottage;"{""coordinates"": [-123.06420202936476, 49.23776835343686], ""type"": ""Point""}";49.23776835343686, -123.06420202936476
N1/2;Hastings-Sunrise;"{""coordinates"": [-123.02715557411356, 49.27873698859197], ""type"": ""Point""}";49.27873698859197, -123.02715557411356
EAST           HALF;Renfrew-Collingwood;"{""coordinates"": [-123.04721744999038, 49.23546563815166], ""type"": ""Point""}";49.23546563815166, -123.04721744999038
NORTH;Kensington-Cedar Cottage;"{""coordinates"": [-123.07052623371764, 49.24275021520309], ""type"": ""Point""}";49.24275021520309, -123.07052623371764
4;Sunset;"{""coordinates"": [-123.10327175545386, 49.2174226692673], ""type"": ""Point""}";49.2174226692673, -123.10327175545386
3;Grandview-Woodland;"{""coordinates"": [-123.06283727673058, 49.27073983824009], ""type"": ""Point""}";49.27073983824009, -123.06283727673058
K;Strathcona;"{""coordinates"": [-123.08052967179745, 49.282501228963], ""type"": ""Point""}";49.282501228963, -123.08052967179745
A;Strathcona;"{""coordinates"": [-123.0795497344518, 49.28249404595259], ""type"": ""Point""}";49.28249404595259, -123.0795497344518
EAST;Victoria-Fraserview;"{""coordinates"": [-123.06155497186919, 49.23059182714578], ""type"": ""Point""}";49.23059182714578, -123.06155497186919
J;Hastings-Sunrise;"{""coordinates"": [-123.02943598733206, 49.29034317831792], ""type"": ""Point""}";49.29034317831792, -123.02943598733206
PT. BLK. A;Victoria-Fraserview;"{""coordinates"": [-123.05817139618532, 49.23158904944897], ""type"": ""Point""}";49.23158904944897, -123.05817139618532
CENTRE PORTION;Kensington-Cedar Cottage;"{""coordinates"": [-123.06827350943529, 49.23541809763653], ""type"": ""Point""}";49.23541809763653, -123.06827350943529
2;West Point Grey;"{""coordinates"": [-123.21299571671419, 49.26346528567555], ""type"": ""Point""}";49.26346528567555, -123.21299571671419
1;West Point Grey;"{""coordinates"": [-123.21430937400693, 49.2652879759819], ""type"": ""Point""}";49.2652879759819, -123.21430937400693
136;West Point Grey;"{""coordinates"": [-123.2135983752338, 49.2704417647019], ""type"": ""Point""}";49.2704417647019, -123.2135983752338
2;West Point Grey;"{""coordinates"": [-123.21282921195471, 49.27071573865384], ""type"": ""Point""}";49.27071573865384, -123.21282921195471
142;West Point Grey;"{""coordinates"": [-123.21075125376287, 49.26828722649211], ""type"": ""Point""}";49.26828722649211, -123.21075125376287
143;West Point Grey;"{""coordinates"": [-123.21377696570204, 49.26834734196118], ""type"": ""Point""}";49.26834734196118, -123.21377696570204
1;West Point Grey;"{""coordinates"": [-123.2141972027716, 49.268578190216616], ""type"": ""Point""}";49.268578190216616, -123.2141972027716
D;West Point Grey;"{""coordinates"": [-123.21374749794691, 49.27250363867593], ""type"": ""Point""}";49.27250363867593, -123.21374749794691
4;West Point Grey;"{""coordinates"": [-123.20816924531306, 49.269512394525826], ""type"": ""Point""}";49.269512394525826, -123.20816924531306
C;West Point Grey;"{""coordinates"": [-123.20430491630341, 49.26960450360921], ""type"": ""Point""}";49.26960450360921, -123.20430491630341
140;West Point Grey;"{""coordinates"": [-123.20456440633029, 49.268191770494845], ""type"": ""Point""}";49.268191770494845, -123.20456440633029
4;West Point Grey;"{""coordinates"": [-123.2143785884229, 49.26258975159686], ""type"": ""Point""}";49.26258975159686, -123.2143785884229
3;West Point Grey;"{""coordinates"": [-123.2130256679116, 49.26257165491662], ""type"": ""Point""}";49.26257165491662, -123.2130256679116
B;;"{""coordinates"": [-123.22081575010507, 49.26261947415737], ""type"": ""Point""}";49.26261947415737, -123.22081575010507
4;West Point Grey;"{""coordinates"": [-123.19936291532997, 49.258591151476104], ""type"": ""Point""}";49.258591151476104, -123.19936291532997
3;West Point Grey;"{""coordinates"": [-123.20364032948716, 49.26425524681797], ""type"": ""Point""}";49.26425524681797, -123.20364032948716
149;West Point Grey;"{""coordinates"": [-123.2078774153017, 49.26498169248661], ""type"": ""Point""}";49.26498169248661, -123.2078774153017
1;West Point Grey;"{""coordinates"": [-123.19917017806871, 49.263108953330516], ""type"": ""Point""}";49.263108953330516, -123.19917017806871
D;West Point Grey;"{""coordinates"": [-123.19142060153321, 49.2694214047068], ""type"": ""Point""}";49.2694214047068, -123.19142060153321
A;West Point Grey;"{""coordinates"": [-123.19834426093499, 49.26762255978529], ""type"": ""Point""}";49.26762255978529, -123.19834426093499
A;Dunbar-Southlands;"{""coordinates"": [-123.20149499272127, 49.23489962631455], ""type"": ""Point""}";49.23489962631455, -123.20149499272127
4;West Point Grey;"{""coordinates"": [-123.20864402576449, 49.26067751318221], ""type"": ""Point""}";49.26067751318221, -123.20864402576449
4;West Point Grey;"{""coordinates"": [-123.20528362538073, 49.260642109683495], ""type"": ""Point""}";49.260642109683495, -123.20528362538073
3;West Point Grey;"{""coordinates"": [-123.20692255407462, 49.26231700069564], ""type"": ""Point""}";49.26231700069564, -123.20692255407462
4;West Point Grey;"{""coordinates"": [-123.2053875093952, 49.25882588944099], ""type"": ""Point""}";49.25882588944099, -123.2053875093952
3;West Point Grey;"{""coordinates"": [-123.20999256210074, 49.26250920355707], ""type"": ""Point""}";49.26250920355707, -123.20999256210074
180;West Point Grey;"{""coordinates"": [-123.18953350781068, 49.26273348480995], ""type"": ""Point""}";49.26273348480995, -123.18953350781068
166;West Point Grey;"{""coordinates"": [-123.19598962973875, 49.259224285472094], ""type"": ""Point""}";49.259224285472094, -123.19598962973875
3;West Point Grey;"{""coordinates"": [-123.1979159751573, 49.2603756278278], ""type"": ""Point""}";49.2603756278278, -123.1979159751573
172;West Point Grey;"{""coordinates"": [-123.19275538445609, 49.26100787397993], ""type"": ""Point""}";49.26100787397993, -123.19275538445609
2;West Point Grey;"{""coordinates"": [-123.19179959743568, 49.261190178452594], ""type"": ""Point""}";49.261190178452594, -123.19179959743568
4;West Point Grey;"{""coordinates"": [-123.19315566696552, 49.262114894182766], ""type"": ""Point""}";49.262114894182766, -123.19315566696552
33;Dunbar-Southlands;"{""coordinates"": [-123.1896557990786, 49.25121119719614], ""type"": ""Point""}";49.25121119719614, -123.1896557990786
4;Dunbar-Southlands;"{""coordinates"": [-123.19283420267838, 49.255966209942684], ""type"": ""Point""}";49.255966209942684, -123.19283420267838
3;Dunbar-Southlands;"{""coordinates"": [-123.18944345586534, 49.23454627411779], ""type"": ""Point""}";49.23454627411779, -123.18944345586534
194;West Point Grey;"{""coordinates"": [-123.18701737420848, 49.26556205384351], ""type"": ""Point""}";49.26556205384351, -123.18701737420848
58;Kitsilano;"{""coordinates"": [-123.17898705835553, 49.26368813571329], ""type"": ""Point""}";49.26368813571329, -123.17898705835553
5;Kitsilano;"{""coordinates"": [-123.18456775537229, 49.27163609961166], ""type"": ""Point""}";49.27163609961166, -123.18456775537229
7;Kitsilano;"{""coordinates"": [-123.18065437427863, 49.271505989185535], ""type"": ""Point""}";49.271505989185535, -123.18065437427863
27;Kitsilano;"{""coordinates"": [-123.18471727489816, 49.26808168593037], ""type"": ""Point""}";49.26808168593037, -123.18471727489816
17;Kitsilano;"{""coordinates"": [-123.1807654442782, 49.26974777573038], ""type"": ""Point""}";49.26974777573038, -123.1807654442782
18;Kitsilano;"{""coordinates"": [-123.17868772166597, 49.26971581835774], ""type"": ""Point""}";49.26971581835774, -123.17868772166597
229;West Point Grey;"{""coordinates"": [-123.18677423025854, 49.26984296804405], ""type"": ""Point""}";49.26984296804405, -123.18677423025854
235;West Point Grey;"{""coordinates"": [-123.18827402143869, 49.27257239385545], ""type"": ""Point""}";49.27257239385545, -123.18827402143869
113;Kitsilano;"{""coordinates"": [-123.18311561512623, 49.25830759229449], ""type"": ""Point""}";49.25830759229449, -123.18311561512623
114;Kitsilano;"{""coordinates"": [-123.1815942855552, 49.258287955157556], ""type"": ""Point""}";49.258287955157556, -123.1815942855552
75;Kitsilano;"{""coordinates"": [-123.17874198652233, 49.26186022937937], ""type"": ""Point""}";49.26186022937937, -123.17874198652233
74;Kitsilano;"{""coordinates"": [-123.18132857707641, 49.261897136128155], ""type"": ""Point""}";49.261897136128155, -123.18132857707641
2;West Point Grey;"{""coordinates"": [-123.18715032245292, 49.26220881995373], ""type"": ""Point""}";49.26220881995373, -123.18715032245292
4;Kitsilano;"{""coordinates"": [-123.17938537050145, 49.2626735778224], ""type"": ""Point""}";49.2626735778224, -123.17938537050145
C;Kitsilano;"{""coordinates"": [-123.18295787304474, 49.26101473675], ""type"": ""Point""}";49.26101473675, -123.18295787304474
73;Kitsilano;"{""coordinates"": [-123.18301000825579, 49.26191914091934], ""type"": ""Point""}";49.26191914091934, -123.18301000825579
3;Dunbar-Southlands;"{""coordinates"": [-123.18266607257304, 49.25607587008905], ""type"": ""Point""}";49.25607587008905, -123.18266607257304
1;Dunbar-Southlands;"{""coordinates"": [-123.18403045930573, 49.2571256870483], ""type"": ""Point""}";49.2571256870483, -123.18403045930573
A;Dunbar-Southlands;"{""coordinates"": [-123.1836401727051, 49.238200638543745], ""type"": ""Point""}";49.238200638543745, -123.1836401727051
43;Dunbar-Southlands;"{""coordinates"": [-123.18365336502994, 49.241562168585936], ""type"": ""Point""}";49.241562168585936, -123.18365336502994
2;Dunbar-Southlands;"{""coordinates"": [-123.18259613533034, 49.249339463786825], ""type"": ""Point""}";49.249339463786825, -123.18259613533034
2;Kitsilano;"{""coordinates"": [-123.17238770716287, 49.26909099397629], ""type"": ""Point""}";49.26909099397629, -123.17238770716287
30;Kitsilano;"{""coordinates"": [-123.17482905477786, 49.268076687833585], ""type"": ""Point""}";49.268076687833585, -123.17482905477786
26;Kitsilano;"{""coordinates"": [-123.1748905117224, 49.268760895849724], ""type"": ""Point""}";49.268760895849724, -123.1748905117224
12;Kitsilano;"{""coordinates"": [-123.16734484972847, 49.26777023018034], ""type"": ""Point""}";49.26777023018034, -123.16734484972847
15;Kerrisdale;"{""coordinates"": [-123.17789064054934, 49.2182922644682], ""type"": ""Point""}";49.2182922644682, -123.17789064054934
1;Dunbar-Southlands;"{""coordinates"": [-123.18361475988046, 49.22950667307306], ""type"": ""Point""}";49.22950667307306, -123.18361475988046
A;Dunbar-Southlands;"{""coordinates"": [-123.17961557147504, 49.230994992880234], ""type"": ""Point""}";49.230994992880234, -123.17961557147504
4;Dunbar-Southlands;"{""coordinates"": [-123.18665342111348, 49.232887151885336], ""type"": ""Point""}";49.232887151885336, -123.18665342111348
3;Kitsilano;"{""coordinates"": [-123.17177503284363, 49.26908066244058], ""type"": ""Point""}";49.26908066244058, -123.17177503284363
42;Kitsilano;"{""coordinates"": [-123.17514400301795, 49.2661824324861], ""type"": ""Point""}";49.2661824324861, -123.17514400301795
2;Kitsilano;"{""coordinates"": [-123.17219690368736, 49.26599238589963], ""type"": ""Point""}";49.26599238589963, -123.17219690368736
23;Kitsilano;"{""coordinates"": [-123.16927650931173, 49.26368560767437], ""type"": ""Point""}";49.26368560767437, -123.16927650931173
29;Kitsilano;"{""coordinates"": [-123.17668907468172, 49.267922037418685], ""type"": ""Point""}";49.267922037418685, -123.17668907468172
4;Arbutus Ridge;"{""coordinates"": [-123.16706050233788, 49.254052293347755], ""type"": ""Point""}";49.254052293347755, -123.16706050233788
109;Kitsilano;"{""coordinates"": [-123.1694110262864, 49.25899540538896], ""type"": ""Point""}";49.25899540538896, -123.1694110262864
106;Kitsilano;"{""coordinates"": [-123.17521036314697, 49.25908521801211], ""type"": ""Point""}";49.25908521801211, -123.17521036314697
2;Kitsilano;"{""coordinates"": [-123.17460166747952, 49.26203773925244], ""type"": ""Point""}";49.26203773925244, -123.17460166747952
4;Kitsilano;"{""coordinates"": [-123.1755326410362, 49.26256388881401], ""type"": ""Point""}";49.26256388881401, -123.1755326410362
69;Kitsilano;"{""coordinates"": [-123.16962019637569, 49.262607522424325], ""type"": ""Point""}";49.262607522424325, -123.16962019637569
2;Arbutus Ridge;"{""coordinates"": [-123.16843163883182, 49.251343180172995], ""type"": ""Point""}";49.251343180172995, -123.16843163883182
3;Arbutus Ridge;"{""coordinates"": [-123.17364156357714, 49.256003944291834], ""type"": ""Point""}";49.256003944291834, -123.17364156357714
F;Dunbar-Southlands;"{""coordinates"": [-123.17692736816947, 49.25561844336249], ""type"": ""Point""}";49.25561844336249, -123.17692736816947
1;Arbutus Ridge;"{""coordinates"": [-123.1694690933611, 49.256936674568045], ""type"": ""Point""}";49.256936674568045, -123.1694690933611
2;Dunbar-Southlands;"{""coordinates"": [-123.174353267465, 49.24081114626373], ""type"": ""Point""}";49.24081114626373, -123.174353267465
D;Arbutus Ridge;"{""coordinates"": [-123.16915069853056, 49.24905732312047], ""type"": ""Point""}";49.24905732312047, -123.16915069853056
65;Dunbar-Southlands;"{""coordinates"": [-123.17706497369267, 49.245329856646734], ""type"": ""Point""}";49.245329856646734, -123.17706497369267
R;Arbutus Ridge;"{""coordinates"": [-123.17189618087885, 49.252236214934975], ""type"": ""Point""}";49.252236214934975, -123.17189618087885
K;Kerrisdale;"{""coordinates"": [-123.17214114161823, 49.22860067059554], ""type"": ""Point""}";49.22860067059554, -123.17214114161823
G;Kerrisdale;"{""coordinates"": [-123.17071892537382, 49.228415238894286], ""type"": ""Point""}";49.228415238894286, -123.17071892537382
12;Kerrisdale;"{""coordinates"": [-123.17515465704308, 49.2320526510396], ""type"": ""Point""}";49.2320526510396, -123.17515465704308
10;Kerrisdale;"{""coordinates"": [-123.17231937849988, 49.23203616307223], ""type"": ""Point""}";49.23203616307223, -123.17231937849988
303;Kitsilano;"{""coordinates"": [-123.1567032620936, 49.26507882855611], ""type"": ""Point""}";49.26507882855611, -123.1567032620936
203;Kitsilano;"{""coordinates"": [-123.15642065878289, 49.27131664609557], ""type"": ""Point""}";49.27131664609557, -123.15642065878289
10;Kitsilano;"{""coordinates"": [-123.16535109186071, 49.26863379751415], ""type"": ""Point""}";49.26863379751415, -123.16535109186071
192;Kitsilano;"{""coordinates"": [-123.15864237099626, 49.27223861106595], ""type"": ""Point""}";49.27223861106595, -123.15864237099626
4;Kerrisdale;"{""coordinates"": [-123.1744444224494, 49.22431045748537], ""type"": ""Point""}";49.22431045748537, -123.1744444224494
18;Kitsilano;"{""coordinates"": [-123.16571009038977, 49.2652046982101], ""type"": ""Point""}";49.2652046982101, -123.16571009038977
341;Kitsilano;"{""coordinates"": [-123.16127068577286, 49.2633085294384], ""type"": ""Point""}";49.2633085294384, -123.16127068577286
557;Arbutus Ridge;"{""coordinates"": [-123.1593351437671, 49.24676632959863], ""type"": ""Point""}";49.24676632959863, -123.1593351437671
528;Arbutus Ridge;"{""coordinates"": [-123.15938115564899, 49.25480711921351], ""type"": ""Point""}";49.25480711921351, -123.15938115564899
2;Arbutus Ridge;"{""coordinates"": [-123.16330628587622, 49.235681666171764], ""type"": ""Point""}";49.235681666171764, -123.16330628587622
K;Arbutus Ridge;"{""coordinates"": [-123.16156716958909, 49.23673028630577], ""type"": ""Point""}";49.23673028630577, -123.16156716958909
L;Arbutus Ridge;"{""coordinates"": [-123.16172995277805, 49.2367295997713], ""type"": ""Point""}";49.2367295997713, -123.16172995277805
18;Arbutus Ridge;"{""coordinates"": [-123.16233053509143, 49.239934232223455], ""type"": ""Point""}";49.239934232223455, -123.16233053509143
6;Arbutus Ridge;"{""coordinates"": [-123.16116617667225, 49.23971369785735], ""type"": ""Point""}";49.23971369785735, -123.16116617667225
8;Arbutus Ridge;"{""coordinates"": [-123.15908848024911, 49.23871181760831], ""type"": ""Point""}";49.23871181760831, -123.15908848024911
2;Arbutus Ridge;"{""coordinates"": [-123.15592542686257, 49.24153980958189], ""type"": ""Point""}";49.24153980958189, -123.15592542686257
14;Kerrisdale;"{""coordinates"": [-123.16306354706187, 49.22404790620533], ""type"": ""Point""}";49.22404790620533, -123.16306354706187
1;Kerrisdale;"{""coordinates"": [-123.15719946212924, 49.22562988344881], ""type"": ""Point""}";49.22562988344881, -123.15719946212924
14;Kerrisdale;"{""coordinates"": [-123.16508664538416, 49.229978328396825], ""type"": ""Point""}";49.229978328396825, -123.16508664538416
6;Kerrisdale;"{""coordinates"": [-123.1572227487296, 49.22752381413622], ""type"": ""Point""}";49.22752381413622, -123.1572227487296
L;Kerrisdale;"{""coordinates"": [-123.16107217144788, 49.232938659428754], ""type"": ""Point""}";49.232938659428754, -123.16107217144788
18;Kitsilano;"{""coordinates"": [-123.1510532739261, 49.272950739499265], ""type"": ""Point""}";49.272950739499265, -123.1510532739261
156;Kitsilano;"{""coordinates"": [-123.14864264696745, 49.27583876752321], ""type"": ""Point""}";49.27583876752321, -123.14864264696745
5;Kerrisdale;"{""coordinates"": [-123.16210688017577, 49.21652563019099], ""type"": ""Point""}";49.21652563019099, -123.16210688017577
6;Kerrisdale;"{""coordinates"": [-123.15725379690663, 49.21862787955776], ""type"": ""Point""}";49.21862787955776, -123.15725379690663
384;Kitsilano;"{""coordinates"": [-123.154378056677, 49.26135165449534], ""type"": ""Point""}";49.26135165449534, -123.154378056677
424;Kitsilano;"{""coordinates"": [-123.15444402507474, 49.25951417704212], ""type"": ""Point""}";49.25951417704212, -123.15444402507474
325;Kitsilano;"{""coordinates"": [-123.15203882699416, 49.26414296555637], ""type"": ""Point""}";49.26414296555637, -123.15203882699416
206;Kitsilano;"{""coordinates"": [-123.1489823254476, 49.271024885445065], ""type"": ""Point""}";49.271024885445065, -123.1489823254476
216;Kitsilano;"{""coordinates"": [-123.14911574405464, 49.27014695299494], ""type"": ""Point""}";49.27014695299494, -123.14911574405464
244;Kitsilano;"{""coordinates"": [-123.15419050371257, 49.26760603858723], ""type"": ""Point""}";49.26760603858723, -123.15419050371257
43;Shaughnessy;"{""coordinates"": [-123.14968111636406, 49.25184051516276], ""type"": ""Point""}";49.25184051516276, -123.14968111636406
39;Shaughnessy;"{""coordinates"": [-123.1450934656321, 49.254343504942405], ""type"": ""Point""}";49.254343504942405, -123.1450934656321
465;Kitsilano;"{""coordinates"": [-123.15219598301543, 49.25761276498883], ""type"": ""Point""}";49.25761276498883, -123.15219598301543
464;Kitsilano;"{""coordinates"": [-123.15454682074284, 49.257650554579854], ""type"": ""Point""}";49.257650554579854, -123.15454682074284
428;Fairview;"{""coordinates"": [-123.14495790840408, 49.25933935860742], ""type"": ""Point""}";49.25933935860742, -123.14495790840408
427;Kitsilano;"{""coordinates"": [-123.14732804990004, 49.25937725288195], ""type"": ""Point""}";49.25937725288195, -123.14732804990004
385;Kitsilano;"{""coordinates"": [-123.15188383238028, 49.26133225632414], ""type"": ""Point""}";49.26133225632414, -123.15188383238028
4;Kerrisdale;"{""coordinates"": [-123.15351595904782, 49.23392180283977], ""type"": ""Point""}";49.23392180283977, -123.15351595904782
3;Shaughnessy;"{""coordinates"": [-123.15026437878475, 49.239464975422756], ""type"": ""Point""}";49.239464975422756, -123.15026437878475
76;Arbutus Ridge;"{""coordinates"": [-123.15207953842769, 49.24825455602589], ""type"": ""Point""}";49.24825455602589, -123.15207953842769
746;Shaughnessy;"{""coordinates"": [-123.14765066197322, 49.24515339206123], ""type"": ""Point""}";49.24515339206123, -123.14765066197322
665;Shaughnessy;"{""coordinates"": [-123.1494703081403, 49.24827597867551], ""type"": ""Point""}";49.24827597867551, -123.1494703081403
24;Shaughnessy;"{""coordinates"": [-123.15176355007553, 49.25381718877532], ""type"": ""Point""}";49.25381718877532, -123.15176355007553
532;Arbutus Ridge;"{""coordinates"": [-123.15467342220911, 49.25382903544959], ""type"": ""Point""}";49.25382903544959, -123.15467342220911
12;Kerrisdale;"{""coordinates"": [-123.15012986549729, 49.22497648031221], ""type"": ""Point""}";49.22497648031221, -123.15012986549729
C;Kerrisdale;"{""coordinates"": [-123.14582707554254, 49.22293295968256], ""type"": ""Point""}";49.22293295968256, -123.14582707554254
4;Kerrisdale;"{""coordinates"": [-123.1536223746871, 49.23020077298655], ""type"": ""Point""}";49.23020077298655, -123.1536223746871
12;Kerrisdale;"{""coordinates"": [-123.15020879594184, 49.229874749176474], ""type"": ""Point""}";49.229874749176474, -123.15020879594184
11;Marpole;"{""coordinates"": [-123.14581695258083, 49.216565665923305], ""type"": ""Point""}";49.216565665923305, -123.14581695258083
6;Kerrisdale;"{""coordinates"": [-123.15238625768625, 49.21440215921994], ""type"": ""Point""}";49.21440215921994, -123.15238625768625
4;Kerrisdale;"{""coordinates"": [-123.1506929919137, 49.21799672763681], ""type"": ""Point""}";49.21799672763681, -123.1506929919137
3;Kerrisdale;"{""coordinates"": [-123.151725174835, 49.21817793567952], ""type"": ""Point""}";49.21817793567952, -123.151725174835
1;Kerrisdale;"{""coordinates"": [-123.15339610090236, 49.21889665547397], ""type"": ""Point""}";49.21889665547397, -123.15339610090236
1;Kerrisdale;"{""coordinates"": [-123.14850411939564, 49.2226088047429], ""type"": ""Point""}";49.2226088047429, -123.14850411939564
K;Kerrisdale;"{""coordinates"": [-123.14907335904381, 49.222607603783736], ""type"": ""Point""}";49.222607603783736, -123.14907335904381
B;Kerrisdale;"{""coordinates"": [-123.14941051717511, 49.222609866768586], ""type"": ""Point""}";49.222609866768586, -123.14941051717511
3;Kerrisdale;"{""coordinates"": [-123.1546841938082, 49.22350684216815], ""type"": ""Point""}";49.22350684216815, -123.1546841938082
5;Kerrisdale;"{""coordinates"": [-123.15394688835862, 49.22312824465401], ""type"": ""Point""}";49.22312824465401, -123.15394688835862
251;Fairview;"{""coordinates"": [-123.13739667191496, 49.26752443207652], ""type"": ""Point""}";49.26752443207652, -123.13739667191496
E;Fairview;"{""coordinates"": [-123.1400364884494, 49.27417579212203], ""type"": ""Point""}";49.27417579212203, -123.1400364884494
470;Fairview;"{""coordinates"": [-123.14030164855996, 49.25741585776629], ""type"": ""Point""}";49.25741585776629, -123.14030164855996
472;Shaughnessy;"{""coordinates"": [-123.13515395916858, 49.25735198439047], ""type"": ""Point""}";49.25735198439047, -123.13515395916858
410;Fairview;"{""coordinates"": [-123.14014394288071, 49.260180458698855], ""type"": ""Point""}";49.260180458698855, -123.14014394288071
432;Fairview;"{""coordinates"": [-123.1353053770227, 49.259176468689006], ""type"": ""Point""}";49.259176468689006, -123.1353053770227
32;Shaughnessy;"{""coordinates"": [-123.14050081676115, 49.251210792404024], ""type"": ""Point""}";49.251210792404024, -123.14050081676115
912;Shaughnessy;"{""coordinates"": [-123.135884636201, 49.23732298947056], ""type"": ""Point""}";49.23732298947056, -123.135884636201
933;Shaughnessy;"{""coordinates"": [-123.1338246072209, 49.23632903541624], ""type"": ""Point""}";49.23632903541624, -123.1338246072209
691;Shaughnessy;"{""coordinates"": [-123.1376953598351, 49.24771686977547], ""type"": ""Point""}";49.24771686977547, -123.1376953598351
692;Shaughnessy;"{""coordinates"": [-123.13585762041141, 49.24739146608462], ""type"": ""Point""}";49.24739146608462, -123.13585762041141
732;Shaughnessy;"{""coordinates"": [-123.13621976938065, 49.24553369468372], ""type"": ""Point""}";49.24553369468372, -123.13621976938065
12;Oakridge;"{""coordinates"": [-123.13373843473704, 49.22707839469318], ""type"": ""Point""}";49.22707839469318, -123.13373843473704
4;Oakridge;"{""coordinates"": [-123.13628398550253, 49.22717350395908], ""type"": ""Point""}";49.22717350395908, -123.13628398550253
14;Kerrisdale;"{""coordinates"": [-123.14314010438035, 49.232983175356395], ""type"": ""Point""}";49.232983175356395, -123.14314010438035
B;Kerrisdale;"{""coordinates"": [-123.14399998145159, 49.232981647946005], ""type"": ""Point""}";49.232981647946005, -123.14399998145159
1;Kerrisdale;"{""coordinates"": [-123.14066018871766, 49.233754002533814], ""type"": ""Point""}";49.233754002533814, -123.14066018871766
851;Shaughnessy;"{""coordinates"": [-123.13911791905811, 49.24037861328125], ""type"": ""Point""}";49.24037861328125, -123.13911791905811
E;Kerrisdale;"{""coordinates"": [-123.14265117193982, 49.222909129901794], ""type"": ""Point""}";49.222909129901794, -123.14265117193982
15;Oakridge;"{""coordinates"": [-123.13871245782809, 49.22290636168108], ""type"": ""Point""}";49.22290636168108, -123.13871245782809
1;Marpole;"{""coordinates"": [-123.13941992839337, 49.20967008643736], ""type"": ""Point""}";49.20967008643736, -123.13941992839337
8;Marpole;"{""coordinates"": [-123.14202172198304, 49.21709716715705], ""type"": ""Point""}";49.21709716715705, -123.14202172198304
8;Marpole;"{""coordinates"": [-123.13873408614208, 49.21412378691534], ""type"": ""Point""}";49.21412378691534, -123.13873408614208
15;Marpole;"{""coordinates"": [-123.13386365911671, 49.21404441150439], ""type"": ""Point""}";49.21404441150439, -123.13386365911671
LK;Marpole;"{""coordinates"": [-123.13592677227096, 49.217001737999745], ""type"": ""Point""}";49.217001737999745, -123.13592677227096
5;Marpole;"{""coordinates"": [-123.13871187390535, 49.21595572107899], ""type"": ""Point""}";49.21595572107899, -123.13871187390535
3;Marpole;"{""coordinates"": [-123.1347311146648, 49.21654288625261], ""type"": ""Point""}";49.21654288625261, -123.1347311146648
43;Marpole;"{""coordinates"": [-123.13763191532587, 49.20925015366499], ""type"": ""Point""}";49.20925015366499, -123.13763191532587
3;Marpole;"{""coordinates"": [-123.1384784106616, 49.20484043938626], ""type"": ""Point""}";49.20484043938626, -123.1384784106616
4;Marpole;"{""coordinates"": [-123.14384978972353, 49.21121217744387], ""type"": ""Point""}";49.21121217744387, -123.14384978972353
8;Marpole;"{""coordinates"": [-123.13456056023777, 49.211885875391886], ""type"": ""Point""}";49.211885875391886, -123.13456056023777
14;West End;"{""coordinates"": [-123.13416533053505, 49.2771153068514], ""type"": ""Point""}";49.2771153068514, -123.13416533053505
62;West End;"{""coordinates"": [-123.14084433013481, 49.28558243740893], ""type"": ""Point""}";49.28558243740893, -123.14084433013481
47;West End;"{""coordinates"": [-123.13471389890957, 49.28579024932487], ""type"": ""Point""}";49.28579024932487, -123.13471389890957
1;Marpole;"{""coordinates"": [-123.13366029737715, 49.20229170164899], ""type"": ""Point""}";49.20229170164899, -123.13366029737715
497;South Cambie;"{""coordinates"": [-123.12312114404773, 49.25647461933183], ""type"": ""Point""}";49.25647461933183, -123.12312114404773
496;South Cambie;"{""coordinates"": [-123.12602368972537, 49.256529922712836], ""type"": ""Point""}";49.256529922712836, -123.12602368972537
355;Fairview;"{""coordinates"": [-123.12802458500126, 49.262785692682876], ""type"": ""Point""}";49.262785692682876, -123.12802458500126
314;Fairview;"{""coordinates"": [-123.13035100810008, 49.26465584857369], ""type"": ""Point""}";49.26465584857369, -123.13035100810008
1009;South Cambie;"{""coordinates"": [-123.12423323955268, 49.2441531693464], ""type"": ""Point""}";49.2441531693464, -123.12423323955268
716;South Cambie;"{""coordinates"": [-123.12639819758473, 49.246909119906725], ""type"": ""Point""}";49.246909119906725, -123.12639819758473
476A;Fairview;"{""coordinates"": [-123.1260058039155, 49.257585441001346], ""type"": ""Point""}";49.257585441001346, -123.1260058039155
888;Oakridge;"{""coordinates"": [-123.12342351369297, 49.22439119727165], ""type"": ""Point""}";49.22439119727165, -123.12342351369297
BLK;Oakridge;"{""coordinates"": [-123.13149966890293, 49.2290024699565], ""type"": ""Point""}";49.2290024699565, -123.13149966890293
M;Oakridge;"{""coordinates"": [-123.1244353387581, 49.22994997638853], ""type"": ""Point""}";49.22994997638853, -123.1244353387581
2;South Cambie;"{""coordinates"": [-123.12297689911415, 49.23471450807158], ""type"": ""Point""}";49.23471450807158, -123.12297689911415
867;South Cambie;"{""coordinates"": [-123.12445013571664, 49.23495488466567], ""type"": ""Point""}";49.23495488466567, -123.12445013571664
8;Marpole;"{""coordinates"": [-123.12248226589111, 49.214375095829446], ""type"": ""Point""}";49.214375095829446, -123.12248226589111
7;Marpole;"{""coordinates"": [-123.12343247871321, 49.21466281496876], ""type"": ""Point""}";49.21466281496876, -123.12343247871321
140;Renfrew-Collingwood;"{""coordinates"": [-123.04093248330811, 49.24129365256686], ""type"": ""Point""}";49.24129365256686, -123.04093248330811
124;Renfrew-Collingwood;"{""coordinates"": [-123.0415462872565, 49.24391226176201], ""type"": ""Point""}";49.24391226176201, -123.0415462872565
129;Renfrew-Collingwood;"{""coordinates"": [-123.03899544074369, 49.24299466542124], ""type"": ""Point""}";49.24299466542124, -123.03899544074369
95;Renfrew-Collingwood;"{""coordinates"": [-123.04105571742859, 49.23846016183562], ""type"": ""Point""}";49.23846016183562, -123.04105571742859
85;Renfrew-Collingwood;"{""coordinates"": [-123.03705377787415, 49.238882051345975], ""type"": ""Point""}";49.238882051345975, -123.03705377787415
108;Renfrew-Collingwood;"{""coordinates"": [-123.04448490401847, 49.239741703794024], ""type"": ""Point""}";49.239741703794024, -123.04448490401847
12;Renfrew-Collingwood;"{""coordinates"": [-123.04210294476707, 49.23698163236185], ""type"": ""Point""}";49.23698163236185, -123.04210294476707
B;Renfrew-Collingwood;"{""coordinates"": [-123.0370903774296, 49.24231545074527], ""type"": ""Point""}";49.24231545074527, -123.0370903774296
10;Killarney;"{""coordinates"": [-123.04438403988972, 49.23051236557846], ""type"": ""Point""}";49.23051236557846, -123.04438403988972
11;Renfrew-Collingwood;"{""coordinates"": [-123.0427483266573, 49.2370691619614], ""type"": ""Point""}";49.2370691619614, -123.0427483266573
76;Renfrew-Collingwood;"{""coordinates"": [-123.03668155987774, 49.2367390261791], ""type"": ""Point""}";49.2367390261791, -123.03668155987774
80;Renfrew-Collingwood;"{""coordinates"": [-123.0375960690354, 49.237099441537204], ""type"": ""Point""}";49.237099441537204, -123.0375960690354
71;Killarney;"{""coordinates"": [-123.04375010943973, 49.21931321505758], ""type"": ""Point""}";49.21931321505758, -123.04375010943973
9;Killarney;"{""coordinates"": [-123.04005181607963, 49.223989011427605], ""type"": ""Point""}";49.223989011427605, -123.04005181607963
PCL.;Hastings-Sunrise;"{""coordinates"": [-123.02744964125117, 49.26532154570234], ""type"": ""Point""}";49.26532154570234, -123.02744964125117
93;Hastings-Sunrise;"{""coordinates"": [-123.02985450438186, 49.26604039448707], ""type"": ""Point""}";49.26604039448707, -123.02985450438186
113;Hastings-Sunrise;"{""coordinates"": [-123.02641184616748, 49.27122005490824], ""type"": ""Point""}";49.27122005490824, -123.02641184616748
85;Hastings-Sunrise;"{""coordinates"": [-123.03536948682714, 49.2780376397736], ""type"": ""Point""}";49.2780376397736, -123.03536948682714
68;Hastings-Sunrise;"{""coordinates"": [-123.03502445870426, 49.27942668166318], ""type"": ""Point""}";49.27942668166318, -123.03502445870426
A;Hastings-Sunrise;"{""coordinates"": [-123.03764298753072, 49.27679115170067], ""type"": ""Point""}";49.27679115170067, -123.03764298753072
1;Renfrew-Collingwood;"{""coordinates"": [-123.02753544269235, 49.247319958682766], ""type"": ""Point""}";49.247319958682766, -123.02753544269235
3;Renfrew-Collingwood;"{""coordinates"": [-123.02712355333001, 49.24563483563347], ""type"": ""Point""}";49.24563483563347, -123.02712355333001
19;Renfrew-Collingwood;"{""coordinates"": [-123.0318417177337, 49.25142993130461], ""type"": ""Point""}";49.25142993130461, -123.0318417177337
22;Renfrew-Collingwood;"{""coordinates"": [-123.03180458018298, 49.25627175318593], ""type"": ""Point""}";49.25627175318593, -123.03180458018298
8;Renfrew-Collingwood;"{""coordinates"": [-123.0286498827958, 49.25486170581943], ""type"": ""Point""}";49.25486170581943, -123.0286498827958
69;Renfrew-Collingwood;"{""coordinates"": [-123.03145532413784, 49.2409553963011], ""type"": ""Point""}";49.2409553963011, -123.03145532413784
98;Renfrew-Collingwood;"{""coordinates"": [-123.03013777815475, 49.24373426834389], ""type"": ""Point""}";49.24373426834389, -123.03013777815475
88;Renfrew-Collingwood;"{""coordinates"": [-123.02601389216876, 49.240912727028686], ""type"": ""Point""}";49.240912727028686, -123.02601389216876
101;Renfrew-Collingwood;"{""coordinates"": [-123.02723497195711, 49.24276913468679], ""type"": ""Point""}";49.24276913468679, -123.02723497195711
102;Renfrew-Collingwood;"{""coordinates"": [-123.02612950889325, 49.24314271929012], ""type"": ""Point""}";49.24314271929012, -123.02612950889325
4;Renfrew-Collingwood;"{""coordinates"": [-123.02985861764054, 49.24481238366229], ""type"": ""Point""}";49.24481238366229, -123.02985861764054
4;Renfrew-Collingwood;"{""coordinates"": [-123.02541459937144, 49.24476820972062], ""type"": ""Point""}";49.24476820972062, -123.02541459937144
2;Renfrew-Collingwood;"{""coordinates"": [-123.03225931094144, 49.248177573681296], ""type"": ""Point""}";49.248177573681296, -123.03225931094144
52;Renfrew-Collingwood;"{""coordinates"": [-123.02885622881143, 49.238959032313225], ""type"": ""Point""}";49.238959032313225, -123.02885622881143
9;Renfrew-Collingwood;"{""coordinates"": [-123.02768736578889, 49.23726693520892], ""type"": ""Point""}";49.23726693520892, -123.02768736578889
6;Renfrew-Collingwood;"{""coordinates"": [-123.02623656791138, 49.23672085761873], ""type"": ""Point""}";49.23672085761873, -123.02623656791138
66;Renfrew-Collingwood;"{""coordinates"": [-123.02843271883445, 49.23969781758917], ""type"": ""Point""}";49.23969781758917, -123.02843271883445
C;Killarney;"{""coordinates"": [-123.0330426679502, 49.231857988451516], ""type"": ""Point""}";49.231857988451516, -123.0330426679502
53;Killarney;"{""coordinates"": [-123.032027173454, 49.23174219070208], ""type"": ""Point""}";49.23174219070208, -123.032027173454
43;Renfrew-Collingwood;"{""coordinates"": [-123.03327271253451, 49.23367416278973], ""type"": ""Point""}";49.23367416278973, -123.03327271253451
3;Renfrew-Collingwood;"{""coordinates"": [-123.02775808844835, 49.23344803064245], ""type"": ""Point""}";49.23344803064245, -123.02775808844835
73;Renfrew-Collingwood;"{""coordinates"": [-123.03420403221786, 49.23770944673399], ""type"": ""Point""}";49.23770944673399, -123.03420403221786
8;Hastings-Sunrise;"{""coordinates"": [-123.02703433702774, 49.286031338924886], ""type"": ""Point""}";49.286031338924886, -123.02703433702774
P;Hastings-Sunrise;"{""coordinates"": [-123.02560509782603, 49.291787220300996], ""type"": ""Point""}";49.291787220300996, -123.02560509782603
F;Hastings-Sunrise;"{""coordinates"": [-123.02455453772457, 49.29104649896094], ""type"": ""Point""}";49.29104649896094, -123.02455453772457
B;Killarney;"{""coordinates"": [-123.03305081733427, 49.23069042906762], ""type"": ""Point""}";49.23069042906762, -123.03305081733427
10;Hastings-Sunrise;"{""coordinates"": [-123.02468198697909, 49.28508309082406], ""type"": ""Point""}";49.28508309082406, -123.02468198697909
177;Kitsilano;"{""coordinates"": [-123.14733579911893, 49.273908724127914], ""type"": ""Point""}";49.273908724127914, -123.14733579911893
49;Hastings-Sunrise;"{""coordinates"": [-123.03209987377214, 49.28145329908122], ""type"": ""Point""}";49.28145329908122, -123.03209987377214
6;Grandview-Woodland;"{""coordinates"": [-123.07345986896331, 49.27973053169014], ""type"": ""Point""}";49.27973053169014, -123.07345986896331
4;Riley Park;"{""coordinates"": [-123.09272663936105, 49.249761209388026], ""type"": ""Point""}";49.249761209388026, -123.09272663936105
N;Mount Pleasant;"{""coordinates"": [-123.11051826973274, 49.2615005565365], ""type"": ""Point""}";49.2615005565365, -123.11051826973274
O;Mount Pleasant;"{""coordinates"": [-123.11029717930197, 49.260660111451045], ""type"": ""Point""}";49.260660111451045, -123.11029717930197
46;Mount Pleasant;"{""coordinates"": [-123.10605661954429, 49.25882326563937], ""type"": ""Point""}";49.25882326563937, -123.10605661954429
64;Mount Pleasant;"{""coordinates"": [-123.1074105557966, 49.25922948004288], ""type"": ""Point""}";49.25922948004288, -123.1074105557966
V;Mount Pleasant;"{""coordinates"": [-123.10824010922204, 49.258834211794614], ""type"": ""Point""}";49.258834211794614, -123.10824010922204
C;Arbutus Ridge;"{""coordinates"": [-123.14963105510834, 49.24081376188889], ""type"": ""Point""}";49.24081376188889, -123.14963105510834
BLK.;Grandview-Woodland;"{""coordinates"": [-123.07359851776701, 49.27991725534908], ""type"": ""Point""}";49.27991725534908, -123.07359851776701
22;Grandview-Woodland;"{""coordinates"": [-123.07361742443175, 49.27845883671357], ""type"": ""Point""}";49.27845883671357, -123.07361742443175
14;Grandview-Woodland;"{""coordinates"": [-123.07165547860868, 49.28061330918076], ""type"": ""Point""}";49.28061330918076, -123.07165547860868
B;Renfrew-Collingwood;"{""coordinates"": [-123.02953387515325, 49.23534679333098], ""type"": ""Point""}";49.23534679333098, -123.02953387515325
O;Victoria-Fraserview;"{""coordinates"": [-123.0647114215738, 49.206547360078], ""type"": ""Point""}";49.206547360078, -123.0647114215738
R;Hastings-Sunrise;"{""coordinates"": [-123.03121265079702, 49.28983406263812], ""type"": ""Point""}";49.28983406263812, -123.03121265079702
71;Shaughnessy;"{""coordinates"": [-123.13317742816112, 49.24993956238512], ""type"": ""Point""}";49.24993956238512, -123.13317742816112
2;Renfrew-Collingwood;"{""coordinates"": [-123.05381193781679, 49.242630757686854], ""type"": ""Point""}";49.242630757686854, -123.05381193781679
S1/2;Kitsilano;"{""coordinates"": [-123.17877350905336, 49.26172905738942], ""type"": ""Point""}";49.26172905738942, -123.17877350905336
40;Mount Pleasant;"{""coordinates"": [-123.10073266074983, 49.26061302189045], ""type"": ""Point""}";49.26061302189045, -123.10073266074983
E1/2;Mount Pleasant;"{""coordinates"": [-123.07811621493119, 49.2602846966562], ""type"": ""Point""}";49.2602846966562, -123.07811621493119
W1/2;Kerrisdale;"{""coordinates"": [-123.15426821174636, 49.231224391476694], ""type"": ""Point""}";49.231224391476694, -123.15426821174636
N1/2;Killarney;"{""coordinates"": [-123.04781232929169, 49.232170720961015], ""type"": ""Point""}";49.232170720961015, -123.04781232929169
0 6;Renfrew-Collingwood;"{""coordinates"": [-123.02422871709057, 49.24275775965596], ""type"": ""Point""}";49.24275775965596, -123.02422871709057
PART;Victoria-Fraserview;"{""coordinates"": [-123.06154115451969, 49.231311014186176], ""type"": ""Point""}";49.231311014186176, -123.06154115451969
78;Renfrew-Collingwood;"{""coordinates"": [-123.0355346292879, 49.238288419788105], ""type"": ""Point""}";49.238288419788105, -123.0355346292879
QUARTER;Kensington-Cedar Cottage;"{""coordinates"": [-123.06719330436674, 49.233231841673124], ""type"": ""Point""}";49.233231841673124, -123.06719330436674
SOUTH;Kensington-Cedar Cottage;"{""coordinates"": [-123.06765556968497, 49.2332327952264], ""type"": ""Point""}";49.2332327952264, -123.06765556968497
B;West Point Grey;"{""coordinates"": [-123.21102890485189, 49.27247941939653], ""type"": ""Point""}";49.27247941939653, -123.21102890485189
1;West Point Grey;"{""coordinates"": [-123.21975822753991, 49.27554580978625], ""type"": ""Point""}";49.27554580978625, -123.21975822753991
128;West Point Grey;"{""coordinates"": [-123.21371855300522, 49.27486943806484], ""type"": ""Point""}";49.27486943806484, -123.21371855300522
1;West Point Grey;"{""coordinates"": [-123.21115306931647, 49.266936303399824], ""type"": ""Point""}";49.266936303399824, -123.21115306931647
2;West Point Grey;"{""coordinates"": [-123.21288416791471, 49.266970726826464], ""type"": ""Point""}";49.266970726826464, -123.21288416791471
1;West Point Grey;"{""coordinates"": [-123.21141099950529, 49.26522675106058], ""type"": ""Point""}";49.26522675106058, -123.21141099950529
153;West Point Grey;"{""coordinates"": [-123.21100798935872, 49.26308213873864], ""type"": ""Point""}";49.26308213873864, -123.21100798935872
1;West Point Grey;"{""coordinates"": [-123.21141841822543, 49.263437149137374], ""type"": ""Point""}";49.263437149137374, -123.21141841822543
F;West Point Grey;"{""coordinates"": [-123.21441112002556, 49.2717854917295], ""type"": ""Point""}";49.2717854917295, -123.21441112002556
C;West Point Grey;"{""coordinates"": [-123.21105442721431, 49.27169498239522], ""type"": ""Point""}";49.27169498239522, -123.21105442721431
3;West Point Grey;"{""coordinates"": [-123.21286273758854, 49.26767663819521], ""type"": ""Point""}";49.26767663819521, -123.21286273758854
2;West Point Grey;"{""coordinates"": [-123.2096445413974, 49.27068468048755], ""type"": ""Point""}";49.27068468048755, -123.2096445413974
3;West Point Grey;"{""coordinates"": [-123.20975510379385, 49.26952678828406], ""type"": ""Point""}";49.26952678828406, -123.20975510379385
1;West Point Grey;"{""coordinates"": [-123.20500615269712, 49.27059892247744], ""type"": ""Point""}";49.27059892247744, -123.20500615269712
1;West Point Grey;"{""coordinates"": [-123.20811823386119, 49.2684570701352], ""type"": ""Point""}";49.2684570701352, -123.20811823386119
3;West Point Grey;"{""coordinates"": [-123.2067853342016, 49.26758377104085], ""type"": ""Point""}";49.26758377104085, -123.2067853342016
4;West Point Grey;"{""coordinates"": [-123.20816620693003, 49.26760422024143], ""type"": ""Point""}";49.26760422024143, -123.20816620693003
1;West Point Grey;"{""coordinates"": [-123.20798336032696, 49.273009388573605], ""type"": ""Point""}";49.273009388573605, -123.20798336032696
2;West Point Grey;"{""coordinates"": [-123.200925592191, 49.261327065431644], ""type"": ""Point""}";49.261327065431644, -123.200925592191
4;West Point Grey;"{""coordinates"": [-123.19929869301828, 49.26039662954196], ""type"": ""Point""}";49.26039662954196, -123.19929869301828
3;West Point Grey;"{""coordinates"": [-123.20089213952039, 49.2622311516741], ""type"": ""Point""}";49.2622311516741, -123.20089213952039
155;West Point Grey;"{""coordinates"": [-123.20492123894532, 49.262971434241365], ""type"": ""Point""}";49.262971434241365, -123.20492123894532
2;West Point Grey;"{""coordinates"": [-123.20384965631003, 49.2633193666681], ""type"": ""Point""}";49.2633193666681, -123.20384965631003
4;West Point Grey;"{""coordinates"": [-123.20850942798788, 49.26432026021292], ""type"": ""Point""}";49.26432026021292, -123.20850942798788
146;West Point Grey;"{""coordinates"": [-123.20775076704064, 49.26654621411426], ""type"": ""Point""}";49.26654621411426, -123.20775076704064
3;West Point Grey;"{""coordinates"": [-123.20983447018807, 49.2660607553114], ""type"": ""Point""}";49.2660607553114, -123.20983447018807
176;West Point Grey;"{""coordinates"": [-123.20193143618091, 49.26293124544936], ""type"": ""Point""}";49.26293124544936, -123.20193143618091
177;West Point Grey;"{""coordinates"": [-123.19868311898028, 49.26290123790144], ""type"": ""Point""}";49.26290123790144, -123.19868311898028
156;West Point Grey;"{""coordinates"": [-123.20496149965363, 49.261180136756614], ""type"": ""Point""}";49.261180136756614, -123.20496149965363
2;West Point Grey;"{""coordinates"": [-123.20382914442264, 49.26150612064316], ""type"": ""Point""}";49.26150612064316, -123.20382914442264
3;West Point Grey;"{""coordinates"": [-123.20391106281399, 49.26239103325967], ""type"": ""Point""}";49.26239103325967, -123.20391106281399
1;West Point Grey;"{""coordinates"": [-123.20540131994612, 49.25972631329481], ""type"": ""Point""}";49.25972631329481, -123.20540131994612
162;West Point Grey;"{""coordinates"": [-123.20822900094008, 49.25942245751008], ""type"": ""Point""}";49.25942245751008, -123.20822900094008
2;West Point Grey;"{""coordinates"": [-123.1978852169462, 49.26127972669995], ""type"": ""Point""}";49.26127972669995, -123.1978852169462
3;West Point Grey;"{""coordinates"": [-123.18869106602266, 49.26205031900608], ""type"": ""Point""}";49.26205031900608, -123.18869106602266
3;West Point Grey;"{""coordinates"": [-123.1917797360279, 49.26209424843811], ""type"": ""Point""}";49.26209424843811, -123.1917797360279
178;West Point Grey;"{""coordinates"": [-123.19566428406452, 49.26249959915754], ""type"": ""Point""}";49.26249959915754, -123.19566428406452
3;Dunbar-Southlands;"{""coordinates"": [-123.19444943899502, 49.25066165274347], ""type"": ""Point""}";49.25066165274347, -123.19444943899502
3;Dunbar-Southlands;"{""coordinates"": [-123.19443295818428, 49.25416266851558], ""type"": ""Point""}";49.25416266851558, -123.19443295818428
8;Dunbar-Southlands;"{""coordinates"": [-123.19171350214368, 49.23158151486544], ""type"": ""Point""}";49.23158151486544, -123.19171350214368
18;Dunbar-Southlands;"{""coordinates"": [-123.19528129261815, 49.23690950150565], ""type"": ""Point""}";49.23690950150565, -123.19528129261815
81;Dunbar-Southlands;"{""coordinates"": [-123.18949063107213, 49.249165034961386], ""type"": ""Point""}";49.249165034961386, -123.18949063107213
3;Dunbar-Southlands;"{""coordinates"": [-123.19163130497803, 49.25053416757501], ""type"": ""Point""}";49.25053416757501, -123.19163130497803
1;Kitsilano;"{""coordinates"": [-123.18459246107477, 49.27305524135683], ""type"": ""Point""}";49.27305524135683, -123.18459246107477
43;Kitsilano;"{""coordinates"": [-123.18454198421739, 49.26555247825067], ""type"": ""Point""}";49.26555247825067, -123.18454198421739
49;Kitsilano;"{""coordinates"": [-123.184901192812, 49.26464551080247], ""type"": ""Point""}";49.26464551080247, -123.184901192812
193;West Point Grey;"{""coordinates"": [-123.18686653262705, 49.26486265959827], ""type"": ""Point""}";49.26486265959827, -123.18686653262705
57;Kitsilano;"{""coordinates"": [-123.181155939095, 49.26372256235101], ""type"": ""Point""}";49.26372256235101, -123.181155939095
16;Kitsilano;"{""coordinates"": [-123.18269483125498, 49.2697793097118], ""type"": ""Point""}";49.2697793097118, -123.18269483125498
23;Kitsilano;"{""coordinates"": [-123.18067111291974, 49.26883192392154], ""type"": ""Point""}";49.26883192392154, -123.18067111291974
12;Kitsilano;"{""coordinates"": [-123.17854217144026, 49.2706060374292], ""type"": ""Point""}";49.2706060374292, -123.17854217144026
230;West Point Grey;"{""coordinates"": [-123.18672878161193, 49.27073447484518], ""type"": ""Point""}";49.27073447484518, -123.18672878161193
3;Dunbar-Southlands;"{""coordinates"": [-123.18611004805165, 49.256079359942404], ""type"": ""Point""}";49.256079359942404, -123.18611004805165
102;Kitsilano;"{""coordinates"": [-123.18308994487803, 49.25928895728685], ""type"": ""Point""}";49.25928895728685, -123.18308994487803
61;Kitsilano;"{""coordinates"": [-123.18491994437613, 49.262689625187555], ""type"": ""Point""}";49.262689625187555, -123.18491994437613
32;Kitsilano;"{""coordinates"": [-123.18277674995865, 49.26716825057283], ""type"": ""Point""}";49.26716825057283, -123.18277674995865
24;Dunbar-Southlands;"{""coordinates"": [-123.18053700634053, 49.251187630761706], ""type"": ""Point""}";49.251187630761706, -123.18053700634053
1;Dunbar-Southlands;"{""coordinates"": [-123.18405371898314, 49.25335757781185], ""type"": ""Point""}";49.25335757781185, -123.18405371898314
4;Dunbar-Southlands;"{""coordinates"": [-123.18731483920031, 49.25247213559923], ""type"": ""Point""}";49.25247213559923, -123.18731483920031
19;Dunbar-Southlands;"{""coordinates"": [-123.17776896313809, 49.25425886374299], ""type"": ""Point""}";49.25425886374299, -123.17776896313809
G;Dunbar-Southlands;"{""coordinates"": [-123.1805231003576, 49.25606396444025], ""type"": ""Point""}";49.25606396444025, -123.1805231003576
22;Dunbar-Southlands;"{""coordinates"": [-123.18023250691488, 49.25443135331935], ""type"": ""Point""}";49.25443135331935, -123.18023250691488
28;Dunbar-Southlands;"{""coordinates"": [-123.18371760150517, 49.25661409601682], ""type"": ""Point""}";49.25661409601682, -123.18371760150517
34;Dunbar-Southlands;"{""coordinates"": [-123.18360855876735, 49.23967456934917], ""type"": ""Point""}";49.23967456934917, -123.18360855876735
82;Dunbar-Southlands;"{""coordinates"": [-123.18686889038605, 49.24917517019034], ""type"": ""Point""}";49.24917517019034, -123.18686889038605
62;Dunbar-Southlands;"{""coordinates"": [-123.18685860793953, 49.2453764445708], ""type"": ""Point""}";49.2453764445708, -123.18685860793953
74;Dunbar-Southlands;"{""coordinates"": [-123.18357845406446, 49.247274805079414], ""type"": ""Point""}";49.247274805079414, -123.18357845406446
1;Dunbar-Southlands;"{""coordinates"": [-123.18432194886525, 49.249343001945476], ""type"": ""Point""}";49.249343001945476, -123.18432194886525
4;Dunbar-Southlands;"{""coordinates"": [-123.17772881468234, 49.252262426049725], ""type"": ""Point""}";49.252262426049725, -123.17772881468234
14;Kerrisdale;"{""coordinates"": [-123.17833393984041, 49.231924416832236], ""type"": ""Point""}";49.231924416832236, -123.17833393984041
6;Dunbar-Southlands;"{""coordinates"": [-123.18386708509647, 49.22681487916855], ""type"": ""Point""}";49.22681487916855, -123.18386708509647
5;Kerrisdale;"{""coordinates"": [-123.17745501749204, 49.22434047667955], ""type"": ""Point""}";49.22434047667955, -123.17745501749204
29;Kitsilano;"{""coordinates"": [-123.1720499496005, 49.267331604032734], ""type"": ""Point""}";49.267331604032734, -123.1720499496005
32;Kitsilano;"{""coordinates"": [-123.17018035579191, 49.26525585973798], ""type"": ""Point""}";49.26525585973798, -123.17018035579191
47;Kitsilano;"{""coordinates"": [-123.17692764251353, 49.26554114528733], ""type"": ""Point""}";49.26554114528733, -123.17692764251353
2;Kitsilano;"{""coordinates"": [-123.17453543678572, 49.262938709761464], ""type"": ""Point""}";49.262938709761464, -123.17453543678572
60;Kitsilano;"{""coordinates"": [-123.1751766578251, 49.263645833316495], ""type"": ""Point""}";49.263645833316495, -123.1751766578251
3;Kitsilano;"{""coordinates"": [-123.17156288073068, 49.27003379424016], ""type"": ""Point""}";49.27003379424016, -123.17156288073068
121;Kitsilano;"{""coordinates"": [-123.16758327349385, 49.25805844852683], ""type"": ""Point""}";49.25805844852683, -123.16758327349385
E;Kitsilano;"{""coordinates"": [-123.16922290984415, 49.26080497866795], ""type"": ""Point""}";49.26080497866795, -123.16922290984415
67;Kitsilano;"{""coordinates"": [-123.17297450354565, 49.2626700404592], ""type"": ""Point""}";49.2626700404592, -123.17297450354565
68;Kitsilano;"{""coordinates"": [-123.17136977821498, 49.26264572496332], ""type"": ""Point""}";49.26264572496332, -123.17136977821498
70;Kitsilano;"{""coordinates"": [-123.16734783627666, 49.26258112487148], ""type"": ""Point""}";49.26258112487148, -123.16734783627666
2;Arbutus Ridge;"{""coordinates"": [-123.16839225280506, 49.25510324191097], ""type"": ""Point""}";49.25510324191097, -123.16839225280506
1;Arbutus Ridge;"{""coordinates"": [-123.17217144337455, 49.255114726886966], ""type"": ""Point""}";49.255114726886966, -123.17217144337455
3;Arbutus Ridge;"{""coordinates"": [-123.16845306625086, 49.256008972116405], ""type"": ""Point""}";49.256008972116405, -123.16845306625086
49;Arbutus Ridge;"{""coordinates"": [-123.16850818864275, 49.24342898001891], ""type"": ""Point""}";49.24342898001891, -123.16850818864275
85;Dunbar-Southlands;"{""coordinates"": [-123.17687661051092, 49.24912033269379], ""type"": ""Point""}";49.24912033269379, -123.17687661051092
86;Dunbar-Southlands;"{""coordinates"": [-123.17442118964276, 49.24912364302769], ""type"": ""Point""}";49.24912364302769, -123.17442118964276
1;Dunbar-Southlands;"{""coordinates"": [-123.17700872478513, 49.246686901410854], ""type"": ""Point""}";49.246686901410854, -123.17700872478513
H;Arbutus Ridge;"{""coordinates"": [-123.16820899432008, 49.24710582381121], ""type"": ""Point""}";49.24710582381121, -123.16820899432008
W;Arbutus Ridge;"{""coordinates"": [-123.16930367481395, 49.250588995886204], ""type"": ""Point""}";49.250588995886204, -123.16930367481395
4;Kerrisdale;"{""coordinates"": [-123.17012060144229, 49.22955762953077], ""type"": ""Point""}";49.22955762953077, -123.17012060144229
F;Kerrisdale;"{""coordinates"": [-123.17060134505225, 49.229760663259555], ""type"": ""Point""}";49.229760663259555, -123.17060134505225
4;Kerrisdale;"{""coordinates"": [-123.17109520331233, 49.234118153904035], ""type"": ""Point""}";49.234118153904035, -123.17109520331233
283;Kitsilano;"{""coordinates"": [-123.15655252406165, 49.265953285929655], ""type"": ""Point""}";49.265953285929655, -123.15655252406165
241;Kitsilano;"{""coordinates"": [-123.16104168173497, 49.26771174130867], ""type"": ""Point""}";49.26771174130867, -123.16104168173497
11;Kitsilano;"{""coordinates"": [-123.1655151414086, 49.26774345140634], ""type"": ""Point""}";49.26774345140634, -123.1655151414086
320A;Kitsilano;"{""coordinates"": [-123.16381176692758, 49.26433938568524], ""type"": ""Point""}";49.26433938568524, -123.16381176692758
340A;Kitsilano;"{""coordinates"": [-123.16373112250366, 49.263362080612886], ""type"": ""Point""}";49.263362080612886, -123.16373112250366
321;Kitsilano;"{""coordinates"": [-123.16143933919803, 49.26431368837926], ""type"": ""Point""}";49.26431368837926, -123.16143933919803
4;Arbutus Ridge;"{""coordinates"": [-123.16423388448665, 49.2407204071094], ""type"": ""Point""}";49.2407204071094, -123.16423388448665
549;Arbutus Ridge;"{""coordinates"": [-123.16320576755405, 49.25215534869159], ""type"": ""Point""}";49.25215534869159, -123.16320576755405
545;Arbutus Ridge;"{""coordinates"": [-123.15940416611038, 49.25299951519536], ""type"": ""Point""}";49.25299951519536, -123.15940416611038
3;Arbutus Ridge;"{""coordinates"": [-123.16604078489603, 49.25040341924023], ""type"": ""Point""}";49.25040341924023, -123.16604078489603
535;Arbutus Ridge;"{""coordinates"": [-123.16382812240748, 49.253975551282586], ""type"": ""Point""}";49.253975551282586, -123.16382812240748
510;Arbutus Ridge;"{""coordinates"": [-123.16481766072287, 49.255822851063826], ""type"": ""Point""}";49.255822851063826, -123.16481766072287
526;Arbutus Ridge;"{""coordinates"": [-123.16426600364954, 49.255062883811384], ""type"": ""Point""}";49.255062883811384, -123.16426600364954
480B;Arbutus Ridge;"{""coordinates"": [-123.16490090017133, 49.256623549804665], ""type"": ""Point""}";49.256623549804665, -123.16490090017133
5;Arbutus Ridge;"{""coordinates"": [-123.15934434787012, 49.235714868310694], ""type"": ""Point""}";49.235714868310694, -123.15934434787012
5;Arbutus Ridge;"{""coordinates"": [-123.15880447306787, 49.23967786611484], ""type"": ""Point""}";49.23967786611484, -123.15880447306787
13;Kerrisdale;"{""coordinates"": [-123.16357895682522, 49.23341265920938], ""type"": ""Point""}";49.23341265920938, -123.16357895682522
B;Kerrisdale;"{""coordinates"": [-123.1579524495143, 49.223833814288284], ""type"": ""Point""}";49.223833814288284, -123.1579524495143
7;Kerrisdale;"{""coordinates"": [-123.15575787552864, 49.226040077438476], ""type"": ""Point""}";49.226040077438476, -123.15575787552864
1;Kerrisdale;"{""coordinates"": [-123.16508385442914, 49.22813069632145], ""type"": ""Point""}";49.22813069632145, -123.16508385442914
9;Kerrisdale;"{""coordinates"": [-123.15738689310137, 49.23025720606412], ""type"": ""Point""}";49.23025720606412, -123.15738689310137
18;Kitsilano;"{""coordinates"": [-123.15220866411919, 49.27293001854726], ""type"": ""Point""}";49.27293001854726, -123.15220866411919
5;Kitsilano;"{""coordinates"": [-123.15191490951878, 49.27404785995921], ""type"": ""Point""}";49.27404785995921, -123.15191490951878
166;Kitsilano;"{""coordinates"": [-123.14901669699314, 49.274946799464566], ""type"": ""Point""}";49.274946799464566, -123.14901669699314
H;Kerrisdale;"{""coordinates"": [-123.15935423861853, 49.225175314609395], ""type"": ""Point""}";49.225175314609395, -123.15935423861853
308;Fairview;"{""coordinates"": [-123.14494706152146, 49.26507741675626], ""type"": ""Point""}";49.26507741675626, -123.14494706152146
328;Fairview;"{""coordinates"": [-123.14478277090775, 49.26404047543966], ""type"": ""Point""}";49.26404047543966, -123.14478277090775
248;Fairview;"{""coordinates"": [-123.14461825727096, 49.26763270947329], ""type"": ""Point""}";49.26763270947329, -123.14461825727096
25;Shaughnessy;"{""coordinates"": [-123.15172457351309, 49.25228228580263], ""type"": ""Point""}";49.25228228580263, -123.15172457351309
533;Arbutus Ridge;"{""coordinates"": [-123.15470783836862, 49.252929655816544], ""type"": ""Point""}";49.252929655816544, -123.15470783836862
48;Shaughnessy;"{""coordinates"": [-123.14754925757056, 49.25547924379581], ""type"": ""Point""}";49.25547924379581, -123.14754925757056
487;Shaughnessy;"{""coordinates"": [-123.14738765745706, 49.256576507084226], ""type"": ""Point""}";49.256576507084226, -123.14738765745706
446;Kitsilano;"{""coordinates"": [-123.14987145201364, 49.25849151504691], ""type"": ""Point""}";49.25849151504691, -123.14987145201364
387;Kitsilano;"{""coordinates"": [-123.1472546586683, 49.261256905241204], ""type"": ""Point""}";49.261256905241204, -123.1472546586683
F;Shaughnessy;"{""coordinates"": [-123.15197527944913, 49.23720173684989], ""type"": ""Point""}";49.23720173684989, -123.15197527944913
92;Arbutus Ridge;"{""coordinates"": [-123.15418546503791, 49.24635149452472], ""type"": ""Point""}";49.24635149452472, -123.15418546503791
705;Shaughnessy;"{""coordinates"": [-123.14951103766522, 49.24729409629649], ""type"": ""Point""}";49.24729409629649, -123.14951103766522
13;Kerrisdale;"{""coordinates"": [-123.14844327555733, 49.22495440870929], ""type"": ""Point""}";49.22495440870929, -123.14844327555733
J;Kerrisdale;"{""coordinates"": [-123.14875237126574, 49.22295974170592], ""type"": ""Point""}";49.22295974170592, -123.14875237126574
11;Kerrisdale;"{""coordinates"": [-123.1514849082575, 49.22990049137766], ""type"": ""Point""}";49.22990049137766, -123.1514849082575
13;Kerrisdale;"{""coordinates"": [-123.15157419837426, 49.228135054000624], ""type"": ""Point""}";49.228135054000624, -123.15157419837426
1;Kerrisdale;"{""coordinates"": [-123.1470522236369, 49.229809160191195], ""type"": ""Point""}";49.229809160191195, -123.1470522236369
K;Kerrisdale;"{""coordinates"": [-123.14442042142092, 49.22907222435657], ""type"": ""Point""}";49.22907222435657, -123.14442042142092
9;Kerrisdale;"{""coordinates"": [-123.14564271353284, 49.22810861946279], ""type"": ""Point""}";49.22810861946279, -123.14564271353284
C;Shaughnessy;"{""coordinates"": [-123.15346191234991, 49.23575061867102], ""type"": ""Point""}";49.23575061867102, -123.15346191234991
6;Shaughnessy;"{""coordinates"": [-123.15118773710401, 49.23555998551754], ""type"": ""Point""}";49.23555998551754, -123.15118773710401
10;Kerrisdale;"{""coordinates"": [-123.15141143595169, 49.2318952864922], ""type"": ""Point""}";49.2318952864922, -123.15141143595169
2;Kerrisdale;"{""coordinates"": [-123.15364839294911, 49.22058116254898], ""type"": ""Point""}";49.22058116254898, -123.15364839294911
CC;Kerrisdale;"{""coordinates"": [-123.15272138878385, 49.22143920979964], ""type"": ""Point""}";49.22143920979964, -123.15272138878385
H;Kerrisdale;"{""coordinates"": [-123.14589267360478, 49.22075692023637], ""type"": ""Point""}";49.22075692023637, -123.14589267360478
1;Kerrisdale;"{""coordinates"": [-123.14908736219085, 49.21888532283192], ""type"": ""Point""}";49.21888532283192, -123.14908736219085
L;Kerrisdale;"{""coordinates"": [-123.1492498346946, 49.222608725196785], ""type"": ""Point""}";49.222608725196785, -123.1492498346946
8;Kerrisdale;"{""coordinates"": [-123.15391260134213, 49.22401433354165], ""type"": ""Point""}";49.22401433354165, -123.15391260134213
310;Fairview;"{""coordinates"": [-123.13972282484322, 49.26480585563599], ""type"": ""Point""}";49.26480585563599, -123.13972282484322
2;Marpole;"{""coordinates"": [-123.14755628424493, 49.20792768342784], ""type"": ""Point""}";49.20792768342784, -123.14755628424493
9;Kerrisdale;"{""coordinates"": [-123.15175899449544, 49.213377972176986], ""type"": ""Point""}";49.213377972176986, -123.15175899449544
6;Marpole;"{""coordinates"": [-123.14444954544018, 49.211126585399185], ""type"": ""Point""}";49.211126585399185, -123.14444954544018
60;Shaughnessy;"{""coordinates"": [-123.1338619660943, 49.252571125398376], ""type"": ""Point""}";49.252571125398376, -123.1338619660943
65;Shaughnessy;"{""coordinates"": [-123.13553779927209, 49.25130946216725], ""type"": ""Point""}";49.25130946216725, -123.13553779927209
69;Shaughnessy;"{""coordinates"": [-123.13794570448361, 49.25001440278793], ""type"": ""Point""}";49.25001440278793, -123.13794570448361
451;Fairview;"{""coordinates"": [-123.1374109003008, 49.25828329553178], ""type"": ""Point""}";49.25828329553178, -123.1374109003008
450;Fairview;"{""coordinates"": [-123.14025466315955, 49.258333076096804], ""type"": ""Point""}";49.258333076096804, -123.14025466315955
449;Fairview;"{""coordinates"": [-123.14266179030516, 49.25834224548544], ""type"": ""Point""}";49.25834224548544, -123.14266179030516
51;Shaughnessy;"{""coordinates"": [-123.13518574086278, 49.256886993408855], ""type"": ""Point""}";49.256886993408855, -123.13518574086278
53;Shaughnessy;"{""coordinates"": [-123.13522819589363, 49.25587218410928], ""type"": ""Point""}";49.25587218410928, -123.13522819589363
269;Fairview;"{""coordinates"": [-123.14231675829673, 49.2665689700775], ""type"": ""Point""}";49.2665689700775, -123.14231675829673
891;Shaughnessy;"{""coordinates"": [-123.1391724014857, 49.23847561248399], ""type"": ""Point""}";49.23847561248399, -123.1391724014857
791;Shaughnessy;"{""coordinates"": [-123.13716191547645, 49.243383590753304], ""type"": ""Point""}";49.243383590753304, -123.13716191547645
690;Shaughnessy;"{""coordinates"": [-123.14072312444476, 49.247759951693524], ""type"": ""Point""}";49.247759951693524, -123.14072312444476
712;Shaughnessy;"{""coordinates"": [-123.13584977690742, 49.24638059095798], ""type"": ""Point""}";49.24638059095798, -123.13584977690742
733;Shaughnessy;"{""coordinates"": [-123.13362652466864, 49.245827575189736], ""type"": ""Point""}";49.245827575189736, -123.13362652466864
36;Shaughnessy;"{""coordinates"": [-123.14407832728503, 49.25261094596066], ""type"": ""Point""}";49.25261094596066, -123.14407832728503
3;Oakridge;"{""coordinates"": [-123.13722357476044, 49.23138796683579], ""type"": ""Point""}";49.23138796683579, -123.13722357476044
1;Oakridge;"{""coordinates"": [-123.13855213263429, 49.22907504004623], ""type"": ""Point""}";49.22907504004623, -123.13855213263429
K;Kerrisdale;"{""coordinates"": [-123.14367580877094, 49.23298161081084], ""type"": ""Point""}";49.23298161081084, -123.14367580877094
5;Kerrisdale;"{""coordinates"": [-123.14044733552858, 49.23329552150723], ""type"": ""Point""}";49.23329552150723, -123.14044733552858
973;Shaughnessy;"{""coordinates"": [-123.13399407800615, 49.23451485657384], ""type"": ""Point""}";49.23451485657384, -123.13399407800615
951;Shaughnessy;"{""coordinates"": [-123.1381421218035, 49.23562951990014], ""type"": ""Point""}";49.23562951990014, -123.1381421218035
24;Oakridge;"{""coordinates"": [-123.1390149245175, 49.2211010966159], ""type"": ""Point""}";49.2211010966159, -123.1390149245175
F;Kerrisdale;"{""coordinates"": [-123.1408410469948, 49.22288395146149], ""type"": ""Point""}";49.22288395146149, -123.1408410469948
J;Oakridge;"{""coordinates"": [-123.13449747409754, 49.224311558893874], ""type"": ""Point""}";49.224311558893874, -123.13449747409754
A;Oakridge;"{""coordinates"": [-123.13831467504696, 49.22530875548058], ""type"": ""Point""}";49.22530875548058, -123.13831467504696
A;Marpole;"{""coordinates"": [-123.13948464512991, 49.209175420143225], ""type"": ""Point""}";49.209175420143225, -123.13948464512991
8;Marpole;"{""coordinates"": [-123.14019021450873, 49.209605872237866], ""type"": ""Point""}";49.209605872237866, -123.14019021450873
B;Marpole;"{""coordinates"": [-123.13608716290699, 49.217003348207506], ""type"": ""Point""}";49.217003348207506, -123.13608716290699
1;Marpole;"{""coordinates"": [-123.13450409382888, 49.21519287803211], ""type"": ""Point""}";49.21519287803211, -123.13450409382888
B;Marpole;"{""coordinates"": [-123.13449762165243, 49.21766585926873], ""type"": ""Point""}";49.21766585926873, -123.13449762165243
A;Marpole;"{""coordinates"": [-123.13532640179506, 49.21768826103542], ""type"": ""Point""}";49.21768826103542, -123.13532640179506
10;Oakridge;"{""coordinates"": [-123.13609875327035, 49.22207971083053], ""type"": ""Point""}";49.22207971083053, -123.13609875327035
8;Marpole;"{""coordinates"": [-123.1339370475215, 49.206343278000766], ""type"": ""Point""}";49.206343278000766, -123.1339370475215
2;Marpole;"{""coordinates"": [-123.14393678040157, 49.212989277211165], ""type"": ""Point""}";49.212989277211165, -123.14393678040157
3;Marpole;"{""coordinates"": [-123.13801317138615, 49.21193835509524], ""type"": ""Point""}";49.21193835509524, -123.13801317138615
6;Marpole;"{""coordinates"": [-123.13594118318693, 49.21190669305115], ""type"": ""Point""}";49.21190669305115, -123.13594118318693
46;Marpole;"{""coordinates"": [-123.13644137233807, 49.209849294273], ""type"": ""Point""}";49.209849294273, -123.13644137233807
123;Downtown;"{""coordinates"": [-123.12989633405144, 49.2744289144543], ""type"": ""Point""}";49.2744289144543, -123.12989633405144
46;West End;"{""coordinates"": [-123.13366666667504, 49.28650254279404], ""type"": ""Point""}";49.28650254279404, -123.13366666667504
60;West End;"{""coordinates"": [-123.13875765333182, 49.28697783735073], ""type"": ""Point""}";49.28697783735073, -123.13875765333182
433;Fairview;"{""coordinates"": [-123.13268998782013, 49.25913259190325], ""type"": ""Point""}";49.25913259190325, -123.13268998782013
354;Fairview;"{""coordinates"": [-123.13042034870188, 49.26282433719906], ""type"": ""Point""}";49.26282433719906, -123.13042034870188
864;South Cambie;"{""coordinates"": [-123.1260716145017, 49.237001335966895], ""type"": ""Point""}";49.237001335966895, -123.1260716145017
897;South Cambie;"{""coordinates"": [-123.12594956680616, 49.24000273298035], ""type"": ""Point""}";49.24000273298035, -123.12594956680616
834;Shaughnessy;"{""coordinates"": [-123.13128304313777, 49.241158377911766], ""type"": ""Point""}";49.241158377911766, -123.13128304313777
774;Shaughnessy;"{""coordinates"": [-123.1318262887854, 49.244173386511335], ""type"": ""Point""}";49.244173386511335, -123.1318262887854
754;Shaughnessy;"{""coordinates"": [-123.1306046759442, 49.24487551195539], ""type"": ""Point""}";49.24487551195539, -123.1306046759442
677;South Cambie;"{""coordinates"": [-123.12376584702037, 49.24840880343828], ""type"": ""Point""}";49.24840880343828, -123.12376584702037
476;Fairview;"{""coordinates"": [-123.12578127278117, 49.25743448506615], ""type"": ""Point""}";49.25743448506615, -123.12578127278117
57;Shaughnessy;"{""coordinates"": [-123.1330052971058, 49.25459927823561], ""type"": ""Point""}";49.25459927823561, -123.1330052971058
Q;Oakridge;"{""coordinates"": [-123.13264823180049, 49.22305575369915], ""type"": ""Point""}";49.22305575369915, -123.13264823180049
S;Oakridge;"{""coordinates"": [-123.12969193235021, 49.223239987525254], ""type"": ""Point""}";49.223239987525254, -123.12969193235021
E;Oakridge;"{""coordinates"": [-123.12960491423473, 49.22511873807755], ""type"": ""Point""}";49.22511873807755, -123.12960491423473
880;Oakridge;"{""coordinates"": [-123.12806099072975, 49.22268142873007], ""type"": ""Point""}";49.22268142873007, -123.12806099072975
BLK;Oakridge;"{""coordinates"": [-123.13180621263915, 49.231142065889934], ""type"": ""Point""}";49.231142065889934, -123.13180621263915
H;Oakridge;"{""coordinates"": [-123.12772205928691, 49.22803351099051], ""type"": ""Point""}";49.22803351099051, -123.12772205928691
I;Oakridge;"{""coordinates"": [-123.1273345829505, 49.230885418304524], ""type"": ""Point""}";49.230885418304524, -123.1273345829505
21;Marpole;"{""coordinates"": [-123.12964378230336, 49.213568966531604], ""type"": ""Point""}";49.213568966531604, -123.12964378230336
34;Marpole;"{""coordinates"": [-123.1256861704519, 49.21643420038458], ""type"": ""Point""}";49.21643420038458, -123.1256861704519
29;Marpole;"{""coordinates"": [-123.12707639888875, 49.21429942112098], ""type"": ""Point""}";49.21429942112098, -123.12707639888875
28;Marpole;"{""coordinates"": [-123.12604243064534, 49.21428304017453], ""type"": ""Point""}";49.21428304017453, -123.12604243064534
BLK D;Marpole;"{""coordinates"": [-123.12320357327643, 49.21400730315309], ""type"": ""Point""}";49.21400730315309, -123.12320357327643
1002;Marpole;"{""coordinates"": [-123.1287676151705, 49.21466002214305], ""type"": ""Point""}";49.21466002214305, -123.1287676151705
16A;Oakridge;"{""coordinates"": [-123.12590529038734, 49.219669302452026], ""type"": ""Point""}";49.219669302452026, -123.12590529038734
4;Oakridge;"{""coordinates"": [-123.12949691055853, 49.220919435121075], ""type"": ""Point""}";49.220919435121075, -123.12949691055853
8;Marpole;"{""coordinates"": [-123.13297518057404, 49.218566277201695], ""type"": ""Point""}";49.218566277201695, -123.13297518057404
12;Marpole;"{""coordinates"": [-123.131963713104, 49.21185043449802], ""type"": ""Point""}";49.21185043449802, -123.131963713104
13;Marpole;"{""coordinates"": [-123.131203110358, 49.21183458770311], ""type"": ""Point""}";49.21183458770311, -123.131203110358
15;Marpole;"{""coordinates"": [-123.12979515883663, 49.21180493773741], ""type"": ""Point""}";49.21180493773741, -123.12979515883663
17;Marpole;"{""coordinates"": [-123.12844888262997, 49.211790161206295], ""type"": ""Point""}";49.211790161206295, -123.12844888262997
21;Marpole;"{""coordinates"": [-123.12496626291741, 49.21227648869436], ""type"": ""Point""}";49.21227648869436, -123.12496626291741
18;Marpole;"{""coordinates"": [-123.12267855013404, 49.210546493485644], ""type"": ""Point""}";49.210546493485644, -123.12267855013404
30;Marpole;"{""coordinates"": [-123.12854150799902, 49.209682857571], ""type"": ""Point""}";49.209682857571, -123.12854150799902
5;Marpole;"{""coordinates"": [-123.12751876226294, 49.21750491495242], ""type"": ""Point""}";49.21750491495242, -123.12751876226294
1001;Marpole;"{""coordinates"": [-123.13205295535764, 49.21642611685171], ""type"": ""Point""}";49.21642611685171, -123.13205295535764
11;Marpole;"{""coordinates"": [-123.13259055878596, 49.21188272036629], ""type"": ""Point""}";49.21188272036629, -123.13259055878596
16;Downtown;"{""coordinates"": [-123.12296460898382, 49.28746673635696], ""type"": ""Point""}";49.28746673635696, -123.12296460898382
18;West End;"{""coordinates"": [-123.1258040038302, 49.28558914934279], ""type"": ""Point""}";49.28558914934279, -123.1258040038302
1;Marpole;"{""coordinates"": [-123.13227328753275, 49.207763420576526], ""type"": ""Point""}";49.207763420576526, -123.13227328753275
7;Marpole;"{""coordinates"": [-123.12949333780273, 49.20771932732437], ""type"": ""Point""}";49.20771932732437, -123.12949333780273
V;Marpole;"{""coordinates"": [-123.12790037328617, 49.20728758296462], ""type"": ""Point""}";49.20728758296462, -123.12790037328617
13;Marpole;"{""coordinates"": [-123.13143571521428, 49.20509641668732], ""type"": ""Point""}";49.20509641668732, -123.13143571521428
76;Downtown;"{""coordinates"": [-123.12022265527176, 49.276258436436514], ""type"": ""Point""}";49.276258436436514, -123.12022265527176
92;Downtown;"{""coordinates"": [-123.12599471578193, 49.277851046079405], ""type"": ""Point""}";49.277851046079405, -123.12599471578193
91;Downtown;"{""coordinates"": [-123.12693618698486, 49.27848159453419], ""type"": ""Point""}";49.27848159453419, -123.12693618698486
36;West End;"{""coordinates"": [-123.13328443493374, 49.28347385951228], ""type"": ""Point""}";49.28347385951228, -123.13328443493374
70;Downtown;"{""coordinates"": [-123.12452654264834, 49.28126269310286], ""type"": ""Point""}";49.28126269310286, -123.12452654264834
498;South Cambie;"{""coordinates"": [-123.12133935112887, 49.25643920119034], ""type"": ""Point""}";49.25643920119034, -123.12133935112887
521;Riley Park;"{""coordinates"": [-123.11392236959209, 49.25519696597328], ""type"": ""Point""}";49.25519696597328, -123.11392236959209
B;Mount Pleasant;"{""coordinates"": [-123.11401687404218, 49.25976054157236], ""type"": ""Point""}";49.25976054157236, -123.11401687404218
C;Mount Pleasant;"{""coordinates"": [-123.11404800701987, 49.25896894109947], ""type"": ""Point""}";49.25896894109947, -123.11404800701987
5;South Cambie;"{""coordinates"": [-123.11592895678264, 49.25268260460134], ""type"": ""Point""}";49.25268260460134, -123.11592895678264
0;South Cambie;"{""coordinates"": [-123.11579575151977, 49.250705155949206], ""type"": ""Point""}";49.250705155949206, -123.11579575151977
622;Riley Park;"{""coordinates"": [-123.11179442200729, 49.25042807722234], ""type"": ""Point""}";49.25042807722234, -123.11179442200729
D;Mount Pleasant;"{""coordinates"": [-123.11423094049303, 49.258121591101485], ""type"": ""Point""}";49.258121591101485, -123.11423094049303
0;South Cambie;"{""coordinates"": [-123.11565946689855, 49.254651470027504], ""type"": ""Point""}";49.254651470027504, -123.11565946689855
853;Riley Park;"{""coordinates"": [-123.11470889091753, 49.236541214606255], ""type"": ""Point""}";49.236541214606255, -123.11470889091753
1170;South Cambie;"{""coordinates"": [-123.12214562903021, 49.24196784324999], ""type"": ""Point""}";49.24196784324999, -123.12214562903021
698;South Cambie;"{""coordinates"": [-123.12163800664585, 49.24745736194802], ""type"": ""Point""}";49.24745736194802, -123.12163800664585
579;South Cambie;"{""coordinates"": [-123.11948894062621, 49.25278726210008], ""type"": ""Point""}";49.25278726210008, -123.11948894062621
A;South Cambie;"{""coordinates"": [-123.11555920155615, 49.25363188107652], ""type"": ""Point""}";49.25363188107652, -123.11555920155615
4;Oakridge;"{""coordinates"": [-123.1118918209239, 49.22807501664479], ""type"": ""Point""}";49.22807501664479, -123.1118918209239
3;Oakridge;"{""coordinates"": [-123.11367229640861, 49.22776833896408], ""type"": ""Point""}";49.22776833896408, -123.11367229640861
1008;Oakridge;"{""coordinates"": [-123.11930990171663, 49.228173530497635], ""type"": ""Point""}";49.228173530497635, -123.11930990171663
BLK;Oakridge;"{""coordinates"": [-123.1192757660147, 49.228308494677115], ""type"": ""Point""}";49.228308494677115, -123.1192757660147
860;Oakridge;"{""coordinates"": [-123.11467478539313, 49.231000388481014], ""type"": ""Point""}";49.231000388481014, -123.11467478539313
1;South Cambie;"{""coordinates"": [-123.12148150173398, 49.23466842443968], ""type"": ""Point""}";49.23466842443968, -123.12148150173398
873;South Cambie;"{""coordinates"": [-123.11845840181378, 49.23455687445322], ""type"": ""Point""}";49.23455687445322, -123.11845840181378
5;Marpole;"{""coordinates"": [-123.11955357066282, 49.2076605903818], ""type"": ""Point""}";49.2076605903818, -123.11955357066282
E;Marpole;"{""coordinates"": [-123.11145692942912, 49.21301874335025], ""type"": ""Point""}";49.21301874335025, -123.11145692942912
58;Downtown;"{""coordinates"": [-123.11364962739583, 49.27828600961131], ""type"": ""Point""}";49.27828600961131, -123.11364962739583
73;Downtown;"{""coordinates"": [-123.12167027620424, 49.27934243138138], ""type"": ""Point""}";49.27934243138138, -123.12167027620424
56;Downtown;"{""coordinates"": [-123.11554904121532, 49.279741039517035], ""type"": ""Point""}";49.279741039517035, -123.11554904121532
31;Downtown;"{""coordinates"": [-123.11729986538664, 49.284871096024084], ""type"": ""Point""}";49.284871096024084, -123.11729986538664
34;Downtown;"{""coordinates"": [-123.11419207154621, 49.28303333752674], ""type"": ""Point""}";49.28303333752674, -123.11419207154621
49;Downtown;"{""coordinates"": [-123.11300247608528, 49.27786477919052], ""type"": ""Point""}";49.27786477919052, -123.11300247608528
10;Mount Pleasant;"{""coordinates"": [-123.11021616691767, 49.26689026836016], ""type"": ""Point""}";49.26689026836016, -123.11021616691767
522;Riley Park;"{""coordinates"": [-123.11123909355273, 49.25514879361678], ""type"": ""Point""}";49.25514879361678, -123.11123909355273
2;Riley Park;"{""coordinates"": [-123.10088924297693, 49.255218688910475], ""type"": ""Point""}";49.255218688910475, -123.10088924297693
51;Mount Pleasant;"{""coordinates"": [-123.10238727187071, 49.2578208656985], ""type"": ""Point""}";49.2578208656985, -123.10238727187071
48;Mount Pleasant;"{""coordinates"": [-123.10843017138701, 49.26347918696393], ""type"": ""Point""}";49.26347918696393, -123.10843017138701
30;Riley Park;"{""coordinates"": [-123.10065084995843, 49.2484164024633], ""type"": ""Point""}";49.2484164024633, -123.10065084995843
24;Riley Park;"{""coordinates"": [-123.10200010743013, 49.24754493058515], ""type"": ""Point""}";49.24754493058515, -123.10200010743013
22;Riley Park;"{""coordinates"": [-123.10203139444141, 49.24708515668662], ""type"": ""Point""}";49.24708515668662, -123.10203139444141
11;Riley Park;"{""coordinates"": [-123.10386102608557, 49.24787532257378], ""type"": ""Point""}";49.24787532257378, -123.10386102608557
684;Riley Park;"{""coordinates"": [-123.10646648307875, 49.24818960101858], ""type"": ""Point""}";49.24818960101858, -123.10646648307875
683;Riley Park;"{""coordinates"": [-123.10899547892153, 49.24823489050514], ""type"": ""Point""}";49.24823489050514, -123.10899547892153
703;Riley Park;"{""coordinates"": [-123.10883241478638, 49.247368866467916], ""type"": ""Point""}";49.247368866467916, -123.10883241478638
604;Riley Park;"{""coordinates"": [-123.10630958757699, 49.2513022831713], ""type"": ""Point""}";49.2513022831713, -123.10630958757699
584;Riley Park;"{""coordinates"": [-123.10628678210112, 49.25218786601961], ""type"": ""Point""}";49.25218786601961, -123.10628678210112
563;Riley Park;"{""coordinates"": [-123.10881312874422, 49.25321070882967], ""type"": ""Point""}";49.25321070882967, -123.10881312874422
39;Riley Park;"{""coordinates"": [-123.10079211826329, 49.24596771434004], ""type"": ""Point""}";49.24596771434004, -123.10079211826329
4;Riley Park;"{""coordinates"": [-123.10317623777162, 49.24655577799579], ""type"": ""Point""}";49.24655577799579, -123.10317623777162
6;Riley Park;"{""coordinates"": [-123.10295801860161, 49.23689292596865], ""type"": ""Point""}";49.23689292596865, -123.10295801860161
D;Sunset;"{""coordinates"": [-123.10071741270579, 49.23158306106731], ""type"": ""Point""}";49.23158306106731, -123.10071741270579
7;Riley Park;"{""coordinates"": [-123.10062863393085, 49.23843090780575], ""type"": ""Point""}";49.23843090780575, -123.10062863393085
807;Riley Park;"{""coordinates"": [-123.1073914340726, 49.238017406428895], ""type"": ""Point""}";49.238017406428895, -123.1073914340726
1;Sunset;"{""coordinates"": [-123.10494404777415, 49.22143966627875], ""type"": ""Point""}";49.22143966627875, -123.10494404777415
1;Sunset;"{""coordinates"": [-123.10054683039988, 49.22042237111103], ""type"": ""Point""}";49.22042237111103, -123.10054683039988
7;Oakridge;"{""coordinates"": [-123.11026723672008, 49.22613301723887], ""type"": ""Point""}";49.22613301723887, -123.11026723672008
1063;Oakridge;"{""coordinates"": [-123.10979852616188, 49.230817592995834], ""type"": ""Point""}";49.230817592995834, -123.10979852616188
12;Downtown;"{""coordinates"": [-123.11121571775136, 49.28396408381544], ""type"": ""Point""}";49.28396408381544, -123.11121571775136
8;Downtown;"{""coordinates"": [-123.10335788892456, 49.28178738682449], ""type"": ""Point""}";49.28178738682449, -123.10335788892456
1;Sunset;"{""coordinates"": [-123.10612715067496, 49.211574343699176], ""type"": ""Point""}";49.211574343699176, -123.10612715067496
4;Marpole;"{""coordinates"": [-123.1073050633903, 49.2136929585652], ""type"": ""Point""}";49.2136929585652, -123.1073050633903
3;Sunset;"{""coordinates"": [-123.10486971150259, 49.21452733992412], ""type"": ""Point""}";49.21452733992412, -123.10486971150259
54;Mount Pleasant;"{""coordinates"": [-123.09827650437616, 49.26324125226175], ""type"": ""Point""}";49.26324125226175, -123.09827650437616
4;Strathcona;"{""coordinates"": [-123.09730159477387, 49.267576694705646], ""type"": ""Point""}";49.267576694705646, -123.09730159477387
BLK.;Mount Pleasant;"{""coordinates"": [-123.09219281224577, 49.25859482587861], ""type"": ""Point""}";49.25859482587861, -123.09219281224577
B;Mount Pleasant;"{""coordinates"": [-123.09019846248745, 49.259137219226275], ""type"": ""Point""}";49.259137219226275, -123.09019846248745
D;Mount Pleasant;"{""coordinates"": [-123.09208993171806, 49.26095919130211], ""type"": ""Point""}";49.26095919130211, -123.09208993171806
26;Mount Pleasant;"{""coordinates"": [-123.09802582156698, 49.266670706658374], ""type"": ""Point""}";49.266670706658374, -123.09802582156698
135;Riley Park;"{""coordinates"": [-123.09302461535883, 49.247995206492924], ""type"": ""Point""}";49.247995206492924, -123.09302461535883
15;Riley Park;"{""coordinates"": [-123.09475065839773, 49.24849166277529], ""type"": ""Point""}";49.24849166277529, -123.09475065839773
8;Riley Park;"{""coordinates"": [-123.09600587591953, 49.24607630648752], ""type"": ""Point""}";49.24607630648752, -123.09600587591953
E;Riley Park;"{""coordinates"": [-123.09119585648166, 49.24889292216181], ""type"": ""Point""}";49.24889292216181, -123.09119585648166
97;Mount Pleasant;"{""coordinates"": [-123.09986610496001, 49.256895917559554], ""type"": ""Point""}";49.256895917559554, -123.09986610496001
5;Riley Park;"{""coordinates"": [-123.09602536304625, 49.24446299502787], ""type"": ""Point""}";49.24446299502787, -123.09602536304625
50;Riley Park;"{""coordinates"": [-123.09956094936989, 49.248273899916875], ""type"": ""Point""}";49.248273899916875, -123.09956094936989
24;Riley Park;"{""coordinates"": [-123.09519613755326, 49.24792751155406], ""type"": ""Point""}";49.24792751155406, -123.09519613755326
2;Kensington-Cedar Cottage;"{""coordinates"": [-123.08976014814164, 49.23745398468339], ""type"": ""Point""}";49.23745398468339, -123.08976014814164
12;Riley Park;"{""coordinates"": [-123.09537191641775, 49.24490260273468], ""type"": ""Point""}";49.24490260273468, -123.09537191641775
204;Riley Park;"{""coordinates"": [-123.09085783865085, 49.243957864355274], ""type"": ""Point""}";49.243957864355274, -123.09085783865085
5;Sunset;"{""coordinates"": [-123.09194535033551, 49.22605603335609], ""type"": ""Point""}";49.22605603335609, -123.09194535033551
3;Sunset;"{""coordinates"": [-123.09915410750989, 49.2296956613026], ""type"": ""Point""}";49.2296956613026, -123.09915410750989
4;Sunset;"{""coordinates"": [-123.09186883818008, 49.22433792655491], ""type"": ""Point""}";49.22433792655491, -123.09186883818008
20;Sunset;"{""coordinates"": [-123.09513328524804, 49.22496501587803], ""type"": ""Point""}";49.22496501587803, -123.09513328524804
18;Sunset;"{""coordinates"": [-123.09618778832204, 49.224979416597215], ""type"": ""Point""}";49.224979416597215, -123.09618778832204
B;Sunset;"{""coordinates"": [-123.09384035267541, 49.21195491024435], ""type"": ""Point""}";49.21195491024435, -123.09384035267541
6;Sunset;"{""coordinates"": [-123.0956922992248, 49.21736322551039], ""type"": ""Point""}";49.21736322551039, -123.0956922992248
85;Strathcona;"{""coordinates"": [-123.09267872453105, 49.27876476427039], ""type"": ""Point""}";49.27876476427039, -123.09267872453105
11;Strathcona;"{""coordinates"": [-123.09854701959765, 49.280671519278776], ""type"": ""Point""}";49.280671519278776, -123.09854701959765
25;Sunset;"{""coordinates"": [-123.09820632100835, 49.206178273935194], ""type"": ""Point""}";49.206178273935194, -123.09820632100835
116;Strathcona;"{""coordinates"": [-123.08223393519509, 49.27511330274151], ""type"": ""Point""}";49.27511330274151, -123.08223393519509
87;Kensington-Cedar Cottage;"{""coordinates"": [-123.08085209477431, 49.25570210983442], ""type"": ""Point""}";49.25570210983442, -123.08085209477431
78;Kensington-Cedar Cottage;"{""coordinates"": [-123.08845493846006, 49.254947282502364], ""type"": ""Point""}";49.254947282502364, -123.08845493846006
2;Kensington-Cedar Cottage;"{""coordinates"": [-123.08904023110838, 49.245945544234374], ""type"": ""Point""}";49.245945544234374, -123.08904023110838
H;Kensington-Cedar Cottage;"{""coordinates"": [-123.0849178061622, 49.2487569768681], ""type"": ""Point""}";49.2487569768681, -123.0849178061622
58;Kensington-Cedar Cottage;"{""coordinates"": [-123.08102697579696, 49.25295361492454], ""type"": ""Point""}";49.25295361492454, -123.08102697579696
17;Kensington-Cedar Cottage;"{""coordinates"": [-123.08475511487995, 49.2503280497919], ""type"": ""Point""}";49.2503280497919, -123.08475511487995
14;Kensington-Cedar Cottage;"{""coordinates"": [-123.07930073279415, 49.2501644762636], ""type"": ""Point""}";49.2501644762636, -123.07930073279415
59;Kensington-Cedar Cottage;"{""coordinates"": [-123.07897840694588, 49.25295169624714], ""type"": ""Point""}";49.25295169624714, -123.07897840694588
6;Kensington-Cedar Cottage;"{""coordinates"": [-123.07847085305731, 49.243038336828654], ""type"": ""Point""}";49.243038336828654, -123.07847085305731
2;Kensington-Cedar Cottage;"{""coordinates"": [-123.08112412433871, 49.247189252874314], ""type"": ""Point""}";49.247189252874314, -123.08112412433871
F;Kensington-Cedar Cottage;"{""coordinates"": [-123.08611402518395, 49.247207769538605], ""type"": ""Point""}";49.247207769538605, -123.08611402518395
11;Kensington-Cedar Cottage;"{""coordinates"": [-123.08394027502904, 49.23903564019917], ""type"": ""Point""}";49.23903564019917, -123.08394027502904
1;Sunset;"{""coordinates"": [-123.08912802749008, 49.21937516112681], ""type"": ""Point""}";49.21937516112681, -123.08912802749008
5;Sunset;"{""coordinates"": [-123.08674399577859, 49.2238556674244], ""type"": ""Point""}";49.2238556674244, -123.08674399577859
1;Sunset;"{""coordinates"": [-123.08908925571266, 49.22484217447094], ""type"": ""Point""}";49.22484217447094, -123.08908925571266
11;Sunset;"{""coordinates"": [-123.08269710872165, 49.212656314436614], ""type"": ""Point""}";49.212656314436614, -123.08269710872165
76;Strathcona;"{""coordinates"": [-123.0882236890243, 49.279573374280176], ""type"": ""Point""}";49.279573374280176, -123.0882236890243
61;Strathcona;"{""coordinates"": [-123.08620373566268, 49.28144470869038], ""type"": ""Point""}";49.28144470869038, -123.08620373566268
51;Grandview-Woodland;"{""coordinates"": [-123.07406551043346, 49.27167380472912], ""type"": ""Point""}";49.27167380472912, -123.07406551043346
38;Grandview-Woodland;"{""coordinates"": [-123.0701749248136, 49.274229463847774], ""type"": ""Point""}";49.274229463847774, -123.0701749248136
39;Grandview-Woodland;"{""coordinates"": [-123.07510121482427, 49.273278058167016], ""type"": ""Point""}";49.273278058167016, -123.07510121482427
73;Grandview-Woodland;"{""coordinates"": [-123.07096757876947, 49.268093718459625], ""type"": ""Point""}";49.268093718459625, -123.07096757876947
70;Grandview-Woodland;"{""coordinates"": [-123.07599683833381, 49.26815032907302], ""type"": ""Point""}";49.26815032907302, -123.07599683833381
C;Kensington-Cedar Cottage;"{""coordinates"": [-123.06960695448076, 49.25489897182646], ""type"": ""Point""}";49.25489897182646, -123.06960695448076
1;Kensington-Cedar Cottage;"{""coordinates"": [-123.06827906434867, 49.24522777356146], ""type"": ""Point""}";49.24522777356146, -123.06827906434867
23;Kensington-Cedar Cottage;"{""coordinates"": [-123.07114496877414, 49.24624556391002], ""type"": ""Point""}";49.24624556391002, -123.07114496877414
BLK. 170;Kensington-Cedar Cottage;"{""coordinates"": [-123.07229277818044, 49.25806511368827], ""type"": ""Point""}";49.25806511368827, -123.07229277818044
3;Kensington-Cedar Cottage;"{""coordinates"": [-123.07738925570754, 49.24324831362714], ""type"": ""Point""}";49.24324831362714, -123.07738925570754
2;Kensington-Cedar Cottage;"{""coordinates"": [-123.07066643261359, 49.23554374352716], ""type"": ""Point""}";49.23554374352716, -123.07066643261359
6;Kensington-Cedar Cottage;"{""coordinates"": [-123.0781346360541, 49.237143802895226], ""type"": ""Point""}";49.237143802895226, -123.0781346360541
4;Kensington-Cedar Cottage;"{""coordinates"": [-123.0780247442531, 49.23799380195135], ""type"": ""Point""}";49.23799380195135, -123.0780247442531
2;Kensington-Cedar Cottage;"{""coordinates"": [-123.07287402241596, 49.23874548025868], ""type"": ""Point""}";49.23874548025868, -123.07287402241596
7;Kensington-Cedar Cottage;"{""coordinates"": [-123.07291566263412, 49.24464375817546], ""type"": ""Point""}";49.24464375817546, -123.07291566263412
BLK;Kensington-Cedar Cottage;"{""coordinates"": [-123.074212369951, 49.24479087710718], ""type"": ""Point""}";49.24479087710718, -123.074212369951
8;Victoria-Fraserview;"{""coordinates"": [-123.07100156503688, 49.2278343079398], ""type"": ""Point""}";49.2278343079398, -123.07100156503688
3;Victoria-Fraserview;"{""coordinates"": [-123.06865142485731, 49.228153935842094], ""type"": ""Point""}";49.228153935842094, -123.06865142485731
4;Victoria-Fraserview;"{""coordinates"": [-123.07634122590667, 49.22981982639957], ""type"": ""Point""}";49.22981982639957, -123.07634122590667
5;Victoria-Fraserview;"{""coordinates"": [-123.07274817559336, 49.222668131168824], ""type"": ""Point""}";49.222668131168824, -123.07274817559336
20;Victoria-Fraserview;"{""coordinates"": [-123.07070378655966, 49.226758657300095], ""type"": ""Point""}";49.226758657300095, -123.07070378655966
2;Victoria-Fraserview;"{""coordinates"": [-123.07511972643262, 49.226460933409214], ""type"": ""Point""}";49.226460933409214, -123.07511972643262
8;Victoria-Fraserview;"{""coordinates"": [-123.07029347946789, 49.20996433252819], ""type"": ""Point""}";49.20996433252819, -123.07029347946789
6;Victoria-Fraserview;"{""coordinates"": [-123.07000683966685, 49.21774016378682], ""type"": ""Point""}";49.21774016378682, -123.07000683966685
21;Victoria-Fraserview;"{""coordinates"": [-123.07482283133525, 49.21666384612594], ""type"": ""Point""}";49.21666384612594, -123.07482283133525
5;Grandview-Woodland;"{""coordinates"": [-123.07545145929286, 49.282906605826355], ""type"": ""Point""}";49.282906605826355, -123.07545145929286
16;Grandview-Woodland;"{""coordinates"": [-123.07155268945931, 49.282514656377394], ""type"": ""Point""}";49.282514656377394, -123.07155268945931
2;Victoria-Fraserview;"{""coordinates"": [-123.06833697213841, 49.208944487292044], ""type"": ""Point""}";49.208944487292044, -123.06833697213841
B;Grandview-Woodland;"{""coordinates"": [-123.06281037194357, 49.26878866017413], ""type"": ""Point""}";49.26878866017413, -123.06281037194357
4;Grandview-Woodland;"{""coordinates"": [-123.06077722607156, 49.270841542439705], ""type"": ""Point""}";49.270841542439705, -123.06077722607156
2;Grandview-Woodland;"{""coordinates"": [-123.0589150091867, 49.27154380815665], ""type"": ""Point""}";49.27154380815665, -123.0589150091867
A;Kensington-Cedar Cottage;"{""coordinates"": [-123.06073503833625, 49.261479953673515], ""type"": ""Point""}";49.261479953673515, -123.06073503833625
D;Kensington-Cedar Cottage;"{""coordinates"": [-123.06713797987531, 49.26002898236581], ""type"": ""Point""}";49.26002898236581, -123.06713797987531
C;Grandview-Woodland;"{""coordinates"": [-123.06109397577568, 49.2655311956], ""type"": ""Point""}";49.2655311956, -123.06109397577568
D;Grandview-Woodland;"{""coordinates"": [-123.062904722806, 49.26554332996935], ""type"": ""Point""}";49.26554332996935, -123.062904722806
BLK. 167;Kensington-Cedar Cottage;"{""coordinates"": [-123.061602551695, 49.258369310504776], ""type"": ""Point""}";49.258369310504776, -123.061602551695
C;Kensington-Cedar Cottage;"{""coordinates"": [-123.06374785554617, 49.24792924687602], ""type"": ""Point""}";49.24792924687602, -123.06374785554617
2;Kensington-Cedar Cottage;"{""coordinates"": [-123.06021635241382, 49.237042163662565], ""type"": ""Point""}";49.237042163662565, -123.06021635241382
52;Grandview-Woodland;"{""coordinates"": [-123.05742369538481, 49.27997300263326], ""type"": ""Point""}";49.27997300263326, -123.05742369538481
46;Grandview-Woodland;"{""coordinates"": [-123.06278359316512, 49.280789261651655], ""type"": ""Point""}";49.280789261651655, -123.06278359316512
53;Grandview-Woodland;"{""coordinates"": [-123.05832184602613, 49.282433192426325], ""type"": ""Point""}";49.282433192426325, -123.05832184602613
35;Grandview-Woodland;"{""coordinates"": [-123.0609499068136, 49.28241941376464], ""type"": ""Point""}";49.28241941376464, -123.0609499068136
23;Hastings-Sunrise;"{""coordinates"": [-123.05256445083403, 49.27076116861662], ""type"": ""Point""}";49.27076116861662, -123.05256445083403
52;Hastings-Sunrise;"{""coordinates"": [-123.04588232390678, 49.27261644002466], ""type"": ""Point""}";49.27261644002466, -123.04588232390678
3;Hastings-Sunrise;"{""coordinates"": [-123.05109576859702, 49.27360127634132], ""type"": ""Point""}";49.27360127634132, -123.05109576859702
V;Renfrew-Collingwood;"{""coordinates"": [-123.0534005323298, 49.257819350393994], ""type"": ""Point""}";49.257819350393994, -123.0534005323298
5;Renfrew-Collingwood;"{""coordinates"": [-123.05562087206317, 49.25948702261736], ""type"": ""Point""}";49.25948702261736, -123.05562087206317
L;Renfrew-Collingwood;"{""coordinates"": [-123.04583526984403, 49.25347558894777], ""type"": ""Point""}";49.25347558894777, -123.04583526984403
F;Renfrew-Collingwood;"{""coordinates"": [-123.0511086768123, 49.250989058102746], ""type"": ""Point""}";49.250989058102746, -123.0511086768123
N;Renfrew-Collingwood;"{""coordinates"": [-123.0541707343568, 49.252660270650566], ""type"": ""Point""}";49.252660270650566, -123.0541707343568
B;Renfrew-Collingwood;"{""coordinates"": [-123.05099118385971, 49.25431818747751], ""type"": ""Point""}";49.25431818747751, -123.05099118385971
5;Renfrew-Collingwood;"{""coordinates"": [-123.04880790190235, 49.24479628926995], ""type"": ""Point""}";49.24479628926995, -123.04880790190235
125;Renfrew-Collingwood;"{""coordinates"": [-123.04725317630665, 49.2427486486206], ""type"": ""Point""}";49.2427486486206, -123.04725317630665
3;Renfrew-Collingwood;"{""coordinates"": [-123.04810759688287, 49.24655594248945], ""type"": ""Point""}";49.24655594248945, -123.04810759688287
4;Renfrew-Collingwood;"{""coordinates"": [-123.04808090460773, 49.247366954562956], ""type"": ""Point""}";49.247366954562956, -123.04808090460773
4;Victoria-Fraserview;"{""coordinates"": [-123.05314585352485, 49.22788069327214], ""type"": ""Point""}";49.22788069327214, -123.05314585352485
6;Renfrew-Collingwood;"{""coordinates"": [-123.04737483347833, 49.23552399785453], ""type"": ""Point""}";49.23552399785453, -123.04737483347833
4;Renfrew-Collingwood;"{""coordinates"": [-123.04824621901783, 49.238729425824005], ""type"": ""Point""}";49.238729425824005, -123.04824621901783
7;Victoria-Fraserview;"{""coordinates"": [-123.05161965820909, 49.222150466249936], ""type"": ""Point""}";49.222150466249936, -123.05161965820909
10;Killarney;"{""coordinates"": [-123.04793420565915, 49.22556662149231], ""type"": ""Point""}";49.22556662149231, -123.04793420565915
38;Hastings-Sunrise;"{""coordinates"": [-123.05331601189997, 49.2823743624053], ""type"": ""Point""}";49.2823743624053, -123.05331601189997
18;Hastings-Sunrise;"{""coordinates"": [-123.05557003562447, 49.28507824783437], ""type"": ""Point""}";49.28507824783437, -123.05557003562447
2;Hastings-Sunrise;"{""coordinates"": [-123.05330787198237, 49.28604793145462], ""type"": ""Point""}";49.28604793145462, -123.05330787198237
4;Hastings-Sunrise;"{""coordinates"": [-123.04803773301781, 49.28604821859111], ""type"": ""Point""}";49.28604821859111, -123.04803773301781
1;Hastings-Sunrise;"{""coordinates"": [-123.05556927409846, 49.2859912939379], ""type"": ""Point""}";49.2859912939379, -123.05556927409846
68;Killarney;"{""coordinates"": [-123.05282646920088, 49.20624933918429], ""type"": ""Point""}";49.20624933918429, -123.05282646920088
72;Victoria-Fraserview;"{""coordinates"": [-123.05277232575811, 49.215952048704715], ""type"": ""Point""}";49.215952048704715, -123.05277232575811
5;Hastings-Sunrise;"{""coordinates"": [-123.03513930314482, 49.27356122926424], ""type"": ""Point""}";49.27356122926424, -123.03513930314482
58;Hastings-Sunrise;"{""coordinates"": [-123.04812627538375, 49.28056677497732], ""type"": ""Point""}";49.28056677497732, -123.04812627538375
79;Hastings-Sunrise;"{""coordinates"": [-123.05073939182745, 49.278048086204166], ""type"": ""Point""}";49.278048086204166, -123.05073939182745
33;Hastings-Sunrise;"{""coordinates"": [-123.04811851335903, 49.28328656847089], ""type"": ""Point""}";49.28328656847089, -123.04811851335903
26;Hastings-Sunrise;"{""coordinates"": [-123.04277793255034, 49.26235840982862], ""type"": ""Point""}";49.26235840982862, -123.04277793255034
61;Hastings-Sunrise;"{""coordinates"": [-123.04032318835053, 49.2660651453679], ""type"": ""Point""}";49.2660651453679, -123.04032318835053
82;Hastings-Sunrise;"{""coordinates"": [-123.03540684306584, 49.270740561660055], ""type"": ""Point""}";49.270740561660055, -123.03540684306584
73;Hastings-Sunrise;"{""coordinates"": [-123.03782810487229, 49.26880448726878], ""type"": ""Point""}";49.26880448726878, -123.03782810487229
1;Renfrew-Collingwood;"{""coordinates"": [-123.04028802512781, 49.24485413961246], ""type"": ""Point""}";49.24485413961246, -123.04028802512781
1;Renfrew-Collingwood;"{""coordinates"": [-123.0431350005967, 49.24736683814847], ""type"": ""Point""}";49.24736683814847, -123.0431350005967
F;Renfrew-Collingwood;"{""coordinates"": [-123.04032446909, 49.25093661054137], ""type"": ""Point""}";49.25093661054137, -123.04032446909
1;Renfrew-Collingwood;"{""coordinates"": [-123.03553274855913, 49.24997057631747], ""type"": ""Point""}";49.24997057631747, -123.03553274855913
113;Renfrew-Collingwood;"{""coordinates"": [-123.0443624398017, 49.24134800394201], ""type"": ""Point""}";49.24134800394201, -123.0443624398017
14;Marpole;"{""coordinates"": [-123.13062399948711, 49.211836197547], ""type"": ""Point""}";49.211836197547, -123.13062399948711
20;Marpole;"{""coordinates"": [-123.12638026135954, 49.21166863189951], ""type"": ""Point""}";49.21166863189951, -123.12638026135954
21;Marpole;"{""coordinates"": [-123.1228919114464, 49.209149999644445], ""type"": ""Point""}";49.209149999644445, -123.1228919114464
32;Marpole;"{""coordinates"": [-123.12998766612822, 49.20970842294496], ""type"": ""Point""}";49.20970842294496, -123.12998766612822
35;Marpole;"{""coordinates"": [-123.13220590115453, 49.20977017668829], ""type"": ""Point""}";49.20977017668829, -123.13220590115453
12;Marpole;"{""coordinates"": [-123.13166105502314, 49.217572958686354], ""type"": ""Point""}";49.217572958686354, -123.13166105502314
BLK A;Marpole;"{""coordinates"": [-123.12696889816601, 49.21404700572441], ""type"": ""Point""}";49.21404700572441, -123.12696889816601
BLK  C;Marpole;"{""coordinates"": [-123.12966893588258, 49.20663880434963], ""type"": ""Point""}";49.20663880434963, -123.12966893588258
X;Marpole;"{""coordinates"": [-123.12554750103492, 49.207652737689656], ""type"": ""Point""}";49.207652737689656, -123.12554750103492
22;Marpole;"{""coordinates"": [-123.122776920331, 49.20873157997578], ""type"": ""Point""}";49.20873157997578, -123.122776920331
14;Marpole;"{""coordinates"": [-123.1321491771029, 49.20510558739939], ""type"": ""Point""}";49.20510558739939, -123.1321491771029
9;West End;"{""coordinates"": [-123.12876273528286, 49.28086282002488], ""type"": ""Point""}";49.28086282002488, -123.12876273528286
11;West End;"{""coordinates"": [-123.1308714761965, 49.27919729585966], ""type"": ""Point""}";49.27919729585966, -123.1308714761965
6;West End;"{""coordinates"": [-123.12581775250386, 49.28291857497714], ""type"": ""Point""}";49.28291857497714, -123.12581775250386
33;West End;"{""coordinates"": [-123.13016138984527, 49.28558873093377], ""type"": ""Point""}";49.28558873093377, -123.13016138984527
380;Fairview;"{""coordinates"": [-123.11642048769029, 49.261433025938686], ""type"": ""Point""}";49.261433025938686, -123.11642048769029
340;Fairview;"{""coordinates"": [-123.11648980974549, 49.26372659919136], ""type"": ""Point""}";49.26372659919136, -123.11648980974549
835;Shaughnessy;"{""coordinates"": [-123.12922285474028, 49.24106109639354], ""type"": ""Point""}";49.24106109639354, -123.12922285474028
695;Shaughnessy;"{""coordinates"": [-123.12897813757951, 49.24757231147477], ""type"": ""Point""}";49.24757231147477, -123.12897813757951
717;South Cambie;"{""coordinates"": [-123.12370049166704, 49.24654741810913], ""type"": ""Point""}";49.24654741810913, -123.12370049166704
914;Shaughnessy;"{""coordinates"": [-123.13154158229034, 49.23717914495199], ""type"": ""Point""}";49.23717914495199, -123.13154158229034
BLK;Oakridge;"{""coordinates"": [-123.1256503697533, 49.22972556975994], ""type"": ""Point""}";49.22972556975994, -123.1256503697533
BLK 1008;Oakridge;"{""coordinates"": [-123.12630097027579, 49.23354196157505], ""type"": ""Point""}";49.23354196157505, -123.12630097027579
865;South Cambie;"{""coordinates"": [-123.12783660794061, 49.23507122849991], ""type"": ""Point""}";49.23507122849991, -123.12783660794061
27;Marpole;"{""coordinates"": [-123.12493499353019, 49.21426851952102], ""type"": ""Point""}";49.21426851952102, -123.12493499353019
4;Marpole;"{""coordinates"": [-123.12339315589558, 49.21567347697731], ""type"": ""Point""}";49.21567347697731, -123.12339315589558
A;Marpole;"{""coordinates"": [-123.12290117468063, 49.213883949130754], ""type"": ""Point""}";49.213883949130754, -123.12290117468063
BLK;Oakridge;"{""coordinates"": [-123.12706367292861, 49.21967338624191], ""type"": ""Point""}";49.21967338624191, -123.12706367292861
5;Oakridge;"{""coordinates"": [-123.1298583688977, 49.21973929905283], ""type"": ""Point""}";49.21973929905283, -123.1298583688977
BLK;Oakridge;"{""coordinates"": [-123.13278384224245, 49.219506251883764], ""type"": ""Point""}";49.219506251883764, -123.13278384224245
6;Marpole;"{""coordinates"": [-123.12743963468033, 49.21852319581984], ""type"": ""Point""}";49.21852319581984, -123.12743963468033
24;Marpole;"{""coordinates"": [-123.12786764963994, 49.21323663655045], ""type"": ""Point""}";49.21323663655045, -123.12786764963994
26;Marpole;"{""coordinates"": [-123.12533385547738, 49.21319539970198], ""type"": ""Point""}";49.21319539970198, -123.12533385547738
12;Marpole;"{""coordinates"": [-123.12313966374842, 49.21290481019604], ""type"": ""Point""}";49.21290481019604, -123.12313966374842
BLK D;Marpole;"{""coordinates"": [-123.12326259627494, 49.21075769278674], ""type"": ""Point""}";49.21075769278674, -123.12326259627494
BLK;Marpole;"{""coordinates"": [-123.12842540021974, 49.201854874032165], ""type"": ""Point""}";49.201854874032165, -123.12842540021974
70;Marpole;"{""coordinates"": [-123.12774829604885, 49.20195268423223], ""type"": ""Point""}";49.20195268423223, -123.12774829604885
2;Marpole;"{""coordinates"": [-123.1319664451617, 49.207764868978586], ""type"": ""Point""}";49.207764868978586, -123.1319664451617
101;Downtown;"{""coordinates"": [-123.12835158727634, 49.27752004690965], ""type"": ""Point""}";49.27752004690965, -123.12835158727634
102;Downtown;"{""coordinates"": [-123.12724551653307, 49.27687152098442], ""type"": ""Point""}";49.27687152098442, -123.12724551653307
35;West End;"{""coordinates"": [-123.1323511038159, 49.28414733966176], ""type"": ""Point""}";49.28414733966176, -123.1323511038159
24;West End;"{""coordinates"": [-123.13186672657288, 49.28116380629542], ""type"": ""Point""}";49.28116380629542, -123.13186672657288
519;South Cambie;"{""coordinates"": [-123.11926813678463, 49.25549509686344], ""type"": ""Point""}";49.25549509686344, -123.11926813678463
360A;Mount Pleasant;"{""coordinates"": [-123.1141574379718, 49.262558803660006], ""type"": ""Point""}";49.262558803660006, -123.1141574379718
H;Mount Pleasant;"{""coordinates"": [-123.11214491504971, 49.25901856856153], ""type"": ""Point""}";49.25901856856153, -123.11214491504971
438;Fairview;"{""coordinates"": [-123.1211882434253, 49.2589508240724], ""type"": ""Point""}";49.2589508240724, -123.1211882434253
320;Fairview;"{""coordinates"": [-123.11645171482095, 49.264435576739565], ""type"": ""Point""}";49.264435576739565, -123.11645171482095
22;Mount Pleasant;"{""coordinates"": [-123.11208604876137, 49.26351990967285], ""type"": ""Point""}";49.26351990967285, -123.11208604876137
A;South Cambie;"{""coordinates"": [-123.11563903172055, 49.25183331422273], ""type"": ""Point""}";49.25183331422273, -123.11563903172055
0;South Cambie;"{""coordinates"": [-123.11588225519125, 49.25183396104817], ""type"": ""Point""}";49.25183396104817, -123.11588225519125
6;South Cambie;"{""coordinates"": [-123.1159983693568, 49.25183384452507], ""type"": ""Point""}";49.25183384452507, -123.1159983693568
458;Fairview;"{""coordinates"": [-123.12121853968024, 49.257999278479964], ""type"": ""Point""}";49.257999278479964, -123.12121853968024
500;South Cambie;"{""coordinates"": [-123.11718552252235, 49.2563603371918], ""type"": ""Point""}";49.2563603371918, -123.11718552252235
0;South Cambie;"{""coordinates"": [-123.11557712394628, 49.25643483660881], ""type"": ""Point""}";49.25643483660881, -123.11557712394628
5;South Cambie;"{""coordinates"": [-123.11581719241282, 49.25643417343082], ""type"": ""Point""}";49.25643417343082, -123.11581719241282
799;South Cambie;"{""coordinates"": [-123.1199778566019, 49.24257006139705], ""type"": ""Point""}";49.24257006139705, -123.1199778566019
779;South Cambie;"{""coordinates"": [-123.11947755921932, 49.24371487318012], ""type"": ""Point""}";49.24371487318012, -123.11947755921932
661;Riley Park;"{""coordinates"": [-123.11394046382195, 49.249373691955846], ""type"": ""Point""}";49.249373691955846, -123.11394046382195
662;Riley Park;"{""coordinates"": [-123.11165675594404, 49.249351679493806], ""type"": ""Point""}";49.249351679493806, -123.11165675594404
721;Riley Park;"{""coordinates"": [-123.11393425946245, 49.24639079854298], ""type"": ""Point""}";49.24639079854298, -123.11393425946245
559;South Cambie;"{""coordinates"": [-123.11947535860615, 49.25369040551095], ""type"": ""Point""}";49.25369040551095, -123.11947535860615
885;Oakridge;"{""coordinates"": [-123.11969947545815, 49.221549678355885], ""type"": ""Point""}";49.221549678355885, -123.11969947545815
896;Oakridge;"{""coordinates"": [-123.11739960756563, 49.2239571940441], ""type"": ""Point""}";49.2239571940441, -123.11739960756563
1000;Oakridge;"{""coordinates"": [-123.11230675143025, 49.227361424617435], ""type"": ""Point""}";49.227361424617435, -123.11230675143025
858;Oakridge;"{""coordinates"": [-123.1125396033847, 49.232705281251015], ""type"": ""Point""}";49.232705281251015, -123.1125396033847
848;Riley Park;"{""coordinates"": [-123.11181732785077, 49.23463756929507], ""type"": ""Point""}";49.23463756929507, -123.11181732785077
854;Riley Park;"{""coordinates"": [-123.11463288448803, 49.235621561779155], ""type"": ""Point""}";49.235621561779155, -123.11463288448803
872;South Cambie;"{""coordinates"": [-123.11997851165417, 49.23460567012992], ""type"": ""Point""}";49.23460567012992, -123.11997851165417
6;Marpole;"{""coordinates"": [-123.1183595051705, 49.2048291473439], ""type"": ""Point""}";49.2048291473439, -123.1183595051705
5;Marpole;"{""coordinates"": [-123.11961951331065, 49.206733664918936], ""type"": ""Point""}";49.206733664918936, -123.11961951331065
F;Marpole;"{""coordinates"": [-123.11154430930553, 49.21220638467684], ""type"": ""Point""}";49.21220638467684, -123.11154430930553
K;Marpole;"{""coordinates"": [-123.11862043898918, 49.216271985406294], ""type"": ""Point""}";49.216271985406294, -123.11862043898918
E;Marpole;"{""coordinates"": [-123.12094098438524, 49.21635864137099], ""type"": ""Point""}";49.21635864137099, -123.12094098438524
8;Marpole;"{""coordinates"": [-123.11136012012834, 49.215093167142875], ""type"": ""Point""}";49.215093167142875, -123.11136012012834
30;Downtown;"{""coordinates"": [-123.11839084017278, 49.285821906542346], ""type"": ""Point""}";49.285821906542346, -123.11839084017278
62;Downtown;"{""coordinates"": [-123.12107308537196, 49.28109346684613], ""type"": ""Point""}";49.28109346684613, -123.12107308537196
24;Downtown;"{""coordinates"": [-123.11304215764821, 49.28379742095643], ""type"": ""Point""}";49.28379742095643, -123.11304215764821
45;Downtown;"{""coordinates"": [-123.11469297268836, 49.28143327404913], ""type"": ""Point""}";49.28143327404913, -123.11469297268836
15;Downtown;"{""coordinates"": [-123.12186539917172, 49.288268821647584], ""type"": ""Point""}";49.288268821647584, -123.12186539917172
22;Mount Pleasant;"{""coordinates"": [-123.10583394478813, 49.266802767325984], ""type"": ""Point""}";49.266802767325984, -123.10583394478813
14;Mount Pleasant;"{""coordinates"": [-123.11033789561128, 49.26598949861085], ""type"": ""Point""}";49.26598949861085, -123.11033789561128
8;Mount Pleasant;"{""coordinates"": [-123.10983018425347, 49.268713459126694], ""type"": ""Point""}";49.268713459126694, -123.10983018425347
T;Mount Pleasant;"{""coordinates"": [-123.1083001942856, 49.25726366295258], ""type"": ""Point""}";49.25726366295258, -123.1083001942856
15;Mount Pleasant;"{""coordinates"": [-123.11026707409874, 49.265265200513824], ""type"": ""Point""}";49.265265200513824, -123.11026707409874
29;Riley Park;"{""coordinates"": [-123.10064198855308, 49.24858597025688], ""type"": ""Point""}";49.24858597025688, -123.10064198855308
28;Riley Park;"{""coordinates"": [-123.10202776536352, 49.248618019123185], ""type"": ""Point""}";49.248618019123185, -123.10202776536352
23;Riley Park;"{""coordinates"": [-123.10201204546338, 49.24733713020629], ""type"": ""Point""}";49.24733713020629, -123.10201204546338
18;Riley Park;"{""coordinates"": [-123.10276473298438, 49.24786897181407], ""type"": ""Point""}";49.24786897181407, -123.10276473298438
11;Riley Park;"{""coordinates"": [-123.10044774419248, 49.23699167290811], ""type"": ""Point""}";49.23699167290811, -123.10044774419248
1;Riley Park;"{""coordinates"": [-123.1042401333975, 49.24236001166231], ""type"": ""Point""}";49.24236001166231, -123.1042401333975
663;Riley Park;"{""coordinates"": [-123.10879649563805, 49.24932502099814], ""type"": ""Point""}";49.24932502099814, -123.10879649563805
10;Riley Park;"{""coordinates"": [-123.1043649904826, 49.24557380703282], ""type"": ""Point""}";49.24557380703282, -123.1043649904826
A;Sunset;"{""coordinates"": [-123.10486411645186, 49.23201558725385], ""type"": ""Point""}";49.23201558725385, -123.10486411645186
1043;Oakridge;"{""coordinates"": [-123.10986728334356, 49.231714435678285], ""type"": ""Point""}";49.231714435678285, -123.10986728334356
E;Sunset;"{""coordinates"": [-123.10075239115069, 49.23203241554067], ""type"": ""Point""}";49.23203241554067, -123.10075239115069
G;Riley Park;"{""coordinates"": [-123.10039441577354, 49.234822496958365], ""type"": ""Point""}";49.234822496958365, -123.10039441577354
3;Riley Park;"{""coordinates"": [-123.10041671253246, 49.234999773969484], ""type"": ""Point""}";49.234999773969484, -123.10041671253246
843;Riley Park;"{""coordinates"": [-123.10692953206089, 49.23676128882949], ""type"": ""Point""}";49.23676128882949, -123.10692953206089
4;Sunset;"{""coordinates"": [-123.10508006203266, 49.224174554405344], ""type"": ""Point""}";49.224174554405344, -123.10508006203266
1162;Marpole;"{""coordinates"": [-123.10896723337451, 49.21739921248067], ""type"": ""Point""}";49.21739921248067, -123.10896723337451
7;Sunset;"{""coordinates"": [-123.10089043236657, 49.209504884704444], ""type"": ""Point""}";49.209504884704444, -123.10089043236657
5;Sunset;"{""coordinates"": [-123.10492857043792, 49.21279245598449], ""type"": ""Point""}";49.21279245598449, -123.10492857043792
D;Sunset;"{""coordinates"": [-123.10486783750693, 49.21714002089786], ""type"": ""Point""}";49.21714002089786, -123.10486783750693
3;Marpole;"{""coordinates"": [-123.10725137106397, 49.214560153755556], ""type"": ""Point""}";49.214560153755556, -123.10725137106397
4;Sunset;"{""coordinates"": [-123.10496119317287, 49.213661011041886], ""type"": ""Point""}";49.213661011041886, -123.10496119317287
90;Mount Pleasant;"{""coordinates"": [-123.09516811385308, 49.26656529729756], ""type"": ""Point""}";49.26656529729756, -123.09516811385308
93;Mount Pleasant;"{""coordinates"": [-123.09017409101646, 49.26645909356092], ""type"": ""Point""}";49.26645909356092, -123.09017409101646
86;Mount Pleasant;"{""coordinates"": [-123.09032672804598, 49.26554480099214], ""type"": ""Point""}";49.26554480099214, -123.09032672804598
100;Mount Pleasant;"{""coordinates"": [-123.09025073635576, 49.264650872123156], ""type"": ""Point""}";49.264650872123156, -123.09025073635576
108;Strathcona;"{""coordinates"": [-123.09078287353533, 49.27621205093597], ""type"": ""Point""}";49.27621205093597, -123.09078287353533
105;Strathcona;"{""coordinates"": [-123.09397679122712, 49.27629623800868], ""type"": ""Point""}";49.27629623800868, -123.09397679122712
14;Downtown;"{""coordinates"": [-123.10396121478229, 49.27967653160083], ""type"": ""Point""}";49.27967653160083, -123.10396121478229
2;Downtown;"{""coordinates"": [-123.10538588640651, 49.283266430925515], ""type"": ""Point""}";49.283266430925515, -123.10538588640651
E;Mount Pleasant;"{""coordinates"": [-123.09191395463064, 49.257717492974045], ""type"": ""Point""}";49.257717492974045, -123.09191395463064
122;Mount Pleasant;"{""coordinates"": [-123.09779292369832, 49.26234729613708], ""type"": ""Point""}";49.26234729613708, -123.09779292369832
112;Mount Pleasant;"{""coordinates"": [-123.09755562374426, 49.2586841073314], ""type"": ""Point""}";49.2586841073314, -123.09755562374426
127;Mount Pleasant;"{""coordinates"": [-123.09599293217366, 49.26010785612364], ""type"": ""Point""}";49.26010785612364, -123.09599293217366
130;Mount Pleasant;"{""coordinates"": [-123.09562219253291, 49.25947942525116], ""type"": ""Point""}";49.25947942525116, -123.09562219253291
132;Mount Pleasant;"{""coordinates"": [-123.0939808416808, 49.25856276558584], ""type"": ""Point""}";49.25856276558584, -123.0939808416808
105A;Mount Pleasant;"{""coordinates"": [-123.09209270051443, 49.26373230359088], ""type"": ""Point""}";49.26373230359088, -123.09209270051443
137;Riley Park;"{""coordinates"": [-123.09167159606619, 49.24798062731387], ""type"": ""Point""}";49.24798062731387, -123.09167159606619
134;Riley Park;"{""coordinates"": [-123.09363468047967, 49.24800056056269], ""type"": ""Point""}";49.24800056056269, -123.09363468047967
13;Riley Park;"{""coordinates"": [-123.09605560690835, 49.24802761870338], ""type"": ""Point""}";49.24802761870338, -123.09605560690835
7;Riley Park;"{""coordinates"": [-123.09602519338564, 49.245424136003834], ""type"": ""Point""}";49.245424136003834, -123.09602519338564
98;Mount Pleasant;"{""coordinates"": [-123.09762282009986, 49.256868276524294], ""type"": ""Point""}";49.256868276524294, -123.09762282009986
93;Riley Park;"{""coordinates"": [-123.0929247644047, 49.25589440655564], ""type"": ""Point""}";49.25589440655564, -123.0929247644047
70;Riley Park;"{""coordinates"": [-123.09531277728951, 49.2541222830742], ""type"": ""Point""}";49.2541222830742, -123.09531277728951
73;Riley Park;"{""coordinates"": [-123.09985020163897, 49.255089061939465], ""type"": ""Point""}";49.255089061939465, -123.09985020163897
96;Riley Park;"{""coordinates"": [-123.09979710956213, 49.255999621801166], ""type"": ""Point""}";49.255999621801166, -123.09979710956213
207;Riley Park;"{""coordinates"": [-123.09251765925, 49.242997483894726], ""type"": ""Point""}";49.242997483894726, -123.09251765925
69;Riley Park;"{""coordinates"": [-123.09782000002178, 49.24528813352314], ""type"": ""Point""}";49.24528813352314, -123.09782000002178
3;Riley Park;"{""coordinates"": [-123.09559018268587, 49.23829800021128], ""type"": ""Point""}";49.23829800021128, -123.09559018268587
B;Riley Park;"{""coordinates"": [-123.09940712134669, 49.241536772302496], ""type"": ""Point""}";49.241536772302496, -123.09940712134669
1;Riley Park;"{""coordinates"": [-123.09106471751466, 49.241818004254384], ""type"": ""Point""}";49.241818004254384, -123.09106471751466
4;Riley Park;"{""coordinates"": [-123.09479884562936, 49.24219003898288], ""type"": ""Point""}";49.24219003898288, -123.09479884562936
13;Riley Park;"{""coordinates"": [-123.09219275028431, 49.24491751593061], ""type"": ""Point""}";49.24491751593061, -123.09219275028431
1;Sunset;"{""coordinates"": [-123.0961597861588, 49.22399627524153], ""type"": ""Point""}";49.22399627524153, -123.0961597861588
8;Sunset;"{""coordinates"": [-123.10003492517342, 49.22784821096818], ""type"": ""Point""}";49.22784821096818, -123.10003492517342
5;Sunset;"{""coordinates"": [-123.10003607351712, 49.228757154108564], ""type"": ""Point""}";49.228757154108564, -123.10003607351712
A;Riley Park;"{""coordinates"": [-123.09892699315675, 49.233924876412075], ""type"": ""Point""}";49.233924876412075, -123.09892699315675
8;Sunset;"{""coordinates"": [-123.09958709779711, 49.21871398338709], ""type"": ""Point""}";49.21871398338709, -123.09958709779711
2;Sunset;"{""coordinates"": [-123.09907623880899, 49.22132020061053], ""type"": ""Point""}";49.22132020061053, -123.09907623880899
B;Sunset;"{""coordinates"": [-123.09872212273751, 49.22278189345874], ""type"": ""Point""}";49.22278189345874, -123.09872212273751
1;Sunset;"{""coordinates"": [-123.08995148985734, 49.2261481134928], ""type"": ""Point""}";49.2261481134928, -123.08995148985734
5;Sunset;"{""coordinates"": [-123.0918752539561, 49.22409461746924], ""type"": ""Point""}";49.22409461746924, -123.0918752539561
23;Sunset;"{""coordinates"": [-123.09363049179045, 49.224949080751664], ""type"": ""Point""}";49.224949080751664, -123.09363049179045
22;Sunset;"{""coordinates"": [-123.09417297316412, 49.22494513162425], ""type"": ""Point""}";49.22494513162425, -123.09417297316412
19;Sunset;"{""coordinates"": [-123.09565422337035, 49.22497086438372], ""type"": ""Point""}";49.22497086438372, -123.09565422337035
16;Sunset;"{""coordinates"": [-123.09726799957123, 49.22499963296931], ""type"": ""Point""}";49.22499963296931, -123.09726799957123
18;Sunset;"{""coordinates"": [-123.0961242884201, 49.226943531481176], ""type"": ""Point""}";49.226943531481176, -123.0961242884201
K;Sunset;"{""coordinates"": [-123.09201734306167, 49.21211923653971], ""type"": ""Point""}";49.21211923653971, -123.09201734306167
J;Sunset;"{""coordinates"": [-123.09184247753437, 49.21285520804597], ""type"": ""Point""}";49.21285520804597, -123.09184247753437
C;Sunset;"{""coordinates"": [-123.09276191866378, 49.21289331497242], ""type"": ""Point""}";49.21289331497242, -123.09276191866378
3;Sunset;"{""coordinates"": [-123.09050918864907, 49.21137464691188], ""type"": ""Point""}";49.21137464691188, -123.09050918864907
10;Sunset;"{""coordinates"": [-123.09987828359684, 49.217007876588724], ""type"": ""Point""}";49.217007876588724, -123.09987828359684
102;Strathcona;"{""coordinates"": [-123.09289832202667, 49.276949962647876], ""type"": ""Point""}";49.276949962647876, -123.09289832202667
104;Strathcona;"{""coordinates"": [-123.09627204391674, 49.277009474676944], ""type"": ""Point""}";49.277009474676944, -123.09627204391674
21;Strathcona;"{""coordinates"": [-123.09839542006523, 49.277057474379745], ""type"": ""Point""}";49.277057474379745, -123.09839542006523
4;Strathcona;"{""coordinates"": [-123.09867049344938, 49.28344420414379], ""type"": ""Point""}";49.28344420414379, -123.09867049344938
55;Strathcona;"{""coordinates"": [-123.09646877557188, 49.28248292280609], ""type"": ""Point""}";49.28248292280609, -123.09646877557188
38;Strathcona;"{""coordinates"": [-123.0943897378396, 49.284325601198134], ""type"": ""Point""}";49.284325601198134, -123.0943897378396
119;Strathcona;"{""coordinates"": [-123.09462211442866, 49.28520697402458], ""type"": ""Point""}";49.28520697402458, -123.09462211442866
53;Strathcona;"{""coordinates"": [-123.09238647478732, 49.28248670855639], ""type"": ""Point""}";49.28248670855639, -123.09238647478732
124;Strathcona;"{""coordinates"": [-123.09125064642566, 49.284256530139324], ""type"": ""Point""}";49.284256530139324, -123.09125064642566
22;Sunset;"{""coordinates"": [-123.09550963715961, 49.20637929530327], ""type"": ""Point""}";49.20637929530327, -123.09550963715961
27;Sunset;"{""coordinates"": [-123.10010300344612, 49.20605307736798], ""type"": ""Point""}";49.20605307736798, -123.10010300344612
85;Mount Pleasant;"{""coordinates"": [-123.08824829356847, 49.26565957578498], ""type"": ""Point""}";49.26565957578498, -123.08824829356847
84;Mount Pleasant;"{""coordinates"": [-123.08598713996152, 49.2656194529863], ""type"": ""Point""}";49.2656194529863, -123.08598713996152
28;Strathcona;"{""coordinates"": [-123.07912549995888, 49.27531173914423], ""type"": ""Point""}";49.27531173914423, -123.07912549995888
48;Strathcona;"{""coordinates"": [-123.08125934708833, 49.272950802263004], ""type"": ""Point""}";49.272950802263004, -123.08125934708833
G;Strathcona;"{""coordinates"": [-123.07924340902858, 49.274269305012545], ""type"": ""Point""}";49.274269305012545, -123.07924340902858
96;Strathcona;"{""coordinates"": [-123.08188615951875, 49.27618636060943], ""type"": ""Point""}";49.27618636060943, -123.08188615951875
88;Kensington-Cedar Cottage;"{""coordinates"": [-123.08280430465214, 49.25572804565878], ""type"": ""Point""}";49.25572804565878, -123.08280430465214
90;Kensington-Cedar Cottage;"{""coordinates"": [-123.0871607415906, 49.255800167229616], ""type"": ""Point""}";49.255800167229616, -123.0871607415906
D;Mount Pleasant;"{""coordinates"": [-123.08811814991726, 49.25821595168942], ""type"": ""Point""}";49.25821595168942, -123.08811814991726
C;Mount Pleasant;"{""coordinates"": [-123.08451263164434, 49.260254603580336], ""type"": ""Point""}";49.260254603580336, -123.08451263164434
C;Mount Pleasant;"{""coordinates"": [-123.08634529480078, 49.26091469328721], ""type"": ""Point""}";49.26091469328721, -123.08634529480078
A;Kensington-Cedar Cottage;"{""coordinates"": [-123.08886342099822, 49.248391375740425], ""type"": ""Point""}";49.248391375740425, -123.08886342099822
40;Kensington-Cedar Cottage;"{""coordinates"": [-123.08297210073559, 49.25211290817268], ""type"": ""Point""}";49.25211290817268, -123.08297210073559
55;Kensington-Cedar Cottage;"{""coordinates"": [-123.08680901484465, 49.25307954003234], ""type"": ""Point""}";49.25307954003234, -123.08680901484465
BLK.;Mount Pleasant;"{""coordinates"": [-123.08466331704994, 49.25836626336017], ""type"": ""Point""}";49.25836626336017, -123.08466331704994
E;Kensington-Cedar Cottage;"{""coordinates"": [-123.08221496641193, 49.24417157950782], ""type"": ""Point""}";49.24417157950782, -123.08221496641193
2;Kensington-Cedar Cottage;"{""coordinates"": [-123.08505134463287, 49.24197822343601], ""type"": ""Point""}";49.24197822343601, -123.08505134463287
D;Kensington-Cedar Cottage;"{""coordinates"": [-123.08617607037773, 49.248270725588746], ""type"": ""Point""}";49.248270725588746, -123.08617607037773
B;Kensington-Cedar Cottage;"{""coordinates"": [-123.08441996138522, 49.245896543550664], ""type"": ""Point""}";49.245896543550664, -123.08441996138522
2;Kensington-Cedar Cottage;"{""coordinates"": [-123.08177461030185, 49.23387022432197], ""type"": ""Point""}";49.23387022432197, -123.08177461030185
3;Kensington-Cedar Cottage;"{""coordinates"": [-123.08419314052799, 49.23588808256608], ""type"": ""Point""}";49.23588808256608, -123.08419314052799
2;Kensington-Cedar Cottage;"{""coordinates"": [-123.08372553150797, 49.23408954334021], ""type"": ""Point""}";49.23408954334021, -123.08372553150797
7;Kensington-Cedar Cottage;"{""coordinates"": [-123.08829974668078, 49.23340254342012], ""type"": ""Point""}";49.23340254342012, -123.08829974668078
18;Kensington-Cedar Cottage;"{""coordinates"": [-123.08063738990332, 49.23720335867326], ""type"": ""Point""}";49.23720335867326, -123.08063738990332
2;Sunset;"{""coordinates"": [-123.08552744075384, 49.21852040855835], ""type"": ""Point""}";49.21852040855835, -123.08552744075384
4;Sunset;"{""coordinates"": [-123.08551773070812, 49.21882997915827], ""type"": ""Point""}";49.21882997915827, -123.08551773070812
B;Sunset;"{""coordinates"": [-123.08193923502692, 49.22104294554225], ""type"": ""Point""}";49.22104294554225, -123.08193923502692
B;Sunset;"{""coordinates"": [-123.08067724923443, 49.22356828429255], ""type"": ""Point""}";49.22356828429255, -123.08067724923443
4;Sunset;"{""coordinates"": [-123.08918711010912, 49.2238962646578], ""type"": ""Point""}";49.2238962646578, -123.08918711010912
13;Sunset;"{""coordinates"": [-123.08052346711533, 49.2126338417529], ""type"": ""Point""}";49.2126338417529, -123.08052346711533
4;Sunset;"{""coordinates"": [-123.08881162532937, 49.21213517576912], ""type"": ""Point""}";49.21213517576912, -123.08881162532937
7;Sunset;"{""coordinates"": [-123.08619736440531, 49.212133342213626], ""type"": ""Point""}";49.212133342213626, -123.08619736440531
B;Sunset;"{""coordinates"": [-123.08183718157782, 49.20991116951953], ""type"": ""Point""}";49.20991116951953, -123.08183718157782
9;Sunset;"{""coordinates"": [-123.08901559593102, 49.21766734178086], ""type"": ""Point""}";49.21766734178086, -123.08901559593102
82;Strathcona;"{""coordinates"": [-123.08622701783092, 49.27863167381119], ""type"": ""Point""}";49.27863167381119, -123.08622701783092
BLK.;Strathcona;"{""coordinates"": [-123.08030204146469, 49.28053590522576], ""type"": ""Point""}";49.28053590522576, -123.08030204146469
21;Strathcona;"{""coordinates"": [-123.08047188447344, 49.277635938675594], ""type"": ""Point""}";49.277635938675594, -123.08047188447344
100;Strathcona;"{""coordinates"": [-123.08891422678649, 49.276891713929956], ""type"": ""Point""}";49.276891713929956, -123.08891422678649
63;Strathcona;"{""coordinates"": [-123.0819188924743, 49.2813406122987], ""type"": ""Point""}";49.2813406122987, -123.0819188924743
65;Grandview-Woodland;"{""coordinates"": [-123.0729026417939, 49.26902831106046], ""type"": ""Point""}";49.26902831106046, -123.0729026417939
57;Grandview-Woodland;"{""coordinates"": [-123.07670251409286, 49.270856957912336], ""type"": ""Point""}";49.270856957912336, -123.07670251409286
A;Grandview-Woodland;"{""coordinates"": [-123.06861431599457, 49.268828689208846], ""type"": ""Point""}";49.268828689208846, -123.06861431599457
48;Grandview-Woodland;"{""coordinates"": [-123.07098825552784, 49.27246456061151], ""type"": ""Point""}";49.27246456061151, -123.07098825552784
47;Grandview-Woodland;"{""coordinates"": [-123.068388255899, 49.272454228085515], ""type"": ""Point""}";49.272454228085515, -123.068388255899
44;Grandview-Woodland;"{""coordinates"": [-123.06864103761428, 49.27331653702575], ""type"": ""Point""}";49.27331653702575, -123.06864103761428
24;Grandview-Woodland;"{""coordinates"": [-123.07231036176202, 49.27642024715518], ""type"": ""Point""}";49.27642024715518, -123.07231036176202
BLK. 160;Kensington-Cedar Cottage;"{""coordinates"": [-123.07559856766481, 49.260810297403296], ""type"": ""Point""}";49.260810297403296, -123.07559856766481
1;Grandview-Woodland;"{""coordinates"": [-123.06853187480006, 49.267375393051886], ""type"": ""Point""}";49.267375393051886, -123.06853187480006
C;Grandview-Woodland;"{""coordinates"": [-123.06871083082395, 49.26558457629226], ""type"": ""Point""}";49.26558457629226, -123.06871083082395
8;Kensington-Cedar Cottage;"{""coordinates"": [-123.0746677519071, 49.256063760035865], ""type"": ""Point""}";49.256063760035865, -123.0746677519071
9;Kensington-Cedar Cottage;"{""coordinates"": [-123.07407653914227, 49.256075897355494], ""type"": ""Point""}";49.256075897355494, -123.07407653914227
4;Kensington-Cedar Cottage;"{""coordinates"": [-123.07145924546508, 49.25528466238553], ""type"": ""Point""}";49.25528466238553, -123.07145924546508
9;Kensington-Cedar Cottage;"{""coordinates"": [-123.07008218955711, 49.256065364231056], ""type"": ""Point""}";49.256065364231056, -123.07008218955711
A;Kensington-Cedar Cottage;"{""coordinates"": [-123.07675016487497, 49.25886085167454], ""type"": ""Point""}";49.25886085167454, -123.07675016487497
C;Kensington-Cedar Cottage;"{""coordinates"": [-123.0688199279459, 49.2600608702585], ""type"": ""Point""}";49.2600608702585, -123.0688199279459
A;Kensington-Cedar Cottage;"{""coordinates"": [-123.06866611426068, 49.26164949768689], ""type"": ""Point""}";49.26164949768689, -123.06866611426068
BLK. 161;Kensington-Cedar Cottage;"{""coordinates"": [-123.07232572944118, 49.260779982766934], ""type"": ""Point""}";49.260779982766934, -123.07232572944118
5;Kensington-Cedar Cottage;"{""coordinates"": [-123.07280902597248, 49.24099547411644], ""type"": ""Point""}";49.24099547411644, -123.07280902597248
L;Kensington-Cedar Cottage;"{""coordinates"": [-123.07043006195548, 49.246363218812625], ""type"": ""Point""}";49.246363218812625, -123.07043006195548
22;Kensington-Cedar Cottage;"{""coordinates"": [-123.07114785260367, 49.245785491985124], ""type"": ""Point""}";49.245785491985124, -123.07114785260367
2;Kensington-Cedar Cottage;"{""coordinates"": [-123.07810340720418, 49.246863386364716], ""type"": ""Point""}";49.246863386364716, -123.07810340720418
1;Kensington-Cedar Cottage;"{""coordinates"": [-123.0748940291377, 49.24675739777784], ""type"": ""Point""}";49.24675739777784, -123.0748940291377
L;Kensington-Cedar Cottage;"{""coordinates"": [-123.07717039253073, 49.248784099084666], ""type"": ""Point""}";49.248784099084666, -123.07717039253073
12;Kensington-Cedar Cottage;"{""coordinates"": [-123.06838729036897, 49.2480033140804], ""type"": ""Point""}";49.2480033140804, -123.06838729036897
D;Kensington-Cedar Cottage;"{""coordinates"": [-123.07478301199167, 49.25799318611969], ""type"": ""Point""}";49.25799318611969, -123.07478301199167
C;Kensington-Cedar Cottage;"{""coordinates"": [-123.07673843539276, 49.25712813844087], ""type"": ""Point""}";49.25712813844087, -123.07673843539276
L;Kensington-Cedar Cottage;"{""coordinates"": [-123.06896641136417, 49.25579273398634], ""type"": ""Point""}";49.25579273398634, -123.06896641136417
4;Kensington-Cedar Cottage;"{""coordinates"": [-123.07275095468887, 49.23706771075731], ""type"": ""Point""}";49.23706771075731, -123.07275095468887
16;Kensington-Cedar Cottage;"{""coordinates"": [-123.06843355166122, 49.243209628169836], ""type"": ""Point""}";49.243209628169836, -123.06843355166122
18;Victoria-Fraserview;"{""coordinates"": [-123.07147588196825, 49.22720797224109], ""type"": ""Point""}";49.22720797224109, -123.07147588196825
2;Victoria-Fraserview;"{""coordinates"": [-123.07362554181339, 49.22828111507124], ""type"": ""Point""}";49.22828111507124, -123.07362554181339
1;Victoria-Fraserview;"{""coordinates"": [-123.07498746414751, 49.228357175487275], ""type"": ""Point""}";49.228357175487275, -123.07498746414751
4;Victoria-Fraserview;"{""coordinates"": [-123.07104808640949, 49.22966519240027], ""type"": ""Point""}";49.22966519240027, -123.07104808640949
30;Sunset;"{""coordinates"": [-123.07751184702747, 49.21870851647654], ""type"": ""Point""}";49.21870851647654, -123.07751184702747
19;Victoria-Fraserview;"{""coordinates"": [-123.07142720669506, 49.22676959126678], ""type"": ""Point""}";49.22676959126678, -123.07142720669506
22;Victoria-Fraserview;"{""coordinates"": [-123.07627199837941, 49.21671917279899], ""type"": ""Point""}";49.21671917279899, -123.07627199837941
20;Victoria-Fraserview;"{""coordinates"": [-123.06761306032551, 49.21246936586746], ""type"": ""Point""}";49.21246936586746, -123.06761306032551
1;Victoria-Fraserview;"{""coordinates"": [-123.0683107216136, 49.20989134698781], ""type"": ""Point""}";49.20989134698781, -123.0683107216136
C;Victoria-Fraserview;"{""coordinates"": [-123.07473997573088, 49.21007051890575], ""type"": ""Point""}";49.21007051890575, -123.07473997573088
8;Victoria-Fraserview;"{""coordinates"": [-123.06753298973867, 49.21652517823923], ""type"": ""Point""}";49.21652517823923, -123.06753298973867
15;Victoria-Fraserview;"{""coordinates"": [-123.06855675611396, 49.213801928649914], ""type"": ""Point""}";49.213801928649914, -123.06855675611396
4;Victoria-Fraserview;"{""coordinates"": [-123.07626489521438, 49.21689512512899], ""type"": ""Point""}";49.21689512512899, -123.07626489521438
1;Victoria-Fraserview;"{""coordinates"": [-123.07623002164011, 49.21761260248017], ""type"": ""Point""}";49.21761260248017, -123.07623002164011
34;Grandview-Woodland;"{""coordinates"": [-123.05897972824823, 49.275082923342254], ""type"": ""Point""}";49.275082923342254, -123.05897972824823
33;Grandview-Woodland;"{""coordinates"": [-123.06096663081753, 49.27509460227278], ""type"": ""Point""}";49.27509460227278, -123.06096663081753
32;Grandview-Woodland;"{""coordinates"": [-123.06280981089456, 49.275114124078726], ""type"": ""Point""}";49.275114124078726, -123.06280981089456
19;Grandview-Woodland;"{""coordinates"": [-123.06280480249555, 49.27602038277386], ""type"": ""Point""}";49.27602038277386, -123.06280480249555
4;Grandview-Woodland;"{""coordinates"": [-123.06924478857255, 49.281602620321415], ""type"": ""Point""}";49.281602620321415, -123.06924478857255
3;Strathcona;"{""coordinates"": [-123.07805438944733, 49.28254281210739], ""type"": ""Point""}";49.28254281210739, -123.07805438944733
149;Grandview-Woodland;"{""coordinates"": [-123.05763062342001, 49.266180584460685], ""type"": ""Point""}";49.266180584460685, -123.05763062342001
A;Grandview-Woodland;"{""coordinates"": [-123.06484949425354, 49.26880252869504], ""type"": ""Point""}";49.26880252869504, -123.06484949425354
B;Grandview-Woodland;"{""coordinates"": [-123.05926547560979, 49.27134132705611], ""type"": ""Point""}";49.27134132705611, -123.05926547560979
B;Grandview-Woodland;"{""coordinates"": [-123.06630301434933, 49.27148828946407], ""type"": ""Point""}";49.27148828946407, -123.06630301434933
C;Grandview-Woodland;"{""coordinates"": [-123.06073560248892, 49.27311564764673], ""type"": ""Point""}";49.27311564764673, -123.06073560248892
A;Grandview-Woodland;"{""coordinates"": [-123.0608810572911, 49.27401643026888], ""type"": ""Point""}";49.27401643026888, -123.0608810572911
3;Grandview-Woodland;"{""coordinates"": [-123.06378189156923, 49.27221395649681], ""type"": ""Point""}";49.27221395649681, -123.06378189156923
1;Kensington-Cedar Cottage;"{""coordinates"": [-123.05733081004537, 49.261660238880324], ""type"": ""Point""}";49.261660238880324, -123.05733081004537
B;Kensington-Cedar Cottage;"{""coordinates"": [-123.06702994086737, 49.2587805007872], ""type"": ""Point""}";49.2587805007872, -123.06702994086737
A;Grandview-Woodland;"{""coordinates"": [-123.06494515261558, 49.26428842276675], ""type"": ""Point""}";49.26428842276675, -123.06494515261558
1;Grandview-Woodland;"{""coordinates"": [-123.06107056501453, 49.26739999675404], ""type"": ""Point""}";49.26739999675404, -123.06107056501453
A;Grandview-Woodland;"{""coordinates"": [-123.06109784792126, 49.266964021022204], ""type"": ""Point""}";49.266964021022204, -123.06109784792126
7;Kensington-Cedar Cottage;"{""coordinates"": [-123.05897191713244, 49.25306271369872], ""type"": ""Point""}";49.25306271369872, -123.05897191713244
6;Kensington-Cedar Cottage;"{""coordinates"": [-123.06465124661578, 49.251535560744685], ""type"": ""Point""}";49.251535560744685, -123.06465124661578
2;Kensington-Cedar Cottage;"{""coordinates"": [-123.06693748162184, 49.255187082946456], ""type"": ""Point""}";49.255187082946456, -123.06693748162184
BLK. 163;Kensington-Cedar Cottage;"{""coordinates"": [-123.06552561646299, 49.26057732951814], ""type"": ""Point""}";49.26057732951814, -123.06552561646299
B;Kensington-Cedar Cottage;"{""coordinates"": [-123.06159768913061, 49.24272125582016], ""type"": ""Point""}";49.24272125582016, -123.06159768913061
6;Kensington-Cedar Cottage;"{""coordinates"": [-123.05732410168204, 49.24796449188417], ""type"": ""Point""}";49.24796449188417, -123.05732410168204
10;Kensington-Cedar Cottage;"{""coordinates"": [-123.05897157894772, 49.24727593242864], ""type"": ""Point""}";49.24727593242864, -123.05897157894772
12;Kensington-Cedar Cottage;"{""coordinates"": [-123.0600997972037, 49.24736018504485], ""type"": ""Point""}";49.24736018504485, -123.0600997972037
4;Kensington-Cedar Cottage;"{""coordinates"": [-123.05866794562944, 49.248964878226346], ""type"": ""Point""}";49.248964878226346, -123.05866794562944
1;Kensington-Cedar Cottage;"{""coordinates"": [-123.0662248528483, 49.246088904606935], ""type"": ""Point""}";49.246088904606935, -123.0662248528483
1;Kensington-Cedar Cottage;"{""coordinates"": [-123.06757483861492, 49.246602182369756], ""type"": ""Point""}";49.246602182369756, -123.06757483861492
6;Kensington-Cedar Cottage;"{""coordinates"": [-123.06686181987916, 49.248209595053865], ""type"": ""Point""}";49.248209595053865, -123.06686181987916
8;Kensington-Cedar Cottage;"{""coordinates"": [-123.06559354536265, 49.24815814975872], ""type"": ""Point""}";49.24815814975872, -123.06559354536265
2;Victoria-Fraserview;"{""coordinates"": [-123.06434660871172, 49.227303483310095], ""type"": ""Point""}";49.227303483310095, -123.06434660871172
1;Victoria-Fraserview;"{""coordinates"": [-123.06521708242677, 49.22731817915647], ""type"": ""Point""}";49.22731817915647, -123.06521708242677
6;Victoria-Fraserview;"{""coordinates"": [-123.06626927534175, 49.22723804423702], ""type"": ""Point""}";49.22723804423702, -123.06626927534175
1;Kensington-Cedar Cottage;"{""coordinates"": [-123.0636350408315, 49.237937238032906], ""type"": ""Point""}";49.237937238032906, -123.0636350408315
3;Kensington-Cedar Cottage;"{""coordinates"": [-123.05860694803769, 49.24442307319647], ""type"": ""Point""}";49.24442307319647, -123.05860694803769
8;Kensington-Cedar Cottage;"{""coordinates"": [-123.059438266413, 49.243171114394265], ""type"": ""Point""}";49.243171114394265, -123.059438266413
3;Victoria-Fraserview;"{""coordinates"": [-123.06349921401792, 49.22729227637237], ""type"": ""Point""}";49.22729227637237, -123.06349921401792
38;Victoria-Fraserview;"{""coordinates"": [-123.06235273816152, 49.21272076596038], ""type"": ""Point""}";49.21272076596038, -123.06235273816152
14;Victoria-Fraserview;"{""coordinates"": [-123.06712518118667, 49.21394308684752], ""type"": ""Point""}";49.21394308684752, -123.06712518118667
1;Victoria-Fraserview;"{""coordinates"": [-123.05774620238587, 49.22170930752049], ""type"": ""Point""}";49.22170930752049, -123.05774620238587
D;Victoria-Fraserview;"{""coordinates"": [-123.06095858704141, 49.221544572727986], ""type"": ""Point""}";49.221544572727986, -123.06095858704141
58;Victoria-Fraserview;"{""coordinates"": [-123.06516464977803, 49.21919697521719], ""type"": ""Point""}";49.21919697521719, -123.06516464977803
4;Victoria-Fraserview;"{""coordinates"": [-123.06417711121826, 49.22449369114324], ""type"": ""Point""}";49.22449369114324, -123.06417711121826
7;Victoria-Fraserview;"{""coordinates"": [-123.06030255958424, 49.22725177454721], ""type"": ""Point""}";49.22725177454721, -123.06030255958424
E;Grandview-Woodland;"{""coordinates"": [-123.0666248701352, 49.282635664388515], ""type"": ""Point""}";49.282635664388515, -123.0666248701352
2;Grandview-Woodland;"{""coordinates"": [-123.06689081273541, 49.28395118084756], ""type"": ""Point""}";49.28395118084756, -123.06689081273541
5;Grandview-Woodland;"{""coordinates"": [-123.05724375281345, 49.28870930183407], ""type"": ""Point""}";49.28870930183407, -123.05724375281345
4;Grandview-Woodland;"{""coordinates"": [-123.05833635782417, 49.28874379158738], ""type"": ""Point""}";49.28874379158738, -123.05833635782417
2;Grandview-Woodland;"{""coordinates"": [-123.0577647987867, 49.28975515316657], ""type"": ""Point""}";49.28975515316657, -123.0577647987867
14;Grandview-Woodland;"{""coordinates"": [-123.05900924708178, 49.286228266300725], ""type"": ""Point""}";49.286228266300725, -123.05900924708178
27;Victoria-Fraserview;"{""coordinates"": [-123.06039503025332, 49.208867145724575], ""type"": ""Point""}";49.208867145724575, -123.06039503025332
41;Victoria-Fraserview;"{""coordinates"": [-123.06167606046304, 49.2059240097018], ""type"": ""Point""}";49.2059240097018, -123.06167606046304
42;Victoria-Fraserview;"{""coordinates"": [-123.06114252688259, 49.20584764445185], ""type"": ""Point""}";49.20584764445185, -123.06114252688259
43;Victoria-Fraserview;"{""coordinates"": [-123.06061699626605, 49.20575804945335], ""type"": ""Point""}";49.20575804945335, -123.06061699626605
11;Grandview-Woodland;"{""coordinates"": [-123.06487961826856, 49.27687875326885], ""type"": ""Point""}";49.27687875326885, -123.06487961826856
8;Grandview-Woodland;"{""coordinates"": [-123.06073384664504, 49.277754456964374], ""type"": ""Point""}";49.277754456964374, -123.06073384664504
37;Hastings-Sunrise;"{""coordinates"": [-123.04824217669564, 49.272624734903104], ""type"": ""Point""}";49.272624734903104, -123.04824217669564
1;Hastings-Sunrise;"{""coordinates"": [-123.05557710784126, 49.27262625208529], ""type"": ""Point""}";49.27262625208529, -123.05557710784126
7;Hastings-Sunrise;"{""coordinates"": [-123.05336102401098, 49.27443040932802], ""type"": ""Point""}";49.27443040932802, -123.05336102401098
3;Hastings-Sunrise;"{""coordinates"": [-123.04819424804707, 49.275440617506845], ""type"": ""Point""}";49.275440617506845, -123.04819424804707
6;Hastings-Sunrise;"{""coordinates"": [-123.05383397485161, 49.275256127990055], ""type"": ""Point""}";49.275256127990055, -123.05383397485161
5;Hastings-Sunrise;"{""coordinates"": [-123.05548980089459, 49.27526219001104], ""type"": ""Point""}";49.27526219001104, -123.05548980089459
3;Hastings-Sunrise;"{""coordinates"": [-123.05071081307963, 49.27608132893636], ""type"": ""Point""}";49.27608132893636, -123.05071081307963
4;Hastings-Sunrise;"{""coordinates"": [-123.05245723396109, 49.276082879039265], ""type"": ""Point""}";49.276082879039265, -123.05245723396109
1;Renfrew-Collingwood;"{""coordinates"": [-123.05126884030197, 49.259716956392325], ""type"": ""Point""}";49.259716956392325, -123.05126884030197
8;Renfrew-Collingwood;"{""coordinates"": [-123.0556433253948, 49.25892156383343], ""type"": ""Point""}";49.25892156383343, -123.0556433253948
1;Hastings-Sunrise;"{""coordinates"": [-123.04835593740322, 49.265089213798404], ""type"": ""Point""}";49.265089213798404, -123.04835593740322
16;Hastings-Sunrise;"{""coordinates"": [-123.05089608193084, 49.26418810779035], ""type"": ""Point""}";49.26418810779035, -123.05089608193084
15;Hastings-Sunrise;"{""coordinates"": [-123.05088890447716, 49.265094377614815], ""type"": ""Point""}";49.265094377614815, -123.05088890447716
19;Hastings-Sunrise;"{""coordinates"": [-123.05542574271472, 49.263291909382836], ""type"": ""Point""}";49.263291909382836, -123.05542574271472
7;Renfrew-Collingwood;"{""coordinates"": [-123.05524524810457, 49.24510315917986], ""type"": ""Point""}";49.24510315917986, -123.05524524810457
2;Renfrew-Collingwood;"{""coordinates"": [-123.05497463746394, 49.24655313978312], ""type"": ""Point""}";49.24655313978312, -123.05497463746394
5;Renfrew-Collingwood;"{""coordinates"": [-123.05565776959654, 49.248581209949336], ""type"": ""Point""}";49.248581209949336, -123.05565776959654
7;Renfrew-Collingwood;"{""coordinates"": [-123.0554251183895, 49.25001919079581], ""type"": ""Point""}";49.25001919079581, -123.0554251183895
O;Renfrew-Collingwood;"{""coordinates"": [-123.0457679099367, 49.255767201457054], ""type"": ""Point""}";49.255767201457054, -123.0457679099367
E;Renfrew-Collingwood;"{""coordinates"": [-123.04867759987232, 49.2543165228238], ""type"": ""Point""}";49.2543165228238, -123.04867759987232
R;Renfrew-Collingwood;"{""coordinates"": [-123.05442862847497, 49.2551278529861], ""type"": ""Point""}";49.2551278529861, -123.05442862847497
5;Renfrew-Collingwood;"{""coordinates"": [-123.04711278011554, 49.23869130402213], ""type"": ""Point""}";49.23869130402213, -123.04711278011554
116;Renfrew-Collingwood;"{""coordinates"": [-123.04640797980498, 49.240757391489915], ""type"": ""Point""}";49.240757391489915, -123.04640797980498
9;Renfrew-Collingwood;"{""coordinates"": [-123.05342413956713, 49.24278985652104], ""type"": ""Point""}";49.24278985652104, -123.05342413956713
10;Renfrew-Collingwood;"{""coordinates"": [-123.05310263273373, 49.24317030536071], ""type"": ""Point""}";49.24317030536071, -123.05310263273373
4;Renfrew-Collingwood;"{""coordinates"": [-123.04544898464415, 49.24752966419278], ""type"": ""Point""}";49.24752966419278, -123.04544898464415
1;Renfrew-Collingwood;"{""coordinates"": [-123.05203839538312, 49.249127557918335], ""type"": ""Point""}";49.249127557918335, -123.05203839538312
2;Victoria-Fraserview;"{""coordinates"": [-123.05088759085174, 49.22876114967135], ""type"": ""Point""}";49.22876114967135, -123.05088759085174
B;Victoria-Fraserview;"{""coordinates"": [-123.04958767860869, 49.23197715027765], ""type"": ""Point""}";49.23197715027765, -123.04958767860869
B;Renfrew-Collingwood;"{""coordinates"": [-123.0545287290646, 49.234716640384015], ""type"": ""Point""}";49.234716640384015, -123.0545287290646
A;Renfrew-Collingwood;"{""coordinates"": [-123.05452825115547, 49.23490644037136], ""type"": ""Point""}";49.23490644037136, -123.05452825115547
5;Victoria-Fraserview;"{""coordinates"": [-123.05337538387244, 49.23244136246077], ""type"": ""Point""}";49.23244136246077, -123.05337538387244
1;Renfrew-Collingwood;"{""coordinates"": [-123.04535567719745, 49.235380443502805], ""type"": ""Point""}";49.235380443502805, -123.04535567719745
6;Victoria-Fraserview;"{""coordinates"": [-123.05099306642758, 49.22720442844304], ""type"": ""Point""}";49.22720442844304, -123.05099306642758
11;Victoria-Fraserview;"{""coordinates"": [-123.05404447080177, 49.22354567471297], ""type"": ""Point""}";49.22354567471297, -123.05404447080177
10;Victoria-Fraserview;"{""coordinates"": [-123.05149288586331, 49.22446164088107], ""type"": ""Point""}";49.22446164088107, -123.05149288586331
1;Victoria-Fraserview;"{""coordinates"": [-123.05310472735259, 49.22382678086461], ""type"": ""Point""}";49.22382678086461, -123.05310472735259
3;Victoria-Fraserview;"{""coordinates"": [-123.05095537510888, 49.22786852919017], ""type"": ""Point""}";49.22786852919017, -123.05095537510888
5;Victoria-Fraserview;"{""coordinates"": [-123.0518425406611, 49.220451087884086], ""type"": ""Point""}";49.220451087884086, -123.0518425406611
19;Hastings-Sunrise;"{""coordinates"": [-123.05560670211521, 49.2842044302492], ""type"": ""Point""}";49.2842044302492, -123.05560670211521
72;Killarney;"{""coordinates"": [-123.05530978693515, 49.2089565062394], ""type"": ""Point""}";49.2089565062394, -123.05530978693515
44;Victoria-Fraserview;"{""coordinates"": [-123.05528954045545, 49.21533804087419], ""type"": ""Point""}";49.21533804087419, -123.05528954045545
49;Victoria-Fraserview;"{""coordinates"": [-123.0561784585199, 49.21668238816797], ""type"": ""Point""}";49.21668238816797, -123.0561784585199
72;Victoria-Fraserview;"{""coordinates"": [-123.05465512400214, 49.21781081187125], ""type"": ""Point""}";49.21781081187125, -123.05465512400214
63;Hastings-Sunrise;"{""coordinates"": [-123.04029732449399, 49.26789388729363], ""type"": ""Point""}";49.26789388729363, -123.04029732449399
2;Hastings-Sunrise;"{""coordinates"": [-123.04267253412338, 49.27575395008808], ""type"": ""Point""}";49.27575395008808, -123.04267253412338
78;Hastings-Sunrise;"{""coordinates"": [-123.05334211017173, 49.278053768332725], ""type"": ""Point""}";49.278053768332725, -123.05334211017173
17;Hastings-Sunrise;"{""coordinates"": [-123.05333966819653, 49.285108533199086], ""type"": ""Point""}";49.285108533199086, -123.05333966819653
4;Hastings-Sunrise;"{""coordinates"": [-123.04281635533025, 49.26981738650616], ""type"": ""Point""}";49.26981738650616, -123.04281635533025
S;Renfrew-Collingwood;"{""coordinates"": [-123.0351786506381, 49.25753641977507], ""type"": ""Point""}";49.25753641977507, -123.0351786506381
20;Hastings-Sunrise;"{""coordinates"": [-123.03537074342427, 49.263239728415634], ""type"": ""Point""}";49.263239728415634, -123.03537074342427
59;Hastings-Sunrise;"{""coordinates"": [-123.04274906490569, 49.26698303397646], ""type"": ""Point""}";49.26698303397646, -123.04274906490569
67;Hastings-Sunrise;"{""coordinates"": [-123.04025274856045, 49.271511797042486], ""type"": ""Point""}";49.271511797042486, -123.04025274856045
83;Hastings-Sunrise;"{""coordinates"": [-123.03506721576358, 49.271666135569625], ""type"": ""Point""}";49.271666135569625, -123.03506721576358
81;Hastings-Sunrise;"{""coordinates"": [-123.0354115990421, 49.269837397798945], ""type"": ""Point""}";49.269837397798945, -123.0354115990421
3;Hastings-Sunrise;"{""coordinates"": [-123.04288261112201, 49.270751287913775], ""type"": ""Point""}";49.270751287913775, -123.04288261112201
L;Renfrew-Collingwood;"{""coordinates"": [-123.04037008504187, 49.255042822886494], ""type"": ""Point""}";49.255042822886494, -123.04037008504187
2;Renfrew-Collingwood;"{""coordinates"": [-123.042875956784, 49.24652409050542], ""type"": ""Point""}";49.24652409050542, -123.042875956784
3;Renfrew-Collingwood;"{""coordinates"": [-123.04033673780195, 49.24651504724314], ""type"": ""Point""}";49.24651504724314, -123.04033673780195
2;Renfrew-Collingwood;"{""coordinates"": [-123.04032742345017, 49.24568994490137], ""type"": ""Point""}";49.24568994490137, -123.04032742345017
J;Renfrew-Collingwood;"{""coordinates"": [-123.04036375728337, 49.25345081531369], ""type"": ""Point""}";49.25345081531369, -123.04036375728337
4;Renfrew-Collingwood;"{""coordinates"": [-123.04034110424516, 49.249985692554915], ""type"": ""Point""}";49.249985692554915, -123.04034110424516
D;Renfrew-Collingwood;"{""coordinates"": [-123.04293870204299, 49.254820794364925], ""type"": ""Point""}";49.254820794364925, -123.04293870204299
28;Renfrew-Collingwood;"{""coordinates"": [-123.03704950618604, 49.24090324741005], ""type"": ""Point""}";49.24090324741005, -123.03704950618604
39;Renfrew-Collingwood;"{""coordinates"": [-123.03517638378413, 49.24129143779255], ""type"": ""Point""}";49.24129143779255, -123.03517638378413
33;Renfrew-Collingwood;"{""coordinates"": [-123.03819375193478, 49.242339837133734], ""type"": ""Point""}";49.242339837133734, -123.03819375193478
128;Renfrew-Collingwood;"{""coordinates"": [-123.03969735214135, 49.24303503086176], ""type"": ""Point""}";49.24303503086176, -123.03969735214135
126;Renfrew-Collingwood;"{""coordinates"": [-123.04045885578168, 49.2436201496456], ""type"": ""Point""}";49.2436201496456, -123.04045885578168
123;Renfrew-Collingwood;"{""coordinates"": [-123.04242567407091, 49.24400692285557], ""type"": ""Point""}";49.24400692285557, -123.04242567407091
99;Renfrew-Collingwood;"{""coordinates"": [-123.04203895598464, 49.23880975916476], ""type"": ""Point""}";49.23880975916476, -123.04203895598464
73;Renfrew-Collingwood;"{""coordinates"": [-123.03464897049126, 49.23746895220921], ""type"": ""Point""}";49.23746895220921, -123.03464897049126
89;Renfrew-Collingwood;"{""coordinates"": [-123.03823302841951, 49.23911540847025], ""type"": ""Point""}";49.23911540847025, -123.03823302841951
97;Renfrew-Collingwood;"{""coordinates"": [-123.04022543193953, 49.24000402848435], ""type"": ""Point""}";49.24000402848435, -123.04022543193953
20;Killarney;"{""coordinates"": [-123.03587296579339, 49.229610237366785], ""type"": ""Point""}";49.229610237366785, -123.03587296579339
24;Renfrew-Collingwood;"{""coordinates"": [-123.03950053776227, 49.234536923579455], ""type"": ""Point""}";49.234536923579455, -123.03950053776227
30;Renfrew-Collingwood;"{""coordinates"": [-123.0364404083542, 49.235531175758865], ""type"": ""Point""}";49.235531175758865, -123.0364404083542
44;Killarney;"{""coordinates"": [-123.03457684434873, 49.23224656615854], ""type"": ""Point""}";49.23224656615854, -123.03457684434873
25;Renfrew-Collingwood;"{""coordinates"": [-123.03572197544847, 49.24037383689625], ""type"": ""Point""}";49.24037383689625, -123.03572197544847
19;Renfrew-Collingwood;"{""coordinates"": [-123.03893589902059, 49.236654407709935], ""type"": ""Point""}";49.236654407709935, -123.03893589902059
17;Killarney;"{""coordinates"": [-123.03511182666007, 49.204907651890856], ""type"": ""Point""}";49.204907651890856, -123.03511182666007
71;Killarney;"{""coordinates"": [-123.04319728327025, 49.21730787258606], ""type"": ""Point""}";49.21730787258606, -123.04319728327025
G;Killarney;"{""coordinates"": [-123.04318163468275, 49.21624246878845], ""type"": ""Point""}";49.21624246878845, -123.04318163468275
1;Killarney;"{""coordinates"": [-123.03758191141978, 49.22644142864988], ""type"": ""Point""}";49.22644142864988, -123.03758191141978
2;Killarney;"{""coordinates"": [-123.04329199853623, 49.22387210046018], ""type"": ""Point""}";49.22387210046018, -123.04329199853623
8;Killarney;"{""coordinates"": [-123.04004919280356, 49.2235979611233], ""type"": ""Point""}";49.2235979611233, -123.04004919280356
A;Hastings-Sunrise;"{""coordinates"": [-123.02495107117707, 49.267010664205635], ""type"": ""Point""}";49.267010664205635, -123.02495107117707
B;Hastings-Sunrise;"{""coordinates"": [-123.03037750136953, 49.27117124393951], ""type"": ""Point""}";49.27117124393951, -123.03037750136953
2;Hastings-Sunrise;"{""coordinates"": [-123.02788318284786, 49.267603505987275], ""type"": ""Point""}";49.267603505987275, -123.02788318284786
2;Hastings-Sunrise;"{""coordinates"": [-123.03224015768936, 49.27607007644458], ""type"": ""Point""}";49.27607007644458, -123.03224015768936
1;Hastings-Sunrise;"{""coordinates"": [-123.02726506719408, 49.27521556457362], ""type"": ""Point""}";49.27521556457362, -123.02726506719408
3;Hastings-Sunrise;"{""coordinates"": [-123.03226848088327, 49.27523036801217], ""type"": ""Point""}";49.27523036801217, -123.03226848088327
71;Hastings-Sunrise;"{""coordinates"": [-123.042860753741, 49.279398368451325], ""type"": ""Point""}";49.279398368451325, -123.042860753741
14;Renfrew-Collingwood;"{""coordinates"": [-123.02444364612444, 49.25283086818302], ""type"": ""Point""}";49.25283086818302, -123.02444364612444
2;Renfrew-Collingwood;"{""coordinates"": [-123.02570369545681, 49.24964929911072], ""type"": ""Point""}";49.24964929911072, -123.02570369545681
1;Renfrew-Collingwood;"{""coordinates"": [-123.02982440845334, 49.24997104853931], ""type"": ""Point""}";49.24997104853931, -123.02982440845334
2;Renfrew-Collingwood;"{""coordinates"": [-123.03080103944467, 49.2567757841048], ""type"": ""Point""}";49.2567757841048, -123.03080103944467
7;Renfrew-Collingwood;"{""coordinates"": [-123.02698126156004, 49.25541038401933], ""type"": ""Point""}";49.25541038401933, -123.02698126156004
10;Renfrew-Collingwood;"{""coordinates"": [-123.0327840999111, 49.254554751272636], ""type"": ""Point""}";49.254554751272636, -123.0327840999111
1;Renfrew-Collingwood;"{""coordinates"": [-123.02439516370433, 49.24275912788549], ""type"": ""Point""}";49.24275912788549, -123.02439516370433
B;Renfrew-Collingwood;"{""coordinates"": [-123.02497485000302, 49.24856918623171], ""type"": ""Point""}";49.24856918623171, -123.02497485000302
11;Renfrew-Collingwood;"{""coordinates"": [-123.02874945826925, 49.2375380263361], ""type"": ""Point""}";49.2375380263361, -123.02874945826925
61;Renfrew-Collingwood;"{""coordinates"": [-123.02450390478178, 49.237424081624205], ""type"": ""Point""}";49.237424081624205, -123.02450390478178
64;Renfrew-Collingwood;"{""coordinates"": [-123.02637860431909, 49.23890259477374], ""type"": ""Point""}";49.23890259477374, -123.02637860431909
X;Renfrew-Collingwood;"{""coordinates"": [-123.03211258182544, 49.239793381245825], ""type"": ""Point""}";49.239793381245825, -123.03211258182544
52;Killarney;"{""coordinates"": [-123.03252351430982, 49.23182371993859], ""type"": ""Point""}";49.23182371993859, -123.03252351430982
1;Renfrew-Collingwood;"{""coordinates"": [-123.02398848283535, 49.23558748645146], ""type"": ""Point""}";49.23558748645146, -123.02398848283535
46;Renfrew-Collingwood;"{""coordinates"": [-123.03283017348251, 49.23349321500109], ""type"": ""Point""}";49.23349321500109, -123.03283017348251
4;Renfrew-Collingwood;"{""coordinates"": [-123.0264462994996, 49.23343937013043], ""type"": ""Point""}";49.23343937013043, -123.0264462994996
N;Hastings-Sunrise;"{""coordinates"": [-123.02463020908188, 49.289072017717366], ""type"": ""Point""}";49.289072017717366, -123.02463020908188
9;Hastings-Sunrise;"{""coordinates"": [-123.0246123506417, 49.28604325906144], ""type"": ""Point""}";49.28604325906144, -123.0246123506417
H;Hastings-Sunrise;"{""coordinates"": [-123.02614395998874, 49.290070553054534], ""type"": ""Point""}";49.290070553054534, -123.02614395998874
B;Killarney;"{""coordinates"": [-123.03288223610723, 49.2207472481343], ""type"": ""Point""}";49.2207472481343, -123.03288223610723
6;Killarney;"{""coordinates"": [-123.03350294552406, 49.22172800399686], ""type"": ""Point""}";49.22172800399686, -123.03350294552406
3;Killarney;"{""coordinates"": [-123.03412907954473, 49.227319358454224], ""type"": ""Point""}";49.227319358454224, -123.03412907954473
31;Mount Pleasant;"{""coordinates"": [-123.10231476624111, 49.261472014523505], ""type"": ""Point""}";49.261472014523505, -123.10231476624111
64;Hastings-Sunrise;"{""coordinates"": [-123.02491973545433, 49.27943629193044], ""type"": ""Point""}";49.27943629193044, -123.02491973545433
60;Hastings-Sunrise;"{""coordinates"": [-123.03252540012342, 49.28060283905318], ""type"": ""Point""}";49.28060283905318, -123.03252540012342
5;Grandview-Woodland;"{""coordinates"": [-123.07343321070009, 49.28063887280016], ""type"": ""Point""}";49.28063887280016, -123.07343321070009
X;Mount Pleasant;"{""coordinates"": [-123.1092432402699, 49.26051896145174], ""type"": ""Point""}";49.26051896145174, -123.1092432402699
44;Mount Pleasant;"{""coordinates"": [-123.10600336563989, 49.25985062176706], ""type"": ""Point""}";49.25985062176706, -123.10600336563989
87;Arbutus Ridge;"{""coordinates"": [-123.14898893742696, 49.24358469444183], ""type"": ""Point""}";49.24358469444183, -123.14898893742696
37;Kensington-Cedar Cottage;"{""coordinates"": [-123.07710774976978, 49.252022251205325], ""type"": ""Point""}";49.252022251205325, -123.07710774976978
36;Kensington-Cedar Cottage;"{""coordinates"": [-123.07703739480425, 49.251042682286716], ""type"": ""Point""}";49.251042682286716, -123.07703739480425
2;Kensington-Cedar Cottage;"{""coordinates"": [-123.07246433293986, 49.253737380418016], ""type"": ""Point""}";49.253737380418016, -123.07246433293986
5;Grandview-Woodland;"{""coordinates"": [-123.0693281594074, 49.280587455576466], ""type"": ""Point""}";49.280587455576466, -123.0693281594074
12;Grandview-Woodland;"{""coordinates"": [-123.0715488594237, 49.278954907031896], ""type"": ""Point""}";49.278954907031896, -123.0715488594237
D;Arbutus Ridge;"{""coordinates"": [-123.15000757201184, 49.241518500685046], ""type"": ""Point""}";49.241518500685046, -123.15000757201184
134;West Point Grey;"{""coordinates"": [-123.21017532491284, 49.27249996405714], ""type"": ""Point""}";49.27249996405714, -123.21017532491284
1;Strathcona;"{""coordinates"": [-123.08050197533946, 49.283638948944706], ""type"": ""Point""}";49.283638948944706, -123.08050197533946
1165;Oakridge;"{""coordinates"": [-123.11201155464906, 49.22145561644177], ""type"": ""Point""}";49.22145561644177, -123.11201155464906
68;Shaughnessy;"{""coordinates"": [-123.12865377589715, 49.251200898868724], ""type"": ""Point""}";49.251200898868724, -123.12865377589715
72;Shaughnessy;"{""coordinates"": [-123.13093755955073, 49.249907050239656], ""type"": ""Point""}";49.249907050239656, -123.13093755955073
657;South Cambie;"{""coordinates"": [-123.12355546681336, 49.24970793077264], ""type"": ""Point""}";49.24970793077264, -123.12355546681336
656;South Cambie;"{""coordinates"": [-123.12629714415515, 49.249609553771144], ""type"": ""Point""}";49.249609553771144, -123.12629714415515
637;South Cambie;"{""coordinates"": [-123.12353781208277, 49.25049629142605], ""type"": ""Point""}";49.25049629142605, -123.12353781208277
EAST;Victoria-Fraserview;"{""coordinates"": [-123.07220586884, 49.22653678653289], ""type"": ""Point""}";49.22653678653289, -123.07220586884
133E;Mount Pleasant;"{""coordinates"": [-123.09359906029546, 49.257569895920625], ""type"": ""Point""}";49.257569895920625, -123.09359906029546
57;Riley Park;"{""coordinates"": [-123.10097307913789, 49.25608504408474], ""type"": ""Point""}";49.25608504408474, -123.10097307913789
E.;Kensington-Cedar Cottage;"{""coordinates"": [-123.08166029877576, 49.243245904339474], ""type"": ""Point""}";49.243245904339474, -123.08166029877576
N1/2;Victoria-Fraserview;"{""coordinates"": [-123.06425330501202, 49.23221409129696], ""type"": ""Point""}";49.23221409129696, -123.06425330501202
S1/2;Hastings-Sunrise;"{""coordinates"": [-123.02471015926, 49.27773018509194], ""type"": ""Point""}";49.27773018509194, -123.02471015926
HALF;Renfrew-Collingwood;"{""coordinates"": [-123.05218925374308, 49.235582218346025], ""type"": ""Point""}";49.235582218346025, -123.05218925374308
NORTH;Renfrew-Collingwood;"{""coordinates"": [-123.055314792292, 49.23560231667696], ""type"": ""Point""}";49.23560231667696, -123.055314792292
PTN;Renfrew-Collingwood;"{""coordinates"": [-123.04631220779376, 49.23442218691178], ""type"": ""Point""}";49.23442218691178, -123.04631220779376
N.W.;Renfrew-Collingwood;"{""coordinates"": [-123.04566331518778, 49.23566648813857], ""type"": ""Point""}";49.23566648813857, -123.04566331518778
HALF;Kensington-Cedar Cottage;"{""coordinates"": [-123.06883619490536, 49.24124936255638], ""type"": ""Point""}";49.24124936255638, -123.06883619490536
6;Grandview-Woodland;"{""coordinates"": [-123.06280745157748, 49.26990995785867], ""type"": ""Point""}";49.26990995785867, -123.06280745157748
4;Grandview-Woodland;"{""coordinates"": [-123.06493453914396, 49.27074914905145], ""type"": ""Point""}";49.27074914905145, -123.06493453914396
0 5;Renfrew-Collingwood;"{""coordinates"": [-123.02420366953137, 49.24331656695827], ""type"": ""Point""}";49.24331656695827, -123.02420366953137
1;Hastings-Sunrise;"{""coordinates"": [-123.05254770926891, 49.275266758731156], ""type"": ""Point""}";49.275266758731156, -123.05254770926891
54;Downtown;"{""coordinates"": [-123.13214809383557, 49.29198344359679], ""type"": ""Point""}";49.29198344359679, -123.13214809383557
2;Kensington-Cedar Cottage;"{""coordinates"": [-123.0819576333459, 49.24317696118229], ""type"": ""Point""}";49.24317696118229, -123.0819576333459
1;West Point Grey;"{""coordinates"": [-123.21097858563357, 49.273090744008634], ""type"": ""Point""}";49.273090744008634, -123.21097858563357
A;West Point Grey;"{""coordinates"": [-123.21225895516822, 49.27336724119208], ""type"": ""Point""}";49.27336724119208, -123.21225895516822
3;West Point Grey;"{""coordinates"": [-123.20989314708315, 49.26764489367588], ""type"": ""Point""}";49.26764489367588, -123.20989314708315
133;West Point Grey;"{""coordinates"": [-123.20741049820909, 49.272779691481595], ""type"": ""Point""}";49.272779691481595, -123.20741049820909
4;West Point Grey;"{""coordinates"": [-123.21138084162963, 49.26253319891488], ""type"": ""Point""}";49.26253319891488, -123.21138084162963
3;West Point Grey;"{""coordinates"": [-123.21302075191277, 49.2589388825044], ""type"": ""Point""}";49.2589388825044, -123.21302075191277
1;West Point Grey;"{""coordinates"": [-123.21449472632257, 49.259877954965575], ""type"": ""Point""}";49.259877954965575, -123.21449472632257
4;West Point Grey;"{""coordinates"": [-123.20234103567643, 49.26044395460207], ""type"": ""Point""}";49.26044395460207, -123.20234103567643
1;West Point Grey;"{""coordinates"": [-123.2022718831202, 49.26134666467505], ""type"": ""Point""}";49.26134666467505, -123.2022718831202
4;West Point Grey;"{""coordinates"": [-123.20227557017319, 49.262252134529966], ""type"": ""Point""}";49.262252134529966, -123.20227557017319
2;West Point Grey;"{""coordinates"": [-123.20379957048613, 49.26510808079551], ""type"": ""Point""}";49.26510808079551, -123.20379957048613
3;West Point Grey;"{""coordinates"": [-123.20372910423633, 49.265953853666325], ""type"": ""Point""}";49.265953853666325, -123.20372910423633
1;West Point Grey;"{""coordinates"": [-123.205146838678, 49.266757324770346], ""type"": ""Point""}";49.266757324770346, -123.205146838678
147;West Point Grey;"{""coordinates"": [-123.20455464321267, 49.266318949819045], ""type"": ""Point""}";49.266318949819045, -123.20455464321267
C;West Point Grey;"{""coordinates"": [-123.18904628008904, 49.26988514852398], ""type"": ""Point""}";49.26988514852398, -123.18904628008904
1;West Point Grey;"{""coordinates"": [-123.20543987336573, 49.261531467835965], ""type"": ""Point""}";49.261531467835965, -123.20543987336573
3;West Point Grey;"{""coordinates"": [-123.20719288797389, 49.25885949239594], ""type"": ""Point""}";49.25885949239594, -123.20719288797389
2;West Point Grey;"{""coordinates"": [-123.20988697202421, 49.261603577266946], ""type"": ""Point""}";49.261603577266946, -123.20988697202421
1;Dunbar-Southlands;"{""coordinates"": [-123.19278823622591, 49.257222928184326], ""type"": ""Point""}";49.257222928184326, -123.19278823622591
36;Dunbar-Southlands;"{""coordinates"": [-123.18952828599012, 49.25682265537372], ""type"": ""Point""}";49.25682265537372, -123.18952828599012
3;West Point Grey;"{""coordinates"": [-123.18885937105973, 49.25843253688549], ""type"": ""Point""}";49.25843253688549, -123.18885937105973
2;West Point Grey;"{""coordinates"": [-123.19794605778765, 49.25947469627912], ""type"": ""Point""}";49.25947469627912, -123.19794605778765
173;West Point Grey;"{""coordinates"": [-123.19566730049218, 49.261030747515726], ""type"": ""Point""}";49.261030747515726, -123.19566730049218
4;West Point Grey;"{""coordinates"": [-123.19322009962508, 49.26030537196996], ""type"": ""Point""}";49.26030537196996, -123.19322009962508
171;West Point Grey;"{""coordinates"": [-123.18957381163729, 49.26094802168519], ""type"": ""Point""}";49.26094802168519, -123.18957381163729
1;West Point Grey;"{""coordinates"": [-123.19009241738333, 49.2611646739011], ""type"": ""Point""}";49.2611646739011, -123.19009241738333
B;West Point Grey;"{""coordinates"": [-123.19257542403183, 49.26720004514148], ""type"": ""Point""}";49.26720004514148, -123.19257542403183
2;West Point Grey;"{""coordinates"": [-123.19174267973239, 49.26299834681466], ""type"": ""Point""}";49.26299834681466, -123.19174267973239
40;Dunbar-Southlands;"{""coordinates"": [-123.1924151638954, 49.2512209999208], ""type"": ""Point""}";49.2512209999208, -123.1924151638954
3;Dunbar-Southlands;"{""coordinates"": [-123.18885823669152, 49.25233242775246], ""type"": ""Point""}";49.25233242775246, -123.18885823669152
43;Dunbar-Southlands;"{""coordinates"": [-123.19527873567202, 49.2548484683043], ""type"": ""Point""}";49.2548484683043, -123.19527873567202
2;Dunbar-Southlands;"{""coordinates"": [-123.19159174002274, 49.25505661105936], ""type"": ""Point""}";49.25505661105936, -123.19159174002274
4;Dunbar-Southlands;"{""coordinates"": [-123.19284984405094, 49.254157244176525], ""type"": ""Point""}";49.254157244176525, -123.19284984405094
13;Dunbar-Southlands;"{""coordinates"": [-123.19541865228756, 49.232564074580566], ""type"": ""Point""}";49.232564074580566, -123.19541865228756
19;Dunbar-Southlands;"{""coordinates"": [-123.19536659643188, 49.23798115058342], ""type"": ""Point""}";49.23798115058342, -123.19536659643188
52;Kitsilano;"{""coordinates"": [-123.17899209756649, 49.26454933824632], ""type"": ""Point""}";49.26454933824632, -123.17899209756649
2;Kitsilano;"{""coordinates"": [-123.17856741136356, 49.26299236684223], ""type"": ""Point""}";49.26299236684223, -123.17856741136356
1;Kitsilano;"{""coordinates"": [-123.17934395661186, 49.26300295680247], ""type"": ""Point""}";49.26300295680247, -123.17934395661186
A;Kitsilano;"{""coordinates"": [-123.18073394245175, 49.268066963573354], ""type"": ""Point""}";49.268066963573354, -123.18073394245175
B;Kitsilano;"{""coordinates"": [-123.17864116399346, 49.26804095677079], ""type"": ""Point""}";49.26804095677079, -123.17864116399346
233;West Point Grey;"{""coordinates"": [-123.18670616797203, 49.27166686374993], ""type"": ""Point""}";49.27166686374993, -123.18670616797203
B;Dunbar-Southlands;"{""coordinates"": [-123.17894754816523, 49.25718587973363], ""type"": ""Point""}";49.25718587973363, -123.17894754816523
103;Kitsilano;"{""coordinates"": [-123.18147292696085, 49.259182027632164], ""type"": ""Point""}";49.259182027632164, -123.18147292696085
93;Kitsilano;"{""coordinates"": [-123.18140508601365, 49.26008850118326], ""type"": ""Point""}";49.26008850118326, -123.18140508601365
84;Kitsilano;"{""coordinates"": [-123.18135549633539, 49.26099171662206], ""type"": ""Point""}";49.26099171662206, -123.18135549633539
37;Kitsilano;"{""coordinates"": [-123.18465230109112, 49.266347604225075], ""type"": ""Point""}";49.266347604225075, -123.18465230109112
38;Kitsilano;"{""coordinates"": [-123.18284536052391, 49.26625113477862], ""type"": ""Point""}";49.26625113477862, -123.18284536052391
2;Dunbar-Southlands;"{""coordinates"": [-123.18617414528322, 49.253361358561], ""type"": ""Point""}";49.253361358561, -123.18617414528322
2;Dunbar-Southlands;"{""coordinates"": [-123.18622167354722, 49.25155548991711], ""type"": ""Point""}";49.25155548991711, -123.18622167354722
4;Dunbar-Southlands;"{""coordinates"": [-123.1873664030899, 49.2506545568491], ""type"": ""Point""}";49.2506545568491, -123.1873664030899
A;Dunbar-Southlands;"{""coordinates"": [-123.18677205544687, 49.24954908770413], ""type"": ""Point""}";49.24954908770413, -123.18677205544687
22;Dunbar-Southlands;"{""coordinates"": [-123.18111424295058, 49.25480775589324], ""type"": ""Point""}";49.25480775589324, -123.18111424295058
42;Dunbar-Southlands;"{""coordinates"": [-123.18683114327057, 49.24156739070403], ""type"": ""Point""}";49.24156739070403, -123.18683114327057
63;Dunbar-Southlands;"{""coordinates"": [-123.18357131840912, 49.24535745455218], ""type"": ""Point""}";49.24535745455218, -123.18357131840912
84;Dunbar-Southlands;"{""coordinates"": [-123.18035576654563, 49.249148676913215], ""type"": ""Point""}";49.249148676913215, -123.18035576654563
73;Dunbar-Southlands;"{""coordinates"": [-123.18037902912776, 49.24724388172982], ""type"": ""Point""}";49.24724388172982, -123.18037902912776
B;Dunbar-Southlands;"{""coordinates"": [-123.1802754546649, 49.247662321846875], ""type"": ""Point""}";49.247662321846875, -123.1802754546649
1;Dunbar-Southlands;"{""coordinates"": [-123.17784053159758, 49.25333314490537], ""type"": ""Point""}";49.25333314490537, -123.17784053159758
2;Dunbar-Southlands;"{""coordinates"": [-123.1795678295441, 49.253343957025145], ""type"": ""Point""}";49.253343957025145, -123.1795678295441
1;Kitsilano;"{""coordinates"": [-123.17332392258429, 49.26910457039057], ""type"": ""Point""}";49.26910457039057, -123.17332392258429
1;Kitsilano;"{""coordinates"": [-123.17047115266655, 49.26874862867905], ""type"": ""Point""}";49.26874862867905, -123.17047115266655
19;Kitsilano;"{""coordinates"": [-123.1767368372992, 49.269660287136205], ""type"": ""Point""}";49.269660287136205, -123.1767368372992
13;Kitsilano;"{""coordinates"": [-123.17662174671214, 49.27058648296078], ""type"": ""Point""}";49.27058648296078, -123.17662174671214
8;Kitsilano;"{""coordinates"": [-123.16717098287462, 49.26955326782424], ""type"": ""Point""}";49.26955326782424, -123.16717098287462
14;Dunbar-Southlands;"{""coordinates"": [-123.18153665367369, 49.2183149271644], ""type"": ""Point""}";49.2183149271644, -123.18153665367369
4;Dunbar-Southlands;"{""coordinates"": [-123.18803828304705, 49.22807423055134], ""type"": ""Point""}";49.22807423055134, -123.18803828304705
4;Dunbar-Southlands;"{""coordinates"": [-123.18658045323203, 49.235574638665625], ""type"": ""Point""}";49.235574638665625, -123.18658045323203
R;Kerrisdale;"{""coordinates"": [-123.177370130705, 49.23376410866741], ""type"": ""Point""}";49.23376410866741, -123.177370130705
36;Kitsilano;"{""coordinates"": [-123.17480545410734, 49.2670420052617], ""type"": ""Point""}";49.2670420052617, -123.17480545410734
3;Kitsilano;"{""coordinates"": [-123.16914109945331, 49.26628407161507], ""type"": ""Point""}";49.26628407161507, -123.16914109945331
2;Kitsilano;"{""coordinates"": [-123.16918926628206, 49.26610004014776], ""type"": ""Point""}";49.26610004014776, -123.16918926628206
123;Kitsilano;"{""coordinates"": [-123.1730624746062, 49.263454201136135], ""type"": ""Point""}";49.263454201136135, -123.1730624746062
1;Kitsilano;"{""coordinates"": [-123.1703416140347, 49.27005944742226], ""type"": ""Point""}";49.27005944742226, -123.1703416140347
108;Kitsilano;"{""coordinates"": [-123.17139957007528, 49.25900088303412], ""type"": ""Point""}";49.25900088303412, -123.17139957007528
107;Kitsilano;"{""coordinates"": [-123.1732978728693, 49.25905663716394], ""type"": ""Point""}";49.25905663716394, -123.1732978728693
105;Kitsilano;"{""coordinates"": [-123.1771246311412, 49.25911836103406], ""type"": ""Point""}";49.25911836103406, -123.1771246311412
F;Kitsilano;"{""coordinates"": [-123.16926103883094, 49.25990180327381], ""type"": ""Point""}";49.25990180327381, -123.16926103883094
95;Kitsilano;"{""coordinates"": [-123.17715423188716, 49.26001999613729], ""type"": ""Point""}";49.26001999613729, -123.17715423188716
87;Kitsilano;"{""coordinates"": [-123.17519618291207, 49.260895337744465], ""type"": ""Point""}";49.260895337744465, -123.17519618291207
78;Kitsilano;"{""coordinates"": [-123.17334655829457, 49.261769961664946], ""type"": ""Point""}";49.261769961664946, -123.17334655829457
3;Kitsilano;"{""coordinates"": [-123.17461180323718, 49.26179800152208], ""type"": ""Point""}";49.26179800152208, -123.17461180323718
1;Arbutus Ridge;"{""coordinates"": [-123.1695907251052, 49.25134732246884], ""type"": ""Point""}";49.25134732246884, -123.1695907251052
4;Arbutus Ridge;"{""coordinates"": [-123.16713958131078, 49.25038320572586], ""type"": ""Point""}";49.25038320572586, -123.16713958131078
1;Arbutus Ridge;"{""coordinates"": [-123.16717393745589, 49.25151970321846], ""type"": ""Point""}";49.25151970321846, -123.16717393745589
1;Dunbar-Southlands;"{""coordinates"": [-123.17433671347736, 49.24175972879855], ""type"": ""Point""}";49.24175972879855, -123.17433671347736
52;Dunbar-Southlands;"{""coordinates"": [-123.17711380261224, 49.24343175915425], ""type"": ""Point""}";49.24343175915425, -123.17711380261224
2;Dunbar-Southlands;"{""coordinates"": [-123.17163921530268, 49.2408004042746], ""type"": ""Point""}";49.2408004042746, -123.17163921530268
E;Arbutus Ridge;"{""coordinates"": [-123.16858397124699, 49.24968378783552], ""type"": ""Point""}";49.24968378783552, -123.16858397124699
3;Dunbar-Southlands;"{""coordinates"": [-123.17649623284785, 49.25225892745303], ""type"": ""Point""}";49.25225892745303, -123.17649623284785
L;Kerrisdale;"{""coordinates"": [-123.17218439958309, 49.22957884104929], ""type"": ""Point""}";49.22957884104929, -123.17218439958309
3;Kerrisdale;"{""coordinates"": [-123.16800337211002, 49.23049954557407], ""type"": ""Point""}";49.23049954557407, -123.16800337211002
D;Kerrisdale;"{""coordinates"": [-123.16864723379537, 49.23047913265756], ""type"": ""Point""}";49.23047913265756, -123.16864723379537
1;Kerrisdale;"{""coordinates"": [-123.17106196806918, 49.23048814854162], ""type"": ""Point""}";49.23048814854162, -123.17106196806918
E;Kerrisdale;"{""coordinates"": [-123.17060801902967, 49.23049421701336], ""type"": ""Point""}";49.23049421701336, -123.17060801902967
12;Dunbar-Southlands;"{""coordinates"": [-123.177118651874, 49.23563686587995], ""type"": ""Point""}";49.23563686587995, -123.177118651874
32;Dunbar-Southlands;"{""coordinates"": [-123.17708437241555, 49.239650617250554], ""type"": ""Point""}";49.239650617250554, -123.17708437241555
27;Dunbar-Southlands;"{""coordinates"": [-123.17178431882783, 49.23771074378149], ""type"": ""Point""}";49.23771074378149, -123.17178431882783
323;Kitsilano;"{""coordinates"": [-123.15682290840537, 49.26423608518219], ""type"": ""Point""}";49.26423608518219, -123.15682290840537
6;Kitsilano;"{""coordinates"": [-123.16528970808696, 49.27072996476965], ""type"": ""Point""}";49.27072996476965, -123.16528970808696
210;Kitsilano;"{""coordinates"": [-123.16352681877046, 49.27036899520481], ""type"": ""Point""}";49.27036899520481, -123.16352681877046
231;Kitsilano;"{""coordinates"": [-123.16119002344692, 49.26856327213115], ""type"": ""Point""}";49.26856327213115, -123.16119002344692
230A;Kitsilano;"{""coordinates"": [-123.1635550988154, 49.26859859189343], ""type"": ""Point""}";49.26859859189343, -123.1635550988154
16;Kerrisdale;"{""coordinates"": [-123.1747770969357, 49.21662389493907], ""type"": ""Point""}";49.21662389493907, -123.1747770969357
513;Arbutus Ridge;"{""coordinates"": [-123.15694468190598, 49.2556744726825], ""type"": ""Point""}";49.2556744726825, -123.15694468190598
71;Kitsilano;"{""coordinates"": [-123.16559877792757, 49.262553978761225], ""type"": ""Point""}";49.262553978761225, -123.16559877792757
82;Kitsilano;"{""coordinates"": [-123.16566033460592, 49.261649412997414], ""type"": ""Point""}";49.261649412997414, -123.16566033460592
91;Kitsilano;"{""coordinates"": [-123.16566852378985, 49.260696178529244], ""type"": ""Point""}";49.260696178529244, -123.16566852378985
421;Kitsilano;"{""coordinates"": [-123.1615688609203, 49.259599845572836], ""type"": ""Point""}";49.259599845572836, -123.1615688609203
127;Kitsilano;"{""coordinates"": [-123.16568649790386, 49.26331864377135], ""type"": ""Point""}";49.26331864377135, -123.16568649790386
19;Kitsilano;"{""coordinates"": [-123.1656865394139, 49.26432860777665], ""type"": ""Point""}";49.26432860777665, -123.1656865394139
558;Arbutus Ridge;"{""coordinates"": [-123.1604808254638, 49.246271346164875], ""type"": ""Point""}";49.246271346164875, -123.1604808254638
2;Arbutus Ridge;"{""coordinates"": [-123.16595326114046, 49.2531395334713], ""type"": ""Point""}";49.2531395334713, -123.16595326114046
539;Arbutus Ridge;"{""coordinates"": [-123.16381686754369, 49.253070197856864], ""type"": ""Point""}";49.253070197856864, -123.16381686754369
536;Arbutus Ridge;"{""coordinates"": [-123.1615948452855, 49.25412173853692], ""type"": ""Point""}";49.25412173853692, -123.1615948452855
537;Arbutus Ridge;"{""coordinates"": [-123.15939327143171, 49.25409288178126], ""type"": ""Point""}";49.25409288178126, -123.15939327143171
1;Arbutus Ridge;"{""coordinates"": [-123.1641353489167, 49.2416641572575], ""type"": ""Point""}";49.2416641572575, -123.1641353489167
1;Arbutus Ridge;"{""coordinates"": [-123.16490076529426, 49.2357061080831], ""type"": ""Point""}";49.2357061080831, -123.16490076529426
9;Arbutus Ridge;"{""coordinates"": [-123.15716553736446, 49.23773578463407], ""type"": ""Point""}";49.23773578463407, -123.15716553736446
8;Arbutus Ridge;"{""coordinates"": [-123.1640701247867, 49.23878798411419], ""type"": ""Point""}";49.23878798411419, -123.1640701247867
13;Kerrisdale;"{""coordinates"": [-123.16192932256568, 49.223899748445646], ""type"": ""Point""}";49.223899748445646, -123.16192932256568
A;Kerrisdale;"{""coordinates"": [-123.15609809028138, 49.22394882984264], ""type"": ""Point""}";49.22394882984264, -123.15609809028138
5;Kerrisdale;"{""coordinates"": [-123.1582332146675, 49.22613353835408], ""type"": ""Point""}";49.22613353835408, -123.1582332146675
2;Kerrisdale;"{""coordinates"": [-123.16368002012179, 49.22812589354337], ""type"": ""Point""}";49.22812589354337, -123.16368002012179
13;Kerrisdale;"{""coordinates"": [-123.16357399077965, 49.22996576394379], ""type"": ""Point""}";49.22996576394379, -123.16357399077965
10;Kerrisdale;"{""coordinates"": [-123.15932119955005, 49.22989692093295], ""type"": ""Point""}";49.22989692093295, -123.15932119955005
8;Kerrisdale;"{""coordinates"": [-123.15739133445811, 49.22933343162497], ""type"": ""Point""}";49.22933343162497, -123.15739133445811
6;Kerrisdale;"{""coordinates"": [-123.15735306212, 49.23123437127394], ""type"": ""Point""}";49.23123437127394, -123.15735306212
B;Kerrisdale;"{""coordinates"": [-123.16121502637307, 49.23293845116215], ""type"": ""Point""}";49.23293845116215, -123.16121502637307
17;Kitsilano;"{""coordinates"": [-123.15096448650888, 49.27377706401726], ""type"": ""Point""}";49.27377706401726, -123.15096448650888
176A;Kitsilano;"{""coordinates"": [-123.14868140156216, 49.273949358852725], ""type"": ""Point""}";49.273949358852725, -123.14868140156216
194;Kitsilano;"{""coordinates"": [-123.15408448517645, 49.271985393613164], ""type"": ""Point""}";49.271985393613164, -123.15408448517645
U;Kerrisdale;"{""coordinates"": [-123.15969141669741, 49.225173931466614], ""type"": ""Point""}";49.225173931466614, -123.15969141669741
O;Kerrisdale;"{""coordinates"": [-123.15986309772447, 49.22517594282318], ""type"": ""Point""}";49.22517594282318, -123.15986309772447
346;Kitsilano;"{""coordinates"": [-123.14948027592061, 49.263131941354345], ""type"": ""Point""}";49.263131941354345, -123.14948027592061
306;Kitsilano;"{""coordinates"": [-123.14930079957847, 49.2649949909304], ""type"": ""Point""}";49.2649949909304, -123.14930079957847
304;Kitsilano;"{""coordinates"": [-123.15424490865782, 49.265074733493066], ""type"": ""Point""}";49.265074733493066, -123.15424490865782
247;Kitsilano;"{""coordinates"": [-123.14711939483233, 49.267495154569474], ""type"": ""Point""}";49.267495154569474, -123.14711939483233
238;Fairview;"{""coordinates"": [-123.14471885984294, 49.268505990537776], ""type"": ""Point""}";49.268505990537776, -123.14471885984294
205;Kitsilano;"{""coordinates"": [-123.15162525443742, 49.27107133482391], ""type"": ""Point""}";49.27107133482391, -123.15162525443742
147;Kitsilano;"{""coordinates"": [-123.14703329362347, 49.27637664300247], ""type"": ""Point""}";49.27637664300247, -123.14703329362347
486;Shaughnessy;"{""coordinates"": [-123.14977623472075, 49.25661433658743], ""type"": ""Point""}";49.25661433658743, -123.14977623472075
485;Shaughnessy;"{""coordinates"": [-123.15173946017168, 49.25664592971429], ""type"": ""Point""}";49.25664592971429, -123.15173946017168
368;Fairview;"{""coordinates"": [-123.14458551538017, 49.2621712302345], ""type"": ""Point""}";49.2621712302345, -123.14458551538017
448;Fairview;"{""coordinates"": [-123.14502646645938, 49.2585908706667], ""type"": ""Point""}";49.2585908706667, -123.14502646645938
367;Kitsilano;"{""coordinates"": [-123.14717974913403, 49.26217495297946], ""type"": ""Point""}";49.26217495297946, -123.14717974913403
445;Kitsilano;"{""coordinates"": [-123.15202647905375, 49.25853059023925], ""type"": ""Point""}";49.25853059023925, -123.15202647905375
405;Kitsilano;"{""coordinates"": [-123.15196677364587, 49.260373167640104], ""type"": ""Point""}";49.260373167640104, -123.15196677364587
366;Kitsilano;"{""coordinates"": [-123.14957870284148, 49.26229608703797], ""type"": ""Point""}";49.26229608703797, -123.14957870284148
1;Shaughnessy;"{""coordinates"": [-123.14567799685172, 49.23739930739351], ""type"": ""Point""}";49.23739930739351, -123.14567799685172
706;Shaughnessy;"{""coordinates"": [-123.1481220389216, 49.24655963456045], ""type"": ""Point""}";49.24655963456045, -123.1481220389216
9;Kerrisdale;"{""coordinates"": [-123.15310247413974, 49.226470227857405], ""type"": ""Point""}";49.226470227857405, -123.15310247413974
8;Kerrisdale;"{""coordinates"": [-123.1515255219677, 49.22639229422638], ""type"": ""Point""}";49.22639229422638, -123.1515255219677
1;Kerrisdale;"{""coordinates"": [-123.14608555569536, 49.22600945593047], ""type"": ""Point""}";49.22600945593047, -123.14608555569536
6;Kerrisdale;"{""coordinates"": [-123.14866354954222, 49.2263630631859], ""type"": ""Point""}";49.2263630631859, -123.14866354954222
D;Kerrisdale;"{""coordinates"": [-123.14431391020591, 49.222999535996316], ""type"": ""Point""}";49.222999535996316, -123.14431391020591
8;Kerrisdale;"{""coordinates"": [-123.14862370027186, 49.22805528574063], ""type"": ""Point""}";49.22805528574063, -123.14862370027186
7;Kerrisdale;"{""coordinates"": [-123.14858733312872, 49.22982860457756], ""type"": ""Point""}";49.22982860457756, -123.14858733312872
L;Kerrisdale;"{""coordinates"": [-123.14458180757748, 49.229072022481475], ""type"": ""Point""}";49.229072022481475, -123.14458180757748
2;Kerrisdale;"{""coordinates"": [-123.14560867449548, 49.22981776218534], ""type"": ""Point""}";49.22981776218534, -123.14560867449548
5;Shaughnessy;"{""coordinates"": [-123.14976443957534, 49.235461380472294], ""type"": ""Point""}";49.235461380472294, -123.14976443957534
9;Kerrisdale;"{""coordinates"": [-123.1501386912099, 49.231864582707495], ""type"": ""Point""}";49.231864582707495, -123.1501386912099
K;Kerrisdale;"{""coordinates"": [-123.15017598820366, 49.22300194955169], ""type"": ""Point""}";49.22300194955169, -123.15017598820366
2;Kerrisdale;"{""coordinates"": [-123.15358364973049, 49.21769374641378], ""type"": ""Point""}";49.21769374641378, -123.15358364973049
7;Kerrisdale;"{""coordinates"": [-123.14999280651246, 49.2143689240293], ""type"": ""Point""}";49.2143689240293, -123.14999280651246
3;Kerrisdale;"{""coordinates"": [-123.15193509949621, 49.22053983763433], ""type"": ""Point""}";49.22053983763433, -123.15193509949621
I;Kerrisdale;"{""coordinates"": [-123.1443634878722, 49.22074133664693], ""type"": ""Point""}";49.22074133664693, -123.1443634878722
B;Kerrisdale;"{""coordinates"": [-123.15071638722623, 49.22664772987699], ""type"": ""Point""}";49.22664772987699, -123.15071638722623
4;Kerrisdale;"{""coordinates"": [-123.15477502124425, 49.22313116792075], ""type"": ""Point""}";49.22313116792075, -123.15477502124425
9;Kerrisdale;"{""coordinates"": [-123.15463169599563, 49.22600850583912], ""type"": ""Point""}";49.22600850583912, -123.15463169599563
350;Fairview;"{""coordinates"": [-123.13992087435325, 49.26300180706995], ""type"": ""Point""}";49.26300180706995, -123.13992087435325
349;Fairview;"{""coordinates"": [-123.14246564305198, 49.26301008522903], ""type"": ""Point""}";49.26301008522903, -123.14246564305198
CREEK;Fairview;"{""coordinates"": [-123.13959459171429, 49.270518719051836], ""type"": ""Point""}";49.270518719051836, -123.13959459171429
239;Fairview;"{""coordinates"": [-123.14228850354174, 49.26827748154777], ""type"": ""Point""}";49.26827748154777, -123.14228850354174
229;Fairview;"{""coordinates"": [-123.14213473887396, 49.26914739867971], ""type"": ""Point""}";49.26914739867971, -123.14213473887396
137;Kitsilano;"{""coordinates"": [-123.14700055095459, 49.27702614620082], ""type"": ""Point""}";49.27702614620082, -123.14700055095459
1;Marpole;"{""coordinates"": [-123.14568732313674, 49.20747196143869], ""type"": ""Point""}";49.20747196143869, -123.14568732313674
5;Marpole;"{""coordinates"": [-123.14460686667452, 49.211621579247264], ""type"": ""Point""}";49.211621579247264, -123.14460686667452
489;Shaughnessy;"{""coordinates"": [-123.14283016792373, 49.25670265909628], ""type"": ""Point""}";49.25670265909628, -123.14283016792373
390;Fairview;"{""coordinates"": [-123.14012935659395, 49.261135228221576], ""type"": ""Point""}";49.261135228221576, -123.14012935659395
270;Fairview;"{""coordinates"": [-123.13981367361308, 49.266599038675956], ""type"": ""Point""}";49.266599038675956, -123.13981367361308
901;Shaughnessy;"{""coordinates"": [-123.13815390464809, 49.23979510623817], ""type"": ""Point""}";49.23979510623817, -123.13815390464809
773;Shaughnessy;"{""coordinates"": [-123.13473174876944, 49.24382915110236], ""type"": ""Point""}";49.24382915110236, -123.13473174876944
833;Shaughnessy;"{""coordinates"": [-123.13365523168456, 49.24124779610257], ""type"": ""Point""}";49.24124779610257, -123.13365523168456
813;Shaughnessy;"{""coordinates"": [-123.13365081665383, 49.2427986707232], ""type"": ""Point""}";49.2427986707232, -123.13365081665383
8;Oakridge;"{""coordinates"": [-123.1385478179584, 49.22997816041888], ""type"": ""Point""}";49.22997816041888, -123.1385478179584
952;Shaughnessy;"{""coordinates"": [-123.13617130898348, 49.235789681454534], ""type"": ""Point""}";49.235789681454534, -123.13617130898348
BLK 17A;Oakridge;"{""coordinates"": [-123.13645531737053, 49.21950017408753], ""type"": ""Point""}";49.21950017408753, -123.13645531737053
11;Kerrisdale;"{""coordinates"": [-123.14260482253728, 49.2244365660315], ""type"": ""Point""}";49.2244365660315, -123.14260482253728
K;Kerrisdale;"{""coordinates"": [-123.14303194086047, 49.22443603796547], ""type"": ""Point""}";49.22443603796547, -123.14303194086047
16;Oakridge;"{""coordinates"": [-123.13856911512335, 49.22373850629696], ""type"": ""Point""}";49.22373850629696, -123.13856911512335
3;Kerrisdale;"{""coordinates"": [-123.1441114823347, 49.22980528320537], ""type"": ""Point""}";49.22980528320537, -123.1441114823347
7;Marpole;"{""coordinates"": [-123.13940525733732, 49.214140150851236], ""type"": ""Point""}";49.214140150851236, -123.13940525733732
1001;Marpole;"{""coordinates"": [-123.13515167154611, 49.21697604844196], ""type"": ""Point""}";49.21697604844196, -123.13515167154611
14;Marpole;"{""coordinates"": [-123.1348003122717, 49.217630065032], ""type"": ""Point""}";49.217630065032, -123.1348003122717
4;Marpole;"{""coordinates"": [-123.14198149549388, 49.21813527188721], ""type"": ""Point""}";49.21813527188721, -123.14198149549388
9;Marpole;"{""coordinates"": [-123.13534278608425, 49.20632223653444], ""type"": ""Point""}";49.20632223653444, -123.13534278608425
E;Marpole;"{""coordinates"": [-123.14203562735676, 49.206144396103916], ""type"": ""Point""}";49.206144396103916, -123.14203562735676
4;Marpole;"{""coordinates"": [-123.13814686644238, 49.20531170432644], ""type"": ""Point""}";49.20531170432644, -123.13814686644238
5;Marpole;"{""coordinates"": [-123.1368788025483, 49.20526927196965], ""type"": ""Point""}";49.20526927196965, -123.1368788025483
2;Marpole;"{""coordinates"": [-123.14188945146071, 49.211078998145304], ""type"": ""Point""}";49.211078998145304, -123.14188945146071
9;Marpole;"{""coordinates"": [-123.13399829407554, 49.21187664320631], ""type"": ""Point""}";49.21187664320631, -123.13399829407554
37;Marpole;"{""coordinates"": [-123.13346982118655, 49.20943055413543], ""type"": ""Point""}";49.20943055413543, -123.13346982118655
40;West End;"{""coordinates"": [-123.13733792894486, 49.28061432205653], ""type"": ""Point""}";49.28061432205653, -123.13733792894486
71;West End;"{""coordinates"": [-123.14326207022319, 49.28923827786486], ""type"": ""Point""}";49.28923827786486, -123.14326207022319
66;West End;"{""coordinates"": [-123.13844912823754, 49.29238297136858], ""type"": ""Point""}";49.29238297136858, -123.13844912823754
55;West End;"{""coordinates"": [-123.13419982702364, 49.290892727242586], ""type"": ""Point""}";49.290892727242586, -123.13419982702364
537;South Cambie;"{""coordinates"": [-123.12368150821445, 49.25465724737007], ""type"": ""Point""}";49.25465724737007, -123.12368150821445
377;Fairview;"{""coordinates"": [-123.12334027241876, 49.26132865291713], ""type"": ""Point""}";49.26132865291713, -123.12334027241876
376;Fairview;"{""coordinates"": [-123.12529180424072, 49.2612941613871], ""type"": ""Point""}";49.2612941613871, -123.12529180424072
416;Fairview;"{""coordinates"": [-123.12565315441479, 49.25992198121425], ""type"": ""Point""}";49.25992198121425, -123.12565315441479
374;Fairview;"{""coordinates"": [-123.13018904140165, 49.26189855028585], ""type"": ""Point""}";49.26189855028585, -123.13018904140165
295;Fairview;"{""coordinates"": [-123.12811664418767, 49.26545052842337], ""type"": ""Point""}";49.26545052842337, -123.12811664418767
673;Shaughnessy;"{""coordinates"": [-123.13318812234921, 49.24856692297574], ""type"": ""Point""}";49.24856692297574, -123.13318812234921
676;South Cambie;"{""coordinates"": [-123.12638869336844, 49.24851475219369], ""type"": ""Point""}";49.24851475219369, -123.12638869336844
477;Fairview;"{""coordinates"": [-123.12338447390832, 49.25735407066098], ""type"": ""Point""}";49.25735407066098, -123.12338447390832
456;Fairview;"{""coordinates"": [-123.12562908507235, 49.25810640438477], ""type"": ""Point""}";49.25810640438477, -123.12562908507235
12;Oakridge;"{""coordinates"": [-123.13175908767228, 49.2246089230237], ""type"": ""Point""}";49.2246089230237, -123.13175908767228
F;Oakridge;"{""coordinates"": [-123.12439704563951, 49.22675539531478], ""type"": ""Point""}";49.22675539531478, -123.12439704563951
D;Oakridge;"{""coordinates"": [-123.12251075411872, 49.23069011244883], ""type"": ""Point""}";49.23069011244883, -123.12251075411872
10;Oakridge;"{""coordinates"": [-123.131350064309, 49.22878901169469], ""type"": ""Point""}";49.22878901169469, -123.131350064309
15;Oakridge;"{""coordinates"": [-123.13016257332569, 49.2287548515193], ""type"": ""Point""}";49.2287548515193, -123.13016257332569
J;Oakridge;"{""coordinates"": [-123.12499130879752, 49.22766595607835], ""type"": ""Point""}";49.22766595607835, -123.12499130879752
A;Oakridge;"{""coordinates"": [-123.12641219417038, 49.2332571401249], ""type"": ""Point""}";49.2332571401249, -123.12641219417038
K;Oakridge;"{""coordinates"": [-123.12622189240189, 49.23163956946912], ""type"": ""Point""}";49.23163956946912, -123.12622189240189
954;Shaughnessy;"{""coordinates"": [-123.13161986005757, 49.235334498828315], ""type"": ""Point""}";49.235334498828315, -123.13161986005757
974;Shaughnessy;"{""coordinates"": [-123.13166125003082, 49.23443042882416], ""type"": ""Point""}";49.23443042882416, -123.13166125003082
994;Oakridge;"{""coordinates"": [-123.13257798267551, 49.233100322622356], ""type"": ""Point""}";49.233100322622356, -123.13257798267551
2;Marpole;"{""coordinates"": [-123.12333946764613, 49.2164300374633], ""type"": ""Point""}";49.2164300374633, -123.12333946764613
4;Killarney;"{""coordinates"": [-123.03016821151758, 49.22681930777806], ""type"": ""Point""}";49.22681930777806, -123.03016821151758
32;Mount Pleasant;"{""coordinates"": [-123.10423115697306, 49.26148131172589], ""type"": ""Point""}";49.26148131172589, -123.10423115697306
207;Kitsilano;"{""coordinates"": [-123.14711890156062, 49.270999873723], ""type"": ""Point""}";49.270999873723, -123.14711890156062
87;Hastings-Sunrise;"{""coordinates"": [-123.02976895322189, 49.278376330757126], ""type"": ""Point""}";49.278376330757126, -123.02976895322189
44;Hastings-Sunrise;"{""coordinates"": [-123.02714665382389, 49.282474252962174], ""type"": ""Point""}";49.282474252962174, -123.02714665382389
Q;Mount Pleasant;"{""coordinates"": [-123.11036825007811, 49.2589721010288], ""type"": ""Point""}";49.2589721010288, -123.11036825007811
23;Riley Park;"{""coordinates"": [-123.09780957198365, 49.250720739577716], ""type"": ""Point""}";49.250720739577716, -123.09780957198365
W;Mount Pleasant;"{""coordinates"": [-123.10899909730445, 49.25975194546608], ""type"": ""Point""}";49.25975194546608, -123.10899909730445
9;Grandview-Woodland;"{""coordinates"": [-123.07354801439523, 49.27702140574566], ""type"": ""Point""}";49.27702140574566, -123.07354801439523
787;Shaughnessy;"{""coordinates"": [-123.14619080010515, 49.24282684904987], ""type"": ""Point""}";49.24282684904987, -123.14619080010515
10;Grandview-Woodland;"{""coordinates"": [-123.07170980879853, 49.277004786675036], ""type"": ""Point""}";49.277004786675036, -123.07170980879853
SE1/4;Hastings-Sunrise;"{""coordinates"": [-123.0319880410146, 49.26770778523637], ""type"": ""Point""}";49.26770778523637, -123.0319880410146
1;Riley Park;"{""coordinates"": [-123.10354037076195, 49.24828318427279], ""type"": ""Point""}";49.24828318427279, -123.10354037076195
1;Riley Park;"{""coordinates"": [-123.1046368269153, 49.24657425387048], ""type"": ""Point""}";49.24657425387048, -123.1046368269153
4;Sunset;"{""coordinates"": [-123.10476019323202, 49.22974956038796], ""type"": ""Point""}";49.22974956038796, -123.10476019323202
1143;Oakridge;"{""coordinates"": [-123.10942605403892, 49.22710205834727], ""type"": ""Point""}";49.22710205834727, -123.10942605403892
6;Oakridge;"{""coordinates"": [-123.11033831034803, 49.227137954240284], ""type"": ""Point""}";49.227137954240284, -123.11033831034803
102;Mount Pleasant;"{""coordinates"": [-123.09415015142376, 49.26463515816302], ""type"": ""Point""}";49.26463515816302, -123.09415015142376
13;Downtown;"{""coordinates"": [-123.10331877783047, 49.2807770474049], ""type"": ""Point""}";49.2807770474049, -123.10331877783047
1;Downtown;"{""coordinates"": [-123.1042933173185, 49.27734561650401], ""type"": ""Point""}";49.27734561650401, -123.1042933173185
123;Mount Pleasant;"{""coordinates"": [-123.09579019549825, 49.261859688548256], ""type"": ""Point""}";49.261859688548256, -123.09579019549825
A;Mount Pleasant;"{""coordinates"": [-123.09213353177122, 49.25915275626534], ""type"": ""Point""}";49.25915275626534, -123.09213353177122
72;Riley Park;"{""coordinates"": [-123.09992257888683, 49.254188811744264], ""type"": ""Point""}";49.254188811744264, -123.09992257888683
28;Riley Park;"{""coordinates"": [-123.09489473200027, 49.24300958839311], ""type"": ""Point""}";49.24300958839311, -123.09489473200027
58;Riley Park;"{""coordinates"": [-123.09868698364839, 49.246655769060304], ""type"": ""Point""}";49.246655769060304, -123.09868698364839
54;Riley Park;"{""coordinates"": [-123.09857510109369, 49.247733250421106], ""type"": ""Point""}";49.247733250421106, -123.09857510109369
A;Riley Park;"{""coordinates"": [-123.09606857848891, 49.248962796922775], ""type"": ""Point""}";49.248962796922775, -123.09606857848891
8;Riley Park;"{""coordinates"": [-123.09812653099131, 49.2384036727094], ""type"": ""Point""}";49.2384036727094, -123.09812653099131
11;Riley Park;"{""coordinates"": [-123.09808698569938, 49.23869772486544], ""type"": ""Point""}";49.23869772486544, -123.09808698569938
10;Riley Park;"{""coordinates"": [-123.09820108232037, 49.23917139845491], ""type"": ""Point""}";49.23917139845491, -123.09820108232037
6;Riley Park;"{""coordinates"": [-123.09900557680464, 49.2394358735979], ""type"": ""Point""}";49.2394358735979, -123.09900557680464
175;Riley Park;"{""coordinates"": [-123.09307008976849, 49.24498025586912], ""type"": ""Point""}";49.24498025586912, -123.09307008976849
2;Sunset;"{""coordinates"": [-123.09195575677293, 49.22688274376221], ""type"": ""Point""}";49.22688274376221, -123.09195575677293
7;Sunset;"{""coordinates"": [-123.09846435591426, 49.22403657562717], ""type"": ""Point""}";49.22403657562717, -123.09846435591426
1;Sunset;"{""coordinates"": [-123.09176662401998, 49.2270703644329], ""type"": ""Point""}";49.2270703644329, -123.09176662401998
G;Sunset;"{""coordinates"": [-123.09896373536394, 49.23203947576865], ""type"": ""Point""}";49.23203947576865, -123.09896373536394
3;Sunset;"{""coordinates"": [-123.09175728475407, 49.22462282335008], ""type"": ""Point""}";49.22462282335008, -123.09175728475407
A;Sunset;"{""coordinates"": [-123.09481146488432, 49.21194556270635], ""type"": ""Point""}";49.21194556270635, -123.09481146488432
18;Sunset;"{""coordinates"": [-123.09203675437927, 49.20663666361323], ""type"": ""Point""}";49.20663666361323, -123.09203675437927
76;Strathcona;"{""coordinates"": [-123.07934076223007, 49.2673558201737], ""type"": ""Point""}";49.2673558201737, -123.07934076223007
107;Mount Pleasant;"{""coordinates"": [-123.08817047383835, 49.263710977257155], ""type"": ""Point""}";49.263710977257155, -123.08817047383835
108;Mount Pleasant;"{""coordinates"": [-123.08636796021585, 49.26371939995082], ""type"": ""Point""}";49.26371939995082, -123.08636796021585
107;Mount Pleasant;"{""coordinates"": [-123.07913971300701, 49.25639406515394], ""type"": ""Point""}";49.25639406515394, -123.07913971300701
F;Mount Pleasant;"{""coordinates"": [-123.08645024116932, 49.25732563307175], ""type"": ""Point""}";49.25732563307175, -123.08645024116932
20;Kensington-Cedar Cottage;"{""coordinates"": [-123.08562056207863, 49.24627673404329], ""type"": ""Point""}";49.24627673404329, -123.08562056207863
15;Kensington-Cedar Cottage;"{""coordinates"": [-123.08104211727174, 49.25026626320268], ""type"": ""Point""}";49.25026626320268, -123.08104211727174
39;Kensington-Cedar Cottage;"{""coordinates"": [-123.08105900397346, 49.25224641506994], ""type"": ""Point""}";49.25224641506994, -123.08105900397346
65;Kensington-Cedar Cottage;"{""coordinates"": [-123.08499760272431, 49.25395467364125], ""type"": ""Point""}";49.25395467364125, -123.08499760272431
B;Kensington-Cedar Cottage;"{""coordinates"": [-123.08243947676301, 49.246159150332936], ""type"": ""Point""}";49.246159150332936, -123.08243947676301
28;Kensington-Cedar Cottage;"{""coordinates"": [-123.08179476565375, 49.24749858474598], ""type"": ""Point""}";49.24749858474598, -123.08179476565375
1;Kensington-Cedar Cottage;"{""coordinates"": [-123.07903324175925, 49.23392089557959], ""type"": ""Point""}";49.23392089557959, -123.07903324175925
5;Kensington-Cedar Cottage;"{""coordinates"": [-123.08734132453705, 49.239196922337825], ""type"": ""Point""}";49.239196922337825, -123.08734132453705
4;Kensington-Cedar Cottage;"{""coordinates"": [-123.08202384728826, 49.2414883370415], ""type"": ""Point""}";49.2414883370415, -123.08202384728826
1;Kensington-Cedar Cottage;"{""coordinates"": [-123.07915721689389, 49.24325889954987], ""type"": ""Point""}";49.24325889954987, -123.07915721689389
1;Sunset;"{""coordinates"": [-123.08540325205463, 49.219367837363656], ""type"": ""Point""}";49.219367837363656, -123.08540325205463
27;Sunset;"{""coordinates"": [-123.08222885181087, 49.21907626507331], ""type"": ""Point""}";49.21907626507331, -123.08222885181087
2;Sunset;"{""coordinates"": [-123.08667571422568, 49.22479898932927], ""type"": ""Point""}";49.22479898932927, -123.08667571422568
2;Sunset;"{""coordinates"": [-123.08849860093507, 49.230485275088085], ""type"": ""Point""}";49.230485275088085, -123.08849860093507
B;Sunset;"{""coordinates"": [-123.07928789579537, 49.21177133798152], ""type"": ""Point""}";49.21177133798152, -123.07928789579537
25;Sunset;"{""coordinates"": [-123.08078777941557, 49.21718397417771], ""type"": ""Point""}";49.21718397417771, -123.08078777941557
2;Strathcona;"{""coordinates"": [-123.08016106140674, 49.28245643742455], ""type"": ""Point""}";49.28245643742455, -123.08016106140674
55;Grandview-Woodland;"{""coordinates"": [-123.07238923421073, 49.27083918667656], ""type"": ""Point""}";49.27083918667656, -123.07238923421073
BLK. 154;Grandview-Woodland;"{""coordinates"": [-123.07291150993446, 49.26342317104075], ""type"": ""Point""}";49.26342317104075, -123.07291150993446
1;Grandview-Woodland;"{""coordinates"": [-123.06865896789454, 49.26606825210466], ""type"": ""Point""}";49.26606825210466, -123.06865896789454
BLK. 146;Grandview-Woodland;"{""coordinates"": [-123.0686629693493, 49.266653819279014], ""type"": ""Point""}";49.266653819279014, -123.0686629693493
74;Grandview-Woodland;"{""coordinates"": [-123.07484458686778, 49.26723967870052], ""type"": ""Point""}";49.26723967870052, -123.07484458686778
68;Strathcona;"{""coordinates"": [-123.07807597350062, 49.26894415426459], ""type"": ""Point""}";49.26894415426459, -123.07807597350062
71;Grandview-Woodland;"{""coordinates"": [-123.07438516588019, 49.26808947293193], ""type"": ""Point""}";49.26808947293193, -123.07438516588019
7;Kensington-Cedar Cottage;"{""coordinates"": [-123.0750216364626, 49.25608241174796], ""type"": ""Point""}";49.25608241174796, -123.0750216364626
13;Kensington-Cedar Cottage;"{""coordinates"": [-123.0704758976937, 49.25476124097717], ""type"": ""Point""}";49.25476124097717, -123.0704758976937
E;Kensington-Cedar Cottage;"{""coordinates"": [-123.0697083382027, 49.255645963533404], ""type"": ""Point""}";49.255645963533404, -123.0697083382027
1;Kensington-Cedar Cottage;"{""coordinates"": [-123.07406463712545, 49.24237028190142], ""type"": ""Point""}";49.24237028190142, -123.07406463712545
7;Kensington-Cedar Cottage;"{""coordinates"": [-123.0707793010557, 49.24694959340448], ""type"": ""Point""}";49.24694959340448, -123.0707793010557
B;Kensington-Cedar Cottage;"{""coordinates"": [-123.0718350348623, 49.24940772464052], ""type"": ""Point""}";49.24940772464052, -123.0718350348623
1;Kensington-Cedar Cottage;"{""coordinates"": [-123.07159246184919, 49.25462794697009], ""type"": ""Point""}";49.25462794697009, -123.07159246184919
2;Victoria-Fraserview;"{""coordinates"": [-123.07224101306532, 49.22824059301053], ""type"": ""Point""}";49.22824059301053, -123.07224101306532
19;Victoria-Fraserview;"{""coordinates"": [-123.07510585980687, 49.21404893234415], ""type"": ""Point""}";49.21404893234415, -123.07510585980687
19;Victoria-Fraserview;"{""coordinates"": [-123.0705482428773, 49.212440129879795], ""type"": ""Point""}";49.212440129879795, -123.0705482428773
1;Victoria-Fraserview;"{""coordinates"": [-123.07512028663695, 49.211418225036056], ""type"": ""Point""}";49.211418225036056, -123.07512028663695
16;Victoria-Fraserview;"{""coordinates"": [-123.07107583184118, 49.2140280047161], ""type"": ""Point""}";49.2140280047161, -123.07107583184118
30;Grandview-Woodland;"{""coordinates"": [-123.06657349981933, 49.27511720713015], ""type"": ""Point""}";49.27511720713015, -123.06657349981933
140;Grandview-Woodland;"{""coordinates"": [-123.05751060011991, 49.270817272383546], ""type"": ""Point""}";49.270817272383546, -123.05751060011991
C;Grandview-Woodland;"{""coordinates"": [-123.0573457929949, 49.27271578048801], ""type"": ""Point""}";49.27271578048801, -123.0573457929949
3;Grandview-Woodland;"{""coordinates"": [-123.0590119312754, 49.26693958582393], ""type"": ""Point""}";49.26693958582393, -123.0590119312754
A;Kensington-Cedar Cottage;"{""coordinates"": [-123.05732586894209, 49.250191115554024], ""type"": ""Point""}";49.250191115554024, -123.05732586894209
23;Kensington-Cedar Cottage;"{""coordinates"": [-123.059536279689, 49.2509186738086], ""type"": ""Point""}";49.2509186738086, -123.059536279689
15;Kensington-Cedar Cottage;"{""coordinates"": [-123.06378886164389, 49.25268990227568], ""type"": ""Point""}";49.25268990227568, -123.06378886164389
2;Kensington-Cedar Cottage;"{""coordinates"": [-123.05894646151584, 49.25589665234734], ""type"": ""Point""}";49.25589665234734, -123.05894646151584
2;Kensington-Cedar Cottage;"{""coordinates"": [-123.06438824662207, 49.244293153930975], ""type"": ""Point""}";49.244293153930975, -123.06438824662207
15;Kensington-Cedar Cottage;"{""coordinates"": [-123.06578222103485, 49.243819642016796], ""type"": ""Point""}";49.243819642016796, -123.06578222103485
1;Kensington-Cedar Cottage;"{""coordinates"": [-123.05842969066452, 49.24611742412983], ""type"": ""Point""}";49.24611742412983, -123.05842969066452
9;Kensington-Cedar Cottage;"{""coordinates"": [-123.05834705190826, 49.24727684320977], ""type"": ""Point""}";49.24727684320977, -123.05834705190826
B;Kensington-Cedar Cottage;"{""coordinates"": [-123.0637208056456, 49.24878703778241], ""type"": ""Point""}";49.24878703778241, -123.0637208056456
6;Renfrew-Collingwood;"{""coordinates"": [-123.05708309758079, 49.23656974985668], ""type"": ""Point""}";49.23656974985668, -123.05708309758079
A1;Kensington-Cedar Cottage;"{""coordinates"": [-123.06499677260908, 49.24210570237897], ""type"": ""Point""}";49.24210570237897, -123.06499677260908
54;Victoria-Fraserview;"{""coordinates"": [-123.06412235330778, 49.21596913575563], ""type"": ""Point""}";49.21596913575563, -123.06412235330778
1;Grandview-Woodland;"{""coordinates"": [-123.0576865247063, 49.29041660659904], ""type"": ""Point""}";49.29041660659904, -123.0576865247063
70;Killarney;"{""coordinates"": [-123.05661910137303, 49.205990312922296], ""type"": ""Point""}";49.205990312922296, -123.05661910137303
43;Grandview-Woodland;"{""coordinates"": [-123.05729364336669, 49.28054387422028], ""type"": ""Point""}";49.28054387422028, -123.05729364336669
28;Grandview-Woodland;"{""coordinates"": [-123.06466305039636, 49.283342756126856], ""type"": ""Point""}";49.283342756126856, -123.06466305039636
6;Hastings-Sunrise;"{""coordinates"": [-123.05370680848469, 49.2707619925612], ""type"": ""Point""}";49.2707619925612, -123.05370680848469
21;Hastings-Sunrise;"{""coordinates"": [-123.05257406605872, 49.27262992429341], ""type"": ""Point""}";49.27262992429341, -123.05257406605872
47;Hastings-Sunrise;"{""coordinates"": [-123.04574352744507, 49.26791219764452], ""type"": ""Point""}";49.26791219764452, -123.04574352744507
2;Renfrew-Collingwood;"{""coordinates"": [-123.04827894418597, 49.24913188866838], ""type"": ""Point""}";49.24913188866838, -123.04827894418597
5;Victoria-Fraserview;"{""coordinates"": [-123.05328011658028, 49.22719680270884], ""type"": ""Point""}";49.22719680270884, -123.05328011658028
2;Renfrew-Collingwood;"{""coordinates"": [-123.05322588531834, 49.23914396149017], ""type"": ""Point""}";49.23914396149017, -123.05322588531834
7;Victoria-Fraserview;"{""coordinates"": [-123.05326337951239, 49.2313669850504], ""type"": ""Point""}";49.2313669850504, -123.05326337951239
20;Hastings-Sunrise;"{""coordinates"": [-123.0532262278696, 49.284177891107475], ""type"": ""Point""}";49.284177891107475, -123.0532262278696
66;Killarney;"{""coordinates"": [-123.04984237526689, 49.20643364767922], ""type"": ""Point""}";49.20643364767922, -123.04984237526689
79;Hastings-Sunrise;"{""coordinates"": [-123.03522592122704, 49.267879083505484], ""type"": ""Point""}";49.267879083505484, -123.03522592122704
57;Hastings-Sunrise;"{""coordinates"": [-123.05065628397995, 49.28057440088201], ""type"": ""Point""}";49.28057440088201, -123.05065628397995
B;Renfrew-Collingwood;"{""coordinates"": [-123.03798338045283, 49.25666322085435], ""type"": ""Point""}";49.25666322085435, -123.03798338045283
62;Hastings-Sunrise;"{""coordinates"": [-123.04029009111508, 49.266978520473025], ""type"": ""Point""}";49.266978520473025, -123.04029009111508
70;Hastings-Sunrise;"{""coordinates"": [-123.03779965820509, 49.27172933773971], ""type"": ""Point""}";49.27172933773971, -123.03779965820509
N;Renfrew-Collingwood;"{""coordinates"": [-123.03520643231654, 49.253450253190195], ""type"": ""Point""}";49.253450253190195, -123.03520643231654
C;Renfrew-Collingwood;"{""coordinates"": [-123.04297974271039, 49.25571465182159], ""type"": ""Point""}";49.25571465182159, -123.04297974271039
6;Oakridge;"{""coordinates"": [-123.13193356911182, 49.21985528036269], ""type"": ""Point""}";49.21985528036269, -123.13193356911182
A;Marpole;"{""coordinates"": [-123.12444840079873, 49.212454263943876], ""type"": ""Point""}";49.212454263943876, -123.12444840079873
3;Marpole;"{""coordinates"": [-123.1322311637586, 49.21412530643257], ""type"": ""Point""}";49.21412530643257, -123.1322311637586
23;Marpole;"{""coordinates"": [-123.13098115668426, 49.2047231333966], ""type"": ""Point""}";49.2047231333966, -123.13098115668426
B;Marpole;"{""coordinates"": [-123.12797801325438, 49.210410932443644], ""type"": ""Point""}";49.210410932443644, -123.12797801325438
5;West End;"{""coordinates"": [-123.12464552591089, 49.28355735151522], ""type"": ""Point""}";49.28355735151522, -123.12464552591089
440;Fairview;"{""coordinates"": [-123.1164365622094, 49.25902944419284], ""type"": ""Point""}";49.25902944419284, -123.1164365622094
359;Fairview;"{""coordinates"": [-123.11890282704242, 49.262636278785095], ""type"": ""Point""}";49.262636278785095, -123.11890282704242
17;Mount Pleasant;"{""coordinates"": [-123.11376135080432, 49.26513443183688], ""type"": ""Point""}";49.26513443183688, -123.11376135080432
318;Fairview;"{""coordinates"": [-123.12085571139744, 49.264472737887125], ""type"": ""Point""}";49.264472737887125, -123.12085571139744
338;Fairview;"{""coordinates"": [-123.12076476246828, 49.26368456509948], ""type"": ""Point""}";49.26368456509948, -123.12076476246828
6;Mount Pleasant;"{""coordinates"": [-123.11326264020889, 49.2669663989808], ""type"": ""Point""}";49.2669663989808, -123.11326264020889
0;South Cambie;"{""coordinates"": [-123.11576270569456, 49.25183408089677], ""type"": ""Point""}";49.25183408089677, -123.11576270569456
598;South Cambie;"{""coordinates"": [-123.12152543855557, 49.25197150191688], ""type"": ""Point""}";49.25197150191688, -123.12152543855557
621;Riley Park;"{""coordinates"": [-123.11411604545005, 49.25047208783286], ""type"": ""Point""}";49.25047208783286, -123.11411604545005
478A;Fairview;"{""coordinates"": [-123.121712702653, 49.25748095835431], ""type"": ""Point""}";49.25748095835431, -123.121712702653
700;South Cambie;"{""coordinates"": [-123.11754332003126, 49.24738729991393], ""type"": ""Point""}";49.24738729991393, -123.11754332003126
739;South Cambie;"{""coordinates"": [-123.1197339395816, 49.245605046599124], ""type"": ""Point""}";49.245605046599124, -123.1197339395816
620;South Cambie;"{""coordinates"": [-123.11749677002442, 49.2509431253409], ""type"": ""Point""}";49.2509431253409, -123.11749677002442
600;South Cambie;"{""coordinates"": [-123.11722892480974, 49.25184112094208], ""type"": ""Point""}";49.25184112094208, -123.11722892480974
0;South Cambie;"{""coordinates"": [-123.11569484620507, 49.25363137651919], ""type"": ""Point""}";49.25363137651919, -123.11569484620507
909;Oakridge;"{""coordinates"": [-123.11973588522274, 49.22014716954033], ""type"": ""Point""}";49.22014716954033, -123.11973588522274
893;Oakridge;"{""coordinates"": [-123.12206528383373, 49.22440077220801], ""type"": ""Point""}";49.22440077220801, -123.12206528383373
886;Oakridge;"{""coordinates"": [-123.11968251708132, 49.22384787962156], ""type"": ""Point""}";49.22384787962156, -123.11968251708132
999;Oakridge;"{""coordinates"": [-123.11443344992969, 49.227651611548985], ""type"": ""Point""}";49.227651611548985, -123.11443344992969
B;Oakridge;"{""coordinates"": [-123.11722667859674, 49.22806958217785], ""type"": ""Point""}";49.22806958217785, -123.11722667859674
857;Oakridge;"{""coordinates"": [-123.11457487847355, 49.23276684105488], ""type"": ""Point""}";49.23276684105488, -123.11457487847355
884;Oakridge;"{""coordinates"": [-123.12181053631717, 49.22140023690713], ""type"": ""Point""}";49.22140023690713, -123.12181053631717
2;Marpole;"{""coordinates"": [-123.11555691152294, 49.21107479983818], ""type"": ""Point""}";49.21107479983818, -123.11555691152294
I;Marpole;"{""coordinates"": [-123.12173528911308, 49.21264234112229], ""type"": ""Point""}";49.21264234112229, -123.12173528911308
F;Marpole;"{""coordinates"": [-123.12172423905672, 49.21543960731294], ""type"": ""Point""}";49.21543960731294, -123.12172423905672
N;Marpole;"{""coordinates"": [-123.11884634372669, 49.21356049402686], ""type"": ""Point""}";49.21356049402686, -123.11884634372669
A;Marpole;"{""coordinates"": [-123.1155574207388, 49.21370844831483], ""type"": ""Point""}";49.21370844831483, -123.1155574207388
1004;Marpole;"{""coordinates"": [-123.12056813979767, 49.218230283067555], ""type"": ""Point""}";49.218230283067555, -123.12056813979767
54;Downtown;"{""coordinates"": [-123.11769897188289, 49.281010734134945], ""type"": ""Point""}";49.281010734134945, -123.11769897188289
51;Downtown;"{""coordinates"": [-123.12058855881823, 49.282815470662996], ""type"": ""Point""}";49.282815470662996, -123.12058855881823
44;Downtown;"{""coordinates"": [-123.11574075515253, 49.282030840412254], ""type"": ""Point""}";49.282030840412254, -123.11574075515253
67;Downtown;"{""coordinates"": [-123.11636877956458, 49.277778799297714], ""type"": ""Point""}";49.277778799297714, -123.11636877956458
36;Mount Pleasant;"{""coordinates"": [-123.10395281969862, 49.26496555887593], ""type"": ""Point""}";49.26496555887593, -123.10395281969862
20;Mount Pleasant;"{""coordinates"": [-123.10804590325006, 49.26776123654408], ""type"": ""Point""}";49.26776123654408, -123.10804590325006
4;Mount Pleasant;"{""coordinates"": [-123.11110443688678, 49.26898043268815], ""type"": ""Point""}";49.26898043268815, -123.11110443688678
5;Mount Pleasant;"{""coordinates"": [-123.11004721608414, 49.26967560381779], ""type"": ""Point""}";49.26967560381779, -123.11004721608414
19;Mount Pleasant;"{""coordinates"": [-123.1057586337387, 49.26769696818547], ""type"": ""Point""}";49.26769696818547, -123.1057586337387
18;Mount Pleasant;"{""coordinates"": [-123.10385989060727, 49.26768369553742], ""type"": ""Point""}";49.26768369553742, -123.10385989060727
3;Riley Park;"{""coordinates"": [-123.1021692687181, 49.253087981564605], ""type"": ""Point""}";49.253087981564605, -123.1021692687181
2;Riley Park;"{""coordinates"": [-123.10378219767004, 49.250228428289695], ""type"": ""Point""}";49.250228428289695, -123.10378219767004
Y;Mount Pleasant;"{""coordinates"": [-123.10665754025486, 49.25790264597844], ""type"": ""Point""}";49.25790264597844, -123.10665754025486
524;Riley Park;"{""coordinates"": [-123.10629509077602, 49.255052764496185], ""type"": ""Point""}";49.255052764496185, -123.10629509077602
54;Mount Pleasant;"{""coordinates"": [-123.10432316056036, 49.256956663655046], ""type"": ""Point""}";49.256956663655046, -123.10432316056036
59;Riley Park;"{""coordinates"": [-123.10424290557624, 49.25605093573047], ""type"": ""Point""}";49.25605093573047, -123.10424290557624
1;Riley Park;"{""coordinates"": [-123.10369065788126, 49.254060988552844], ""type"": ""Point""}";49.254060988552844, -123.10369065788126
603;Riley Park;"{""coordinates"": [-123.10884218347532, 49.251350253291214], ""type"": ""Point""}";49.251350253291214, -123.10884218347532
21;Riley Park;"{""coordinates"": [-123.10278437436922, 49.24707783276324], ""type"": ""Point""}";49.24707783276324, -123.10278437436922
15;Riley Park;"{""coordinates"": [-123.10274089511115, 49.24862457433376], ""type"": ""Point""}";49.24862457433376, -123.10274089511115
12;Riley Park;"{""coordinates"": [-123.10368003627407, 49.24819533753648], ""type"": ""Point""}";49.24819533753648, -123.10368003627407
624;Riley Park;"{""coordinates"": [-123.10637067262932, 49.25032625392078], ""type"": ""Point""}";49.25032625392078, -123.10637067262932
5;Riley Park;"{""coordinates"": [-123.10242280036624, 49.24302993838822], ""type"": ""Point""}";49.24302993838822, -123.10242280036624
62;Riley Park;"{""coordinates"": [-123.10078293369077, 49.24545824130813], ""type"": ""Point""}";49.24545824130813, -123.10078293369077
3;Riley Park;"{""coordinates"": [-123.10358263538554, 49.246995470095285], ""type"": ""Point""}";49.246995470095285, -123.10358263538554
2;Riley Park;"{""coordinates"": [-123.10359507987773, 49.247532105449615], ""type"": ""Point""}";49.247532105449615, -123.10359507987773
7;Riley Park;"{""coordinates"": [-123.1015472994399, 49.246512694862496], ""type"": ""Point""}";49.246512694862496, -123.1015472994399
1;Sunset;"{""coordinates"": [-123.10469544797478, 49.23073880063407], ""type"": ""Point""}";49.23073880063407, -123.10469544797478
983;Riley Park;"{""coordinates"": [-123.10942691427795, 49.235234120562396], ""type"": ""Point""}";49.235234120562396, -123.10942691427795
E;Riley Park;"{""coordinates"": [-123.10468011847384, 49.23488595949001], ""type"": ""Point""}";49.23488595949001, -123.10468011847384
D;Sunset;"{""coordinates"": [-123.10306502094589, 49.21880852236447], ""type"": ""Point""}";49.21880852236447, -123.10306502094589
3;Sunset;"{""coordinates"": [-123.10290446113082, 49.220493714323716], ""type"": ""Point""}";49.220493714323716, -123.10290446113082
1083;Oakridge;"{""coordinates"": [-123.10975463622685, 49.22989150091359], ""type"": ""Point""}";49.22989150091359, -123.10975463622685
A;Sunset;"{""coordinates"": [-123.10394018590226, 49.23137301859168], ""type"": ""Point""}";49.23137301859168, -123.10394018590226
2;Sunset;"{""coordinates"": [-123.10267483587126, 49.227181306769246], ""type"": ""Point""}";49.227181306769246, -123.10267483587126
5;Marpole;"{""coordinates"": [-123.10729798987926, 49.21298142912212], ""type"": ""Point""}";49.21298142912212, -123.10729798987926
6;Sunset;"{""coordinates"": [-123.10422806625655, 49.21208706819232], ""type"": ""Point""}";49.21208706819232, -123.10422806625655
1;Marpole;"{""coordinates"": [-123.10719438161087, 49.2162973933922], ""type"": ""Point""}";49.2162973933922, -123.10719438161087
C;Marpole;"{""coordinates"": [-123.10894232597258, 49.21457605815975], ""type"": ""Point""}";49.21457605815975, -123.10894232597258
B;Marpole;"{""coordinates"": [-123.10891684281138, 49.21544548520482], ""type"": ""Point""}";49.21544548520482, -123.10891684281138
105;Mount Pleasant;"{""coordinates"": [-123.09410350525897, 49.263777161591754], ""type"": ""Point""}";49.263777161591754, -123.09410350525897
A2;Strathcona;"{""coordinates"": [-123.09926213274305, 49.271413232420755], ""type"": ""Point""}";49.271413232420755, -123.09926213274305
15;Mount Pleasant;"{""coordinates"": [-123.10029059225094, 49.26849396098487], ""type"": ""Point""}";49.26849396098487, -123.10029059225094
49;Downtown;"{""coordinates"": [-123.11111984965338, 49.27920874023196], ""type"": ""Point""}";49.27920874023196, -123.11111984965338
124;Mount Pleasant;"{""coordinates"": [-123.09412540614547, 49.26188680106322], ""type"": ""Point""}";49.26188680106322, -123.09412540614547
A;Mount Pleasant;"{""coordinates"": [-123.09208921332713, 49.261865720027366], ""type"": ""Point""}";49.261865720027366, -123.09208921332713
C;Mount Pleasant;"{""coordinates"": [-123.0901717276805, 49.26094552036109], ""type"": ""Point""}";49.26094552036109, -123.0901717276805
111;Mount Pleasant;"{""coordinates"": [-123.099802016207, 49.2587058371411], ""type"": ""Point""}";49.2587058371411, -123.099802016207
117;Mount Pleasant;"{""coordinates"": [-123.09700847465002, 49.261368325271654], ""type"": ""Point""}";49.261368325271654, -123.09700847465002
131;Mount Pleasant;"{""coordinates"": [-123.0960041492988, 49.25873448480371], ""type"": ""Point""}";49.25873448480371, -123.0960041492988
120;Mount Pleasant;"{""coordinates"": [-123.09214935422563, 49.26286036210764], ""type"": ""Point""}";49.26286036210764, -123.09214935422563
140;Riley Park;"{""coordinates"": [-123.091555628018, 49.24702942866277], ""type"": ""Point""}";49.24702942866277, -123.091555628018
168;Riley Park;"{""coordinates"": [-123.09314175707958, 49.246026064948595], ""type"": ""Point""}";49.246026064948595, -123.09314175707958
9;Riley Park;"{""coordinates"": [-123.09605650667083, 49.24632408306575], ""type"": ""Point""}";49.24632408306575, -123.09605650667083
92;Riley Park;"{""coordinates"": [-123.09119972137115, 49.2558919221689], ""type"": ""Point""}";49.2558919221689, -123.09119972137115
71;Riley Park;"{""coordinates"": [-123.09767554969721, 49.25413053726412], ""type"": ""Point""}";49.25413053726412, -123.09767554969721
208;Riley Park;"{""coordinates"": [-123.09313888259311, 49.24300757212853], ""type"": ""Point""}";49.24300757212853, -123.09313888259311
3;Riley Park;"{""coordinates"": [-123.09609502286895, 49.24383363939062], ""type"": ""Point""}";49.24383363939062, -123.09609502286895
67;Riley Park;"{""coordinates"": [-123.0983991344158, 49.24530156633508], ""type"": ""Point""}";49.24530156633508, -123.0983991344158
D;Riley Park;"{""coordinates"": [-123.09753593889427, 49.24132779765625], ""type"": ""Point""}";49.24132779765625, -123.09753593889427
3;Riley Park;"{""coordinates"": [-123.09543428179973, 49.24220165938594], ""type"": ""Point""}";49.24220165938594, -123.09543428179973
1;Riley Park;"{""coordinates"": [-123.09636238820674, 49.24222471736176], ""type"": ""Point""}";49.24222471736176, -123.09636238820674
10;Riley Park;"{""coordinates"": [-123.09215306488336, 49.24391761023513], ""type"": ""Point""}";49.24391761023513, -123.09215306488336
9;Sunset;"{""coordinates"": [-123.09382889143905, 49.22595719005081], ""type"": ""Point""}";49.22595719005081, -123.09382889143905
2;Sunset;"{""coordinates"": [-123.09376140928246, 49.22387796211696], ""type"": ""Point""}";49.22387796211696, -123.09376140928246
6;Sunset;"{""coordinates"": [-123.0982856400729, 49.22498526971543], ""type"": ""Point""}";49.22498526971543, -123.0982856400729
1;Sunset;"{""coordinates"": [-123.08994526057049, 49.22816410056615], ""type"": ""Point""}";49.22816410056615, -123.08994526057049
B;Riley Park;"{""coordinates"": [-123.09982813825906, 49.23394388176634], ""type"": ""Point""}";49.23394388176634, -123.09982813825906
13;Sunset;"{""coordinates"": [-123.09620995209474, 49.225996636702654], ""type"": ""Point""}";49.225996636702654, -123.09620995209474
8;Sunset;"{""coordinates"": [-123.09990875389391, 49.20949270380756], ""type"": ""Point""}";49.20949270380756, -123.09990875389391
11;Sunset;"{""coordinates"": [-123.09717651775247, 49.20945678677905], ""type"": ""Point""}";49.20945678677905, -123.09717651775247
9;Sunset;"{""coordinates"": [-123.0931485095497, 49.21344517040383], ""type"": ""Point""}";49.21344517040383, -123.0931485095497
70;Strathcona;"{""coordinates"": [-123.09453769008955, 49.280605992962414], ""type"": ""Point""}";49.280605992962414, -123.09453769008955
71;Strathcona;"{""coordinates"": [-123.09644726460597, 49.280590238472975], ""type"": ""Point""}";49.280590238472975, -123.09644726460597
39;Strathcona;"{""coordinates"": [-123.09653426079751, 49.284374967107894], ""type"": ""Point""}";49.284374967107894, -123.09653426079751
42;Strathcona;"{""coordinates"": [-123.09266316719774, 49.28336933646518], ""type"": ""Point""}";49.28336933646518, -123.09266316719774
52;Strathcona;"{""coordinates"": [-123.09077672952918, 49.28242294924545], ""type"": ""Point""}";49.28242294924545, -123.09077672952918
20;Sunset;"{""coordinates"": [-123.09384935037617, 49.20650251549428], ""type"": ""Point""}";49.20650251549428, -123.09384935037617
23;Sunset;"{""coordinates"": [-123.0963497449178, 49.20631788833003], ""type"": ""Point""}";49.20631788833003, -123.0963497449178
123;Strathcona;"{""coordinates"": [-123.09171756047404, 49.2797821845234], ""type"": ""Point""}";49.2797821845234, -123.09171756047404
117;Mount Pleasant;"{""coordinates"": [-123.08603348611824, 49.26280345180416], ""type"": ""Point""}";49.26280345180416, -123.08603348611824
118;Mount Pleasant;"{""coordinates"": [-123.08831385434607, 49.262807794064386], ""type"": ""Point""}";49.262807794064386, -123.08831385434607
8;Downtown;"{""coordinates"": [-123.10009997662205, 49.27920117254586], ""type"": ""Point""}";49.27920117254586, -123.10009997662205
174;Mount Pleasant;"{""coordinates"": [-123.0864258190122, 49.25837183973311], ""type"": ""Point""}";49.25837183973311, -123.0864258190122
D;Mount Pleasant;"{""coordinates"": [-123.08236635179, 49.257440472153014], ""type"": ""Point""}";49.257440472153014, -123.08236635179
105;Mount Pleasant;"{""coordinates"": [-123.08299203590879, 49.256520668411845], ""type"": ""Point""}";49.256520668411845, -123.08299203590879
104;Mount Pleasant;"{""coordinates"": [-123.08467437516715, 49.256539623976494], ""type"": ""Point""}";49.256539623976494, -123.08467437516715
91;Kensington-Cedar Cottage;"{""coordinates"": [-123.08910140608194, 49.255874579536155], ""type"": ""Point""}";49.255874579536155, -123.08910140608194
BLK.;Mount Pleasant;"{""coordinates"": [-123.08812613659879, 49.26111155813231], ""type"": ""Point""}";49.26111155813231, -123.08812613659879
157;Mount Pleasant;"{""coordinates"": [-123.08702025369941, 49.26110857337469], ""type"": ""Point""}";49.26110857337469, -123.08702025369941
11;Kensington-Cedar Cottage;"{""coordinates"": [-123.07910940382716, 49.249321170004045], ""type"": ""Point""}";49.249321170004045, -123.07910940382716
G;Kensington-Cedar Cottage;"{""coordinates"": [-123.08694406500041, 49.24876627303197], ""type"": ""Point""}";49.24876627303197, -123.08694406500041
31;Kensington-Cedar Cottage;"{""coordinates"": [-123.08653537516183, 49.25125494736596], ""type"": ""Point""}";49.25125494736596, -123.08653537516183
41;Kensington-Cedar Cottage;"{""coordinates"": [-123.08452419020576, 49.252101960309126], ""type"": ""Point""}";49.252101960309126, -123.08452419020576
4;Kensington-Cedar Cottage;"{""coordinates"": [-123.08696641317977, 49.241181051799266], ""type"": ""Point""}";49.241181051799266, -123.08696641317977
6;Kensington-Cedar Cottage;"{""coordinates"": [-123.08856986352635, 49.24942408246164], ""type"": ""Point""}";49.24942408246164, -123.08856986352635
1;Kensington-Cedar Cottage;"{""coordinates"": [-123.08106225623956, 49.24802222761955], ""type"": ""Point""}";49.24802222761955, -123.08106225623956
A;Kensington-Cedar Cottage;"{""coordinates"": [-123.08340963245156, 49.248086392823886], ""type"": ""Point""}";49.248086392823886, -123.08340963245156
5;Kensington-Cedar Cottage;"{""coordinates"": [-123.08638147866218, 49.235039789152836], ""type"": ""Point""}";49.235039789152836, -123.08638147866218
19;Kensington-Cedar Cottage;"{""coordinates"": [-123.08434534261804, 49.23428079925969], ""type"": ""Point""}";49.23428079925969, -123.08434534261804
10;Kensington-Cedar Cottage;"{""coordinates"": [-123.08657065482657, 49.23338590658828], ""type"": ""Point""}";49.23338590658828, -123.08657065482657
10;Kensington-Cedar Cottage;"{""coordinates"": [-123.08520524030847, 49.237328001355095], ""type"": ""Point""}";49.237328001355095, -123.08520524030847
5;Kensington-Cedar Cottage;"{""coordinates"": [-123.07964198464569, 49.237159981476964], ""type"": ""Point""}";49.237159981476964, -123.07964198464569
15;Kensington-Cedar Cottage;"{""coordinates"": [-123.08216383082859, 49.239063219387305], ""type"": ""Point""}";49.239063219387305, -123.08216383082859
6;Sunset;"{""coordinates"": [-123.08904055257946, 49.22221881406611], ""type"": ""Point""}";49.22221881406611, -123.08904055257946
3;Sunset;"{""coordinates"": [-123.08674486803744, 49.220132776242146], ""type"": ""Point""}";49.220132776242146, -123.08674486803744
6;Sunset;"{""coordinates"": [-123.08335563348744, 49.22638054247691], ""type"": ""Point""}";49.22638054247691, -123.08335563348744
4;Sunset;"{""coordinates"": [-123.08618110840156, 49.2263024051617], ""type"": ""Point""}";49.2263024051617, -123.08618110840156
4;Sunset;"{""coordinates"": [-123.07940227618006, 49.2226114055003], ""type"": ""Point""}";49.2226114055003, -123.07940227618006
3;Sunset;"{""coordinates"": [-123.0804742669954, 49.22993575855237], ""type"": ""Point""}";49.22993575855237, -123.0804742669954
14;Kensington-Cedar Cottage;"{""coordinates"": [-123.08434235863125, 49.233334959709765], ""type"": ""Point""}";49.233334959709765, -123.08434235863125
R;Sunset;"{""coordinates"": [-123.08133260506962, 49.20825683325113], ""type"": ""Point""}";49.20825683325113, -123.08133260506962
14;Sunset;"{""coordinates"": [-123.0789007603688, 49.212670187104145], ""type"": ""Point""}";49.212670187104145, -123.0789007603688
4;Sunset;"{""coordinates"": [-123.08477179843328, 49.21320981052036], ""type"": ""Point""}";49.21320981052036, -123.08477179843328
Y;Sunset;"{""coordinates"": [-123.0867829943946, 49.209476118455], ""type"": ""Point""}";49.209476118455, -123.0867829943946
A;Sunset;"{""coordinates"": [-123.08234504720352, 49.21603015657732], ""type"": ""Point""}";49.21603015657732, -123.08234504720352
3;Sunset;"{""coordinates"": [-123.08414778201814, 49.21678527939545], ""type"": ""Point""}";49.21678527939545, -123.08414778201814
7;Sunset;"{""coordinates"": [-123.08554573109893, 49.21560776896879], ""type"": ""Point""}";49.21560776896879, -123.08554573109893
26;Strathcona;"{""coordinates"": [-123.07775917295976, 49.276215900307584], ""type"": ""Point""}";49.276215900307584, -123.07775917295976
34;Strathcona;"{""coordinates"": [-123.07821864583609, 49.2746837009481], ""type"": ""Point""}";49.2746837009481, -123.07821864583609
20;Strathcona;"{""coordinates"": [-123.08039719930291, 49.278648965124795], ""type"": ""Point""}";49.278648965124795, -123.08039719930291
120;Strathcona;"{""coordinates"": [-123.08414516966168, 49.27946886990335], ""type"": ""Point""}";49.27946886990335, -123.08414516966168
95;Strathcona;"{""coordinates"": [-123.08257037405573, 49.27767606089516], ""type"": ""Point""}";49.27767606089516, -123.08257037405573
99;Strathcona;"{""coordinates"": [-123.08632546290889, 49.27683770893052], ""type"": ""Point""}";49.27683770893052, -123.08632546290889
83;Strathcona;"{""coordinates"": [-123.08859041573608, 49.278735633357144], ""type"": ""Point""}";49.278735633357144, -123.08859041573608
44;Strathcona;"{""coordinates"": [-123.0881078529489, 49.28328547552993], ""type"": ""Point""}";49.28328547552993, -123.0881078529489
62;Strathcona;"{""coordinates"": [-123.08373701163057, 49.281390896405775], ""type"": ""Point""}";49.281390896405775, -123.08373701163057
L;Strathcona;"{""coordinates"": [-123.08024726519945, 49.28152798545162], ""type"": ""Point""}";49.28152798545162, -123.08024726519945
BLK. I;Grandview-Woodland;"{""coordinates"": [-123.07680013117215, 49.27452448417618], ""type"": ""Point""}";49.27452448417618, -123.07680013117215
H;Strathcona;"{""coordinates"": [-123.07803984368239, 49.275145814664505], ""type"": ""Point""}";49.275145814664505, -123.07803984368239
178;Grandview-Woodland;"{""coordinates"": [-123.07140631560648, 49.275139157323444], ""type"": ""Point""}";49.275139157323444, -123.07140631560648
42;Strathcona;"{""coordinates"": [-123.07784403228945, 49.272192205470525], ""type"": ""Point""}";49.272192205470525, -123.07784403228945
40;Grandview-Woodland;"{""coordinates"": [-123.07521385800244, 49.27251704576908], ""type"": ""Point""}";49.27251704576908, -123.07521385800244
42;Grandview-Woodland;"{""coordinates"": [-123.07244445976076, 49.273368150146055], ""type"": ""Point""}";49.273368150146055, -123.07244445976076
25;Grandview-Woodland;"{""coordinates"": [-123.07398370282877, 49.27629746502086], ""type"": ""Point""}";49.27629746502086, -123.07398370282877
32;Grandview-Woodland;"{""coordinates"": [-123.07533707920066, 49.27433543300011], ""type"": ""Point""}";49.27433543300011, -123.07533707920066
B;Kensington-Cedar Cottage;"{""coordinates"": [-123.07480023532479, 49.261732915825625], ""type"": ""Point""}";49.261732915825625, -123.07480023532479
A;Kensington-Cedar Cottage;"{""coordinates"": [-123.07596917119245, 49.26173304367017], ""type"": ""Point""}";49.26173304367017, -123.07596917119245
2;Grandview-Woodland;"{""coordinates"": [-123.07110993111272, 49.26268962844874], ""type"": ""Point""}";49.26268962844874, -123.07110993111272
A;Grandview-Woodland;"{""coordinates"": [-123.06841206024482, 49.2715952451694], ""type"": ""Point""}";49.2715952451694, -123.06841206024482
58;Strathcona;"{""coordinates"": [-123.07789358484784, 49.27093149584967], ""type"": ""Point""}";49.27093149584967, -123.07789358484784
13;Kensington-Cedar Cottage;"{""coordinates"": [-123.0723984185093, 49.25482162452591], ""type"": ""Point""}";49.25482162452591, -123.0723984185093
7;Kensington-Cedar Cottage;"{""coordinates"": [-123.0713244123776, 49.25611890816443], ""type"": ""Point""}";49.25611890816443, -123.0713244123776
B;Kensington-Cedar Cottage;"{""coordinates"": [-123.07482334647405, 49.258846832700414], ""type"": ""Point""}";49.258846832700414, -123.07482334647405
D;Kensington-Cedar Cottage;"{""coordinates"": [-123.0749389411394, 49.26020824596743], ""type"": ""Point""}";49.26020824596743, -123.0749389411394
7;Kensington-Cedar Cottage;"{""coordinates"": [-123.07553744111976, 49.241036449746915], ""type"": ""Point""}";49.241036449746915, -123.07553744111976
6;Kensington-Cedar Cottage;"{""coordinates"": [-123.0729461141537, 49.24912409257846], ""type"": ""Point""}";49.24912409257846, -123.0729461141537
29;Kensington-Cedar Cottage;"{""coordinates"": [-123.07822806774207, 49.24785343401389], ""type"": ""Point""}";49.24785343401389, -123.07822806774207
12;Kensington-Cedar Cottage;"{""coordinates"": [-123.07724387265756, 49.249301122653506], ""type"": ""Point""}";49.249301122653506, -123.07724387265756
18;Kensington-Cedar Cottage;"{""coordinates"": [-123.07824118741894, 49.24620853922049], ""type"": ""Point""}";49.24620853922049, -123.07824118741894
3;Kensington-Cedar Cottage;"{""coordinates"": [-123.07205457817544, 49.23556092152355], ""type"": ""Point""}";49.23556092152355, -123.07205457817544
B;Kensington-Cedar Cottage;"{""coordinates"": [-123.0693282893251, 49.23871590030574], ""type"": ""Point""}";49.23871590030574, -123.0693282893251
1;Kensington-Cedar Cottage;"{""coordinates"": [-123.07058116440886, 49.239580600959414], ""type"": ""Point""}";49.239580600959414, -123.07058116440886
BLK 5;Kensington-Cedar Cottage;"{""coordinates"": [-123.07323203998419, 49.24492329185667], ""type"": ""Point""}";49.24492329185667, -123.07323203998419
3;Kensington-Cedar Cottage;"{""coordinates"": [-123.07721411536501, 49.241805756571964], ""type"": ""Point""}";49.241805756571964, -123.07721411536501
15;Victoria-Fraserview;"{""coordinates"": [-123.07017108678245, 49.22718716558294], ""type"": ""Point""}";49.22718716558294, -123.07017108678245
3;Victoria-Fraserview;"{""coordinates"": [-123.06932793270109, 49.22879279793962], ""type"": ""Point""}";49.22879279793962, -123.06932793270109
2;Victoria-Fraserview;"{""coordinates"": [-123.07213731245945, 49.231578231167994], ""type"": ""Point""}";49.231578231167994, -123.07213731245945
2;Victoria-Fraserview;"{""coordinates"": [-123.07490588669965, 49.23163277944745], ""type"": ""Point""}";49.23163277944745, -123.07490588669965
2;Sunset;"{""coordinates"": [-123.07766652271404, 49.231719136901006], ""type"": ""Point""}";49.231719136901006, -123.07766652271404
4;Victoria-Fraserview;"{""coordinates"": [-123.07141742147533, 49.21840741541514], ""type"": ""Point""}";49.21840741541514, -123.07141742147533
6;Sunset;"{""coordinates"": [-123.07780529049036, 49.22081728806453], ""type"": ""Point""}";49.22081728806453, -123.07780529049036
B;Victoria-Fraserview;"{""coordinates"": [-123.07061217413059, 49.22109807289046], ""type"": ""Point""}";49.22109807289046, -123.07061217413059
A;Victoria-Fraserview;"{""coordinates"": [-123.06759489586315, 49.226436257063], ""type"": ""Point""}";49.226436257063, -123.06759489586315
27;Victoria-Fraserview;"{""coordinates"": [-123.06962151342904, 49.22606267650924], ""type"": ""Point""}";49.22606267650924, -123.06962151342904
8;Victoria-Fraserview;"{""coordinates"": [-123.07665622121029, 49.22260504774375], ""type"": ""Point""}";49.22260504774375, -123.07665622121029
2;Victoria-Fraserview;"{""coordinates"": [-123.07409095624799, 49.22265705909704], ""type"": ""Point""}";49.22265705909704, -123.07409095624799
1;Victoria-Fraserview;"{""coordinates"": [-123.07237436665284, 49.226389752464385], ""type"": ""Point""}";49.226389752464385, -123.07237436665284
3;Victoria-Fraserview;"{""coordinates"": [-123.06765056374437, 49.22291715965181], ""type"": ""Point""}";49.22291715965181, -123.06765056374437
1;Victoria-Fraserview;"{""coordinates"": [-123.06749013604423, 49.22460497247062], ""type"": ""Point""}";49.22460497247062, -123.06749013604423
17;Victoria-Fraserview;"{""coordinates"": [-123.07066782071448, 49.21313334133249], ""type"": ""Point""}";49.21313334133249, -123.07066782071448
6;Victoria-Fraserview;"{""coordinates"": [-123.07325282615574, 49.21137456493615], ""type"": ""Point""}";49.21137456493615, -123.07325282615574
C;Sunset;"{""coordinates"": [-123.07769198028149, 49.21234446862065], ""type"": ""Point""}";49.21234446862065, -123.07769198028149
C;Victoria-Fraserview;"{""coordinates"": [-123.0728170849673, 49.21003660252398], ""type"": ""Point""}";49.21003660252398, -123.0728170849673
3;Victoria-Fraserview;"{""coordinates"": [-123.0732015049948, 49.21402621842839], ""type"": ""Point""}";49.21402621842839, -123.0732015049948
B;Victoria-Fraserview;"{""coordinates"": [-123.07299284363214, 49.21571862370222], ""type"": ""Point""}";49.21571862370222, -123.07299284363214
4;Grandview-Woodland;"{""coordinates"": [-123.06235226958675, 49.2742413979649], ""type"": ""Point""}";49.2742413979649, -123.06235226958675
35;Grandview-Woodland;"{""coordinates"": [-123.05739617229914, 49.27515318162293], ""type"": ""Point""}";49.27515318162293, -123.05739617229914
20;Grandview-Woodland;"{""coordinates"": [-123.06475905224572, 49.276033219593565], ""type"": ""Point""}";49.276033219593565, -123.06475905224572
BLK. B;Grandview-Woodland;"{""coordinates"": [-123.0757364997361, 49.2827202102407], ""type"": ""Point""}";49.2827202102407, -123.0757364997361
17;Grandview-Woodland;"{""coordinates"": [-123.07142480650657, 49.283431802523104], ""type"": ""Point""}";49.283431802523104, -123.07142480650657
1;Grandview-Woodland;"{""coordinates"": [-123.06069383671188, 49.27155681202422], ""type"": ""Point""}";49.27155681202422, -123.06069383671188
BLK.   135;Grandview-Woodland;"{""coordinates"": [-123.06042509940603, 49.27344720221054], ""type"": ""Point""}";49.27344720221054, -123.06042509940603
3;Kensington-Cedar Cottage;"{""coordinates"": [-123.05735551564453, 49.25985218964365], ""type"": ""Point""}";49.25985218964365, -123.05735551564453
A;Kensington-Cedar Cottage;"{""coordinates"": [-123.06111920229957, 49.25872360977094], ""type"": ""Point""}";49.25872360977094, -123.06111920229957
BLK.    151;Grandview-Woodland;"{""coordinates"": [-123.06096760640864, 49.26349249958092], ""type"": ""Point""}";49.26349249958092, -123.06096760640864
BLK.;Grandview-Woodland;"{""coordinates"": [-123.06511317537792, 49.26352013776998], ""type"": ""Point""}";49.26352013776998, -123.06511317537792
D;Grandview-Woodland;"{""coordinates"": [-123.06671699370212, 49.265581508049394], ""type"": ""Point""}";49.265581508049394, -123.06671699370212
2;Grandview-Woodland;"{""coordinates"": [-123.06100194004395, 49.26718282594273], ""type"": ""Point""}";49.26718282594273, -123.06100194004395
A;Kensington-Cedar Cottage;"{""coordinates"": [-123.06358550502428, 49.24966605395063], ""type"": ""Point""}";49.24966605395063, -123.06358550502428
16;Kensington-Cedar Cottage;"{""coordinates"": [-123.0633912156085, 49.25257813962555], ""type"": ""Point""}";49.25257813962555, -123.0633912156085
A;Kensington-Cedar Cottage;"{""coordinates"": [-123.06675878745196, 49.25234159346433], ""type"": ""Point""}";49.25234159346433, -123.06675878745196
1;Kensington-Cedar Cottage;"{""coordinates"": [-123.0635699834032, 49.25530998855396], ""type"": ""Point""}";49.25530998855396, -123.0635699834032
4;Kensington-Cedar Cottage;"{""coordinates"": [-123.05831541859945, 49.24821875862734], ""type"": ""Point""}";49.24821875862734, -123.05831541859945
7;Kensington-Cedar Cottage;"{""coordinates"": [-123.057287914459, 49.24727972101125], ""type"": ""Point""}";49.24727972101125, -123.057287914459
A;Victoria-Fraserview;"{""coordinates"": [-123.05661847493438, 49.228800247985085], ""type"": ""Point""}";49.228800247985085, -123.05661847493438
16;Kensington-Cedar Cottage;"{""coordinates"": [-123.063719362194, 49.23368741361198], ""type"": ""Point""}";49.23368741361198, -123.063719362194
2;Kensington-Cedar Cottage;"{""coordinates"": [-123.06044260133024, 49.237827312443464], ""type"": ""Point""}";49.237827312443464, -123.06044260133024
1;Kensington-Cedar Cottage;"{""coordinates"": [-123.06361413341783, 49.23706094173774], ""type"": ""Point""}";49.23706094173774, -123.06361413341783
8;Kensington-Cedar Cottage;"{""coordinates"": [-123.06362771868596, 49.23668595841634], ""type"": ""Point""}";49.23668595841634, -123.06362771868596
52;Victoria-Fraserview;"{""coordinates"": [-123.06083119412646, 49.21746684854124], ""type"": ""Point""}";49.21746684854124, -123.06083119412646
64;Victoria-Fraserview;"{""coordinates"": [-123.05743868988674, 49.21931287755184], ""type"": ""Point""}";49.21931287755184, -123.05743868988674
6;Victoria-Fraserview;"{""coordinates"": [-123.06099201458105, 49.22725904056432], ""type"": ""Point""}";49.22725904056432, -123.06099201458105
18;Grandview-Woodland;"{""coordinates"": [-123.06368190518401, 49.28531302781245], ""type"": ""Point""}";49.28531302781245, -123.06368190518401
12;Grandview-Woodland;"{""coordinates"": [-123.05713999054014, 49.28693068495043], ""type"": ""Point""}";49.28693068495043, -123.05713999054014
40;Victoria-Fraserview;"{""coordinates"": [-123.06216202522178, 49.20598885713357], ""type"": ""Point""}";49.20598885713357, -123.06216202522178
33;Victoria-Fraserview;"{""coordinates"": [-123.05652281663913, 49.21103162676292], ""type"": ""Point""}";49.21103162676292, -123.05652281663913
35;Victoria-Fraserview;"{""coordinates"": [-123.05655132489024, 49.213358899883126], ""type"": ""Point""}";49.213358899883126, -123.05655132489024
28;Victoria-Fraserview;"{""coordinates"": [-123.06306316648322, 49.20976170462941], ""type"": ""Point""}";49.20976170462941, -123.06306316648322
BLK E;Grandview-Woodland;"{""coordinates"": [-123.06691038342666, 49.27983826921704], ""type"": ""Point""}";49.27983826921704, -123.06691038342666
5;Grandview-Woodland;"{""coordinates"": [-123.05732680137166, 49.27855827086502], ""type"": ""Point""}";49.27855827086502, -123.05732680137166
37;Grandview-Woodland;"{""coordinates"": [-123.06458759053157, 49.28243788378732], ""type"": ""Point""}";49.28243788378732, -123.06458759053157
30;Grandview-Woodland;"{""coordinates"": [-123.06097761700873, 49.28332612171068], ""type"": ""Point""}";49.28332612171068, -123.06097761700873
24;Hastings-Sunrise;"{""coordinates"": [-123.05277247499004, 49.269855995386074], ""type"": ""Point""}";49.269855995386074, -123.05277247499004
38;Hastings-Sunrise;"{""coordinates"": [-123.04813828796917, 49.27169053771559], ""type"": ""Point""}";49.27169053771559, -123.04813828796917
2;Hastings-Sunrise;"{""coordinates"": [-123.05368002226218, 49.272629856550495], ""type"": ""Point""}";49.272629856550495, -123.05368002226218
3;Hastings-Sunrise;"{""coordinates"": [-123.0481961239934, 49.27524946902601], ""type"": ""Point""}";49.27524946902601, -123.0481961239934
9;Hastings-Sunrise;"{""coordinates"": [-123.05530033171577, 49.273593088896696], ""type"": ""Point""}";49.273593088896696, -123.05530033171577
22;Hastings-Sunrise;"{""coordinates"": [-123.05097059501982, 49.26240248183054], ""type"": ""Point""}";49.26240248183054, -123.05097059501982
27;Hastings-Sunrise;"{""coordinates"": [-123.04586891869666, 49.26236843209267], ""type"": ""Point""}";49.26236843209267, -123.04586891869666
3;Renfrew-Collingwood;"{""coordinates"": [-123.04574489812734, 49.260533018165916], ""type"": ""Point""}";49.260533018165916, -123.04574489812734
7;Renfrew-Collingwood;"{""coordinates"": [-123.04608872808183, 49.25883807596517], ""type"": ""Point""}";49.25883807596517, -123.04608872808183
15;Hastings-Sunrise;"{""coordinates"": [-123.04841186836033, 49.26327927452096], ""type"": ""Point""}";49.26327927452096, -123.04841186836033
13;Hastings-Sunrise;"{""coordinates"": [-123.05545376643457, 49.265093725131294], ""type"": ""Point""}";49.265093725131294, -123.05545376643457
45;Hastings-Sunrise;"{""coordinates"": [-123.04606673426143, 49.2660387021344], ""type"": ""Point""}";49.2660387021344, -123.04606673426143
44;Hastings-Sunrise;"{""coordinates"": [-123.04835800970474, 49.266070499418106], ""type"": ""Point""}";49.266070499418106, -123.04835800970474
J;Renfrew-Collingwood;"{""coordinates"": [-123.04578215867416, 49.25179746152055], ""type"": ""Point""}";49.25179746152055, -123.04578215867416
3;Renfrew-Collingwood;"{""coordinates"": [-123.05357475228878, 49.2467337020484], ""type"": ""Point""}";49.2467337020484, -123.05357475228878
5;Renfrew-Collingwood;"{""coordinates"": [-123.05383137007551, 49.23659397886595], ""type"": ""Point""}";49.23659397886595, -123.05383137007551
A;Renfrew-Collingwood;"{""coordinates"": [-123.04637826230923, 49.243543120603384], ""type"": ""Point""}";49.243543120603384, -123.04637826230923
A;Renfrew-Collingwood;"{""coordinates"": [-123.04801828179497, 49.24414120042019], ""type"": ""Point""}";49.24414120042019, -123.04801828179497
8;Renfrew-Collingwood;"{""coordinates"": [-123.05384183097661, 49.2424389383147], ""type"": ""Point""}";49.2424389383147, -123.05384183097661
6;Renfrew-Collingwood;"{""coordinates"": [-123.05554956297125, 49.24401224217091], ""type"": ""Point""}";49.24401224217091, -123.05554956297125
2;Renfrew-Collingwood;"{""coordinates"": [-123.04562862060331, 49.249107086529534], ""type"": ""Point""}";49.249107086529534, -123.04562862060331
4;Renfrew-Collingwood;"{""coordinates"": [-123.05109054787027, 49.24571151181752], ""type"": ""Point""}";49.24571151181752, -123.05109054787027
C;Renfrew-Collingwood;"{""coordinates"": [-123.04995870018804, 49.23549411555572], ""type"": ""Point""}";49.23549411555572, -123.04995870018804
4;Renfrew-Collingwood;"{""coordinates"": [-123.05050076272373, 49.235636445553666], ""type"": ""Point""}";49.235636445553666, -123.05050076272373
C;Renfrew-Collingwood;"{""coordinates"": [-123.05452917726605, 49.23449985465491], ""type"": ""Point""}";49.23449985465491, -123.05452917726605
8;Killarney;"{""coordinates"": [-123.04739304781188, 49.23180442709987], ""type"": ""Point""}";49.23180442709987, -123.04739304781188
71;Killarney;"{""coordinates"": [-123.04845616500138, 49.21890499329848], ""type"": ""Point""}";49.21890499329848, -123.04845616500138
C;Killarney;"{""coordinates"": [-123.050011642168, 49.21915122361063], ""type"": ""Point""}";49.21915122361063, -123.050011642168
11;Killarney;"{""coordinates"": [-123.048715829517, 49.22607412210251], ""type"": ""Point""}";49.22607412210251, -123.048715829517
1;Victoria-Fraserview;"{""coordinates"": [-123.05012132338842, 49.23013785805119], ""type"": ""Point""}";49.23013785805119, -123.05012132338842
36;Hastings-Sunrise;"{""coordinates"": [-123.05562510419414, 49.28329127642415], ""type"": ""Point""}";49.28329127642415, -123.05562510419414
69;Killarney;"{""coordinates"": [-123.05402564581078, 49.20621236257037], ""type"": ""Point""}";49.20621236257037, -123.05402564581078
3;Hastings-Sunrise;"{""coordinates"": [-123.03506357370279, 49.27523613811107], ""type"": ""Point""}";49.27523613811107, -123.03506357370279
69;Hastings-Sunrise;"{""coordinates"": [-123.03765969585783, 49.27260711615008], ""type"": ""Point""}";49.27260711615008, -123.03765969585783
1;Hastings-Sunrise;"{""coordinates"": [-123.05546762954947, 49.276908598325406], ""type"": ""Point""}";49.276908598325406, -123.05546762954947
75;Hastings-Sunrise;"{""coordinates"": [-123.05341526653312, 49.27949225280645], ""type"": ""Point""}";49.27949225280645, -123.05341526653312
81;Hastings-Sunrise;"{""coordinates"": [-123.04561270187266, 49.27805867914038], ""type"": ""Point""}";49.27805867914038, -123.04561270187266
K;Renfrew-Collingwood;"{""coordinates"": [-123.04046159841396, 49.25424044440789], ""type"": ""Point""}";49.25424044440789, -123.04046159841396
C;Renfrew-Collingwood;"{""coordinates"": [-123.03778165026952, 49.25585138784275], ""type"": ""Point""}";49.25585138784275, -123.03778165026952
25;Hastings-Sunrise;"{""coordinates"": [-123.04043366507865, 49.26233768349174], ""type"": ""Point""}";49.26233768349174, -123.04043366507865
17;Hastings-Sunrise;"{""coordinates"": [-123.0426110171097, 49.26326248064679], ""type"": ""Point""}";49.26326248064679, -123.0426110171097
4;Hastings-Sunrise;"{""coordinates"": [-123.04037229505084, 49.26506470895325], ""type"": ""Point""}";49.26506470895325, -123.04037229505084
74;Renfrew-Collingwood;"{""coordinates"": [-123.03574240301074, 49.24328488750588], ""type"": ""Point""}";49.24328488750588, -123.03574240301074
4;Renfrew-Collingwood;"{""coordinates"": [-123.03550298231566, 49.24482982989902], ""type"": ""Point""}";49.24482982989902, -123.03550298231566
J;Renfrew-Collingwood;"{""coordinates"": [-123.03785370670504, 49.25093333567428], ""type"": ""Point""}";49.25093333567428, -123.03785370670504
G;Renfrew-Collingwood;"{""coordinates"": [-123.03781935656583, 49.25260966061147], ""type"": ""Point""}";49.25260966061147, -123.03781935656583
N;Renfrew-Collingwood;"{""coordinates"": [-123.04037411809257, 49.25666838297158], ""type"": ""Point""}";49.25666838297158, -123.04037411809257
2;Renfrew-Collingwood;"{""coordinates"": [-123.04082774730027, 49.24366707394415], ""type"": ""Point""}";49.24366707394415, -123.04082774730027
106;Renfrew-Collingwood;"{""coordinates"": [-123.04288237750148, 49.24073770509362], ""type"": ""Point""}";49.24073770509362, -123.04288237750148
109;Renfrew-Collingwood;"{""coordinates"": [-123.04340669280757, 49.240997552666975], ""type"": ""Point""}";49.240997552666975, -123.04340669280757
27;Renfrew-Collingwood;"{""coordinates"": [-123.03654514400448, 49.24069696730779], ""type"": ""Point""}";49.24069696730779, -123.03654514400448
37;Renfrew-Collingwood;"{""coordinates"": [-123.03579010697912, 49.241881184014204], ""type"": ""Point""}";49.241881184014204, -123.03579010697912
31;Renfrew-Collingwood;"{""coordinates"": [-123.03882274781714, 49.241634041016994], ""type"": ""Point""}";49.241634041016994, -123.03882274781714
34;Renfrew-Collingwood;"{""coordinates"": [-123.03777515145113, 49.24279595232056], ""type"": ""Point""}";49.24279595232056, -123.03777515145113
112;Renfrew-Collingwood;"{""coordinates"": [-123.03989970581515, 49.24207175117686], ""type"": ""Point""}";49.24207175117686, -123.03989970581515
116;Renfrew-Collingwood;"{""coordinates"": [-123.04186529140003, 49.242784701741186], ""type"": ""Point""}";49.242784701741186, -123.04186529140003
125;Renfrew-Collingwood;"{""coordinates"": [-123.04080312526696, 49.24384856151126], ""type"": ""Point""}";49.24384856151126, -123.04080312526696
102;Renfrew-Collingwood;"{""coordinates"": [-123.04194967574877, 49.2402549041901], ""type"": ""Point""}";49.2402549041901, -123.04194967574877
133;Renfrew-Collingwood;"{""coordinates"": [-123.04439387243222, 49.242787670684585], ""type"": ""Point""}";49.242787670684585, -123.04439387243222
C;Renfrew-Collingwood;"{""coordinates"": [-123.0383866221188, 49.24137282110037], ""type"": ""Point""}";49.24137282110037, -123.0383866221188
2;Killarney;"{""coordinates"": [-123.04127022521904, 49.23040724102049], ""type"": ""Point""}";49.23040724102049, -123.04127022521904
18;Renfrew-Collingwood;"{""coordinates"": [-123.03927514072282, 49.23345298280774], ""type"": ""Point""}";49.23345298280774, -123.03927514072282
17;Renfrew-Collingwood;"{""coordinates"": [-123.04080071214041, 49.235115864685746], ""type"": ""Point""}";49.235115864685746, -123.04080071214041
72;Renfrew-Collingwood;"{""coordinates"": [-123.03462273979764, 49.23584868236982], ""type"": ""Point""}";49.23584868236982, -123.03462273979764
71;Renfrew-Collingwood;"{""coordinates"": [-123.0352248198379, 49.23591337407995], ""type"": ""Point""}";49.23591337407995, -123.0352248198379
13;Renfrew-Collingwood;"{""coordinates"": [-123.04238277798862, 49.23562378748507], ""type"": ""Point""}";49.23562378748507, -123.04238277798862
18;Killarney;"{""coordinates"": [-123.03929107168952, 49.231976937434084], ""type"": ""Point""}";49.231976937434084, -123.03929107168952
41;Killarney;"{""coordinates"": [-123.03519959779287, 49.23247078265634], ""type"": ""Point""}";49.23247078265634, -123.03519959779287
38;Renfrew-Collingwood;"{""coordinates"": [-123.03475589580597, 49.234307792281385], ""type"": ""Point""}";49.234307792281385, -123.03475589580597
75;Renfrew-Collingwood;"{""coordinates"": [-123.03609708713846, 49.23647825819084], ""type"": ""Point""}";49.23647825819084, -123.03609708713846
14;Renfrew-Collingwood;"{""coordinates"": [-123.04100443086543, 49.23641424755533], ""type"": ""Point""}";49.23641424755533, -123.04100443086543
2;Killarney;"{""coordinates"": [-123.03558271749283, 49.22292107220699], ""type"": ""Point""}";49.22292107220699, -123.03558271749283
1;Killarney;"{""coordinates"": [-123.03534118881312, 49.228716677432644], ""type"": ""Point""}";49.228716677432644, -123.03534118881312
13;Killarney;"{""coordinates"": [-123.03962605473724, 49.22729731931334], ""type"": ""Point""}";49.22729731931334, -123.03962605473724
A;Hastings-Sunrise;"{""coordinates"": [-123.04028654364136, 49.27678527692432], ""type"": ""Point""}";49.27678527692432, -123.04028654364136
21;Hastings-Sunrise;"{""coordinates"": [-123.03219072734984, 49.26315178553937], ""type"": ""Point""}";49.26315178553937, -123.03219072734984
83;Hastings-Sunrise;"{""coordinates"": [-123.04032125344001, 49.278044536386005], ""type"": ""Point""}";49.278044536386005, -123.04032125344001
1;Hastings-Sunrise;"{""coordinates"": [-123.03498758256215, 49.27689813841125], ""type"": ""Point""}";49.27689813841125, -123.03498758256215
3;Renfrew-Collingwood;"{""coordinates"": [-123.02566963722096, 49.24563047231761], ""type"": ""Point""}";49.24563047231761, -123.02566963722096
3;Renfrew-Collingwood;"{""coordinates"": [-123.03241167221474, 49.24567154090879], ""type"": ""Point""}";49.24567154090879, -123.03241167221474
5;Renfrew-Collingwood;"{""coordinates"": [-123.029167727185, 49.25672314521551], ""type"": ""Point""}";49.25672314521551, -123.029167727185
84;Renfrew-Collingwood;"{""coordinates"": [-123.02855135744836, 49.24126618039678], ""type"": ""Point""}";49.24126618039678, -123.02855135744836
43;Renfrew-Collingwood;"{""coordinates"": [-123.03290653169314, 49.2406454478699], ""type"": ""Point""}";49.2406454478699, -123.03290653169314
72;Renfrew-Collingwood;"{""coordinates"": [-123.0342236119767, 49.24189030311354], ""type"": ""Point""}";49.24189030311354, -123.0342236119767
81;Renfrew-Collingwood;"{""coordinates"": [-123.03131190410251, 49.242293809784464], ""type"": ""Point""}";49.242293809784464, -123.03131190410251
93;Renfrew-Collingwood;"{""coordinates"": [-123.03081392677325, 49.24325843092798], ""type"": ""Point""}";49.24325843092798, -123.03081392677325
103;Renfrew-Collingwood;"{""coordinates"": [-123.02722670984559, 49.24373451432638], ""type"": ""Point""}";49.24373451432638, -123.02722670984559
4;Renfrew-Collingwood;"{""coordinates"": [-123.02974256606844, 49.247543086926854], ""type"": ""Point""}";49.247543086926854, -123.02974256606844
2;Renfrew-Collingwood;"{""coordinates"": [-123.0274731000461, 49.249096063294886], ""type"": ""Point""}";49.249096063294886, -123.0274731000461
3;Renfrew-Collingwood;"{""coordinates"": [-123.02743275621026, 49.24820061599714], ""type"": ""Point""}";49.24820061599714, -123.02743275621026
3;Renfrew-Collingwood;"{""coordinates"": [-123.02469761508925, 49.236101424401085], ""type"": ""Point""}";49.236101424401085, -123.02469761508925
109;Renfrew-Collingwood;"{""coordinates"": [-123.02469890450989, 49.2398169096484], ""type"": ""Point""}";49.2398169096484, -123.02469890450989
67;Renfrew-Collingwood;"{""coordinates"": [-123.02945999890373, 49.24008198081216], ""type"": ""Point""}";49.24008198081216, -123.02945999890373
21;Renfrew-Collingwood;"{""coordinates"": [-123.03378991520367, 49.239377691470104], ""type"": ""Point""}";49.239377691470104, -123.03378991520367
157;Renfrew-Collingwood;"{""coordinates"": [-123.03294704169603, 49.237830591205096], ""type"": ""Point""}";49.237830591205096, -123.03294704169603
42;Renfrew-Collingwood;"{""coordinates"": [-123.03382177120507, 49.233861896140674], ""type"": ""Point""}";49.233861896140674, -123.03382177120507
8;Renfrew-Collingwood;"{""coordinates"": [-123.02866329261097, 49.23344643331698], ""type"": ""Point""}";49.23344643331698, -123.02866329261097
6;Renfrew-Collingwood;"{""coordinates"": [-123.0241343815438, 49.233472214187046], ""type"": ""Point""}";49.233472214187046, -123.0241343815438
7;Hastings-Sunrise;"{""coordinates"": [-123.02952403547206, 49.28602619606725], ""type"": ""Point""}";49.28602619606725, -123.02952403547206
G;Hastings-Sunrise;"{""coordinates"": [-123.02456539615886, 49.290066042023085], ""type"": ""Point""}";49.290066042023085, -123.02456539615886
5;Killarney;"{""coordinates"": [-123.03354204182907, 49.220690846981434], ""type"": ""Point""}";49.220690846981434, -123.03354204182907
3;Killarney;"{""coordinates"": [-123.03009361394244, 49.22608577261116], ""type"": ""Point""}";49.22608577261116, -123.03009361394244
5;Killarney;"{""coordinates"": [-123.03293396274765, 49.225576153710236], ""type"": ""Point""}";49.225576153710236, -123.03293396274765
99;Killarney;"{""coordinates"": [-123.02481040851568, 49.22414040800564], ""type"": ""Point""}";49.22414040800564, -123.02481040851568
7;Killarney;"{""coordinates"": [-123.03346393347917, 49.222912692173566], ""type"": ""Point""}";49.222912692173566, -123.03346393347917
8;Killarney;"{""coordinates"": [-123.03343097872958, 49.22397909059378], ""type"": ""Point""}";49.22397909059378, -123.03343097872958
219;Fairview;"{""coordinates"": [-123.14207706260252, 49.269966887219304], ""type"": ""Point""}";49.269966887219304, -123.14207706260252
218;Fairview;"{""coordinates"": [-123.14471585599723, 49.270068523340136], ""type"": ""Point""}";49.270068523340136, -123.14471585599723
89;Hastings-Sunrise;"{""coordinates"": [-123.02471929195305, 49.27837024425395], ""type"": ""Point""}";49.27837024425395, -123.02471929195305
86;Hastings-Sunrise;"{""coordinates"": [-123.032559392154, 49.27839454000862], ""type"": ""Point""}";49.27839454000862, -123.032559392154
67;Hastings-Sunrise;"{""coordinates"": [-123.03282283398423, 49.27947558715772], ""type"": ""Point""}";49.27947558715772, -123.03282283398423
19;Strathcona;"{""coordinates"": [-123.07826236138547, 49.278019067954645], ""type"": ""Point""}";49.278019067954645, -123.07826236138547
5;Riley Park;"{""coordinates"": [-123.09141338924945, 49.24972990011246], ""type"": ""Point""}";49.24972990011246, -123.09141338924945
20;Riley Park;"{""coordinates"": [-123.09128997213584, 49.25063296550986], ""type"": ""Point""}";49.25063296550986, -123.09128997213584
45;Riley Park;"{""coordinates"": [-123.09308652457612, 49.252275571153916], ""type"": ""Point""}";49.252275571153916, -123.09308652457612
46;Riley Park;"{""coordinates"": [-123.095310441652, 49.25228817726379], ""type"": ""Point""}";49.25228817726379, -123.095310441652
25;Mount Pleasant;"{""coordinates"": [-123.10818255594454, 49.26245126690759], ""type"": ""Point""}";49.26245126690759, -123.10818255594454
96;Arbutus Ridge;"{""coordinates"": [-123.15459362249597, 49.24244834683847], ""type"": ""Point""}";49.24244834683847, -123.15459362249597
12;Grandview-Woodland;"{""coordinates"": [-123.07553937127378, 49.27974339435098], ""type"": ""Point""}";49.27974339435098, -123.07553937127378
17;Grandview-Woodland;"{""coordinates"": [-123.07575507076028, 49.27886600717609], ""type"": ""Point""}";49.27886600717609, -123.07575507076028
8;Grandview-Woodland;"{""coordinates"": [-123.0693633875738, 49.277863702854425], ""type"": ""Point""}";49.277863702854425, -123.0693633875738
A;Renfrew-Collingwood;"{""coordinates"": [-123.03167710679999, 49.23632308240647], ""type"": ""Point""}";49.23632308240647, -123.03167710679999
5;Victoria-Fraserview;"{""coordinates"": [-123.06533599005333, 49.20643602454175], ""type"": ""Point""}";49.20643602454175, -123.06533599005333
B;Renfrew-Collingwood;"{""coordinates"": [-123.03410860400592, 49.23410679745], ""type"": ""Point""}";49.23410679745, -123.03410860400592
556;South Cambie;"{""coordinates"": [-123.12613366846665, 49.25382644221698], ""type"": ""Point""}";49.25382644221698, -123.12613366846665
20;Arbutus Ridge;"{""coordinates"": [-123.15083388774498, 49.24127499399403], ""type"": ""Point""}";49.24127499399403, -123.15083388774498
W1/2;West Point Grey;"{""coordinates"": [-123.20854360450862, 49.266050481146856], ""type"": ""Point""}";49.266050481146856, -123.20854360450862
HALF;Victoria-Fraserview;"{""coordinates"": [-123.07217358763701, 49.2278342652712], ""type"": ""Point""}";49.2278342652712, -123.07217358763701
52;Mount Pleasant;"{""coordinates"": [-123.10052702420184, 49.26341331036866], ""type"": ""Point""}";49.26341331036866, -123.10052702420184
N1/2;Hastings-Sunrise;"{""coordinates"": [-123.03247362750035, 49.27872945471394], ""type"": ""Point""}";49.27872945471394, -123.03247362750035
PT.;Kensington-Cedar Cottage;"{""coordinates"": [-123.08113898501101, 49.24324447260282], ""type"": ""Point""}";49.24324447260282, -123.08113898501101
S1/2;Hastings-Sunrise;"{""coordinates"": [-123.03242868659112, 49.27770800156041], ""type"": ""Point""}";49.27770800156041, -123.03242868659112
S1/2;Killarney;"{""coordinates"": [-123.03969016647906, 49.22600991341623], ""type"": ""Point""}";49.22600991341623, -123.03969016647906
N1/2;Renfrew-Collingwood;"{""coordinates"": [-123.04627119815244, 49.24098906478268], ""type"": ""Point""}";49.24098906478268, -123.04627119815244
SW1/4;Hastings-Sunrise;"{""coordinates"": [-123.03321804084497, 49.267710667441456], ""type"": ""Point""}";49.267710667441456, -123.03321804084497
NW1/4;Hastings-Sunrise;"{""coordinates"": [-123.03324371549927, 49.268259457031036], ""type"": ""Point""}";49.268259457031036, -123.03324371549927
N.W.;Renfrew-Collingwood;"{""coordinates"": [-123.04852387256682, 49.23442491318263], ""type"": ""Point""}";49.23442491318263, -123.04852387256682
HALF;Renfrew-Collingwood;"{""coordinates"": [-123.04803116492123, 49.235438649778935], ""type"": ""Point""}";49.235438649778935, -123.04803116492123
664;Riley Park;"{""coordinates"": [-123.10638384746399, 49.249250628453545], ""type"": ""Point""}";49.249250628453545, -123.10638384746399
C;Fairview;"{""coordinates"": [-123.14056405114484, 49.27429192711258], ""type"": ""Point""}";49.27429192711258, -123.14056405114484
I;Fairview;"{""coordinates"": [-123.1425822352518, 49.2731792677596], ""type"": ""Point""}";49.2731792677596, -123.1425822352518
HALF;Kensington-Cedar Cottage;"{""coordinates"": [-123.0685210500637, 49.24271944383538], ""type"": ""Point""}";49.24271944383538, -123.0685210500637
OF NORTH HALF;Kensington-Cedar Cottage;"{""coordinates"": [-123.06720483145754, 49.2354106195553], ""type"": ""Point""}";49.2354106195553, -123.06720483145754
W PTN;Kerrisdale;"{""coordinates"": [-123.1581698853228, 49.23127058610049], ""type"": ""Point""}";49.23127058610049, -123.1581698853228
S.E.    PTN;Renfrew-Collingwood;"{""coordinates"": [-123.04685415727575, 49.23364063192894], ""type"": ""Point""}";49.23364063192894, -123.04685415727575
BLK.;Kensington-Cedar Cottage;"{""coordinates"": [-123.07170549628785, 49.247013158257474], ""type"": ""Point""}";49.247013158257474, -123.07170549628785
13;Kensington-Cedar Cottage;"{""coordinates"": [-123.06557823782987, 49.25000417698676], ""type"": ""Point""}";49.25000417698676, -123.06557823782987
5 ACRES;Victoria-Fraserview;"{""coordinates"": [-123.05818028713092, 49.23125318914452], ""type"": ""Point""}";49.23125318914452, -123.05818028713092
37;Victoria-Fraserview;"{""coordinates"": [-123.06392987064577, 49.20631465526277], ""type"": ""Point""}";49.20631465526277, -123.06392987064577
129;West Point Grey;"{""coordinates"": [-123.21063405534802, 49.27402148495604], ""type"": ""Point""}";49.27402148495604, -123.21063405534802
1;West Point Grey;"{""coordinates"": [-123.214245282577, 49.26698369173978], ""type"": ""Point""}";49.26698369173978, -123.214245282577
151;West Point Grey;"{""coordinates"": [-123.21392020809654, 49.26492529965011], ""type"": ""Point""}";49.26492529965011, -123.21392020809654
7;West Point Grey;"{""coordinates"": [-123.21728291672167, 49.268057462098895], ""type"": ""Point""}";49.268057462098895, -123.21728291672167
5;West Point Grey;"{""coordinates"": [-123.22100102675611, 49.27001552971827], ""type"": ""Point""}";49.27001552971827, -123.22100102675611
4;West Point Grey;"{""coordinates"": [-123.21120424007765, 49.267656725949166], ""type"": ""Point""}";49.267656725949166, -123.21120424007765
1;West Point Grey;"{""coordinates"": [-123.21115699925724, 49.26850462841993], ""type"": ""Point""}";49.26850462841993, -123.21115699925724
138;West Point Grey;"{""coordinates"": [-123.207228415796, 49.27032789070055], ""type"": ""Point""}";49.27032789070055, -123.207228415796
2;West Point Grey;"{""coordinates"": [-123.20650472026077, 49.27298956166914], ""type"": ""Point""}";49.27298956166914, -123.20650472026077
2;West Point Grey;"{""coordinates"": [-123.20955150655377, 49.273064115536364], ""type"": ""Point""}";49.273064115536364, -123.20955150655377
161;West Point Grey;"{""coordinates"": [-123.2111277497601, 49.259455534473226], ""type"": ""Point""}";49.259455534473226, -123.2111277497601
2;West Point Grey;"{""coordinates"": [-123.206828373506, 49.26515720966054], ""type"": ""Point""}";49.26515720966054, -123.206828373506
3;West Point Grey;"{""coordinates"": [-123.2099042142914, 49.26434346101273], ""type"": ""Point""}";49.26434346101273, -123.2099042142914
2;West Point Grey;"{""coordinates"": [-123.2008131977067, 49.263140183245135], ""type"": ""Point""}";49.263140183245135, -123.2008131977067
192;West Point Grey;"{""coordinates"": [-123.18990175208206, 49.265034169837946], ""type"": ""Point""}";49.265034169837946, -123.18990175208206
B;Dunbar-Southlands;"{""coordinates"": [-123.20072927675145, 49.22857863069957], ""type"": ""Point""}";49.22857863069957, -123.20072927675145
144;Dunbar-Southlands;"{""coordinates"": [-123.20003512999169, 49.25727306230727], ""type"": ""Point""}";49.25727306230727, -123.20003512999169
157;West Point Grey;"{""coordinates"": [-123.20802803341543, 49.26122489443081], ""type"": ""Point""}";49.26122489443081, -123.20802803341543
2;West Point Grey;"{""coordinates"": [-123.20695454173904, 49.26155890764507], ""type"": ""Point""}";49.26155890764507, -123.20695454173904
4;West Point Grey;"{""coordinates"": [-123.2084999350983, 49.26234772610375], ""type"": ""Point""}";49.26234772610375, -123.2084999350983
2;West Point Grey;"{""coordinates"": [-123.2039695997595, 49.25970648759814], ""type"": ""Point""}";49.25970648759814, -123.2039695997595
1;West Point Grey;"{""coordinates"": [-123.19614949033605, 49.26306242547745], ""type"": ""Point""}";49.26306242547745, -123.19614949033605
1;West Point Grey;"{""coordinates"": [-123.19014199290535, 49.2593691021932], ""type"": ""Point""}";49.2593691021932, -123.19014199290535
3;West Point Grey;"{""coordinates"": [-123.19493933168515, 49.25852317595235], ""type"": ""Point""}";49.25852317595235, -123.19493933168515
1;West Point Grey;"{""coordinates"": [-123.19627333852482, 49.2594469752233], ""type"": ""Point""}";49.2594469752233, -123.19627333852482
2;West Point Grey;"{""coordinates"": [-123.19491057804248, 49.25942635340608], ""type"": ""Point""}";49.25942635340608, -123.19491057804248
165;West Point Grey;"{""coordinates"": [-123.19892651241547, 49.25926475505367], ""type"": ""Point""}";49.25926475505367, -123.19892651241547
1;West Point Grey;"{""coordinates"": [-123.19317689137641, 49.261210821674375], ""type"": ""Point""}";49.261210821674375, -123.19317689137641
1;Dunbar-Southlands;"{""coordinates"": [-123.19283789660976, 49.2514429270553], ""type"": ""Point""}";49.2514429270553, -123.19283789660976
39;Dunbar-Southlands;"{""coordinates"": [-123.19231226541129, 49.25303103833036], ""type"": ""Point""}";49.25303103833036, -123.19231226541129
3;Dunbar-Southlands;"{""coordinates"": [-123.18884105159653, 49.254142295536376], ""type"": ""Point""}";49.254142295536376, -123.18884105159653
4;Dunbar-Southlands;"{""coordinates"": [-123.19008478949911, 49.25414700237413], ""type"": ""Point""}";49.25414700237413, -123.19008478949911
4;Dunbar-Southlands;"{""coordinates"": [-123.19578754306417, 49.25597831587335], ""type"": ""Point""}";49.25597831587335, -123.19578754306417
44;Dunbar-Southlands;"{""coordinates"": [-123.1951876317103, 49.256885527644634], ""type"": ""Point""}";49.256885527644634, -123.1951876317103
1;Dunbar-Southlands;"{""coordinates"": [-123.1957402719746, 49.2572336882467], ""type"": ""Point""}";49.2572336882467, -123.1957402719746
2;Dunbar-Southlands;"{""coordinates"": [-123.19438516432658, 49.25721799465684], ""type"": ""Point""}";49.25721799465684, -123.19438516432658
4;Dunbar-Southlands;"{""coordinates"": [-123.1900991072209, 49.25052862112416], ""type"": ""Point""}";49.25052862112416, -123.1900991072209
6;Dunbar-Southlands;"{""coordinates"": [-123.18868015226747, 49.23066811084016], ""type"": ""Point""}";49.23066811084016, -123.18868015226747
A;Dunbar-Southlands;"{""coordinates"": [-123.19039721575571, 49.2355512752344], ""type"": ""Point""}";49.2355512752344, -123.19039721575571
A;Dunbar-Southlands;"{""coordinates"": [-123.19318650109047, 49.235542128836414], ""type"": ""Point""}";49.235542128836414, -123.19318650109047
20;Dunbar-Southlands;"{""coordinates"": [-123.19242446964924, 49.23799430128815], ""type"": ""Point""}";49.23799430128815, -123.19242446964924
40;Dunbar-Southlands;"{""coordinates"": [-123.19240160466606, 49.241575284796255], ""type"": ""Point""}";49.241575284796255, -123.19240160466606
77;Dunbar-Southlands;"{""coordinates"": [-123.19209385777357, 49.24722354903799], ""type"": ""Point""}";49.24722354903799, -123.19209385777357
78;Dunbar-Southlands;"{""coordinates"": [-123.1953986528415, 49.247293989607854], ""type"": ""Point""}";49.247293989607854, -123.1953986528415
51;Kitsilano;"{""coordinates"": [-123.18094867948338, 49.2645822984335], ""type"": ""Point""}";49.2645822984335, -123.18094867948338
55;Kitsilano;"{""coordinates"": [-123.18488350129772, 49.26378415783746], ""type"": ""Point""}";49.26378415783746, -123.18488350129772
28;Kitsilano;"{""coordinates"": [-123.18276801034759, 49.268196038423845], ""type"": ""Point""}";49.268196038423845, -123.18276801034759
4;Dunbar-Southlands;"{""coordinates"": [-123.18733460008191, 49.256085467596705], ""type"": ""Point""}";49.256085467596705, -123.18733460008191
1;Dunbar-Southlands;"{""coordinates"": [-123.18725343533413, 49.25698242278858], ""type"": ""Point""}";49.25698242278858, -123.18725343533413
2;Dunbar-Southlands;"{""coordinates"": [-123.18634081901446, 49.256971763737276], ""type"": ""Point""}";49.256971763737276, -123.18634081901446
181;West Point Grey;"{""coordinates"": [-123.18701587351237, 49.262739098543555], ""type"": ""Point""}";49.262739098543555, -123.18701587351237
101;West Point Grey;"{""coordinates"": [-123.18515302644063, 49.25924129614421], ""type"": ""Point""}";49.25924129614421, -123.18515302644063
92;Kitsilano;"{""coordinates"": [-123.18442520507236, 49.260352146099635], ""type"": ""Point""}";49.260352146099635, -123.18442520507236
83;Kitsilano;"{""coordinates"": [-123.18479173958319, 49.26108548904264], ""type"": ""Point""}";49.26108548904264, -123.18479173958319
62;Kitsilano;"{""coordinates"": [-123.18297829670465, 49.2630035819713], ""type"": ""Point""}";49.2630035819713, -123.18297829670465
3;Dunbar-Southlands;"{""coordinates"": [-123.182696873872, 49.25245031392441], ""type"": ""Point""}";49.25245031392441, -123.182696873872
31;Dunbar-Southlands;"{""coordinates"": [-123.18673284755353, 49.2530159397104], ""type"": ""Point""}";49.2530159397104, -123.18673284755353
3;Dunbar-Southlands;"{""coordinates"": [-123.17959514011157, 49.25424702622441], ""type"": ""Point""}";49.25424702622441, -123.17959514011157
22;Dunbar-Southlands;"{""coordinates"": [-123.18686346199094, 49.23794581559428], ""type"": ""Point""}";49.23794581559428, -123.18686346199094
4;Kitsilano;"{""coordinates"": [-123.16706132474155, 49.271363665172714], ""type"": ""Point""}";49.271363665172714, -123.16706132474155
9;Kitsilano;"{""coordinates"": [-123.16731052333056, 49.268659545575], ""type"": ""Point""}";49.268659545575, -123.16731052333056
A;Dunbar-Southlands;"{""coordinates"": [-123.18516319581974, 49.21863838915203], ""type"": ""Point""}";49.21863838915203, -123.18516319581974
35;Kitsilano;"{""coordinates"": [-123.17659070118725, 49.26707621586837], ""type"": ""Point""}";49.26707621586837, -123.17659070118725
3;Kitsilano;"{""coordinates"": [-123.17047752939129, 49.26480642587659], ""type"": ""Point""}";49.26480642587659, -123.17047752939129
48;Kitsilano;"{""coordinates"": [-123.17485596585567, 49.26534902210047], ""type"": ""Point""}";49.26534902210047, -123.17485596585567
124;Kitsilano;"{""coordinates"": [-123.17107842732386, 49.26344547113348], ""type"": ""Point""}";49.26344547113348, -123.17107842732386
33;Kitsilano;"{""coordinates"": [-123.17172199535712, 49.26374411087569], ""type"": ""Point""}";49.26374411087569, -123.17172199535712
59;Kitsilano;"{""coordinates"": [-123.1771494059273, 49.263659475628174], ""type"": ""Point""}";49.263659475628174, -123.1771494059273
24;Kitsilano;"{""coordinates"": [-123.17127807216481, 49.271273647203444], ""type"": ""Point""}";49.271273647203444, -123.17127807216481
25;Kitsilano;"{""coordinates"": [-123.17256022668992, 49.270542930536685], ""type"": ""Point""}";49.270542930536685, -123.17256022668992
65;Kitsilano;"{""coordinates"": [-123.17700163724814, 49.262729507361264], ""type"": ""Point""}";49.262729507361264, -123.17700163724814
Q;Arbutus Ridge;"{""coordinates"": [-123.1721458554147, 49.25312703628388], ""type"": ""Point""}";49.25312703628388, -123.1721458554147
7;Arbutus Ridge;"{""coordinates"": [-123.16889803547427, 49.25291575556509], ""type"": ""Point""}";49.25291575556509, -123.16889803547427
B;Arbutus Ridge;"{""coordinates"": [-123.16697963707331, 49.25350415130368], ""type"": ""Point""}";49.25350415130368, -123.16697963707331
1;Arbutus Ridge;"{""coordinates"": [-123.1669954731103, 49.25310654844601], ""type"": ""Point""}";49.25310654844601, -123.1669954731103
F;Arbutus Ridge;"{""coordinates"": [-123.16657720515153, 49.24946425560281], ""type"": ""Point""}";49.24946425560281, -123.16657720515153
2;Arbutus Ridge;"{""coordinates"": [-123.17364124233688, 49.25513275748985], ""type"": ""Point""}";49.25513275748985, -123.17364124233688
4;Arbutus Ridge;"{""coordinates"": [-123.16953341965295, 49.25406261570618], ""type"": ""Point""}";49.25406261570618, -123.16953341965295
6;Arbutus Ridge;"{""coordinates"": [-123.16901147837378, 49.25474072077083], ""type"": ""Point""}";49.25474072077083, -123.16901147837378
2;Arbutus Ridge;"{""coordinates"": [-123.17078140915537, 49.25511365962602], ""type"": ""Point""}";49.25511365962602, -123.17078140915537
45;Dunbar-Southlands;"{""coordinates"": [-123.17715435674182, 49.24152963483779], ""type"": ""Point""}";49.24152963483779, -123.17715435674182
50;Dunbar-Southlands;"{""coordinates"": [-123.17175342334855, 49.24340753278712], ""type"": ""Point""}";49.24340753278712, -123.17175342334855
C;Arbutus Ridge;"{""coordinates"": [-123.17046825552265, 49.24880575086854], ""type"": ""Point""}";49.24880575086854, -123.17046825552265
3;Arbutus Ridge;"{""coordinates"": [-123.17081821153997, 49.25225041607327], ""type"": ""Point""}";49.25225041607327, -123.17081821153997
N;Dunbar-Southlands;"{""coordinates"": [-123.17665681393922, 49.253375187576765], ""type"": ""Point""}";49.253375187576765, -123.17665681393922
3;Kerrisdale;"{""coordinates"": [-123.17439854468066, 49.22629086237624], ""type"": ""Point""}";49.22629086237624, -123.17439854468066
N;Kerrisdale;"{""coordinates"": [-123.17415843546554, 49.2300481151389], ""type"": ""Point""}";49.2300481151389, -123.17415843546554
B;Kerrisdale;"{""coordinates"": [-123.16930695639635, 49.22840788989882], ""type"": ""Point""}";49.22840788989882, -123.16930695639635
2;Kerrisdale;"{""coordinates"": [-123.17047704835596, 49.22896835508064], ""type"": ""Point""}";49.22896835508064, -123.17047704835596
1;Kerrisdale;"{""coordinates"": [-123.17480442877444, 49.23392379035377], ""type"": ""Point""}";49.23392379035377, -123.17480442877444
2;Kerrisdale;"{""coordinates"": [-123.17392557466913, 49.233916004669446], ""type"": ""Point""}";49.233916004669446, -123.17392557466913
6;Kerrisdale;"{""coordinates"": [-123.16839329220115, 49.234099752791174], ""type"": ""Point""}";49.234099752791174, -123.16839329220115
5;Kerrisdale;"{""coordinates"": [-123.16953542714614, 49.23411326628245], ""type"": ""Point""}";49.23411326628245, -123.16953542714614
25;Dunbar-Southlands;"{""coordinates"": [-123.17713787198127, 49.2377348980114], ""type"": ""Point""}";49.2377348980114, -123.17713787198127
26;Dunbar-Southlands;"{""coordinates"": [-123.17452431225675, 49.23772415068631], ""type"": ""Point""}";49.23772415068631, -123.17452431225675
213;Kitsilano;"{""coordinates"": [-123.15647918728047, 49.27026318425483], ""type"": ""Point""}";49.27026318425483, -123.15647918728047
222;Kitsilano;"{""coordinates"": [-123.15883740633582, 49.26941888841803], ""type"": ""Point""}";49.26941888841803, -123.15883740633582
180;Kitsilano;"{""coordinates"": [-123.16332382232304, 49.27303347060259], ""type"": ""Point""}";49.27303347060259, -123.16332382232304
191;Kitsilano;"{""coordinates"": [-123.16123818547211, 49.27209677973702], ""type"": ""Point""}";49.27209677973702, -123.16123818547211
182;Kitsilano;"{""coordinates"": [-123.15742160264168, 49.272910944433875], ""type"": ""Point""}";49.272910944433875, -123.15742160264168
7;Kerrisdale;"{""coordinates"": [-123.17086730251854, 49.22228513020916], ""type"": ""Point""}";49.22228513020916, -123.17086730251854
2;Kerrisdale;"{""coordinates"": [-123.16887767998875, 49.22659640394876], ""type"": ""Point""}";49.22659640394876, -123.16887767998875
402;Kitsilano;"{""coordinates"": [-123.15908634654281, 49.26048188003373], ""type"": ""Point""}";49.26048188003373, -123.15908634654281
401;Kitsilano;"{""coordinates"": [-123.1615210407035, 49.26052012287935], ""type"": ""Point""}";49.26052012287935, -123.1615210407035
361;Kitsilano;"{""coordinates"": [-123.16029768433776, 49.26194713605997], ""type"": ""Point""}";49.26194713605997, -123.16029768433776
263;Kitsilano;"{""coordinates"": [-123.15654930474192, 49.26678218937518], ""type"": ""Point""}";49.26678218937518, -123.15654930474192
14;Kitsilano;"{""coordinates"": [-123.16547880858188, 49.266854840312796], ""type"": ""Point""}";49.266854840312796, -123.16547880858188
300A;Kitsilano;"{""coordinates"": [-123.16350482086729, 49.265218184458256], ""type"": ""Point""}";49.265218184458256, -123.16350482086729
343;Kitsilano;"{""coordinates"": [-123.15672147958972, 49.26324468097914], ""type"": ""Point""}";49.26324468097914, -123.15672147958972
301;Kitsilano;"{""coordinates"": [-123.16132970925722, 49.26515651251667], ""type"": ""Point""}";49.26515651251667, -123.16132970925722
553;Arbutus Ridge;"{""coordinates"": [-123.16266554601964, 49.24898394290314], ""type"": ""Point""}";49.24898394290314, -123.16266554601964
555;Arbutus Ridge;"{""coordinates"": [-123.15983052425962, 49.24804342733765], ""type"": ""Point""}";49.24804342733765, -123.15983052425962
560;Arbutus Ridge;"{""coordinates"": [-123.16309393232984, 49.246613526619285], ""type"": ""Point""}";49.246613526619285, -123.16309393232984
556;Arbutus Ridge;"{""coordinates"": [-123.15820737674727, 49.247280625838286], ""type"": ""Point""}";49.247280625838286, -123.15820737674727
551;Arbutus Ridge;"{""coordinates"": [-123.15937576792388, 49.25140064383851], ""type"": ""Point""}";49.25140064383851, -123.15937576792388
461;Kitsilano;"{""coordinates"": [-123.16163633248354, 49.25775798958106], ""type"": ""Point""}";49.25775798958106, -123.16163633248354
527;Arbutus Ridge;"{""coordinates"": [-123.16194895419835, 49.255030659769815], ""type"": ""Point""}";49.255030659769815, -123.16194895419835
14;Kerrisdale;"{""coordinates"": [-123.16514721970813, 49.23409943752092], ""type"": ""Point""}";49.23409943752092, -123.16514721970813
3;Arbutus Ridge;"{""coordinates"": [-123.161924343873, 49.235686328015404], ""type"": ""Point""}";49.235686328015404, -123.161924343873
8;Arbutus Ridge;"{""coordinates"": [-123.15719678168142, 49.23676785323363], ""type"": ""Point""}";49.23676785323363, -123.15719678168142
7;Arbutus Ridge;"{""coordinates"": [-123.1612076673067, 49.238743484580745], ""type"": ""Point""}";49.238743484580745, -123.1612076673067
4;Kerrisdale;"{""coordinates"": [-123.15945830015004, 49.22604150529708], ""type"": ""Point""}";49.22604150529708, -123.15945830015004
S;Kerrisdale;"{""coordinates"": [-123.15997640093711, 49.225175327209314], ""type"": ""Point""}";49.225175327209314, -123.15997640093711
3;Kerrisdale;"{""coordinates"": [-123.15584451053884, 49.2176592078112], ""type"": ""Point""}";49.2176592078112, -123.15584451053884
7;Kerrisdale;"{""coordinates"": [-123.15853272832007, 49.215137698131784], ""type"": ""Point""}";49.215137698131784, -123.15853272832007
9;Kerrisdale;"{""coordinates"": [-123.16442289798222, 49.2219019560884], ""type"": ""Point""}";49.2219019560884, -123.16442289798222
265;Kitsilano;"{""coordinates"": [-123.15174289849465, 49.26670123122403], ""type"": ""Point""}";49.26670123122403, -123.15174289849465
348;Fairview;"{""coordinates"": [-123.1448163061072, 49.26305815669617], ""type"": ""Point""}";49.26305815669617, -123.1448163061072
327;Kitsilano;"{""coordinates"": [-123.14696769332785, 49.264291309763756], ""type"": ""Point""}";49.264291309763756, -123.14696769332785
345;Kitsilano;"{""coordinates"": [-123.15196098072481, 49.26317301571094], ""type"": ""Point""}";49.26317301571094, -123.15196098072481
29;Shaughnessy;"{""coordinates"": [-123.14511640792026, 49.250731434428175], ""type"": ""Point""}";49.250731434428175, -123.14511640792026
625;Shaughnessy;"{""coordinates"": [-123.15217911122676, 49.25068089732943], ""type"": ""Point""}";49.25068089732943, -123.15217911122676
46;Shaughnessy;"{""coordinates"": [-123.14977541610202, 49.25477229637331], ""type"": ""Point""}";49.25477229637331, -123.14977541610202
23;Shaughnessy;"{""coordinates"": [-123.15173787645318, 49.254802280359904], ""type"": ""Point""}";49.254802280359904, -123.15173787645318
22;Shaughnessy;"{""coordinates"": [-123.15171392704332, 49.25572252296011], ""type"": ""Point""}";49.25572252296011, -123.15171392704332
468;Fairview;"{""coordinates"": [-123.14501723360132, 49.25750350448737], ""type"": ""Point""}";49.25750350448737, -123.14501723360132
2;Kerrisdale;"{""coordinates"": [-123.1454628887988, 49.2334434845831], ""type"": ""Point""}";49.2334434845831, -123.1454628887988
5;Shaughnessy;"{""coordinates"": [-123.15101084117516, 49.23650859524279], ""type"": ""Point""}";49.23650859524279, -123.15101084117516
2;Shaughnessy;"{""coordinates"": [-123.14969973524575, 49.23721464772758], ""type"": ""Point""}";49.23721464772758, -123.14969973524575
5;Shaughnessy;"{""coordinates"": [-123.15330740290014, 49.23861446158381], ""type"": ""Point""}";49.23861446158381, -123.15330740290014
21A;Shaughnessy;"{""coordinates"": [-123.1484753728928, 49.239589237079414], ""type"": ""Point""}";49.239589237079414, -123.1484753728928
21B;Shaughnessy;"{""coordinates"": [-123.14546449418737, 49.238827122259465], ""type"": ""Point""}";49.238827122259465, -123.14546449418737
90;Arbutus Ridge;"{""coordinates"": [-123.15066216266402, 49.24698487390463], ""type"": ""Point""}";49.24698487390463, -123.15066216266402
667;Shaughnessy;"{""coordinates"": [-123.14732155473843, 49.24823666797785], ""type"": ""Point""}";49.24823666797785, -123.14732155473843
14;Kerrisdale;"{""coordinates"": [-123.14762723439452, 49.22447026765338], ""type"": ""Point""}";49.22447026765338, -123.14762723439452
B;Kerrisdale;"{""coordinates"": [-123.147306220542, 49.222949937026705], ""type"": ""Point""}";49.222949937026705, -123.147306220542
3;Kerrisdale;"{""coordinates"": [-123.15381861751642, 49.22927355015716], ""type"": ""Point""}";49.22927355015716, -123.15381861751642
4;Shaughnessy;"{""coordinates"": [-123.14832178725533, 49.23537016784516], ""type"": ""Point""}";49.23537016784516, -123.14832178725533
N;Kerrisdale;"{""coordinates"": [-123.14880143187835, 49.22080710059129], ""type"": ""Point""}";49.22080710059129, -123.14880143187835
2;Marpole;"{""coordinates"": [-123.14598856104841, 49.21884259525211], ""type"": ""Point""}";49.21884259525211, -123.14598856104841
329;Fairview;"{""coordinates"": [-123.14241447680449, 49.26400502730205], ""type"": ""Point""}";49.26400502730205, -123.14241447680449
289;Fairview;"{""coordinates"": [-123.1423486579808, 49.265722032341806], ""type"": ""Point""}";49.265722032341806, -123.1423486579808
2;Marpole;"{""coordinates"": [-123.14433163648978, 49.2063551072681], ""type"": ""Point""}";49.2063551072681, -123.14433163648978
3;Marpole;"{""coordinates"": [-123.14477151712696, 49.204675575253724], ""type"": ""Point""}";49.204675575253724, -123.14477151712696
11;Kerrisdale;"{""coordinates"": [-123.14918231887091, 49.21272969212607], ""type"": ""Point""}";49.21272969212607, -123.14918231887091
F;Marpole;"{""coordinates"": [-123.14728680778374, 49.209429800690984], ""type"": ""Point""}";49.209429800690984, -123.14728680778374
64;Shaughnessy;"{""coordinates"": [-123.13791030769173, 49.25134618851612], ""type"": ""Point""}";49.25134618851612, -123.13791030769173
38;Shaughnessy;"{""coordinates"": [-123.14107129121071, 49.25500437273044], ""type"": ""Point""}";49.25500437273044, -123.14107129121071
452;Fairview;"{""coordinates"": [-123.13528327239153, 49.2582443294326], ""type"": ""Point""}";49.2582443294326, -123.13528327239153
50;Shaughnessy;"{""coordinates"": [-123.13776710389857, 49.256079303896115], ""type"": ""Point""}";49.256079303896115, -123.13776710389857
370;Fairview;"{""coordinates"": [-123.1400970777, 49.26205484776686], ""type"": ""Point""}";49.26205484776686, -123.1400970777
352;Fairview;"{""coordinates"": [-123.1352933946869, 49.26290265010052], ""type"": ""Point""}";49.26290265010052, -123.1352933946869
249;Fairview;"{""coordinates"": [-123.14210786518666, 49.26739094793155], ""type"": ""Point""}";49.26739094793155, -123.14210786518666
811;Shaughnessy;"{""coordinates"": [-123.13682230518697, 49.24210712812104], ""type"": ""Point""}";49.24210712812104, -123.13682230518697
750;Shaughnessy;"{""coordinates"": [-123.14077224696193, 49.245005542006396], ""type"": ""Point""}";49.245005542006396, -123.14077224696193
729;Shaughnessy;"{""coordinates"": [-123.14281098715152, 49.24588094788325], ""type"": ""Point""}";49.24588094788325, -123.14281098715152
709;Shaughnessy;"{""coordinates"": [-123.14296547276523, 49.24688858291689], ""type"": ""Point""}";49.24688858291689, -123.14296547276523
713;Shaughnessy;"{""coordinates"": [-123.13383241644446, 49.246723244221656], ""type"": ""Point""}";49.246723244221656, -123.13383241644446
890;Shaughnessy;"{""coordinates"": [-123.14116551789348, 49.23844303313252], ""type"": ""Point""}";49.23844303313252, -123.14116551789348
8;Kerrisdale;"{""coordinates"": [-123.14402692309818, 49.23163682346156], ""type"": ""Point""}";49.23163682346156, -123.14402692309818
4;Shaughnessy;"{""coordinates"": [-123.1432926153607, 49.23650641788454], ""type"": ""Point""}";49.23650641788454, -123.1432926153607
BLK;Shaughnessy;"{""coordinates"": [-123.14351761820272, 49.23664014981486], ""type"": ""Point""}";49.23664014981486, -123.14351761820272
26;Oakridge;"{""coordinates"": [-123.13907899532654, 49.219493572781936], ""type"": ""Point""}";49.219493572781936, -123.13907899532654
19;Marpole;"{""coordinates"": [-123.13510722454046, 49.218589079909044], ""type"": ""Point""}";49.218589079909044, -123.13510722454046
27;Marpole;"{""coordinates"": [-123.1391083155964, 49.21870150331598], ""type"": ""Point""}";49.21870150331598, -123.1391083155964
B;Kerrisdale;"{""coordinates"": [-123.14341579403539, 49.224434194761805], ""type"": ""Point""}";49.224434194761805, -123.14341579403539
8;Kerrisdale;"{""coordinates"": [-123.14412222597, 49.22809213112936], ""type"": ""Point""}";49.22809213112936, -123.14412222597
6;Kerrisdale;"{""coordinates"": [-123.1406976407354, 49.22792325705768], ""type"": ""Point""}";49.22792325705768, -123.1406976407354
7;Oakridge;"{""coordinates"": [-123.13351076298277, 49.219831285859556], ""type"": ""Point""}";49.219831285859556, -123.13351076298277
10;Marpole;"{""coordinates"": [-123.14191483564197, 49.216277486589526], ""type"": ""Point""}";49.216277486589526, -123.14191483564197
13;Marpole;"{""coordinates"": [-123.13523746939447, 49.21406264584227], ""type"": ""Point""}";49.21406264584227, -123.13523746939447
A;Marpole;"{""coordinates"": [-123.1361611543264, 49.214625637014755], ""type"": ""Point""}";49.214625637014755, -123.1361611543264
9;Marpole;"{""coordinates"": [-123.13994295400646, 49.21645344732982], ""type"": ""Point""}";49.21645344732982, -123.13994295400646
2;Marpole;"{""coordinates"": [-123.13527477690268, 49.21542151069145], ""type"": ""Point""}";49.21542151069145, -123.13527477690268
2;Marpole;"{""coordinates"": [-123.13666610073042, 49.216668112220056], ""type"": ""Point""}";49.216668112220056, -123.13666610073042
16;Marpole;"{""coordinates"": [-123.1372255577726, 49.217696320097396], ""type"": ""Point""}";49.217696320097396, -123.1372255577726
28;Marpole;"{""coordinates"": [-123.13913509792692, 49.21773941701746], ""type"": ""Point""}";49.21773941701746, -123.13913509792692
6;Marpole;"{""coordinates"": [-123.13529703320596, 49.20493027674988], ""type"": ""Point""}";49.20493027674988, -123.13529703320596
F;Marpole;"{""coordinates"": [-123.14147359989897, 49.207770023175755], ""type"": ""Point""}";49.207770023175755, -123.14147359989897
7;Marpole;"{""coordinates"": [-123.13400052555332, 49.205092129349985], ""type"": ""Point""}";49.205092129349985, -123.13400052555332
4;Marpole;"{""coordinates"": [-123.1374611954823, 49.21193183505215], ""type"": ""Point""}";49.21193183505215, -123.1374611954823
115;Downtown;"{""coordinates"": [-123.12654528887553, 49.274061374559594], ""type"": ""Point""}";49.274061374559594, -123.12654528887553
113;Downtown;"{""coordinates"": [-123.12802355326475, 49.27509972500693], ""type"": ""Point""}";49.27509972500693, -123.12802355326475
41;West End;"{""coordinates"": [-123.13798796187666, 49.28027604843491], ""type"": ""Point""}";49.28027604843491, -123.13798796187666
26;West End;"{""coordinates"": [-123.13414131507105, 49.2798488452385], ""type"": ""Point""}";49.2798488452385, -123.13414131507105
57;West End;"{""coordinates"": [-123.1355645112481, 49.28909634683388], ""type"": ""Point""}";49.28909634683388, -123.1355645112481
61;West End;"{""coordinates"": [-123.1397471177886, 49.28630246585591], ""type"": ""Point""}";49.28630246585591, -123.1397471177886
435;Fairview;"{""coordinates"": [-123.12815843818359, 49.25906374866418], ""type"": ""Point""}";49.25906374866418, -123.12815843818359
394;Fairview;"{""coordinates"": [-123.13045596731153, 49.260981178499286], ""type"": ""Point""}";49.260981178499286, -123.13045596731153
111;Downtown;"{""coordinates"": [-123.13008300148857, 49.27636926349282], ""type"": ""Point""}";49.27636926349282, -123.13008300148857
735;Shaughnessy;"{""coordinates"": [-123.12904406642576, 49.245733630099025], ""type"": ""Point""}";49.245733630099025, -123.12904406642576
454;Fairview;"{""coordinates"": [-123.13051497240411, 49.25832411474442], ""type"": ""Point""}";49.25832411474442, -123.13051497240411
55;Shaughnessy;"{""coordinates"": [-123.12847319166778, 49.255162596179716], ""type"": ""Point""}";49.255162596179716, -123.12847319166778
882;Oakridge;"{""coordinates"": [-123.1249324473938, 49.22263995028912], ""type"": ""Point""}";49.22263995028912, -123.1249324473938
22;Marpole;"{""coordinates"": [-123.12917632291723, 49.2135493587951], ""type"": ""Point""}";49.2135493587951, -123.12917632291723
3;Marpole;"{""coordinates"": [-123.12334980677225, 49.21617590974097], ""type"": ""Point""}";49.21617590974097, -123.12334980677225
45;Hastings-Sunrise;"{""coordinates"": [-123.02463792463118, 49.28236744870104], ""type"": ""Point""}";49.28236744870104, -123.02463792463118
29;Hastings-Sunrise;"{""coordinates"": [-123.02698757981005, 49.28325191399661], ""type"": ""Point""}";49.28325191399661, -123.02698757981005
43;Hastings-Sunrise;"{""coordinates"": [-123.02962059014814, 49.28234692126172], ""type"": ""Point""}";49.28234692126172, -123.02962059014814
47;Riley Park;"{""coordinates"": [-123.09773602618989, 49.25234764214396], ""type"": ""Point""}";49.25234764214396, -123.09773602618989
P;Mount Pleasant;"{""coordinates"": [-123.11031491253092, 49.25969986468635], ""type"": ""Point""}";49.25969986468635, -123.11031491253092
788;Shaughnessy;"{""coordinates"": [-123.14467739705766, 49.242803576544674], ""type"": ""Point""}";49.242803576544674, -123.14467739705766
B;Grandview-Woodland;"{""coordinates"": [-123.07513615379023, 49.27996224010407], ""type"": ""Point""}";49.27996224010407, -123.07513615379023
BLK.;Grandview-Woodland;"{""coordinates"": [-123.07012640745846, 49.27989119681825], ""type"": ""Point""}";49.27989119681825, -123.07012640745846
22;Strathcona;"{""coordinates"": [-123.07827176258675, 49.27702681192682], ""type"": ""Point""}";49.27702681192682, -123.07827176258675
6;Grandview-Woodland;"{""coordinates"": [-123.06929848194821, 49.27968993443715], ""type"": ""Point""}";49.27968993443715, -123.06929848194821
36;Renfrew-Collingwood;"{""coordinates"": [-123.03708340642514, 49.241977870712276], ""type"": ""Point""}";49.241977870712276, -123.03708340642514
HALF;Victoria-Fraserview;"{""coordinates"": [-123.07353135451727, 49.22785022113136], ""type"": ""Point""}";49.22785022113136, -123.07353135451727
1165;Oakridge;"{""coordinates"": [-123.10921090474395, 49.2204595350711], ""type"": ""Point""}";49.2204595350711, -123.10921090474395
SOUTH;Victoria-Fraserview;"{""coordinates"": [-123.0634348646648, 49.22605613780239], ""type"": ""Point""}";49.22605613780239, -123.0634348646648
SOUTH  WEST  PART;Victoria-Fraserview;"{""coordinates"": [-123.06394655535661, 49.230139406925325], ""type"": ""Point""}";49.230139406925325, -123.06394655535661
HALF;Kensington-Cedar Cottage;"{""coordinates"": [-123.06365575768584, 49.23847226374915], ""type"": ""Point""}";49.23847226374915, -123.06365575768584
S1/2;Renfrew-Collingwood;"{""coordinates"": [-123.047092893783, 49.24015678997157], ""type"": ""Point""}";49.24015678997157, -123.047092893783
PTN;Renfrew-Collingwood;"{""coordinates"": [-123.04781390513901, 49.23441548534851], ""type"": ""Point""}";49.23441548534851, -123.04781390513901
SOUTH;Renfrew-Collingwood;"{""coordinates"": [-123.05531355610779, 49.23450754149298], ""type"": ""Point""}";49.23450754149298, -123.05531355610779
1;Grandview-Woodland;"{""coordinates"": [-123.06481061749408, 49.27160217878044], ""type"": ""Point""}";49.27160217878044, -123.06481061749408
S1/2;Hastings-Sunrise;"{""coordinates"": [-123.04277832534343, 49.27778923314483], ""type"": ""Point""}";49.27778923314483, -123.04277832534343
3;Renfrew-Collingwood;"{""coordinates"": [-123.05276132414355, 49.24218488959963], ""type"": ""Point""}";49.24218488959963, -123.05276132414355
3;Renfrew-Collingwood;"{""coordinates"": [-123.05202910700272, 49.24292950559799], ""type"": ""Point""}";49.24292950559799, -123.05202910700272
2;Kensington-Cedar Cottage;"{""coordinates"": [-123.0621787159556, 49.24447069783306], ""type"": ""Point""}";49.24447069783306, -123.0621787159556
38;Victoria-Fraserview;"{""coordinates"": [-123.06332391324854, 49.2061437366444], ""type"": ""Point""}";49.2061437366444, -123.06332391324854
2;West Point Grey;"{""coordinates"": [-123.21930516804804, 49.27436218319937], ""type"": ""Point""}";49.27436218319937, -123.21930516804804
3;West Point Grey;"{""coordinates"": [-123.21310897171962, 49.26438438754039], ""type"": ""Point""}";49.26438438754039, -123.21310897171962
8;;"{""coordinates"": [-123.21727065121775, 49.26638174995486], ""type"": ""Point""}";49.26638174995486, -123.21727065121775
C;West Point Grey;"{""coordinates"": [-123.21323618127902, 49.27284011333283], ""type"": ""Point""}";49.27284011333283, -123.21323618127902
B;West Point Grey;"{""coordinates"": [-123.21282132636298, 49.27307205478266], ""type"": ""Point""}";49.27307205478266, -123.21282132636298
4;West Point Grey;"{""coordinates"": [-123.21140794124143, 49.26435647000562], ""type"": ""Point""}";49.26435647000562, -123.21140794124143
3;West Point Grey;"{""coordinates"": [-123.20671554649884, 49.26947876275662], ""type"": ""Point""}";49.26947876275662, -123.20671554649884
1;West Point Grey;"{""coordinates"": [-123.21152375136015, 49.25981821700637], ""type"": ""Point""}";49.25981821700637, -123.21152375136015
1;West Point Grey;"{""coordinates"": [-123.19931293472024, 49.259493026388114], ""type"": ""Point""}";49.259493026388114, -123.19931293472024
3;West Point Grey;"{""coordinates"": [-123.20685474791443, 49.26430172691483], ""type"": ""Point""}";49.26430172691483, -123.20685474791443
3;West Point Grey;"{""coordinates"": [-123.19183046506102, 49.26028564028719], ""type"": ""Point""}";49.26028564028719, -123.19183046506102
179;West Point Grey;"{""coordinates"": [-123.19252820028278, 49.26278563506664], ""type"": ""Point""}";49.26278563506664, -123.19252820028278
1;Dunbar-Southlands;"{""coordinates"": [-123.19579381893233, 49.25148468568412], ""type"": ""Point""}";49.25148468568412, -123.19579381893233
1;Dunbar-Southlands;"{""coordinates"": [-123.19007583195197, 49.25324209732707], ""type"": ""Point""}";49.25324209732707, -123.19007583195197
2;Dunbar-Southlands;"{""coordinates"": [-123.19161362583802, 49.25324808459973], ""type"": ""Point""}";49.25324808459973, -123.19161362583802
4;Dunbar-Southlands;"{""coordinates"": [-123.19582148765265, 49.254172026206845], ""type"": ""Point""}";49.254172026206845, -123.19582148765265
2;Dunbar-Southlands;"{""coordinates"": [-123.1944248281284, 49.255066711343396], ""type"": ""Point""}";49.255066711343396, -123.1944248281284
5;Dunbar-Southlands;"{""coordinates"": [-123.18825847272348, 49.22666998951822], ""type"": ""Point""}";49.22666998951822, -123.18825847272348
1;Dunbar-Southlands;"{""coordinates"": [-123.19518619790318, 49.23575412288706], ""type"": ""Point""}";49.23575412288706, -123.19518619790318
D;Dunbar-Southlands;"{""coordinates"": [-123.19029558942822, 49.23366646872638], ""type"": ""Point""}";49.23366646872638, -123.19029558942822
17;Dunbar-Southlands;"{""coordinates"": [-123.19248627810957, 49.236871015162436], ""type"": ""Point""}";49.236871015162436, -123.19248627810957
61;Dunbar-Southlands;"{""coordinates"": [-123.18959222747512, 49.24538949556938], ""type"": ""Point""}";49.24538949556938, -123.18959222747512
60;Dunbar-Southlands;"{""coordinates"": [-123.19247931207651, 49.245400616157035], ""type"": ""Point""}";49.245400616157035, -123.19247931207651
218;West Point Grey;"{""coordinates"": [-123.18679495653258, 49.26895734793811], ""type"": ""Point""}";49.26895734793811, -123.18679495653258
40;Kitsilano;"{""coordinates"": [-123.17862610697972, 49.26641363062218], ""type"": ""Point""}";49.26641363062218, -123.17862610697972
29;Dunbar-Southlands;"{""coordinates"": [-123.1868549025806, 49.25662416767815], ""type"": ""Point""}";49.25662416767815, -123.1868549025806
115;Kitsilano;"{""coordinates"": [-123.17876455411628, 49.25822628023319], ""type"": ""Point""}";49.25822628023319, -123.17876455411628
72;Kitsilano;"{""coordinates"": [-123.18501942492627, 49.26213049442908], ""type"": ""Point""}";49.26213049442908, -123.18501942492627
1;West Point Grey;"{""coordinates"": [-123.18731416095127, 49.259309234670674], ""type"": ""Point""}";49.259309234670674, -123.18731416095127
34;Kitsilano;"{""coordinates"": [-123.1788177674241, 49.26707772901415], ""type"": ""Point""}";49.26707772901415, -123.1788177674241
31;Kitsilano;"{""coordinates"": [-123.18472289065606, 49.26717424074305], ""type"": ""Point""}";49.26717424074305, -123.18472289065606
39;Kitsilano;"{""coordinates"": [-123.18104263693861, 49.26626841982626], ""type"": ""Point""}";49.26626841982626, -123.18104263693861
4;Dunbar-Southlands;"{""coordinates"": [-123.1811179982333, 49.25244246434491], ""type"": ""Point""}";49.25244246434491, -123.1811179982333
4;Dunbar-Southlands;"{""coordinates"": [-123.18407719974833, 49.25245846743814], ""type"": ""Point""}";49.25245846743814, -123.18407719974833
25;Dunbar-Southlands;"{""coordinates"": [-123.18340313089465, 49.251188414659254], ""type"": ""Point""}";49.251188414659254, -123.18340313089465
32;Dunbar-Southlands;"{""coordinates"": [-123.18687928781458, 49.25120540415732], ""type"": ""Point""}";49.25120540415732, -123.18687928781458
3;Dunbar-Southlands;"{""coordinates"": [-123.18646125807189, 49.25064840227466], ""type"": ""Point""}";49.25064840227466, -123.18646125807189
J;Dunbar-Southlands;"{""coordinates"": [-123.1780134659133, 49.25499384684992], ""type"": ""Point""}";49.25499384684992, -123.1780134659133
1;Dunbar-Southlands;"{""coordinates"": [-123.18100762221988, 49.255151090771996], ""type"": ""Point""}";49.255151090771996, -123.18100762221988
4;Dunbar-Southlands;"{""coordinates"": [-123.18420270819578, 49.2542662989436], ""type"": ""Point""}";49.2542662989436, -123.18420270819578
1;Dunbar-Southlands;"{""coordinates"": [-123.18405972027205, 49.25517864258445], ""type"": ""Point""}";49.25517864258445, -123.18405972027205
2;Dunbar-Southlands;"{""coordinates"": [-123.18266976346598, 49.25517680071911], ""type"": ""Point""}";49.25517680071911, -123.18266976346598
4;Dunbar-Southlands;"{""coordinates"": [-123.18403684394396, 49.25608178142561], ""type"": ""Point""}";49.25608178142561, -123.18403684394396
15;Dunbar-Southlands;"{""coordinates"": [-123.18679692828243, 49.2368777100703], ""type"": ""Point""}";49.2368777100703, -123.18679692828243
K;Kerrisdale;"{""coordinates"": [-123.15036904639275, 49.22664819152642], ""type"": ""Point""}";49.22664819152642, -123.15036904639275
330;Fairview;"{""coordinates"": [-123.13982212107986, 49.26396036601504], ""type"": ""Point""}";49.26396036601504, -123.13982212107986
311;Fairview;"{""coordinates"": [-123.13720048600379, 49.2647953135686], ""type"": ""Point""}";49.2647953135686, -123.13720048600379
291;Fairview;"{""coordinates"": [-123.13748694136675, 49.2656450559125], ""type"": ""Point""}";49.2656450559125, -123.13748694136675
FALSE;Fairview;"{""coordinates"": [-123.13956069533937, 49.270660965063264], ""type"": ""Point""}";49.270660965063264, -123.13956069533937
230;Fairview;"{""coordinates"": [-123.13988620299679, 49.26912054859821], ""type"": ""Point""}";49.26912054859821, -123.13988620299679
A;Fairview;"{""coordinates"": [-123.13863564203982, 49.27488307311284], ""type"": ""Point""}";49.27488307311284, -123.13863564203982
12;Kerrisdale;"{""coordinates"": [-123.15373743831844, 49.2119926811819], ""type"": ""Point""}";49.2119926811819, -123.15373743831844
290;Fairview;"{""coordinates"": [-123.14032932058633, 49.265649041767055], ""type"": ""Point""}";49.265649041767055, -123.14032932058633
59;Shaughnessy;"{""coordinates"": [-123.13608718007725, 49.252691823293866], ""type"": ""Point""}";49.252691823293866, -123.13608718007725
70;Shaughnessy;"{""coordinates"": [-123.1355739444363, 49.24997677677567], ""type"": ""Point""}";49.24997677677567, -123.1355739444363
49;Shaughnessy;"{""coordinates"": [-123.142587069925, 49.25604316004464], ""type"": ""Point""}";49.25604316004464, -123.142587069925
469;Fairview;"{""coordinates"": [-123.14265313488288, 49.25768038813809], ""type"": ""Point""}";49.25768038813809, -123.14265313488288
57;Shaughnessy;"{""coordinates"": [-123.13382142743649, 49.254538058835614], ""type"": ""Point""}";49.254538058835614, -123.13382142743649
56;Shaughnessy;"{""coordinates"": [-123.136953526547, 49.25438845006809], ""type"": ""Point""}";49.25438845006809, -123.136953526547
369;Fairview;"{""coordinates"": [-123.14259381897227, 49.26210205861286], ""type"": ""Point""}";49.26210205861286, -123.14259381897227
871;Shaughnessy;"{""coordinates"": [-123.13914352622386, 49.23943454050793], ""type"": ""Point""}";49.23943454050793, -123.13914352622386
911;Shaughnessy;"{""coordinates"": [-123.1381252972113, 49.23740412292341], ""type"": ""Point""}";49.23740412292341, -123.1381252972113
749;Shaughnessy;"{""coordinates"": [-123.14324554038248, 49.2446439156874], ""type"": ""Point""}";49.2446439156874, -123.14324554038248
809;Shaughnessy;"{""coordinates"": [-123.14309070609505, 49.24238819151074], ""type"": ""Point""}";49.24238819151074, -123.14309070609505
832;Shaughnessy;"{""coordinates"": [-123.1359854548771, 49.241316103155604], ""type"": ""Point""}";49.241316103155604, -123.1359854548771
710;Shaughnessy;"{""coordinates"": [-123.14072736290358, 49.24683883465049], ""type"": ""Point""}";49.24683883465049, -123.14072736290358
31;Shaughnessy;"{""coordinates"": [-123.14042686860017, 49.25005535532394], ""type"": ""Point""}";49.25005535532394, -123.14042686860017
7;Oakridge;"{""coordinates"": [-123.13619130389577, 49.229896452179176], ""type"": ""Point""}";49.229896452179176, -123.13619130389577
4;Kerrisdale;"{""coordinates"": [-123.14230943757761, 49.233264592736525], ""type"": ""Point""}";49.233264592736525, -123.14230943757761
5;Oakridge;"{""coordinates"": [-123.13557677018993, 49.23316261546431], ""type"": ""Point""}";49.23316261546431, -123.13557677018993
971;Shaughnessy;"{""coordinates"": [-123.13823626408804, 49.234675829610566], ""type"": ""Point""}";49.234675829610566, -123.13823626408804
2;Oakridge;"{""coordinates"": [-123.13875988320329, 49.23138295636077], ""type"": ""Point""}";49.23138295636077, -123.13875988320329
A;Marpole;"{""coordinates"": [-123.1352237450803, 49.21879165214659], ""type"": ""Point""}";49.21879165214659, -123.1352237450803
B;Marpole;"{""coordinates"": [-123.13678597414219, 49.21886128925666], ""type"": ""Point""}";49.21886128925666, -123.13678597414219
A;Marpole;"{""coordinates"": [-123.1373140257645, 49.21887864431199], ""type"": ""Point""}";49.21887864431199, -123.1373140257645
18;Marpole;"{""coordinates"": [-123.13618722870609, 49.21860375128916], ""type"": ""Point""}";49.21860375128916, -123.13618722870609
A;Kerrisdale;"{""coordinates"": [-123.14257907511984, 49.22549265130157], ""type"": ""Point""}";49.22549265130157, -123.14257907511984
L;Oakridge;"{""coordinates"": [-123.13640859688994, 49.224338948352994], ""type"": ""Point""}";49.224338948352994, -123.13640859688994
K;Oakridge;"{""coordinates"": [-123.1362723346777, 49.22521434877419], ""type"": ""Point""}";49.22521434877419, -123.1362723346777
C;Oakridge;"{""coordinates"": [-123.13355059310685, 49.22608653320373], ""type"": ""Point""}";49.22608653320373, -123.13355059310685
5;Kerrisdale;"{""coordinates"": [-123.14059902249306, 49.229679252298055], ""type"": ""Point""}";49.229679252298055, -123.14059902249306
8;Marpole;"{""coordinates"": [-123.14004247912877, 49.2135950483433], ""type"": ""Point""}";49.2135950483433, -123.14004247912877
10;Marpole;"{""coordinates"": [-123.13731915705354, 49.21409860874032], ""type"": ""Point""}";49.21409860874032, -123.13731915705354
LK;Marpole;"{""coordinates"": [-123.13687728908361, 49.21462787601415], ""type"": ""Point""}";49.21462787601415, -123.13687728908361
O;Oakridge;"{""coordinates"": [-123.13703850374901, 49.22197828452381], ""type"": ""Point""}";49.22197828452381, -123.13703850374901
14;Marpole;"{""coordinates"": [-123.1383564170363, 49.20784550057343], ""type"": ""Point""}";49.20784550057343, -123.1383564170363
12;Marpole;"{""coordinates"": [-123.13989404621009, 49.206450412111444], ""type"": ""Point""}";49.206450412111444, -123.13989404621009
4;Marpole;"{""coordinates"": [-123.14327894217918, 49.2115477096124], ""type"": ""Point""}";49.2115477096124, -123.14327894217918
3;Marpole;"{""coordinates"": [-123.14394512813017, 49.212100073618494], ""type"": ""Point""}";49.212100073618494, -123.14394512813017
7;Marpole;"{""coordinates"": [-123.13539814873047, 49.211901052155], ""type"": ""Point""}";49.211901052155, -123.13539814873047
103;Downtown;"{""coordinates"": [-123.12631860655758, 49.276247417507804], ""type"": ""Point""}";49.276247417507804, -123.12631860655758
38;West End;"{""coordinates"": [-123.13550130481008, 49.2820948481482], ""type"": ""Point""}";49.2820948481482, -123.13550130481008
59;West End;"{""coordinates"": [-123.13767412720202, 49.28770637489686], ""type"": ""Point""}";49.28770637489686, -123.13767412720202
67;West End;"{""coordinates"": [-123.13953956289598, 49.29170675269658], ""type"": ""Point""}";49.29170675269658, -123.13953956289598
Z;Marpole;"{""coordinates"": [-123.13351618552879, 49.200777517823454], ""type"": ""Point""}";49.200777517823454, -123.13351618552879
X;Marpole;"{""coordinates"": [-123.13367210268412, 49.20284668917469], ""type"": ""Point""}";49.20284668917469, -123.13367210268412
2;Downtown;"{""coordinates"": [-123.10125335350567, 49.2789683528085], ""type"": ""Point""}";49.2789683528085, -123.10125335350567
6;Downtown;"{""coordinates"": [-123.10734694748392, 49.28439230580712], ""type"": ""Point""}";49.28439230580712, -123.10734694748392
28;Mount Pleasant;"{""coordinates"": [-123.09793342610168, 49.26576865624568], ""type"": ""Point""}";49.26576865624568, -123.09793342610168
D;Mount Pleasant;"{""coordinates"": [-123.09214860108756, 49.258329511346176], ""type"": ""Point""}";49.258329511346176, -123.09214860108756
121;Mount Pleasant;"{""coordinates"": [-123.09404060302036, 49.26287679269274], ""type"": ""Point""}";49.26287679269274, -123.09404060302036
18;Riley Park;"{""coordinates"": [-123.0947235734997, 49.247039495005225], ""type"": ""Point""}";49.247039495005225, -123.0947235734997
99;Mount Pleasant;"{""coordinates"": [-123.09522629586424, 49.256835267235175], ""type"": ""Point""}";49.256835267235175, -123.09522629586424
94;Riley Park;"{""coordinates"": [-123.09529088633077, 49.255928433156896], ""type"": ""Point""}";49.255928433156896, -123.09529088633077
10;Sunset;"{""coordinates"": [-123.09810943848838, 49.20946770101758], ""type"": ""Point""}";49.20946770101758, -123.09810943848838
M;Sunset;"{""coordinates"": [-123.09071743803833, 49.20937353555322], ""type"": ""Point""}";49.20937353555322, -123.09071743803833
1;Sunset;"{""coordinates"": [-123.09979917404183, 49.21292856666652], ""type"": ""Point""}";49.21292856666652, -123.09979917404183
7;Sunset;"{""coordinates"": [-123.0967867290263, 49.21738027725221], ""type"": ""Point""}";49.21738027725221, -123.0967867290263
4;Sunset;"{""coordinates"": [-123.09241433424907, 49.216954216621765], ""type"": ""Point""}";49.216954216621765, -123.09241433424907
54;Strathcona;"{""coordinates"": [-123.09447189836813, 49.28258482387709], ""type"": ""Point""}";49.28258482387709, -123.09447189836813
57;Strathcona;"{""coordinates"": [-123.09454899130154, 49.28159091074644], ""type"": ""Point""}";49.28159091074644, -123.09454899130154
43;Strathcona;"{""coordinates"": [-123.09060645747313, 49.28331183318177], ""type"": ""Point""}";49.28331183318177, -123.09060645747313
19;Sunset;"{""coordinates"": [-123.09299759603154, 49.20656480418994], ""type"": ""Point""}";49.20656480418994, -123.09299759603154
21;Sunset;"{""coordinates"": [-123.094651680836, 49.20642679507118], ""type"": ""Point""}";49.20642679507118, -123.094651680836
24;Sunset;"{""coordinates"": [-123.09723789131849, 49.2062514874017], ""type"": ""Point""}";49.2062514874017, -123.09723789131849
179;Mount Pleasant;"{""coordinates"": [-123.08056356861073, 49.26326490049777], ""type"": ""Point""}";49.26326490049777, -123.08056356861073
109;Mount Pleasant;"{""coordinates"": [-123.08431861130772, 49.26368268406425], ""type"": ""Point""}";49.26368268406425, -123.08431861130772
PCL.;Strathcona;"{""coordinates"": [-123.08979320031494, 49.27181122638466], ""type"": ""Point""}";49.27181122638466, -123.08979320031494
69;Strathcona;"{""coordinates"": [-123.09266019565743, 49.280572540516566], ""type"": ""Point""}";49.280572540516566, -123.09266019565743
C;Mount Pleasant;"{""coordinates"": [-123.08428563150056, 49.25747283800207], ""type"": ""Point""}";49.25747283800207, -123.08428563150056
80;Kensington-Cedar Cottage;"{""coordinates"": [-123.08507898251973, 49.25482623253001], ""type"": ""Point""}";49.25482623253001, -123.08507898251973
89;Kensington-Cedar Cottage;"{""coordinates"": [-123.08471447414124, 49.25575948440286], ""type"": ""Point""}";49.25575948440286, -123.08471447414124
E;Mount Pleasant;"{""coordinates"": [-123.08813330173462, 49.25744027380687], ""type"": ""Point""}";49.25744027380687, -123.08813330173462
BLK.;Mount Pleasant;"{""coordinates"": [-123.08026810793642, 49.26086158671455], ""type"": ""Point""}";49.26086158671455, -123.08026810793642
A;Mount Pleasant;"{""coordinates"": [-123.08434980799946, 49.26162424318372], ""type"": ""Point""}";49.26162424318372, -123.08434980799946
B;Kensington-Cedar Cottage;"{""coordinates"": [-123.08885989870322, 49.24788340884429], ""type"": ""Point""}";49.24788340884429, -123.08885989870322
26;Kensington-Cedar Cottage;"{""coordinates"": [-123.0892050738179, 49.24773428977309], ""type"": ""Point""}";49.24773428977309, -123.0892050738179
8;Kensington-Cedar Cottage;"{""coordinates"": [-123.08495468416052, 49.249412773830905], ""type"": ""Point""}";49.249412773830905, -123.08495468416052
63;Kensington-Cedar Cottage;"{""coordinates"": [-123.08093519409039, 49.253869095910446], ""type"": ""Point""}";49.253869095910446, -123.08093519409039
A;Kensington-Cedar Cottage;"{""coordinates"": [-123.0853879311344, 49.2459009504683], ""type"": ""Point""}";49.2459009504683, -123.0853879311344
3;Kensington-Cedar Cottage;"{""coordinates"": [-123.08102207229014, 49.241686102666165], ""type"": ""Point""}";49.241686102666165, -123.08102207229014
2;Kensington-Cedar Cottage;"{""coordinates"": [-123.08228505573994, 49.24169428619805], ""type"": ""Point""}";49.24169428619805, -123.08228505573994
5;Kensington-Cedar Cottage;"{""coordinates"": [-123.07850898034026, 49.24154016297988], ""type"": ""Point""}";49.24154016297988, -123.07850898034026
3;Kensington-Cedar Cottage;"{""coordinates"": [-123.085078485205, 49.24147834699359], ""type"": ""Point""}";49.24147834699359, -123.085078485205
2;Kensington-Cedar Cottage;"{""coordinates"": [-123.08912687445621, 49.241121278001295], ""type"": ""Point""}";49.241121278001295, -123.08912687445621
9;Kensington-Cedar Cottage;"{""coordinates"": [-123.08908871592271, 49.24293505346875], ""type"": ""Point""}";49.24293505346875, -123.08908871592271
C;Kensington-Cedar Cottage;"{""coordinates"": [-123.08237333166501, 49.24728960126956], ""type"": ""Point""}";49.24728960126956, -123.08237333166501
2;Kensington-Cedar Cottage;"{""coordinates"": [-123.08646359981853, 49.235938811872344], ""type"": ""Point""}";49.235938811872344, -123.08646359981853
1;Kensington-Cedar Cottage;"{""coordinates"": [-123.0817623495773, 49.235579915239214], ""type"": ""Point""}";49.235579915239214, -123.0817623495773
18;Kensington-Cedar Cottage;"{""coordinates"": [-123.08378351282663, 49.23427626070816], ""type"": ""Point""}";49.23427626070816, -123.08378351282663
14;Kensington-Cedar Cottage;"{""coordinates"": [-123.08286412277435, 49.23723632467494], ""type"": ""Point""}";49.23723632467494, -123.08286412277435
1;Kensington-Cedar Cottage;"{""coordinates"": [-123.07953516128964, 49.23898084556675], ""type"": ""Point""}";49.23898084556675, -123.07953516128964
17;Kensington-Cedar Cottage;"{""coordinates"": [-123.0805960712568, 49.238885372391714], ""type"": ""Point""}";49.238885372391714, -123.0805960712568
9;Kensington-Cedar Cottage;"{""coordinates"": [-123.08514808982567, 49.23918011942891], ""type"": ""Point""}";49.23918011942891, -123.08514808982567
3;Sunset;"{""coordinates"": [-123.0870185655406, 49.21884649803247], ""type"": ""Point""}";49.21884649803247, -123.0870185655406
2;Sunset;"{""coordinates"": [-123.08908556629636, 49.21851137760382], ""type"": ""Point""}";49.21851137760382, -123.08908556629636
29;Sunset;"{""coordinates"": [-123.0792467871384, 49.218865979937114], ""type"": ""Point""}";49.218865979937114, -123.0792467871384
2;Sunset;"{""coordinates"": [-123.08677956760565, 49.22111952257574], ""type"": ""Point""}";49.22111952257574, -123.08677956760565
3;Sunset;"{""coordinates"": [-123.08407928543873, 49.224781289651666], ""type"": ""Point""}";49.224781289651666, -123.08407928543873
3;Sunset;"{""coordinates"": [-123.08724333995399, 49.22630771559278], ""type"": ""Point""}";49.22630771559278, -123.08724333995399
5;Sunset;"{""coordinates"": [-123.07898067150421, 49.2265618126874], ""type"": ""Point""}";49.2265618126874, -123.07898067150421
4;Sunset;"{""coordinates"": [-123.07915517802971, 49.22987923521241], ""type"": ""Point""}";49.22987923521241, -123.07915517802971
1;Sunset;"{""coordinates"": [-123.08181782200384, 49.231755877441024], ""type"": ""Point""}";49.231755877441024, -123.08181782200384
A;Sunset;"{""coordinates"": [-123.07926927431139, 49.21301445418973], ""type"": ""Point""}";49.21301445418973, -123.07926927431139
A;Sunset;"{""coordinates"": [-123.08391805523753, 49.21411060091526], ""type"": ""Point""}";49.21411060091526, -123.08391805523753
10;Sunset;"{""coordinates"": [-123.08240421358836, 49.21396368241766], ""type"": ""Point""}";49.21396368241766, -123.08240421358836
1;Sunset;"{""coordinates"": [-123.0890392650658, 49.21592945371242], ""type"": ""Point""}";49.21592945371242, -123.0890392650658
T;Sunset;"{""coordinates"": [-123.07841307780379, 49.20864020747489], ""type"": ""Point""}";49.20864020747489, -123.07841307780379
25;Grandview-Woodland;"{""coordinates"": [-123.0762601582116, 49.2763662913889], ""type"": ""Point""}";49.2763662913889, -123.0762601582116
124;Strathcona;"{""coordinates"": [-123.08461371061385, 49.276938173977605], ""type"": ""Point""}";49.276938173977605, -123.08461371061385
64;Strathcona;"{""coordinates"": [-123.08190473265499, 49.28037057333798], ""type"": ""Point""}";49.28037057333798, -123.08190473265499
9;Strathcona;"{""coordinates"": [-123.08029002839984, 49.28130051269191], ""type"": ""Point""}";49.28130051269191, -123.08029002839984
62;Grandview-Woodland;"{""coordinates"": [-123.07262420488122, 49.269939852634785], ""type"": ""Point""}";49.269939852634785, -123.07262420488122
41;Grandview-Woodland;"{""coordinates"": [-123.0766207669875, 49.27232419099606], ""type"": ""Point""}";49.27232419099606, -123.0766207669875
A;Kensington-Cedar Cottage;"{""coordinates"": [-123.07258370187839, 49.26153013832745], ""type"": ""Point""}";49.26153013832745, -123.07258370187839
BLK. 153;Grandview-Woodland;"{""coordinates"": [-123.06850449885775, 49.263536895834626], ""type"": ""Point""}";49.263536895834626, -123.06850449885775
155;Grandview-Woodland;"{""coordinates"": [-123.07521916033024, 49.26380690241358], ""type"": ""Point""}";49.26380690241358, -123.07521916033024
D;Grandview-Woodland;"{""coordinates"": [-123.07628343536561, 49.263635745521114], ""type"": ""Point""}";49.263635745521114, -123.07628343536561
2;Grandview-Woodland;"{""coordinates"": [-123.06859153943722, 49.26678653190683], ""type"": ""Point""}";49.26678653190683, -123.06859153943722
A;Grandview-Woodland;"{""coordinates"": [-123.06863705773598, 49.26718790665265], ""type"": ""Point""}";49.26718790665265, -123.06863705773598
78;Grandview-Woodland;"{""coordinates"": [-123.076425939306, 49.266358814039926], ""type"": ""Point""}";49.266358814039926, -123.076425939306
3;Kensington-Cedar Cottage;"{""coordinates"": [-123.07321649369, 49.25512109053082], ""type"": ""Point""}";49.25512109053082, -123.07321649369
11;Kensington-Cedar Cottage;"{""coordinates"": [-123.07238733111885, 49.2553590327875], ""type"": ""Point""}";49.2553590327875, -123.07238733111885
8;Kensington-Cedar Cottage;"{""coordinates"": [-123.07244421806551, 49.25601204090238], ""type"": ""Point""}";49.25601204090238, -123.07244421806551
BLK. 162;Kensington-Cedar Cottage;"{""coordinates"": [-123.06874430713154, 49.260741213989476], ""type"": ""Point""}";49.260741213989476, -123.06874430713154
6;Kensington-Cedar Cottage;"{""coordinates"": [-123.07421156638604, 49.241018239154855], ""type"": ""Point""}";49.241018239154855, -123.07421156638604
1;Kensington-Cedar Cottage;"{""coordinates"": [-123.06819319244526, 49.245227833275926], ""type"": ""Point""}";49.245227833275926, -123.06819319244526
BLK;Kensington-Cedar Cottage;"{""coordinates"": [-123.0690910217197, 49.24523266998287], ""type"": ""Point""}";49.24523266998287, -123.0690910217197
9;Kensington-Cedar Cottage;"{""coordinates"": [-123.06978764037089, 49.2463618276068], ""type"": ""Point""}";49.2463618276068, -123.06978764037089
K;Kensington-Cedar Cottage;"{""coordinates"": [-123.07026491679278, 49.24635891170767], ""type"": ""Point""}";49.24635891170767, -123.07026491679278
L;Kensington-Cedar Cottage;"{""coordinates"": [-123.07162963927867, 49.24940777121093], ""type"": ""Point""}";49.24940777121093, -123.07162963927867
2;Kensington-Cedar Cottage;"{""coordinates"": [-123.07211725876125, 49.233843203444714], ""type"": ""Point""}";49.233843203444714, -123.07211725876125
3;Kensington-Cedar Cottage;"{""coordinates"": [-123.06927760305607, 49.23552790754344], ""type"": ""Point""}";49.23552790754344, -123.06927760305607
1;Victoria-Fraserview;"{""coordinates"": [-123.07121370747845, 49.22876829912347], ""type"": ""Point""}";49.22876829912347, -123.07121370747845
2;Victoria-Fraserview;"{""coordinates"": [-123.07032022911793, 49.228754445056865], ""type"": ""Point""}";49.228754445056865, -123.07032022911793
6;Victoria-Fraserview;"{""coordinates"": [-123.07142763224338, 49.22833201389599], ""type"": ""Point""}";49.22833201389599, -123.07142763224338
14;Victoria-Fraserview;"{""coordinates"": [-123.06951468808707, 49.22727615677586], ""type"": ""Point""}";49.22727615677586, -123.06951468808707
4;Victoria-Fraserview;"{""coordinates"": [-123.07358848662727, 49.22969695646373], ""type"": ""Point""}";49.22969695646373, -123.07358848662727
3;Victoria-Fraserview;"{""coordinates"": [-123.07223787422825, 49.22969581198808], ""type"": ""Point""}";49.22969581198808, -123.07223787422825
1;Victoria-Fraserview;"{""coordinates"": [-123.07098154930647, 49.2316567110821], ""type"": ""Point""}";49.2316567110821, -123.07098154930647
1;Victoria-Fraserview;"{""coordinates"": [-123.07358667308864, 49.23160169416121], ""type"": ""Point""}";49.23160169416121, -123.07358667308864
4;Kensington-Cedar Cottage;"{""coordinates"": [-123.06929708480064, 49.233811539199685], ""type"": ""Point""}";49.233811539199685, -123.06929708480064
4;Kensington-Cedar Cottage;"{""coordinates"": [-123.07336521390505, 49.23563793250259], ""type"": ""Point""}";49.23563793250259, -123.07336521390505
4;Sunset;"{""coordinates"": [-123.0779820408191, 49.21576985663377], ""type"": ""Point""}";49.21576985663377, -123.0779820408191
6;Victoria-Fraserview;"{""coordinates"": [-123.07245343640821, 49.2243993476936], ""type"": ""Point""}";49.2243993476936, -123.07245343640821
24;Victoria-Fraserview;"{""coordinates"": [-123.07113036219963, 49.226432676962936], ""type"": ""Point""}";49.226432676962936, -123.07113036219963
22;Victoria-Fraserview;"{""coordinates"": [-123.0695440213376, 49.21098758639515], ""type"": ""Point""}";49.21098758639515, -123.0695440213376
6;Victoria-Fraserview;"{""coordinates"": [-123.06958680069566, 49.20976234843456], ""type"": ""Point""}";49.20976234843456, -123.06958680069566
12;Victoria-Fraserview;"{""coordinates"": [-123.06927442584421, 49.215463729514525], ""type"": ""Point""}";49.215463729514525, -123.06927442584421
9;Victoria-Fraserview;"{""coordinates"": [-123.07088789225983, 49.216549767143675], ""type"": ""Point""}";49.216549767143675, -123.07088789225983
20;Victoria-Fraserview;"{""coordinates"": [-123.07481309169458, 49.21575140731221], ""type"": ""Point""}";49.21575140731221, -123.07481309169458
3;Victoria-Fraserview;"{""coordinates"": [-123.07474134558406, 49.216880793025815], ""type"": ""Point""}";49.216880793025815, -123.07474134558406
21;Victoria-Fraserview;"{""coordinates"": [-123.06773638991731, 49.211175033917044], ""type"": ""Point""}";49.211175033917044, -123.06773638991731
BLK. 136;Grandview-Woodland;"{""coordinates"": [-123.0643354284657, 49.273344866744175], ""type"": ""Point""}";49.273344866744175, -123.0643354284657
1;Grandview-Woodland;"{""coordinates"": [-123.0637476246495, 49.27318818150173], ""type"": ""Point""}";49.27318818150173, -123.0637476246495
3;Grandview-Woodland;"{""coordinates"": [-123.06316252437122, 49.274263140023464], ""type"": ""Point""}";49.274263140023464, -123.06316252437122
2;Grandview-Woodland;"{""coordinates"": [-123.06406241855225, 49.27424583259734], ""type"": ""Point""}";49.27424583259734, -123.06406241855225
16;Grandview-Woodland;"{""coordinates"": [-123.05727314459169, 49.27599761174977], ""type"": ""Point""}";49.27599761174977, -123.05727314459169
18;Grandview-Woodland;"{""coordinates"": [-123.06100337110625, 49.276002556933285], ""type"": ""Point""}";49.276002556933285, -123.06100337110625
45;Grandview-Woodland;"{""coordinates"": [-123.06663550537681, 49.273363955283735], ""type"": ""Point""}";49.273363955283735, -123.06663550537681
3;Grandview-Woodland;"{""coordinates"": [-123.07352840587362, 49.28258661881473], ""type"": ""Point""}";49.28258661881473, -123.07352840587362
6;Grandview-Woodland;"{""coordinates"": [-123.07569429361581, 49.281664204259414], ""type"": ""Point""}";49.281664204259414, -123.07569429361581
18;Grandview-Woodland;"{""coordinates"": [-123.07147098357365, 49.28396744553622], ""type"": ""Point""}";49.28396744553622, -123.07147098357365
142;Grandview-Woodland;"{""coordinates"": [-123.05974214701148, 49.26838327268334], ""type"": ""Point""}";49.26838327268334, -123.05974214701148
A;Grandview-Woodland;"{""coordinates"": [-123.06093156775985, 49.27137287015258], ""type"": ""Point""}";49.27137287015258, -123.06093156775985
1;Grandview-Woodland;"{""coordinates"": [-123.05901933856885, 49.26739924569614], ""type"": ""Point""}";49.26739924569614, -123.05901933856885
148;Grandview-Woodland;"{""coordinates"": [-123.05933267673991, 49.266188772140026], ""type"": ""Point""}";49.266188772140026, -123.05933267673991
16;Kensington-Cedar Cottage;"{""coordinates"": [-123.0658930758886, 49.24764570100962], ""type"": ""Point""}";49.24764570100962, -123.0658930758886
3;Victoria-Fraserview;"{""coordinates"": [-123.05689924502569, 49.22376470585518], ""type"": ""Point""}";49.22376470585518, -123.05689924502569
B;Victoria-Fraserview;"{""coordinates"": [-123.05689087653369, 49.223664862515484], ""type"": ""Point""}";49.223664862515484, -123.05689087653369
5;Victoria-Fraserview;"{""coordinates"": [-123.06183804338653, 49.2272662187573], ""type"": ""Point""}";49.2272662187573, -123.06183804338653
22;Grandview-Woodland;"{""coordinates"": [-123.05731452401167, 49.285107583534014], ""type"": ""Point""}";49.285107583534014, -123.05731452401167
1;Grandview-Woodland;"{""coordinates"": [-123.06691786103517, 49.2846940674632], ""type"": ""Point""}";49.2846940674632, -123.06691786103517
8;Grandview-Woodland;"{""coordinates"": [-123.0610387745937, 49.28770171799312], ""type"": ""Point""}";49.28770171799312, -123.0610387745937
16;Grandview-Woodland;"{""coordinates"": [-123.06227694969594, 49.28623302793431], ""type"": ""Point""}";49.28623302793431, -123.06227694969594
17;Grandview-Woodland;"{""coordinates"": [-123.06484013801456, 49.286016903413916], ""type"": ""Point""}";49.286016903413916, -123.06484013801456
72;Victoria-Fraserview;"{""coordinates"": [-123.05780285074442, 49.207518962452596], ""type"": ""Point""}";49.207518962452596, -123.05780285074442
26;Victoria-Fraserview;"{""coordinates"": [-123.05758719375815, 49.20878313346442], ""type"": ""Point""}";49.20878313346442, -123.05758719375815
1;Hastings-Sunrise;"{""coordinates"": [-123.05534977286194, 49.2688428120522], ""type"": ""Point""}";49.2688428120522, -123.05534977286194
7;Hastings-Sunrise;"{""coordinates"": [-123.05370099819872, 49.26986696448428], ""type"": ""Point""}";49.26986696448428, -123.05370099819872
22;Hastings-Sunrise;"{""coordinates"": [-123.05260121077656, 49.27169351256894], ""type"": ""Point""}";49.27169351256894, -123.05260121077656
14;Hastings-Sunrise;"{""coordinates"": [-123.04839516552029, 49.26417546469668], ""type"": ""Point""}";49.26417546469668, -123.04839516552029
S;Renfrew-Collingwood;"{""coordinates"": [-123.0541947645718, 49.25600829781266], ""type"": ""Point""}";49.25600829781266, -123.0541947645718
A;Renfrew-Collingwood;"{""coordinates"": [-123.0524374413841, 49.24721232034405], ""type"": ""Point""}";49.24721232034405, -123.0524374413841
6;Renfrew-Collingwood;"{""coordinates"": [-123.05547178380687, 49.249125231805664], ""type"": ""Point""}";49.249125231805664, -123.05547178380687
Q;Renfrew-Collingwood;"{""coordinates"": [-123.04586936314446, 49.257553844798366], ""type"": ""Point""}";49.257553844798366, -123.04586936314446
P;Renfrew-Collingwood;"{""coordinates"": [-123.04585891882938, 49.25666417727401], ""type"": ""Point""}";49.25666417727401, -123.04585891882938
B;Renfrew-Collingwood;"{""coordinates"": [-123.04824729752633, 49.25665923769933], ""type"": ""Point""}";49.25665923769933, -123.04824729752633
118;Renfrew-Collingwood;"{""coordinates"": [-123.04595013701794, 49.24198537064451], ""type"": ""Point""}";49.24198537064451, -123.04595013701794
121;Renfrew-Collingwood;"{""coordinates"": [-123.04634293543882, 49.24232050223497], ""type"": ""Point""}";49.24232050223497, -123.04634293543882
5;Renfrew-Collingwood;"{""coordinates"": [-123.0530865847738, 49.24573277612266], ""type"": ""Point""}";49.24573277612266, -123.0530865847738
A;Renfrew-Collingwood;"{""coordinates"": [-123.04729751330723, 49.23581636609764], ""type"": ""Point""}";49.23581636609764, -123.04729751330723
13;Renfrew-Collingwood;"{""coordinates"": [-123.05375429915684, 49.23363921042554], ""type"": ""Point""}";49.23363921042554, -123.05375429915684
1;Renfrew-Collingwood;"{""coordinates"": [-123.050440391778, 49.239672503358584], ""type"": ""Point""}";49.239672503358584, -123.050440391778
2;Victoria-Fraserview;"{""coordinates"": [-123.05568586488405, 49.221791699319375], ""type"": ""Point""}";49.221791699319375, -123.05568586488405
69;Victoria-Fraserview;"{""coordinates"": [-123.05219756521369, 49.21922006885093], ""type"": ""Point""}";49.21922006885093, -123.05219756521369
9;Victoria-Fraserview;"{""coordinates"": [-123.05148654353329, 49.2239618937205], ""type"": ""Point""}";49.2239618937205, -123.05148654353329
3;Victoria-Fraserview;"{""coordinates"": [-123.05555297121929, 49.22585979166445], ""type"": ""Point""}";49.22585979166445, -123.05555297121929
16;Hastings-Sunrise;"{""coordinates"": [-123.05074349594948, 49.285076879047544], ""type"": ""Point""}";49.285076879047544, -123.05074349594948
71;Killarney;"{""coordinates"": [-123.04583047765634, 49.21766722661726], ""type"": ""Point""}";49.21766722661726, -123.04583047765634
72;Victoria-Fraserview;"{""coordinates"": [-123.05409361784729, 49.21674640421711], ""type"": ""Point""}";49.21674640421711, -123.05409361784729
72;Victoria-Fraserview;"{""coordinates"": [-123.05412785338497, 49.213818712410905], ""type"": ""Point""}";49.213818712410905, -123.05412785338497
74;Hastings-Sunrise;"{""coordinates"": [-123.03780808599494, 49.26788101095897], ""type"": ""Point""}";49.26788101095897, -123.03780808599494
1;Hastings-Sunrise;"{""coordinates"": [-123.04090903734583, 49.27437371888746], ""type"": ""Point""}";49.27437371888746, -123.04090903734583
59;Hastings-Sunrise;"{""coordinates"": [-123.04563917697757, 49.28057159802486], ""type"": ""Point""}";49.28057159802486, -123.04563917697757
74;Hastings-Sunrise;"{""coordinates"": [-123.05074235567608, 49.279489742481275], ""type"": ""Point""}";49.279489742481275, -123.05074235567608
D;Renfrew-Collingwood;"{""coordinates"": [-123.03777483569101, 49.255025206395494], ""type"": ""Point""}";49.255025206395494, -123.03777483569101
R;Renfrew-Collingwood;"{""coordinates"": [-123.03517728489406, 49.25669758948916], ""type"": ""Point""}";49.25669758948916, -123.03517728489406
6;Hastings-Sunrise;"{""coordinates"": [-123.03532427039727, 49.26504577253006], ""type"": ""Point""}";49.26504577253006, -123.03532427039727
2;Hastings-Sunrise;"{""coordinates"": [-123.04278757087461, 49.27167754908986], ""type"": ""Point""}";49.27167754908986, -123.04278757087461
1003;Marpole;"{""coordinates"": [-123.12864227787458, 49.21633194400985], ""type"": ""Point""}";49.21633194400985, -123.12864227787458
10;Oakridge;"{""coordinates"": [-123.12782030386565, 49.220983765686945], ""type"": ""Point""}";49.220983765686945, -123.12782030386565
17A;Oakridge;"{""coordinates"": [-123.13204117943064, 49.219510872214684], ""type"": ""Point""}";49.219510872214684, -123.13204117943064
10;Marpole;"{""coordinates"": [-123.1297404511721, 49.218523279141884], ""type"": ""Point""}";49.218523279141884, -123.1297404511721
17;Marpole;"{""coordinates"": [-123.13236364747493, 49.214040877872414], ""type"": ""Point""}";49.214040877872414, -123.13236364747493
23;Marpole;"{""coordinates"": [-123.12844018607333, 49.21327736166575], ""type"": ""Point""}";49.21327736166575, -123.12844018607333
13;Marpole;"{""coordinates"": [-123.1231566542127, 49.21248153687002], ""type"": ""Point""}";49.21248153687002, -123.1231566542127
11;Marpole;"{""coordinates"": [-123.12311964025898, 49.21307998774851], ""type"": ""Point""}";49.21307998774851, -123.12311964025898
25;Marpole;"{""coordinates"": [-123.12506702945437, 49.20945131905172], ""type"": ""Point""}";49.20945131905172, -123.12506702945437
31;Marpole;"{""coordinates"": [-123.12932642673726, 49.20970144722511], ""type"": ""Point""}";49.20970144722511, -123.12932642673726
36;Marpole;"{""coordinates"": [-123.1326798802679, 49.20975577147187], ""type"": ""Point""}";49.20975577147187, -123.1326798802679
43;West End;"{""coordinates"": [-123.13068519182397, 49.288750301896016], ""type"": ""Point""}";49.288750301896016, -123.13068519182397
17;Downtown;"{""coordinates"": [-123.12408568690864, 49.286768106446566], ""type"": ""Point""}";49.286768106446566, -123.12408568690864
Y;Marpole;"{""coordinates"": [-123.12472944643616, 49.20763951934084], ""type"": ""Point""}";49.20763951934084, -123.12472944643616
K;Marpole;"{""coordinates"": [-123.12910659813595, 49.210417457431454], ""type"": ""Point""}";49.210417457431454, -123.12910659813595
44;West End;"{""coordinates"": [-123.13140779328542, 49.287900050676164], ""type"": ""Point""}";49.287900050676164, -123.13140779328542
72;Downtown;"{""coordinates"": [-123.1226882601156, 49.280010893350465], ""type"": ""Point""}";49.280010893350465, -123.1226882601156
100;Downtown;"{""coordinates"": [-123.12951010706685, 49.278056909150834], ""type"": ""Point""}";49.278056909150834, -123.12951010706685
80;Downtown;"{""coordinates"": [-123.12624854600122, 49.28024951441213], ""type"": ""Point""}";49.28024951441213, -123.12624854600122
20;West End;"{""coordinates"": [-123.12763870575954, 49.28401101197164], ""type"": ""Point""}";49.28401101197164, -123.12763870575954
518;South Cambie;"{""coordinates"": [-123.12134056358697, 49.25553787001883], ""type"": ""Point""}";49.25553787001883, -123.12134056358697
541;Riley Park;"{""coordinates"": [-123.11396620111572, 49.25425108433438], ""type"": ""Point""}";49.25425108433438, -123.11396620111572
439;Fairview;"{""coordinates"": [-123.11897394524306, 49.25903070916215], ""type"": ""Point""}";49.25903070916215, -123.11897394524306
378;Fairview;"{""coordinates"": [-123.12127604673212, 49.26137268379369], ""type"": ""Point""}";49.26137268379369, -123.12127604673212
19;Mount Pleasant;"{""coordinates"": [-123.11194016438469, 49.264212951808034], ""type"": ""Point""}";49.264212951808034, -123.11194016438469
11;Mount Pleasant;"{""coordinates"": [-123.1117017383974, 49.26692475956175], ""type"": ""Point""}";49.26692475956175, -123.1117017383974
8;South Cambie;"{""coordinates"": [-123.1158272671564, 49.252681807071546], ""type"": ""Point""}";49.252681807071546, -123.1158272671564
2;South Cambie;"{""coordinates"": [-123.11590980504597, 49.25070639086372], ""type"": ""Point""}";49.25070639086372, -123.11590980504597
6;South Cambie;"{""coordinates"": [-123.11602729066776, 49.25070627293491], ""type"": ""Point""}";49.25070627293491, -123.11602729066776
479;Fairview;"{""coordinates"": [-123.11913399983342, 49.25727758370413], ""type"": ""Point""}";49.25727758370413, -123.11913399983342
F;Mount Pleasant;"{""coordinates"": [-123.11211387991382, 49.25716684374862], ""type"": ""Point""}";49.25716684374862, -123.11211387991382
876;South Cambie;"{""coordinates"": [-123.11840649924534, 49.236347468272164], ""type"": ""Point""}";49.236347468272164, -123.11840649924534
877;South Cambie;"{""coordinates"": [-123.11993010517749, 49.23640479749314], ""type"": ""Point""}";49.23640479749314, -123.11993010517749
J;Riley Park;"{""coordinates"": [-123.11338472048968, 49.2408760622015], ""type"": ""Point""}";49.2408760622015, -123.11338472048968
701;Riley Park;"{""coordinates"": [-123.11376807977237, 49.24731934226601], ""type"": ""Point""}";49.24731934226601, -123.11376807977237
640;South Cambie;"{""coordinates"": [-123.11751187930824, 49.25037327135457], ""type"": ""Point""}";49.25037327135457, -123.11751187930824
894;Oakridge;"{""coordinates"": [-123.12213093241064, 49.22571083647576], ""type"": ""Point""}";49.22571083647576, -123.12213093241064
895;Oakridge;"{""coordinates"": [-123.11859421459519, 49.22558194031153], ""type"": ""Point""}";49.22558194031153, -123.11859421459519
B;Oakridge;"{""coordinates"": [-123.12120190826764, 49.23104185837542], ""type"": ""Point""}";49.23104185837542, -123.12120190826764
3;Marpole;"{""coordinates"": [-123.1206093597086, 49.207686001905486], ""type"": ""Point""}";49.207686001905486, -123.1206093597086
2;Marpole;"{""coordinates"": [-123.11535759967711, 49.21265350108083], ""type"": ""Point""}";49.21265350108083, -123.11535759967711
M;Marpole;"{""coordinates"": [-123.11880894816812, 49.21466343527142], ""type"": ""Point""}";49.21466343527142, -123.11880894816812
68;Downtown;"{""coordinates"": [-123.11558185079309, 49.27732472063262], ""type"": ""Point""}";49.27732472063262, -123.11558185079309
64;Downtown;"{""coordinates"": [-123.11902149282626, 49.279863087668815], ""type"": ""Point""}";49.279863087668815, -123.11902149282626
63;Downtown;"{""coordinates"": [-123.12013757539528, 49.28039356584697], ""type"": ""Point""}";49.28039356584697, -123.12013757539528
23;Downtown;"{""coordinates"": [-123.11408960555829, 49.28451701291704], ""type"": ""Point""}";49.28451701291704, -123.11408960555829
33;Downtown;"{""coordinates"": [-123.1153456909965, 49.2835371898865], ""type"": ""Point""}";49.2835371898865, -123.1153456909965
36;Downtown;"{""coordinates"": [-123.11198461453185, 49.281866961478684], ""type"": ""Point""}";49.281866961478684, -123.11198461453185
50;Mount Pleasant;"{""coordinates"": [-123.10399043247526, 49.26337269010783], ""type"": ""Point""}";49.26337269010783, -123.10399043247526
23;Mount Pleasant;"{""coordinates"": [-123.10389463959693, 49.266780150406944], ""type"": ""Point""}";49.266780150406944, -123.10389463959693
9;Mount Pleasant;"{""coordinates"": [-123.11013846003063, 49.26780269863949], ""type"": ""Point""}";49.26780269863949, -123.11013846003063
23;Downtown;"{""coordinates"": [-123.10055910363575, 49.276452844285885], ""type"": ""Point""}";49.276452844285885, -123.10055910363575
623;Riley Park;"{""coordinates"": [-123.10896726334109, 49.25036712809004], ""type"": ""Point""}";49.25036712809004, -123.10896726334109
55;Mount Pleasant;"{""coordinates"": [-123.10259431248859, 49.25695329139075], ""type"": ""Point""}";49.25695329139075, -123.10259431248859
51;Mount Pleasant;"{""coordinates"": [-123.10219358285804, 49.263327914078], ""type"": ""Point""}";49.263327914078, -123.10219358285804
10;Riley Park;"{""coordinates"": [-123.10389370644002, 49.247603160475265], ""type"": ""Point""}";49.247603160475265, -123.10389370644002
8;Riley Park;"{""coordinates"": [-123.10383138312426, 49.2470930879408], ""type"": ""Point""}";49.2470930879408, -123.10383138312426
682;Riley Park;"{""coordinates"": [-123.11122526304428, 49.24827132789695], ""type"": ""Point""}";49.24827132789695, -123.11122526304428
5;Riley Park;"{""coordinates"": [-123.10433267264638, 49.23691209388681], ""type"": ""Point""}";49.23691209388681, -123.10433267264638
B;Riley Park;"{""coordinates"": [-123.10295759932072, 49.23668459640316], ""type"": ""Point""}";49.23668459640316, -123.10295759932072
1;Riley Park;"{""coordinates"": [-123.1003870843089, 49.23662749006705], ""type"": ""Point""}";49.23662749006705, -123.1003870843089
5;Riley Park;"{""coordinates"": [-123.10048043785169, 49.239537433851936], ""type"": ""Point""}";49.239537433851936, -123.10048043785169
806;Riley Park;"{""coordinates"": [-123.10671252737862, 49.24291503640507], ""type"": ""Point""}";49.24291503640507, -123.10671252737862
805;Riley Park;"{""coordinates"": [-123.1084053095549, 49.24484871365518], ""type"": ""Point""}";49.24484871365518, -123.1084053095549
2;Riley Park;"{""coordinates"": [-123.10427505119338, 49.24165243258686], ""type"": ""Point""}";49.24165243258686, -123.10427505119338
9;Riley Park;"{""coordinates"": [-123.10310956573814, 49.245556485088876], ""type"": ""Point""}";49.245556485088876, -123.10310956573814
6;Riley Park;"{""coordinates"": [-123.10209885136452, 49.24651551899519], ""type"": ""Point""}";49.24651551899519, -123.10209885136452
33;Riley Park;"{""coordinates"": [-123.10067540559622, 49.247687317669204], ""type"": ""Point""}";49.247687317669204, -123.10067540559622
B;Sunset;"{""coordinates"": [-123.10347238901626, 49.23198420742095], ""type"": ""Point""}";49.23198420742095, -123.10347238901626
1004A;Riley Park;"{""coordinates"": [-123.10730716832151, 49.234060528596665], ""type"": ""Point""}";49.234060528596665, -123.10730716832151
1003A;Riley Park;"{""coordinates"": [-123.10971778799805, 49.23414168622596], ""type"": ""Point""}";49.23414168622596, -123.10971778799805
1024;Oakridge;"{""coordinates"": [-123.10726148080882, 49.23258223710889], ""type"": ""Point""}";49.23258223710889, -123.10726148080882
H;Riley Park;"{""coordinates"": [-123.10042486412748, 49.233891336028904], ""type"": ""Point""}";49.233891336028904, -123.10042486412748
I;Riley Park;"{""coordinates"": [-123.10288723620822, 49.233952414838924], ""type"": ""Point""}";49.233952414838924, -123.10288723620822
1;Sunset;"{""coordinates"": [-123.10081098042774, 49.21562316955612], ""type"": ""Point""}";49.21562316955612, -123.10081098042774
14;Sunset;"{""coordinates"": [-123.10113307061101, 49.214146618304895], ""type"": ""Point""}";49.214146618304895, -123.10113307061101
8;Sunset;"{""coordinates"": [-123.10492939633184, 49.22609751045162], ""type"": ""Point""}";49.22609751045162, -123.10492939633184
1;Sunset;"{""coordinates"": [-123.10476085775417, 49.227218527251814], ""type"": ""Point""}";49.227218527251814, -123.10476085775417
1103;Oakridge;"{""coordinates"": [-123.10943803469699, 49.228932213969614], ""type"": ""Point""}";49.228932213969614, -123.10943803469699
4;Sunset;"{""coordinates"": [-123.10266700906152, 49.22791136921028], ""type"": ""Point""}";49.22791136921028, -123.10266700906152
18;Downtown;"{""coordinates"": [-123.10506817057438, 49.2811406562335], ""type"": ""Point""}";49.2811406562335, -123.10506817057438
9;Downtown;"{""coordinates"": [-123.10925567234855, 49.28468688984823], ""type"": ""Point""}";49.28468688984823, -123.10925567234855
6;Downtown;"{""coordinates"": [-123.10118569210702, 49.282629422894196], ""type"": ""Point""}";49.282629422894196, -123.10118569210702
6;Sunset;"{""coordinates"": [-123.10172588649515, 49.20951493730599], ""type"": ""Point""}";49.20951493730599, -123.10172588649515
A;Sunset;"{""coordinates"": [-123.10414861928602, 49.21537303611801], ""type"": ""Point""}";49.21537303611801, -123.10414861928602
2;Marpole;"{""coordinates"": [-123.10727389215147, 49.215424138683055], ""type"": ""Point""}";49.215424138683055, -123.10727389215147
D;Marpole;"{""coordinates"": [-123.1090584558509, 49.213711492835394], ""type"": ""Point""}";49.213711492835394, -123.1090584558509
39;Downtown;"{""coordinates"": [-123.10940584630833, 49.280375746451526], ""type"": ""Point""}";49.280375746451526, -123.10940584630833
119;Mount Pleasant;"{""coordinates"": [-123.09990564013081, 49.262341476756916], ""type"": ""Point""}";49.262341476756916, -123.09990564013081
F;Mount Pleasant;"{""coordinates"": [-123.09018090931387, 49.26004078394648], ""type"": ""Point""}";49.26004078394648, -123.09018090931387
118;Mount Pleasant;"{""coordinates"": [-123.09972648570921, 49.261408108800175], ""type"": ""Point""}";49.261408108800175, -123.09972648570921
27;Mount Pleasant;"{""coordinates"": [-123.0965718771359, 49.26584495718577], ""type"": ""Point""}";49.26584495718577, -123.0965718771359
143;Riley Park;"{""coordinates"": [-123.0937324760241, 49.24705283371301], ""type"": ""Point""}";49.24705283371301, -123.0937324760241
169;Riley Park;"{""coordinates"": [-123.09223492001978, 49.246011068826526], ""type"": ""Point""}";49.246011068826526, -123.09223492001978
B;Riley Park;"{""coordinates"": [-123.09779539073604, 49.24898829781877], ""type"": ""Point""}";49.24898829781877, -123.09779539073604
100;Mount Pleasant;"{""coordinates"": [-123.0930266491392, 49.25677814959492], ""type"": ""Point""}";49.25677814959492, -123.0930266491392
77;Riley Park;"{""coordinates"": [-123.0910808819557, 49.254946393602864], ""type"": ""Point""}";49.254946393602864, -123.0910808819557
68;Riley Park;"{""coordinates"": [-123.09114548655525, 49.25405954892772], ""type"": ""Point""}";49.25405954892772, -123.09114548655525
76;Riley Park;"{""coordinates"": [-123.0929700975261, 49.254992644434964], ""type"": ""Point""}";49.254992644434964, -123.0929700975261
75;Riley Park;"{""coordinates"": [-123.09531935756755, 49.25502754755788], ""type"": ""Point""}";49.25502754755788, -123.09531935756755
25;Riley Park;"{""coordinates"": [-123.0950143179556, 49.24412085162059], ""type"": ""Point""}";49.24412085162059, -123.0950143179556
60;Riley Park;"{""coordinates"": [-123.09896080925047, 49.24605217959982], ""type"": ""Point""}";49.24605217959982, -123.09896080925047
51;Riley Park;"{""coordinates"": [-123.09881098818877, 49.24834358216116], ""type"": ""Point""}";49.24834358216116, -123.09881098818877
25;Riley Park;"{""coordinates"": [-123.09200429123669, 49.247937176749225], ""type"": ""Point""}";49.247937176749225, -123.09200429123669
1;Kensington-Cedar Cottage;"{""coordinates"": [-123.08957067898261, 49.2395563563861], ""type"": ""Point""}";49.2395563563861, -123.08957067898261
7;Riley Park;"{""coordinates"": [-123.09811221992604, 49.24018781948761], ""type"": ""Point""}";49.24018781948761, -123.09811221992604
9;Riley Park;"{""coordinates"": [-123.09796631246334, 49.23940556406783], ""type"": ""Point""}";49.23940556406783, -123.09796631246334
2;Riley Park;"{""coordinates"": [-123.0959240943412, 49.24220934044619], ""type"": ""Point""}";49.24220934044619, -123.0959240943412
1;Sunset;"{""coordinates"": [-123.09452795097108, 49.22312962370909], ""type"": ""Point""}";49.22312962370909, -123.09452795097108
3;Sunset;"{""coordinates"": [-123.09580760773795, 49.228666791940576], ""type"": ""Point""}";49.228666791940576, -123.09580760773795
2;Sunset;"{""coordinates"": [-123.09836193653273, 49.230571109383476], ""type"": ""Point""}";49.230571109383476, -123.09836193653273
2;Sunset;"{""coordinates"": [-123.09920249985198, 49.23054789347376], ""type"": ""Point""}";49.23054789347376, -123.09920249985198
4;Sunset;"{""coordinates"": [-123.09568158376489, 49.227774593493855], ""type"": ""Point""}";49.227774593493855, -123.09568158376489
6;Sunset;"{""coordinates"": [-123.09840635557707, 49.22872394913123], ""type"": ""Point""}";49.22872394913123, -123.09840635557707
3;Sunset;"{""coordinates"": [-123.0893928072175, 49.22980902474574], ""type"": ""Point""}";49.22980902474574, -123.0893928072175
1;Sunset;"{""coordinates"": [-123.0900478018003, 49.231986672425705], ""type"": ""Point""}";49.231986672425705, -123.0900478018003
6;Riley Park;"{""coordinates"": [-123.0982419603871, 49.23495729728491], ""type"": ""Point""}";49.23495729728491, -123.0982419603871
17;Sunset;"{""coordinates"": [-123.09663787795816, 49.22694536078545], ""type"": ""Point""}";49.22694536078545, -123.09663787795816
13;Sunset;"{""coordinates"": [-123.09963823839679, 49.2141174413876], ""type"": ""Point""}";49.2141174413876, -123.09963823839679
6;Sunset;"{""coordinates"": [-123.09251016739734, 49.21598285664979], ""type"": ""Point""}";49.21598285664979, -123.09251016739734
7;Sunset;"{""coordinates"": [-123.0995477274766, 49.219541204849094], ""type"": ""Point""}";49.219541204849094, -123.0995477274766
2;Sunset;"{""coordinates"": [-123.0986953127889, 49.22040144372188], ""type"": ""Point""}";49.22040144372188, -123.0986953127889
24;Sunset;"{""coordinates"": [-123.09283962105606, 49.22689669907811], ""type"": ""Point""}";49.22689669907811, -123.09283962105606
1B;Sunset;"{""coordinates"": [-123.08956693213065, 49.21422543844362], ""type"": ""Point""}";49.21422543844362, -123.08956693213065
9;Sunset;"{""coordinates"": [-123.09898815250355, 49.20947729589943], ""type"": ""Point""}";49.20947729589943, -123.09898815250355
15;Sunset;"{""coordinates"": [-123.09356888122824, 49.20917788912638], ""type"": ""Point""}";49.20917788912638, -123.09356888122824
17;Sunset;"{""coordinates"": [-123.09169149327863, 49.20937901816775], ""type"": ""Point""}";49.20937901816775, -123.09169149327863
30;Sunset;"{""coordinates"": [-123.09207464296621, 49.21193612781096], ""type"": ""Point""}";49.21193612781096, -123.09207464296621
5;Sunset;"{""coordinates"": [-123.09425454619058, 49.21733078327213], ""type"": ""Point""}";49.21733078327213, -123.09425454619058
91;Strathcona;"{""coordinates"": [-123.09062273590445, 49.27781070186267], ""type"": ""Point""}";49.27781070186267, -123.09062273590445
90;Strathcona;"{""coordinates"": [-123.09271306410592, 49.27785258024772], ""type"": ""Point""}";49.27785258024772, -123.09271306410592
20;Strathcona;"{""coordinates"": [-123.09840737399529, 49.27798679262794], ""type"": ""Point""}";49.27798679262794, -123.09840737399529
39A;Strathcona;"{""coordinates"": [-123.09685541213148, 49.28490706867006], ""type"": ""Point""}";49.28490706867006, -123.09685541213148
56;Strathcona;"{""coordinates"": [-123.09662981582355, 49.28163236625207], ""type"": ""Point""}";49.28163236625207, -123.09662981582355
26;Sunset;"{""coordinates"": [-123.09916995832573, 49.206105955991816], ""type"": ""Point""}";49.206105955991816, -123.09916995832573
N;Sunset;"{""coordinates"": [-123.0902453039146, 49.20710226133906], ""type"": ""Point""}";49.20710226133906, -123.0902453039146
A;Mount Pleasant;"{""coordinates"": [-123.08834264696516, 49.25894149605812], ""type"": ""Point""}";49.25894149605812, -123.08834264696516
115;Mount Pleasant;"{""coordinates"": [-123.08228002344273, 49.262758987888255], ""type"": ""Point""}";49.262758987888255, -123.08228002344273
99;Mount Pleasant;"{""coordinates"": [-123.0882276408579, 49.264630081593594], ""type"": ""Point""}";49.264630081593594, -123.0882276408579
F;Strathcona;"{""coordinates"": [-123.08112126713588, 49.27424008083687], ""type"": ""Point""}";49.27424008083687, -123.08112126713588
2;Strathcona;"{""coordinates"": [-123.08510341232619, 49.27307859113404], ""type"": ""Point""}";49.27307859113404, -123.08510341232619
68;Strathcona;"{""coordinates"": [-123.0903969111797, 49.28052389730419], ""type"": ""Point""}";49.28052389730419, -123.0903969111797
83;Kensington-Cedar Cottage;"{""coordinates"": [-123.07880834665664, 49.25476853202387], ""type"": ""Point""}";49.25476853202387, -123.07880834665664
102;Mount Pleasant;"{""coordinates"": [-123.08847673712404, 49.25665611426475], ""type"": ""Point""}";49.25665611426475, -123.08847673712404
B;Mount Pleasant;"{""coordinates"": [-123.07871753344723, 49.2588788407502], ""type"": ""Point""}";49.2588788407502, -123.07871753344723
A;Mount Pleasant;"{""coordinates"": [-123.08436325908824, 49.25890447753585], ""type"": ""Point""}";49.25890447753585, -123.08436325908824
113;Mount Pleasant;"{""coordinates"": [-123.0788774026888, 49.262772550940255], ""type"": ""Point""}";49.262772550940255, -123.0788774026888
B;Mount Pleasant;"{""coordinates"": [-123.08628607066609, 49.261804462621804], ""type"": ""Point""}";49.261804462621804, -123.08628607066609
1;Kensington-Cedar Cottage;"{""coordinates"": [-123.08900825020686, 49.24678923171348], ""type"": ""Point""}";49.24678923171348, -123.08900825020686
38;Kensington-Cedar Cottage;"{""coordinates"": [-123.07873094985, 49.25219303719061], ""type"": ""Point""}";49.25219303719061, -123.07873094985
54;Kensington-Cedar Cottage;"{""coordinates"": [-123.08863482489461, 49.25329760117206], ""type"": ""Point""}";49.25329760117206, -123.08863482489461
30;Kensington-Cedar Cottage;"{""coordinates"": [-123.08896517087251, 49.25129086382897], ""type"": ""Point""}";49.25129086382897, -123.08896517087251
19;Kensington-Cedar Cottage;"{""coordinates"": [-123.08873800677682, 49.25038924920729], ""type"": ""Point""}";49.25038924920729, -123.08873800677682
F;Kensington-Cedar Cottage;"{""coordinates"": [-123.083281215592, 49.244214127860204], ""type"": ""Point""}";49.244214127860204, -123.083281215592
1;Kensington-Cedar Cottage;"{""coordinates"": [-123.07974679583408, 49.24189281007627], ""type"": ""Point""}";49.24189281007627, -123.07974679583408
5;Kensington-Cedar Cottage;"{""coordinates"": [-123.0784620199723, 49.24092307644566], ""type"": ""Point""}";49.24092307644566, -123.0784620199723
C;Kensington-Cedar Cottage;"{""coordinates"": [-123.0808243990003, 49.2449335216096], ""type"": ""Point""}";49.2449335216096, -123.0808243990003
2;Kensington-Cedar Cottage;"{""coordinates"": [-123.08627815182507, 49.233194526534156], ""type"": ""Point""}";49.233194526534156, -123.08627815182507
17;Kensington-Cedar Cottage;"{""coordinates"": [-123.08308707199139, 49.234267318693064], ""type"": ""Point""}";49.234267318693064, -123.08308707199139
1;Sunset;"{""coordinates"": [-123.07908568961514, 49.23175401115286], ""type"": ""Point""}";49.23175401115286, -123.07908568961514
19;Kensington-Cedar Cottage;"{""coordinates"": [-123.08003756854298, 49.238991023020155], ""type"": ""Point""}";49.238991023020155, -123.08003756854298
13;Kensington-Cedar Cottage;"{""coordinates"": [-123.08292503577167, 49.23914929069644], ""type"": ""Point""}";49.23914929069644, -123.08292503577167
4;Kensington-Cedar Cottage;"{""coordinates"": [-123.08103639474409, 49.24095983494142], ""type"": ""Point""}";49.24095983494142, -123.08103639474409
A;Sunset;"{""coordinates"": [-123.08214605609284, 49.22363922026657], ""type"": ""Point""}";49.22363922026657, -123.08214605609284
6;Sunset;"{""coordinates"": [-123.08409484017582, 49.22383912309775], ""type"": ""Point""}";49.22383912309775, -123.08409484017582
3;Sunset;"{""coordinates"": [-123.0871882399728, 49.22808848628681], ""type"": ""Point""}";49.22808848628681, -123.0871882399728
12;Sunset;"{""coordinates"": [-123.08160891313794, 49.212640006340685], ""type"": ""Point""}";49.212640006340685, -123.08160891313794
6;Sunset;"{""coordinates"": [-123.08696211578842, 49.212140396997476], ""type"": ""Point""}";49.212140396997476, -123.08696211578842
8;Sunset;"{""coordinates"": [-123.0853989710681, 49.21213261293919], ""type"": ""Point""}";49.21213261293919, -123.0853989710681
B;Sunset;"{""coordinates"": [-123.08382919048312, 49.21320208785684], ""type"": ""Point""}";49.21320208785684, -123.08382919048312
F;Sunset;"{""coordinates"": [-123.07853672904109, 49.209553154423425], ""type"": ""Point""}";49.209553154423425, -123.07853672904109
3;Sunset;"{""coordinates"": [-123.07934973847762, 49.21567557218545], ""type"": ""Point""}";49.21567557218545, -123.07934973847762
4;Sunset;"{""coordinates"": [-123.08660239125611, 49.21680738363547], ""type"": ""Point""}";49.21680738363547, -123.08660239125611
79;Strathcona;"{""coordinates"": [-123.0817542507837, 49.27948298161829], ""type"": ""Point""}";49.27948298161829, -123.0817542507837
93;Strathcona;"{""coordinates"": [-123.08629938022857, 49.27774267088933], ""type"": ""Point""}";49.27774267088933, -123.08629938022857
67;Strathcona;"{""coordinates"": [-123.08849992307185, 49.280481028529486], ""type"": ""Point""}";49.280481028529486, -123.08849992307185
45;Strathcona;"{""coordinates"": [-123.08643232655622, 49.28319363190148], ""type"": ""Point""}";49.28319363190148, -123.08643232655622
51;Strathcona;"{""coordinates"": [-123.08840455306182, 49.28238592929267], ""type"": ""Point""}";49.28238592929267, -123.08840455306182
54;Grandview-Woodland;"{""coordinates"": [-123.07078498155596, 49.27083408186458], ""type"": ""Point""}";49.27083408186458, -123.07078498155596
53;Grandview-Woodland;"{""coordinates"": [-123.0708190535375, 49.27173267174258], ""type"": ""Point""}";49.27173267174258, -123.0708190535375
52;Grandview-Woodland;"{""coordinates"": [-123.07251356603186, 49.27176331079717], ""type"": ""Point""}";49.27176331079717, -123.07251356603186
50;Grandview-Woodland;"{""coordinates"": [-123.07420602805844, 49.27247846038919], ""type"": ""Point""}";49.27247846038919, -123.07420602805844
F;Grandview-Woodland;"{""coordinates"": [-123.07451240661962, 49.26271895850245], ""type"": ""Point""}";49.26271895850245, -123.07451240661962
80;Grandview-Woodland;"{""coordinates"": [-123.07462840654256, 49.265706685580575], ""type"": ""Point""}";49.265706685580575, -123.07462840654256
59;Strathcona;"{""coordinates"": [-123.07801904508536, 49.270134751838846], ""type"": ""Point""}";49.270134751838846, -123.07801904508536
69;Strathcona;"{""coordinates"": [-123.07805167049159, 49.26836039139147], ""type"": ""Point""}";49.26836039139147, -123.07805167049159
72;Grandview-Woodland;"{""coordinates"": [-123.07263081269907, 49.26811099014737], ""type"": ""Point""}";49.26811099014737, -123.07263081269907
B;Kensington-Cedar Cottage;"{""coordinates"": [-123.0710305355601, 49.26152527471631], ""type"": ""Point""}";49.26152527471631, -123.0710305355601
12;Kensington-Cedar Cottage;"{""coordinates"": [-123.07239466052098, 49.25508037433539], ""type"": ""Point""}";49.25508037433539, -123.07239466052098
B;Kensington-Cedar Cottage;"{""coordinates"": [-123.06960389697215, 49.254688935317084], ""type"": ""Point""}";49.254688935317084, -123.06960389697215
12;Kensington-Cedar Cottage;"{""coordinates"": [-123.07045226082658, 49.2550410156784], ""type"": ""Point""}";49.2550410156784, -123.07045226082658
10;Kensington-Cedar Cottage;"{""coordinates"": [-123.0704137915048, 49.25560764789104], ""type"": ""Point""}";49.25560764789104, -123.0704137915048
8;Kensington-Cedar Cottage;"{""coordinates"": [-123.07056992324988, 49.25608303979346], ""type"": ""Point""}";49.25608303979346, -123.07056992324988
D;Kensington-Cedar Cottage;"{""coordinates"": [-123.07117051039812, 49.26009549004381], ""type"": ""Point""}";49.26009549004381, -123.07117051039812
8;Kensington-Cedar Cottage;"{""coordinates"": [-123.07547830065995, 49.242372686197434], ""type"": ""Point""}";49.242372686197434, -123.07547830065995
10;Kensington-Cedar Cottage;"{""coordinates"": [-123.06964385893387, 49.24874965314566], ""type"": ""Point""}";49.24874965314566, -123.06964385893387
3;Kensington-Cedar Cottage;"{""coordinates"": [-123.07790137795274, 49.2388301370931], ""type"": ""Point""}";49.2388301370931, -123.07790137795274
7;Kensington-Cedar Cottage;"{""coordinates"": [-123.0779309503824, 49.236635412193884], ""type"": ""Point""}";49.236635412193884, -123.0779309503824
C;Kensington-Cedar Cottage;"{""coordinates"": [-123.0693485596263, 49.23783795229421], ""type"": ""Point""}";49.23783795229421, -123.0693485596263
1;Kensington-Cedar Cottage;"{""coordinates"": [-123.07304987656858, 49.24318682302201], ""type"": ""Point""}";49.24318682302201, -123.07304987656858
19;Kensington-Cedar Cottage;"{""coordinates"": [-123.0711751398245, 49.24426574841628], ""type"": ""Point""}";49.24426574841628, -123.0711751398245
17;Kensington-Cedar Cottage;"{""coordinates"": [-123.07160985644771, 49.24321575374691], ""type"": ""Point""}";49.24321575374691, -123.07160985644771
1;Kensington-Cedar Cottage;"{""coordinates"": [-123.07348064346921, 49.23385903946518], ""type"": ""Point""}";49.23385903946518, -123.07348064346921
16;Victoria-Fraserview;"{""coordinates"": [-123.07064973779978, 49.227199026435585], ""type"": ""Point""}";49.227199026435585, -123.07064973779978
17;Victoria-Fraserview;"{""coordinates"": [-123.07103361274285, 49.22719565167786], ""type"": ""Point""}";49.22719565167786, -123.07103361274285
5;Victoria-Fraserview;"{""coordinates"": [-123.07015750602237, 49.22829489522646], ""type"": ""Point""}";49.22829489522646, -123.07015750602237
9;Victoria-Fraserview;"{""coordinates"": [-123.0705496725602, 49.22782917865192], ""type"": ""Point""}";49.22782917865192, -123.0705496725602
7;Victoria-Fraserview;"{""coordinates"": [-123.07134698567882, 49.22783904251009], ""type"": ""Point""}";49.22783904251009, -123.07134698567882
4;Victoria-Fraserview;"{""coordinates"": [-123.06940433182308, 49.228423955421896], ""type"": ""Point""}";49.228423955421896, -123.06940433182308
13;Victoria-Fraserview;"{""coordinates"": [-123.06915347368188, 49.22726916837199], ""type"": ""Point""}";49.22726916837199, -123.06915347368188
4;Victoria-Fraserview;"{""coordinates"": [-123.07641646888412, 49.22829780582235], ""type"": ""Point""}";49.22829780582235, -123.07641646888412
1;Kensington-Cedar Cottage;"{""coordinates"": [-123.07618613848729, 49.23389110903908], ""type"": ""Point""}";49.23389110903908, -123.07618613848729
7;Sunset;"{""coordinates"": [-123.07798164044569, 49.21406636654481], ""type"": ""Point""}";49.21406636654481, -123.07798164044569
22;Victoria-Fraserview;"{""coordinates"": [-123.06960887597283, 49.22635457142099], ""type"": ""Point""}";49.22635457142099, -123.06960887597283
30;Victoria-Fraserview;"{""coordinates"": [-123.07087626304835, 49.225577545495106], ""type"": ""Point""}";49.225577545495106, -123.07087626304835
5;Victoria-Fraserview;"{""coordinates"": [-123.0753037949977, 49.21316612333061], ""type"": ""Point""}";49.21316612333061, -123.0753037949977
B;Victoria-Fraserview;"{""coordinates"": [-123.07312450910784, 49.21274622937629], ""type"": ""Point""}";49.21274622937629, -123.07312450910784
G;Victoria-Fraserview;"{""coordinates"": [-123.06912852618451, 49.20961104399372], ""type"": ""Point""}";49.20961104399372, -123.06912852618451
7;Victoria-Fraserview;"{""coordinates"": [-123.06783550435443, 49.21744437232304], ""type"": ""Point""}";49.21744437232304, -123.06783550435443
11;Victoria-Fraserview;"{""coordinates"": [-123.07127215758474, 49.21486014519698], ""type"": ""Point""}";49.21486014519698, -123.07127215758474
1;Victoria-Fraserview;"{""coordinates"": [-123.07309967791568, 49.21592651801144], ""type"": ""Point""}";49.21592651801144, -123.07309967791568
6;Grandview-Woodland;"{""coordinates"": [-123.06464448695156, 49.27362212387193], ""type"": ""Point""}";49.27362212387193, -123.06464448695156
1;Grandview-Woodland;"{""coordinates"": [-123.06503739035749, 49.27426200099389], ""type"": ""Point""}";49.27426200099389, -123.06503739035749
31;Grandview-Woodland;"{""coordinates"": [-123.06475782691186, 49.27512874535141], ""type"": ""Point""}";49.27512874535141, -123.06475782691186
17;Grandview-Woodland;"{""coordinates"": [-123.05893156545169, 49.275979480089255], ""type"": ""Point""}";49.275979480089255, -123.05893156545169
2;Grandview-Woodland;"{""coordinates"": [-123.06917936283136, 49.28341743608434], ""type"": ""Point""}";49.28341743608434, -123.06917936283136
4;Grandview-Woodland;"{""coordinates"": [-123.07541027562198, 49.28471739706381], ""type"": ""Point""}";49.28471739706381, -123.07541027562198
4;Grandview-Woodland;"{""coordinates"": [-123.07340902298932, 49.28164680678667], ""type"": ""Point""}";49.28164680678667, -123.07340902298932
1;Grandview-Woodland;"{""coordinates"": [-123.06916073753787, 49.285289837304276], ""type"": ""Point""}";49.285289837304276, -123.06916073753787
4;Grandview-Woodland;"{""coordinates"": [-123.0664994052171, 49.270754870492524], ""type"": ""Point""}";49.270754870492524, -123.0664994052171
2;Kensington-Cedar Cottage;"{""coordinates"": [-123.0573469804631, 49.26080073872253], ""type"": ""Point""}";49.26080073872253, -123.0573469804631
164;Kensington-Cedar Cottage;"{""coordinates"": [-123.05927442429302, 49.260680939263246], ""type"": ""Point""}";49.260680939263246, -123.05927442429302
C;Kensington-Cedar Cottage;"{""coordinates"": [-123.06502176815997, 49.26004274100686], ""type"": ""Point""}";49.26004274100686, -123.06502176815997
A;Kensington-Cedar Cottage;"{""coordinates"": [-123.06497831802109, 49.25876061504108], ""type"": ""Point""}";49.25876061504108, -123.06497831802109
B;Kensington-Cedar Cottage;"{""coordinates"": [-123.06717675252706, 49.26148846848205], ""type"": ""Point""}";49.26148846848205, -123.06717675252706
2;Grandview-Woodland;"{""coordinates"": [-123.05733313044408, 49.26365133554079], ""type"": ""Point""}";49.26365133554079, -123.05733313044408
150;Grandview-Woodland;"{""coordinates"": [-123.05785773582934, 49.26348699250841], ""type"": ""Point""}";49.26348699250841, -123.05785773582934
B;Grandview-Woodland;"{""coordinates"": [-123.06673316599908, 49.26687163534241], ""type"": ""Point""}";49.26687163534241, -123.06673316599908
2;Grandview-Woodland;"{""coordinates"": [-123.05901060535402, 49.267210881702404], ""type"": ""Point""}";49.267210881702404, -123.05901060535402
25;Kensington-Cedar Cottage;"{""coordinates"": [-123.05830201392503, 49.25069760695448], ""type"": ""Point""}";49.25069760695448, -123.05830201392503
20;Kensington-Cedar Cottage;"{""coordinates"": [-123.06080735147825, 49.25190859281107], ""type"": ""Point""}";49.25190859281107, -123.06080735147825
8;Kensington-Cedar Cottage;"{""coordinates"": [-123.0635909627667, 49.25116589680029], ""type"": ""Point""}";49.25116589680029, -123.0635909627667
19;Kensington-Cedar Cottage;"{""coordinates"": [-123.06198280038362, 49.252225490532645], ""type"": ""Point""}";49.252225490532645, -123.06198280038362
D;Grandview-Woodland;"{""coordinates"": [-123.06305123570618, 49.26292449449772], ""type"": ""Point""}";49.26292449449772, -123.06305123570618
1;Kensington-Cedar Cottage;"{""coordinates"": [-123.06480344383293, 49.244500711700766], ""type"": ""Point""}";49.244500711700766, -123.06480344383293
2;Kensington-Cedar Cottage;"{""coordinates"": [-123.0595742978276, 49.24898585004509], ""type"": ""Point""}";49.24898585004509, -123.0595742978276
3;Kensington-Cedar Cottage;"{""coordinates"": [-123.06710932966085, 49.24696628381862], ""type"": ""Point""}";49.24696628381862, -123.06710932966085
14;Renfrew-Collingwood;"{""coordinates"": [-123.05724698214534, 49.2336344110766], ""type"": ""Point""}";49.2336344110766, -123.05724698214534
J;Renfrew-Collingwood;"{""coordinates"": [-123.05792120606647, 49.24006486650142], ""type"": ""Point""}";49.24006486650142, -123.05792120606647
I;Kensington-Cedar Cottage;"{""coordinates"": [-123.06083324873671, 49.239221514094915], ""type"": ""Point""}";49.239221514094915, -123.06083324873671
3;Renfrew-Collingwood;"{""coordinates"": [-123.05728453816306, 49.23805414450827], ""type"": ""Point""}";49.23805414450827, -123.05728453816306
1;Kensington-Cedar Cottage;"{""coordinates"": [-123.06043930767639, 49.238505546588456], ""type"": ""Point""}";49.238505546588456, -123.06043930767639
1;Kensington-Cedar Cottage;"{""coordinates"": [-123.06008310109372, 49.24327073589898], ""type"": ""Point""}";49.24327073589898, -123.06008310109372
7;Kensington-Cedar Cottage;"{""coordinates"": [-123.0642391555597, 49.24292194021074], ""type"": ""Point""}";49.24292194021074, -123.0642391555597
8;Kensington-Cedar Cottage;"{""coordinates"": [-123.06423615072914, 49.24334869389517], ""type"": ""Point""}";49.24334869389517, -123.06423615072914
60;Victoria-Fraserview;"{""coordinates"": [-123.06171869910933, 49.21878216170071], ""type"": ""Point""}";49.21878216170071, -123.06171869910933
4;Victoria-Fraserview;"{""coordinates"": [-123.06079684684737, 49.22266935449086], ""type"": ""Point""}";49.22266935449086, -123.06079684684737
19;Grandview-Woodland;"{""coordinates"": [-123.06277516083865, 49.28512978860503], ""type"": ""Point""}";49.28512978860503, -123.06277516083865
6;Grandview-Woodland;"{""coordinates"": [-123.0572398233821, 49.28779769769771], ""type"": ""Point""}";49.28779769769771, -123.0572398233821
11;Grandview-Woodland;"{""coordinates"": [-123.05862579662625, 49.286930318491024], ""type"": ""Point""}";49.286930318491024, -123.05862579662625
N;Victoria-Fraserview;"{""coordinates"": [-123.06475771003885, 49.20835164587559], ""type"": ""Point""}";49.20835164587559, -123.06475771003885
32;Victoria-Fraserview;"{""coordinates"": [-123.05863246075097, 49.2109820276042], ""type"": ""Point""}";49.2109820276042, -123.05863246075097
26;Grandview-Woodland;"{""coordinates"": [-123.06272205816364, 49.28423168554509], ""type"": ""Point""}";49.28423168554509, -123.06272205816364
5;Grandview-Woodland;"{""coordinates"": [-123.06686753753401, 49.28055763845563], ""type"": ""Point""}";49.28055763845563, -123.06686753753401
41;Grandview-Woodland;"{""coordinates"": [-123.05894322438111, 49.28149462633777], ""type"": ""Point""}";49.28149462633777, -123.05894322438111
31;Grandview-Woodland;"{""coordinates"": [-123.05883097247948, 49.283309073305595], ""type"": ""Point""}";49.283309073305595, -123.05883097247948
5;Hastings-Sunrise;"{""coordinates"": [-123.05560660582239, 49.27076423321687], ""type"": ""Point""}";49.27076423321687, -123.05560660582239
5;Hastings-Sunrise;"{""coordinates"": [-123.05254636418317, 49.275424139115266], ""type"": ""Point""}";49.275424139115266, -123.05254636418317
U;Renfrew-Collingwood;"{""coordinates"": [-123.05575773926499, 49.25676283737381], ""type"": ""Point""}";49.25676283737381, -123.05575773926499
23;Hastings-Sunrise;"{""coordinates"": [-123.0535703996356, 49.26238120138936], ""type"": ""Point""}";49.26238120138936, -123.0535703996356
4;Renfrew-Collingwood;"{""coordinates"": [-123.05561822622701, 49.26042243578374], ""type"": ""Point""}";49.26042243578374, -123.05561822622701
A;Renfrew-Collingwood;"{""coordinates"": [-123.05498856893792, 49.26150935835385], ""type"": ""Point""}";49.26150935835385, -123.05498856893792
17;Hastings-Sunrise;"{""coordinates"": [-123.0535345862302, 49.2641892541512], ""type"": ""Point""}";49.2641892541512, -123.0535345862302
10;Hastings-Sunrise;"{""coordinates"": [-123.05087193408366, 49.26608835481207], ""type"": ""Point""}";49.26608835481207, -123.05087193408366
46;Hastings-Sunrise;"{""coordinates"": [-123.04560090900911, 49.26696646290692], ""type"": ""Point""}";49.26696646290692, -123.04560090900911
E;Renfrew-Collingwood;"{""coordinates"": [-123.0511621166928, 49.2518274342401], ""type"": ""Point""}";49.2518274342401, -123.0511621166928
D;Renfrew-Collingwood;"{""coordinates"": [-123.05102658356896, 49.25266522820032], ""type"": ""Point""}";49.25266522820032, -123.05102658356896
O;Renfrew-Collingwood;"{""coordinates"": [-123.05353950021798, 49.25349802894244], ""type"": ""Point""}";49.25349802894244, -123.05353950021798
112;Renfrew-Collingwood;"{""coordinates"": [-123.04559244949077, 49.239982722276245], ""type"": ""Point""}";49.239982722276245, -123.04559244949077
16;Renfrew-Collingwood;"{""coordinates"": [-123.04959841562302, 49.24290697121025], ""type"": ""Point""}";49.24290697121025, -123.04959841562302
12;Renfrew-Collingwood;"{""coordinates"": [-123.05220323912518, 49.24414689621105], ""type"": ""Point""}";49.24414689621105, -123.05220323912518
3;Renfrew-Collingwood;"{""coordinates"": [-123.04823095557951, 49.24823662271122], ""type"": ""Point""}";49.24823662271122, -123.04823095557951
B;Renfrew-Collingwood;"{""coordinates"": [-123.05094631832264, 49.2472029038642], ""type"": ""Point""}";49.2472029038642, -123.05094631832264
8;Renfrew-Collingwood;"{""coordinates"": [-123.05321915463739, 49.245076971656715], ""type"": ""Point""}";49.245076971656715, -123.05321915463739
3;Renfrew-Collingwood;"{""coordinates"": [-123.05054088258314, 49.234594337428675], ""type"": ""Point""}";49.234594337428675, -123.05054088258314
E;Renfrew-Collingwood;"{""coordinates"": [-123.05276970333198, 49.2346531502416], ""type"": ""Point""}";49.2346531502416, -123.05276970333198
12;Renfrew-Collingwood;"{""coordinates"": [-123.05389078835647, 49.23512144710173], ""type"": ""Point""}";49.23512144710173, -123.05389078835647
C;Renfrew-Collingwood;"{""coordinates"": [-123.05111237930328, 49.23331677838684], ""type"": ""Point""}";49.23331677838684, -123.05111237930328
3;Renfrew-Collingwood;"{""coordinates"": [-123.05158941868491, 49.23955028134554], ""type"": ""Point""}";49.23955028134554, -123.05158941868491
6;Renfrew-Collingwood;"{""coordinates"": [-123.04815216465768, 49.23637749635849], ""type"": ""Point""}";49.23637749635849, -123.04815216465768
5B;Renfrew-Collingwood;"{""coordinates"": [-123.04992685153051, 49.23686400651554], ""type"": ""Point""}";49.23686400651554, -123.04992685153051
72;Victoria-Fraserview;"{""coordinates"": [-123.05107892101482, 49.21963625849401], ""type"": ""Point""}";49.21963625849401, -123.05107892101482
B;Killarney;"{""coordinates"": [-123.04691458267605, 49.21927857373594], ""type"": ""Point""}";49.21927857373594, -123.04691458267605
7;Victoria-Fraserview;"{""coordinates"": [-123.05094442875446, 49.2262122275301], ""type"": ""Point""}";49.2262122275301, -123.05094442875446
8;Victoria-Fraserview;"{""coordinates"": [-123.05163093369097, 49.22315287592451], ""type"": ""Point""}";49.22315287592451, -123.05163093369097
12;Killarney;"{""coordinates"": [-123.04991687341816, 49.226743540522456], ""type"": ""Point""}";49.226743540522456, -123.04991687341816
2;Victoria-Fraserview;"{""coordinates"": [-123.05583724546501, 49.231434034629906], ""type"": ""Point""}";49.231434034629906, -123.05583724546501
3;Victoria-Fraserview;"{""coordinates"": [-123.05500426773698, 49.231455006395144], ""type"": ""Point""}";49.231455006395144, -123.05500426773698
14;Hastings-Sunrise;"{""coordinates"": [-123.0455549165123, 49.28507450746384], ""type"": ""Point""}";49.28507450746384, -123.0455549165123
72;Victoria-Fraserview;"{""coordinates"": [-123.0556385748283, 49.21126418843412], ""type"": ""Point""}";49.21126418843412, -123.0556385748283
30;Renfrew-Collingwood;"{""coordinates"": [-123.0382204863466, 49.2413770589695], ""type"": ""Point""}";49.2413770589695, -123.0382204863466
113;Renfrew-Collingwood;"{""coordinates"": [-123.0404568046474, 49.242168903890644], ""type"": ""Point""}";49.242168903890644, -123.0404568046474
114;Renfrew-Collingwood;"{""coordinates"": [-123.04095000493484, 49.242413103737896], ""type"": ""Point""}";49.242413103737896, -123.04095000493484
A;Renfrew-Collingwood;"{""coordinates"": [-123.03815025831538, 49.24277196469711], ""type"": ""Point""}";49.24277196469711, -123.03815025831538
79;Renfrew-Collingwood;"{""coordinates"": [-123.03714671202563, 49.23691968198887], ""type"": ""Point""}";49.23691968198887, -123.03714671202563
74;Renfrew-Collingwood;"{""coordinates"": [-123.03480500657128, 49.23796780854848], ""type"": ""Point""}";49.23796780854848, -123.03480500657128
151;Renfrew-Collingwood;"{""coordinates"": [-123.035579391419, 49.23934730799819], ""type"": ""Point""}";49.23934730799819, -123.035579391419
146;Renfrew-Collingwood;"{""coordinates"": [-123.03800389960483, 49.24003413211756], ""type"": ""Point""}";49.24003413211756, -123.03800389960483
107;Renfrew-Collingwood;"{""coordinates"": [-123.04407468982632, 49.23958994938467], ""type"": ""Point""}";49.23958994938467, -123.04407468982632
14;Renfrew-Collingwood;"{""coordinates"": [-123.04138285160094, 49.23392156522213], ""type"": ""Point""}";49.23392156522213, -123.04138285160094
35;Renfrew-Collingwood;"{""coordinates"": [-123.03518003562344, 49.23447946417077], ""type"": ""Point""}";49.23447946417077, -123.03518003562344
1;Hastings-Sunrise;"{""coordinates"": [-123.04256557717416, 49.27679526307167], ""type"": ""Point""}";49.27679526307167, -123.04256557717416
8;Killarney;"{""coordinates"": [-123.04092224583435, 49.20694716753632], ""type"": ""Point""}";49.20694716753632, -123.04092224583435
4;Killarney;"{""coordinates"": [-123.04175078475213, 49.222385956966306], ""type"": ""Point""}";49.222385956966306, -123.04175078475213
4;Killarney;"{""coordinates"": [-123.03570355860613, 49.22069283473092], ""type"": ""Point""}";49.22069283473092, -123.03570355860613
7;Killarney;"{""coordinates"": [-123.04003603606077, 49.22307093298673], ""type"": ""Point""}";49.22307093298673, -123.04003603606077
A;Killarney;"{""coordinates"": [-123.0444522487518, 49.22723467405723], ""type"": ""Point""}";49.22723467405723, -123.0444522487518
1;Renfrew-Collingwood;"{""coordinates"": [-123.02905537638492, 49.26231133996699], ""type"": ""Point""}";49.26231133996699, -123.02905537638492
8;Hastings-Sunrise;"{""coordinates"": [-123.03216806013958, 49.264035948437744], ""type"": ""Point""}";49.264035948437744, -123.03216806013958
2;Hastings-Sunrise;"{""coordinates"": [-123.02489545378852, 49.273561524728144], ""type"": ""Point""}";49.273561524728144, -123.02489545378852
4;Hastings-Sunrise;"{""coordinates"": [-123.03223973299133, 49.274405949215556], ""type"": ""Point""}";49.274405949215556, -123.03223973299133
5;Hastings-Sunrise;"{""coordinates"": [-123.03232858093638, 49.27356003493229], ""type"": ""Point""}";49.27356003493229, -123.03232858093638
1;Renfrew-Collingwood;"{""coordinates"": [-123.02508445945539, 49.24729826265038], ""type"": ""Point""}";49.24729826265038, -123.02508445945539
4;Renfrew-Collingwood;"{""coordinates"": [-123.02745325952083, 49.24758597616191], ""type"": ""Point""}";49.24758597616191, -123.02745325952083
2;Renfrew-Collingwood;"{""coordinates"": [-123.02532824765743, 49.24648805407145], ""type"": ""Point""}";49.24648805407145, -123.02532824765743
15;Renfrew-Collingwood;"{""coordinates"": [-123.02509495095727, 49.25097356598922], ""type"": ""Point""}";49.25097356598922, -123.02509495095727
11;Renfrew-Collingwood;"{""coordinates"": [-123.03115766820551, 49.253137797666746], ""type"": ""Point""}";49.253137797666746, -123.03115766820551
4;Renfrew-Collingwood;"{""coordinates"": [-123.03226729267496, 49.249967585577664], ""type"": ""Point""}";49.249967585577664, -123.03226729267496
1;Renfrew-Collingwood;"{""coordinates"": [-123.02741589815756, 49.24998974357813], ""type"": ""Point""}";49.24998974357813, -123.02741589815756
23;Renfrew-Collingwood;"{""coordinates"": [-123.02623036995348, 49.256558526373446], ""type"": ""Point""}";49.256558526373446, -123.02623036995348
5;Renfrew-Collingwood;"{""coordinates"": [-123.0289779473736, 49.2614298561519], ""type"": ""Point""}";49.2614298561519, -123.0289779473736
82;Renfrew-Collingwood;"{""coordinates"": [-123.0304445500994, 49.24184320030199], ""type"": ""Point""}";49.24184320030199, -123.0304445500994
91;Renfrew-Collingwood;"{""coordinates"": [-123.02849389008645, 49.24231762097073], ""type"": ""Point""}";49.24231762097073, -123.02849389008645
100;Renfrew-Collingwood;"{""coordinates"": [-123.02793518417586, 49.24301054356012], ""type"": ""Point""}";49.24301054356012, -123.02793518417586
89;Renfrew-Collingwood;"{""coordinates"": [-123.02672253272, 49.24137901340499], ""type"": ""Point""}";49.24137901340499, -123.02672253272
1;Renfrew-Collingwood;"{""coordinates"": [-123.02438678230864, 49.24331569189335], ""type"": ""Point""}";49.24331569189335, -123.02438678230864
50;Renfrew-Collingwood;"{""coordinates"": [-123.0300596556492, 49.239158680692164], ""type"": ""Point""}";49.239158680692164, -123.0300596556492
57;Renfrew-Collingwood;"{""coordinates"": [-123.0267623457226, 49.23758880516623], ""type"": ""Point""}";49.23758880516623, -123.0267623457226
59;Renfrew-Collingwood;"{""coordinates"": [-123.02543577992034, 49.237534755592606], ""type"": ""Point""}";49.237534755592606, -123.02543577992034
5;Renfrew-Collingwood;"{""coordinates"": [-123.02561276198165, 49.236478575723616], ""type"": ""Point""}";49.236478575723616, -123.02561276198165
65;Renfrew-Collingwood;"{""coordinates"": [-123.02744902482122, 49.239351639755725], ""type"": ""Point""}";49.239351639755725, -123.02744902482122
47;Renfrew-Collingwood;"{""coordinates"": [-123.03103477800576, 49.23952699389193], ""type"": ""Point""}";49.23952699389193, -123.03103477800576
11;Killarney;"{""coordinates"": [-123.02849429958904, 49.23046818270149], ""type"": ""Point""}";49.23046818270149, -123.02849429958904
12;Killarney;"{""coordinates"": [-123.02711925632255, 49.230461236524505], ""type"": ""Point""}";49.230461236524505, -123.02711925632255
13;Killarney;"{""coordinates"": [-123.02581325001421, 49.2306960780293], ""type"": ""Point""}";49.2306960780293, -123.02581325001421
55;Renfrew-Collingwood;"{""coordinates"": [-123.03087965563893, 49.234579209689755], ""type"": ""Point""}";49.234579209689755, -123.03087965563893
63;Renfrew-Collingwood;"{""coordinates"": [-123.0329401110146, 49.23536182087578], ""type"": ""Point""}";49.23536182087578, -123.0329401110146
47;Renfrew-Collingwood;"{""coordinates"": [-123.03243220963569, 49.2333091586396], ""type"": ""Point""}";49.2333091586396, -123.03243220963569
56;Renfrew-Collingwood;"{""coordinates"": [-123.0268664635386, 49.23817516297293], ""type"": ""Point""}";49.23817516297293, -123.0268664635386
111;Renfrew-Collingwood;"{""coordinates"": [-123.02428043553158, 49.23856543636049], ""type"": ""Point""}";49.23856543636049, -123.02428043553158
13;Hastings-Sunrise;"{""coordinates"": [-123.03192552350642, 49.28508670470418], ""type"": ""Point""}";49.28508670470418, -123.03192552350642
6;Hastings-Sunrise;"{""coordinates"": [-123.03175114423232, 49.28603782102231], ""type"": ""Point""}";49.28603782102231, -123.03175114423232
1;Killarney;"{""coordinates"": [-123.03346536158372, 49.22870839374096], ""type"": ""Point""}";49.22870839374096, -123.03346536158372
28;Mount Pleasant;"{""coordinates"": [-123.10225041605906, 49.26234980594206], ""type"": ""Point""}";49.26234980594206, -123.10225041605906
27;Mount Pleasant;"{""coordinates"": [-123.10413770630427, 49.262386844685764], ""type"": ""Point""}";49.262386844685764, -123.10413770630427
42;Mount Pleasant;"{""coordinates"": [-123.10227155591798, 49.25966336780019], ""type"": ""Point""}";49.25966336780019, -123.10227155591798
227;Kitsilano;"{""coordinates"": [-123.1468934946505, 49.269221081272], ""type"": ""Point""}";49.269221081272, -123.1468934946505
63;Hastings-Sunrise;"{""coordinates"": [-123.02477729410828, 49.28055848003482], ""type"": ""Point""}";49.28055848003482, -123.02477729410828
62;Hastings-Sunrise;"{""coordinates"": [-123.0271242987708, 49.280547941306544], ""type"": ""Point""}";49.280547941306544, -123.0271242987708
48;Riley Park;"{""coordinates"": [-123.09973801524303, 49.252390736419386], ""type"": ""Point""}";49.252390736419386, -123.09973801524303
1;Riley Park;"{""coordinates"": [-123.09969431987346, 49.249662450308755], ""type"": ""Point""}";49.249662450308755, -123.09969431987346
F;Arbutus Ridge;"{""coordinates"": [-123.14810852234302, 49.241039012786636], ""type"": ""Point""}";49.241039012786636, -123.14810852234302
11;Grandview-Woodland;"{""coordinates"": [-123.07174166877948, 49.27792774464151], ""type"": ""Point""}";49.27792774464151, -123.07174166877948
73;Shaughnessy;"{""coordinates"": [-123.12870178942859, 49.24986954272821], ""type"": ""Point""}";49.24986954272821, -123.12870178942859
SOUTH OF R.O.W.;Marpole;"{""coordinates"": [-123.11867435572458, 49.20469936394452], ""type"": ""Point""}";49.20469936394452, -123.11867435572458
F;Kensington-Cedar Cottage;"{""coordinates"": [-123.06871908349977, 49.25607621269253], ""type"": ""Point""}";49.25607621269253, -123.06871908349977
HALF;Victoria-Fraserview;"{""coordinates"": [-123.07648674266085, 49.222865321251156], ""type"": ""Point""}";49.222865321251156, -123.07648674266085
EAST;Victoria-Fraserview;"{""coordinates"": [-123.07575616636157, 49.221164014542595], ""type"": ""Point""}";49.221164014542595, -123.07575616636157
12;Sunset;"{""coordinates"": [-123.10649067505481, 49.20862282548156], ""type"": ""Point""}";49.20862282548156, -123.10649067505481
NORTH;Victoria-Fraserview;"{""coordinates"": [-123.06353778987094, 49.22694602754125], ""type"": ""Point""}";49.22694602754125, -123.06353778987094
S1/2 OF W10 AC.;Victoria-Fraserview;"{""coordinates"": [-123.06116949687335, 49.23045581673741], ""type"": ""Point""}";49.23045581673741, -123.06116949687335
1;West Point Grey;"{""coordinates"": [-123.21411933301636, 49.270751134942344], ""type"": ""Point""}";49.270751134942344, -123.21411933301636
137;West Point Grey;"{""coordinates"": [-123.210599325275, 49.270381155159996], ""type"": ""Point""}";49.270381155159996, -123.210599325275
4;West Point Grey;"{""coordinates"": [-123.2115012837324, 49.258911989787784], ""type"": ""Point""}";49.258911989787784, -123.2115012837324
A;;"{""coordinates"": [-123.21836205192959, 49.26482165910595], ""type"": ""Point""}";49.26482165910595, -123.21836205192959
2;West Point Grey;"{""coordinates"": [-123.2069374490792, 49.26337777055436], ""type"": ""Point""}";49.26337777055436, -123.2069374490792
4;West Point Grey;"{""coordinates"": [-123.20517033017568, 49.26595849960278], ""type"": ""Point""}";49.26595849960278, -123.20517033017568
189;West Point Grey;"{""coordinates"": [-123.20234474733068, 49.26489483367437], ""type"": ""Point""}";49.26489483367437, -123.20234474733068
231;West Point Grey;"{""coordinates"": [-123.1886893243164, 49.27077085971766], ""type"": ""Point""}";49.27077085971766, -123.1886893243164
4;West Point Grey;"{""coordinates"": [-123.19634536352676, 49.258545073178055], ""type"": ""Point""}";49.258545073178055, -123.19634536352676
2;West Point Grey;"{""coordinates"": [-123.18886773698779, 49.26115795697886], ""type"": ""Point""}";49.26115795697886, -123.18886773698779
2;Dunbar-Southlands;"{""coordinates"": [-123.18884380548702, 49.25142752228626], ""type"": ""Point""}";49.25142752228626, -123.18884380548702
3;Dunbar-Southlands;"{""coordinates"": [-123.19437502155377, 49.2559719665451], ""type"": ""Point""}";49.2559719665451, -123.19437502155377
33;Dunbar-Southlands;"{""coordinates"": [-123.1804404971449, 49.23964449753217], ""type"": ""Point""}";49.23964449753217, -123.1804404971449
14;Dunbar-Southlands;"{""coordinates"": [-123.18373417658091, 49.23595569695576], ""type"": ""Point""}";49.23595569695576, -123.18373417658091
44;Dunbar-Southlands;"{""coordinates"": [-123.18042896390897, 49.24155828116841], ""type"": ""Point""}";49.24155828116841, -123.18042896390897
1;Dunbar-Southlands;"{""coordinates"": [-123.18363740057748, 49.24388148248292], ""type"": ""Point""}";49.24388148248292, -123.18363740057748
75;Dunbar-Southlands;"{""coordinates"": [-123.18652223493633, 49.247258369096535], ""type"": ""Point""}";49.247258369096535, -123.18652223493633
3;Dunbar-Southlands;"{""coordinates"": [-123.18610118315699, 49.246739123433315], ""type"": ""Point""}";49.246739123433315, -123.18610118315699
83;Dunbar-Southlands;"{""coordinates"": [-123.18328661043189, 49.249159356307004], ""type"": ""Point""}";49.249159356307004, -123.18328661043189
B;Dunbar-Southlands;"{""coordinates"": [-123.18070611244512, 49.23134274001718], ""type"": ""Point""}";49.23134274001718, -123.18070611244512
C;Dunbar-Southlands;"{""coordinates"": [-123.18172061145907, 49.23099706187908], ""type"": ""Point""}";49.23099706187908, -123.18172061145907
8;Dunbar-Southlands;"{""coordinates"": [-123.18367077551386, 49.2351615078193], ""type"": ""Point""}";49.2351615078193, -123.18367077551386
8;Dunbar-Southlands;"{""coordinates"": [-123.1836052214351, 49.234152776101055], ""type"": ""Point""}";49.234152776101055, -123.1836052214351
5;Dunbar-Southlands;"{""coordinates"": [-123.1835590702235, 49.233193496255865], ""type"": ""Point""}";49.233193496255865, -123.1835590702235
4;Kitsilano;"{""coordinates"": [-123.171981999763, 49.26483072315005], ""type"": ""Point""}";49.26483072315005, -123.171981999763
53;Kitsilano;"{""coordinates"": [-123.17697368350633, 49.26451733917232], ""type"": ""Point""}";49.26451733917232, -123.17697368350633
25;Kitsilano;"{""coordinates"": [-123.17690301805249, 49.268784170082014], ""type"": ""Point""}";49.268784170082014, -123.17690301805249
26;Kitsilano;"{""coordinates"": [-123.16968274342017, 49.270138234354086], ""type"": ""Point""}";49.270138234354086, -123.16968274342017
118;Kitsilano;"{""coordinates"": [-123.17342457104931, 49.2581539568761], ""type"": ""Point""}";49.2581539568761, -123.17342457104931
98;Kitsilano;"{""coordinates"": [-123.17134314895475, 49.259928499433684], ""type"": ""Point""}";49.259928499433684, -123.17134314895475
4;Kitsilano;"{""coordinates"": [-123.17569257272592, 49.259997770054966], ""type"": ""Point""}";49.259997770054966, -123.17569257272592
99;Kitsilano;"{""coordinates"": [-123.16746161260963, 49.25986800375611], ""type"": ""Point""}";49.25986800375611, -123.16746161260963
81;Kitsilano;"{""coordinates"": [-123.16722237062788, 49.261859000038605], ""type"": ""Point""}";49.261859000038605, -123.16722237062788
4;Arbutus Ridge;"{""coordinates"": [-123.1694255003288, 49.25225068577072], ""type"": ""Point""}";49.25225068577072, -123.1694255003288
1;Arbutus Ridge;"{""coordinates"": [-123.16673543837993, 49.25111943754052], ""type"": ""Point""}";49.25111943754052, -123.16673543837993
Y;Arbutus Ridge;"{""coordinates"": [-123.17612578121098, 49.256651878784176], ""type"": ""Point""}";49.256651878784176, -123.17612578121098
116;Kitsilano;"{""coordinates"": [-123.17705221472713, 49.25821094451019], ""type"": ""Point""}";49.25821094451019, -123.17705221472713
2;Dunbar-Southlands;"{""coordinates"": [-123.17707203060047, 49.24289615652602], ""type"": ""Point""}";49.24289615652602, -123.17707203060047
1;Dunbar-Southlands;"{""coordinates"": [-123.17705549345551, 49.243838892194084], ""type"": ""Point""}";49.243838892194084, -123.17705549345551
2;Dunbar-Southlands;"{""coordinates"": [-123.17700806688656, 49.247652100207105], ""type"": ""Point""}";49.247652100207105, -123.17700806688656
72;Dunbar-Southlands;"{""coordinates"": [-123.177108956338, 49.24724356190483], ""type"": ""Point""}";49.24724356190483, -123.177108956338
X;Dunbar-Southlands;"{""coordinates"": [-123.17417500327069, 49.25042158557193], ""type"": ""Point""}";49.25042158557193, -123.17417500327069
6;Kerrisdale;"{""coordinates"": [-123.16628286105446, 49.2248650079129], ""type"": ""Point""}";49.2248650079129, -123.16628286105446
1;Kerrisdale;"{""coordinates"": [-123.17085296021338, 49.22805567990094], ""type"": ""Point""}";49.22805567990094, -123.17085296021338
2;Kerrisdale;"{""coordinates"": [-123.16952088458832, 49.230501682362764], ""type"": ""Point""}";49.230501682362764, -123.16952088458832
11;Dunbar-Southlands;"{""coordinates"": [-123.17453346436012, 49.235666463986064], ""type"": ""Point""}";49.235666463986064, -123.17453346436012
10;Dunbar-Southlands;"{""coordinates"": [-123.17130571501293, 49.235588107299066], ""type"": ""Point""}";49.235588107299066, -123.17130571501293
8;Kerrisdale;"{""coordinates"": [-123.1707299523257, 49.219110432396505], ""type"": ""Point""}";49.219110432396505, -123.1707299523257
5;Kerrisdale;"{""coordinates"": [-123.16648366220286, 49.225763795845424], ""type"": ""Point""}";49.225763795845424, -123.16648366220286
3;Arbutus Ridge;"{""coordinates"": [-123.16606623899646, 49.254046989329304], ""type"": ""Point""}";49.254046989329304, -123.16606623899646
442;Kitsilano;"{""coordinates"": [-123.15926235053125, 49.25864148639588], ""type"": ""Point""}";49.25864148639588, -123.15926235053125
422;Kitsilano;"{""coordinates"": [-123.15910565513263, 49.259570818130754], ""type"": ""Point""}";49.259570818130754, -123.15910565513263
403;Kitsilano;"{""coordinates"": [-123.15680607632315, 49.26045519611737], ""type"": ""Point""}";49.26045519611737, -123.15680607632315
262;Kitsilano;"{""coordinates"": [-123.1586906655728, 49.266988892414666], ""type"": ""Point""}";49.266988892414666, -123.1586906655728
281;Kitsilano;"{""coordinates"": [-123.16124797104547, 49.26600124946301], ""type"": ""Point""}";49.26600124946301, -123.16124797104547
2;Arbutus Ridge;"{""coordinates"": [-123.1611112678833, 49.24161900327842], ""type"": ""Point""}";49.24161900327842, -123.1611112678833
565;Arbutus Ridge;"{""coordinates"": [-123.16426799797526, 49.24598937488745], ""type"": ""Point""}";49.24598937488745, -123.16426799797526
A;Arbutus Ridge;"{""coordinates"": [-123.1653954048696, 49.24549772383234], ""type"": ""Point""}";49.24549772383234, -123.1653954048696
122;Kitsilano;"{""coordinates"": [-123.16583839375214, 49.25820534849037], ""type"": ""Point""}";49.25820534849037, -123.16583839375214
462;Kitsilano;"{""coordinates"": [-123.15929784237743, 49.257721226736486], ""type"": ""Point""}";49.257721226736486, -123.15929784237743
463;Kitsilano;"{""coordinates"": [-123.15692842978157, 49.25768310928323], ""type"": ""Point""}";49.25768310928323, -123.15692842978157
511;Arbutus Ridge;"{""coordinates"": [-123.1621752380782, 49.25593794223987], ""type"": ""Point""}";49.25593794223987, -123.1621752380782
481;Arbutus Ridge;"{""coordinates"": [-123.16164662493975, 49.256916022703905], ""type"": ""Point""}";49.256916022703905, -123.16164662493975
3;Arbutus Ridge;"{""coordinates"": [-123.15892745256667, 49.23542112692143], ""type"": ""Point""}";49.23542112692143, -123.15892745256667
3;Arbutus Ridge;"{""coordinates"": [-123.15587983670677, 49.23511243348324], ""type"": ""Point""}";49.23511243348324, -123.15587983670677
2;Arbutus Ridge;"{""coordinates"": [-123.15664144258139, 49.23514316554638], ""type"": ""Point""}";49.23514316554638, -123.15664144258139
6;Arbutus Ridge;"{""coordinates"": [-123.15665862890033, 49.23493085426288], ""type"": ""Point""}";49.23493085426288, -123.15665862890033
17;Arbutus Ridge;"{""coordinates"": [-123.1610904876676, 49.2367296027027], ""type"": ""Point""}";49.2367296027027, -123.1610904876676
11;Arbutus Ridge;"{""coordinates"": [-123.16042610784167, 49.23731208815905], ""type"": ""Point""}";49.23731208815905, -123.16042610784167
14;Arbutus Ridge;"{""coordinates"": [-123.16482932022545, 49.23740296634114], ""type"": ""Point""}";49.23740296634114, -123.16482932022545
BLK;Arbutus Ridge;"{""coordinates"": [-123.1632661512961, 49.23993829291695], ""type"": ""Point""}";49.23993829291695, -123.1632661512961
98;Arbutus Ridge;"{""coordinates"": [-123.1574610166953, 49.242497959946355], ""type"": ""Point""}";49.242497959946355, -123.1574610166953
1;Kerrisdale;"{""coordinates"": [-123.16043622625769, 49.22517486040394], ""type"": ""Point""}";49.22517486040394, -123.16043622625769
1;Kerrisdale;"{""coordinates"": [-123.16324496738217, 49.22614040836869], ""type"": ""Point""}";49.22614040836869, -123.16324496738217
BLK 1;Kerrisdale;"{""coordinates"": [-123.16223954802726, 49.228857090676115], ""type"": ""Point""}";49.228857090676115, -123.16223954802726
5;Kerrisdale;"{""coordinates"": [-123.15920808642498, 49.23193909983376], ""type"": ""Point""}";49.23193909983376, -123.15920808642498
8;Kerrisdale;"{""coordinates"": [-123.15724199353025, 49.23307298231071], ""type"": ""Point""}";49.23307298231071, -123.15724199353025
11;Kerrisdale;"{""coordinates"": [-123.16055637197667, 49.233525220517095], ""type"": ""Point""}";49.233525220517095, -123.16055637197667
5A;Kitsilano;"{""coordinates"": [-123.15074507158529, 49.27377071202728], ""type"": ""Point""}";49.27377071202728, -123.15074507158529
5;Kerrisdale;"{""coordinates"": [-123.15522624484258, 49.216606333049505], ""type"": ""Point""}";49.216606333049505, -123.15522624484258
3;Kerrisdale;"{""coordinates"": [-123.16042590453654, 49.221532527252094], ""type"": ""Point""}";49.221532527252094, -123.16042590453654
8;Kerrisdale;"{""coordinates"": [-123.15558462241859, 49.22120318482429], ""type"": ""Point""}";49.22120318482429, -123.15558462241859
10;Kerrisdale;"{""coordinates"": [-123.15595019957718, 49.21828603618643], ""type"": ""Point""}";49.21828603618643, -123.15595019957718
1;Kerrisdale;"{""coordinates"": [-123.15630084217062, 49.218907046090536], ""type"": ""Point""}";49.218907046090536, -123.15630084217062
2;Kerrisdale;"{""coordinates"": [-123.15535450673673, 49.21880857405734], ""type"": ""Point""}";49.21880857405734, -123.15535450673673
267;Kitsilano;"{""coordinates"": [-123.14706929429687, 49.2666913260887], ""type"": ""Point""}";49.2666913260887, -123.14706929429687
288;Fairview;"{""coordinates"": [-123.14472427405964, 49.2657044549371], ""type"": ""Point""}";49.2657044549371, -123.14472427405964
307;Kitsilano;"{""coordinates"": [-123.14707743369368, 49.26495784085499], ""type"": ""Point""}";49.26495784085499, -123.14707743369368
344;Kitsilano;"{""coordinates"": [-123.15435676564798, 49.26321075009788], ""type"": ""Point""}";49.26321075009788, -123.15435676564798
196;Kitsilano;"{""coordinates"": [-123.14923225635899, 49.271846004211596], ""type"": ""Point""}";49.271846004211596, -123.14923225635899
236;Kitsilano;"{""coordinates"": [-123.14944580504643, 49.26838868470667], ""type"": ""Point""}";49.26838868470667, -123.14944580504643
235;Kitsilano;"{""coordinates"": [-123.15142491008118, 49.268398935108344], ""type"": ""Point""}";49.268398935108344, -123.15142491008118
484;Arbutus Ridge;"{""coordinates"": [-123.15456900559795, 49.25662192165078], ""type"": ""Point""}";49.25662192165078, -123.15456900559795
467;Kitsilano;"{""coordinates"": [-123.14718370974894, 49.257535666344765], ""type"": ""Point""}";49.257535666344765, -123.14718370974894
447;Kitsilano;"{""coordinates"": [-123.14722071235308, 49.25864681631032], ""type"": ""Point""}";49.25864681631032, -123.14722071235308
408;Fairview;"{""coordinates"": [-123.14502162404827, 49.26025436176047], ""type"": ""Point""}";49.26025436176047, -123.14502162404827
426;Kitsilano;"{""coordinates"": [-123.1496021588696, 49.259634427306665], ""type"": ""Point""}";49.259634427306665, -123.1496021588696
2;Kerrisdale;"{""coordinates"": [-123.15346835464536, 49.23210572384323], ""type"": ""Point""}";49.23210572384323, -123.15346835464536
8;Kerrisdale;"{""coordinates"": [-123.14848764889393, 49.231640971717304], ""type"": ""Point""}";49.231640971717304, -123.14848764889393
BLK;Shaughnessy;"{""coordinates"": [-123.15119467282534, 49.23664417408364], ""type"": ""Point""}";49.23664417408364, -123.15119467282534
21;Shaughnessy;"{""coordinates"": [-123.15167563903857, 49.23936325695705], ""type"": ""Point""}";49.23936325695705, -123.15167563903857
4;Shaughnessy;"{""coordinates"": [-123.1532051354889, 49.23951029895491], ""type"": ""Point""}";49.23951029895491, -123.1532051354889
74;Shaughnessy;"{""coordinates"": [-123.15070521841957, 49.24928542041712], ""type"": ""Point""}";49.24928542041712, -123.15070521841957
666;Shaughnessy;"{""coordinates"": [-123.14862041834132, 49.248259993162534], ""type"": ""Point""}";49.248259993162534, -123.14862041834132
668;Shaughnessy;"{""coordinates"": [-123.14533635004003, 49.248209327215555], ""type"": ""Point""}";49.248209327215555, -123.14533635004003
41;Shaughnessy;"{""coordinates"": [-123.1477695532006, 49.25384219163535], ""type"": ""Point""}";49.25384219163535, -123.1477695532006
35;Shaughnessy;"{""coordinates"": [-123.14598783317562, 49.252519298275246], ""type"": ""Point""}";49.252519298275246, -123.14598783317562
5;Kerrisdale;"{""coordinates"": [-123.14769713641641, 49.22619267316805], ""type"": ""Point""}";49.22619267316805, -123.14769713641641
1;Kerrisdale;"{""coordinates"": [-123.153542350094, 49.23117506603031], ""type"": ""Point""}";49.23117506603031, -123.153542350094
10;Kerrisdale;"{""coordinates"": [-123.14720305227034, 49.227854207606725], ""type"": ""Point""}";49.227854207606725, -123.14720305227034
B;Kerrisdale;"{""coordinates"": [-123.14474456985923, 49.229072718182856], ""type"": ""Point""}";49.229072718182856, -123.14474456985923
BLK;Kerrisdale;"{""coordinates"": [-123.15175163125242, 49.23294016993913], ""type"": ""Point""}";49.23294016993913, -123.15175163125242
2;Marpole;"{""coordinates"": [-123.14651760244061, 49.21372582277234], ""type"": ""Point""}";49.21372582277234, -123.14651760244061
BLK A;Marpole;"{""coordinates"": [-123.14720599698762, 49.21818840676393], ""type"": ""Point""}";49.21818840676393, -123.14720599698762
BLK 11;Kerrisdale;"{""coordinates"": [-123.1465349596742, 49.2222173715112], ""type"": ""Point""}";49.2222173715112, -123.1465349596742
A;Kerrisdale;"{""coordinates"": [-123.14995223737544, 49.2266487423281], ""type"": ""Point""}";49.2266487423281, -123.14995223737544
6;Kerrisdale;"{""coordinates"": [-123.15323479667593, 49.223123353527136], ""type"": ""Point""}";49.223123353527136, -123.15323479667593
240;Fairview;"{""coordinates"": [-123.13995749396116, 49.268213017521134], ""type"": ""Point""}";49.268213017521134, -123.13995749396116
228;Fairview;"{""coordinates"": [-123.14420242112725, 49.26917974701924], ""type"": ""Point""}";49.26917974701924, -123.14420242112725
FALSE;Fairview;"{""coordinates"": [-123.13639708332684, 49.2689603778199], ""type"": ""Point""}";49.2689603778199, -123.13639708332684
395;Fairview;"{""coordinates"": [-123.12809740116656, 49.260942484504895], ""type"": ""Point""}";49.260942484504895, -123.12809740116656
373;Fairview;"{""coordinates"": [-123.13280192443439, 49.26193824984235], ""type"": ""Point""}";49.26193824984235, -123.13280192443439
297;Fairview;"{""coordinates"": [-123.12346941968671, 49.2653867206825], ""type"": ""Point""}";49.2653867206825, -123.12346941968671
313;Fairview;"{""coordinates"": [-123.13245754198995, 49.26469252800109], ""type"": ""Point""}";49.26469252800109, -123.13245754198995
333;Fairview;"{""coordinates"": [-123.13262637503271, 49.26384273709883], ""type"": ""Point""}";49.26384273709883, -123.13262637503271
334;Fairview;"{""coordinates"": [-123.12981852055641, 49.26382438252617], ""type"": ""Point""}";49.26382438252617, -123.12981852055641
795;Shaughnessy;"{""coordinates"": [-123.12908560266239, 49.24280355605006], ""type"": ""Point""}";49.24280355605006, -123.12908560266239
734;Shaughnessy;"{""coordinates"": [-123.13135313190453, 49.24577192018688], ""type"": ""Point""}";49.24577192018688, -123.13135313190453
693;Shaughnessy;"{""coordinates"": [-123.13322751725532, 49.247643013303524], ""type"": ""Point""}";49.247643013303524, -123.13322751725532
674;Shaughnessy;"{""coordinates"": [-123.13111731424259, 49.2485310170016], ""type"": ""Point""}";49.2485310170016, -123.13111731424259
696;South Cambie;"{""coordinates"": [-123.12640805167678, 49.247534439702314], ""type"": ""Point""}";49.247534439702314, -123.12640805167678
453;Fairview;"{""coordinates"": [-123.13291894675761, 49.258219494311305], ""type"": ""Point""}";49.258219494311305, -123.13291894675761
881;Oakridge;"{""coordinates"": [-123.12647747584239, 49.22265442448214], ""type"": ""Point""}";49.22265442448214, -123.12647747584239
B;Oakridge;"{""coordinates"": [-123.12881164503102, 49.231069047078854], ""type"": ""Point""}";49.231069047078854, -123.12881164503102
1014;Oakridge;"{""coordinates"": [-123.13182314671788, 49.2310071176958], ""type"": ""Point""}";49.2310071176958, -123.13182314671788
14;Oakridge;"{""coordinates"": [-123.13019858559123, 49.2278346045917], ""type"": ""Point""}";49.2278346045917, -123.13019858559123
996;Oakridge;"{""coordinates"": [-123.13044721514107, 49.232484378501326], ""type"": ""Point""}";49.232484378501326, -123.13044721514107
10;Marpole;"{""coordinates"": [-123.12353079027416, 49.213636797714535], ""type"": ""Point""}";49.213636797714535, -123.12353079027416
9;Marpole;"{""coordinates"": [-123.13143163916942, 49.21854740860224], ""type"": ""Point""}";49.21854740860224, -123.13143163916942
3;Oakridge;"{""coordinates"": [-123.13011605830766, 49.22212454671375], ""type"": ""Point""}";49.22212454671375, -123.13011605830766
16;Marpole;"{""coordinates"": [-123.12918279147785, 49.21179519868123], ""type"": ""Point""}";49.21179519868123, -123.12918279147785
B;Marpole;"{""coordinates"": [-123.12446275507013, 49.21189878049216], ""type"": ""Point""}";49.21189878049216, -123.12446275507013
22;Marpole;"{""coordinates"": [-123.12502530141498, 49.21174750189742], ""type"": ""Point""}";49.21174750189742, -123.12502530141498
24;Marpole;"{""coordinates"": [-123.12506325584607, 49.210181506890585], ""type"": ""Point""}";49.210181506890585, -123.12506325584607
33;Marpole;"{""coordinates"": [-123.13085715515838, 49.20965730142863], ""type"": ""Point""}";49.20965730142863, -123.13085715515838
34;Marpole;"{""coordinates"": [-123.13139226686096, 49.20965659501894], ""type"": ""Point""}";49.20965659501894, -123.13139226686096
C;Marpole;"{""coordinates"": [-123.12703846221955, 49.201857370313334], ""type"": ""Point""}";49.201857370313334, -123.12703846221955
8;Marpole;"{""coordinates"": [-123.12918031086134, 49.207712949352185], ""type"": ""Point""}";49.207712949352185, -123.12918031086134
26;Marpole;"{""coordinates"": [-123.12547523146723, 49.208667467349905], ""type"": ""Point""}";49.208667467349905, -123.12547523146723
21;Marpole;"{""coordinates"": [-123.13087739270931, 49.205246417599916], ""type"": ""Point""}";49.205246417599916, -123.13087739270931
L;Marpole;"{""coordinates"": [-123.12927794292433, 49.21041591649382], ""type"": ""Point""}";49.21041591649382, -123.12927794292433
2;Mount Pleasant;"{""coordinates"": [-123.11375143787804, 49.267626598284664], ""type"": ""Point""}";49.267626598284664, -123.11375143787804
71;Downtown;"{""coordinates"": [-123.12370152461324, 49.2807549468264], ""type"": ""Point""}";49.2807549468264, -123.12370152461324
94;Downtown;"{""coordinates"": [-123.12380240834159, 49.27667007213616], ""type"": ""Point""}";49.27667007213616, -123.12380240834159
34;West End;"{""coordinates"": [-123.13122370761897, 49.28485997283904], ""type"": ""Point""}";49.28485997283904, -123.13122370761897
23;West End;"{""coordinates"": [-123.13096834349898, 49.281972127363574], ""type"": ""Point""}";49.281972127363574, -123.13096834349898
21;West End;"{""coordinates"": [-123.1288809219883, 49.283441569829904], ""type"": ""Point""}";49.283441569829904, -123.1288809219883
19;West End;"{""coordinates"": [-123.1267289865791, 49.284789106372735], ""type"": ""Point""}";49.284789106372735, -123.1267289865791
J;Mount Pleasant;"{""coordinates"": [-123.112044751521, 49.260687196629625], ""type"": ""Point""}";49.260687196629625, -123.112044751521
299;Fairview;"{""coordinates"": [-123.11887397084612, 49.265248327409225], ""type"": ""Point""}";49.265248327409225, -123.11887397084612
12;Mount Pleasant;"{""coordinates"": [-123.11369211996383, 49.26605702103485], ""type"": ""Point""}";49.26605702103485, -123.11369211996383
A;South Cambie;"{""coordinates"": [-123.11567483064762, 49.250705277082076], ""type"": ""Point""}";49.250705277082076, -123.11567483064762
638;South Cambie;"{""coordinates"": [-123.12144511882855, 49.250424884233595], ""type"": ""Point""}";49.250424884233595, -123.12144511882855
558;South Cambie;"{""coordinates"": [-123.12143101255046, 49.25373259610677], ""type"": ""Point""}";49.25373259610677, -123.12143101255046
460;Fairview;"{""coordinates"": [-123.11766904470386, 49.25798572215397], ""type"": ""Point""}";49.25798572215397, -123.11766904470386
0;South Cambie;"{""coordinates"": [-123.11569255967291, 49.25643382155285], ""type"": ""Point""}";49.25643382155285, -123.11569255967291
A;South Cambie;"{""coordinates"": [-123.11547382839976, 49.25546616387127], ""type"": ""Point""}";49.25546616387127, -123.11547382839976
807;Riley Park;"{""coordinates"": [-123.11405925378835, 49.243123209767425], ""type"": ""Point""}";49.243123209767425, -123.11405925378835
819;South Cambie;"{""coordinates"": [-123.12002320657004, 49.24154892858157], ""type"": ""Point""}";49.24154892858157, -123.12002320657004
759;South Cambie;"{""coordinates"": [-123.11983627233636, 49.244600136705046], ""type"": ""Point""}";49.244600136705046, -123.11983627233636
660;South Cambie;"{""coordinates"": [-123.1171557106699, 49.24939631955097], ""type"": ""Point""}";49.24939631955097, -123.1171557106699
679;South Cambie;"{""coordinates"": [-123.11965268938461, 49.248348190980884], ""type"": ""Point""}";49.248348190980884, -123.11965268938461
720;South Cambie;"{""coordinates"": [-123.11747035923942, 49.24646610039198], ""type"": ""Point""}";49.24646610039198, -123.11747035923942
BLK;Oakridge;"{""coordinates"": [-123.11227639094204, 49.22753407322341], ""type"": ""Point""}";49.22753407322341, -123.11227639094204
BLK;Oakridge;"{""coordinates"": [-123.11530858707566, 49.227654492342026], ""type"": ""Point""}";49.227654492342026, -123.11530858707566
861;Oakridge;"{""coordinates"": [-123.11212564694948, 49.23131845344041], ""type"": ""Point""}";49.23131845344041, -123.11212564694948
878;South Cambie;"{""coordinates"": [-123.12144891209448, 49.2364531344067], ""type"": ""Point""}";49.2364531344067, -123.12144891209448
839;South Cambie;"{""coordinates"": [-123.11872969981036, 49.23933130070585], ""type"": ""Point""}";49.23933130070585, -123.11872969981036
4;Marpole;"{""coordinates"": [-123.12074442157248, 49.2057669213645], ""type"": ""Point""}";49.2057669213645, -123.12074442157248
2;Marpole;"{""coordinates"": [-123.11385962964708, 49.21240197695312], ""type"": ""Point""}";49.21240197695312, -123.11385962964708
A;Marpole;"{""coordinates"": [-123.12098299576536, 49.20964339162026], ""type"": ""Point""}";49.20964339162026, -123.12098299576536
1006;Marpole;"{""coordinates"": [-123.11236197297185, 49.21721925695332], ""type"": ""Point""}";49.21721925695332, -123.11236197297185
40;Downtown;"{""coordinates"": [-123.11973625123125, 49.28447267457193], ""type"": ""Point""}";49.28447267457193, -123.11973625123125
50;Downtown;"{""coordinates"": [-123.12140321408798, 49.283537020221786], ""type"": ""Point""}";49.283537020221786, -123.12140321408798
46;Downtown;"{""coordinates"": [-123.11368206287482, 49.28101467492078], ""type"": ""Point""}";49.28101467492078, -123.11368206287482
1;Downtown;"{""coordinates"": [-123.11858735621261, 49.28736569008531], ""type"": ""Point""}";49.28736569008531, -123.11858735621261
2;Downtown;"{""coordinates"": [-123.11971323123446, 49.286363330759315], ""type"": ""Point""}";49.286363330759315, -123.11971323123446
16;Downtown;"{""coordinates"": [-123.11526262396683, 49.28696953376804], ""type"": ""Point""}";49.28696953376804, -123.11526262396683
20;Downtown;"{""coordinates"": [-123.11722124956331, 49.28644715691724], ""type"": ""Point""}";49.28644715691724, -123.11722124956331
21;Mount Pleasant;"{""coordinates"": [-123.107941907246, 49.266824465644774], ""type"": ""Point""}";49.266824465644774, -123.107941907246
31;Mount Pleasant;"{""coordinates"": [-123.10396639242677, 49.26587142657738], ""type"": ""Point""}";49.26587142657738, -123.10396639242677
37;Mount Pleasant;"{""coordinates"": [-123.1020672359306, 49.26493716898489], ""type"": ""Point""}";49.26493716898489, -123.1020672359306
45;Mount Pleasant;"{""coordinates"": [-123.10413388268785, 49.26405770773823], ""type"": ""Point""}";49.26405770773823, -123.10413388268785
10;Mount Pleasant;"{""coordinates"": [-123.10797682272577, 49.26965981863126], ""type"": ""Point""}";49.26965981863126, -123.10797682272577
17;Mount Pleasant;"{""coordinates"": [-123.1019425951376, 49.26763870897423], ""type"": ""Point""}";49.26763870897423, -123.1019425951376
544;Riley Park;"{""coordinates"": [-123.10620027417444, 49.254107022287194], ""type"": ""Point""}";49.254107022287194, -123.10620027417444
503;Riley Park;"{""coordinates"": [-123.10863220690061, 49.2560858863574], ""type"": ""Point""}";49.2560858863574, -123.10863220690061
543;Riley Park;"{""coordinates"": [-123.10873096399214, 49.254154124071455], ""type"": ""Point""}";49.254154124071455, -123.10873096399214
61;Riley Park;"{""coordinates"": [-123.10281413635288, 49.25494584910703], ""type"": ""Point""}";49.25494584910703, -123.10281413635288
25;Riley Park;"{""coordinates"": [-123.10201172298513, 49.24784086341955], ""type"": ""Point""}";49.24784086341955, -123.10201172298513
17;Riley Park;"{""coordinates"": [-123.10273922915631, 49.24815279401083], ""type"": ""Point""}";49.24815279401083, -123.10273922915631
9;Riley Park;"{""coordinates"": [-123.10383667809981, 49.24741000317704], ""type"": ""Point""}";49.24741000317704, -123.10383667809981
1;Riley Park;"{""coordinates"": [-123.10459247299022, 49.2486485313215], ""type"": ""Point""}";49.2486485313215, -123.10459247299022
724;Riley Park;"{""coordinates"": [-123.10662668180606, 49.24635200632314], ""type"": ""Point""}";49.24635200632314, -123.10662668180606
6;Riley Park;"{""coordinates"": [-123.10210802841254, 49.249120169831805], ""type"": ""Point""}";49.249120169831805, -123.10210802841254
1;Riley Park;"{""coordinates"": [-123.10365662432838, 49.24914122489008], ""type"": ""Point""}";49.24914122489008, -123.10365662432838
35;Riley Park;"{""coordinates"": [-123.10074988070983, 49.24693257983013], ""type"": ""Point""}";49.24693257983013, -123.10074988070983
8;Riley Park;"{""coordinates"": [-123.10231662136833, 49.24476990913726], ""type"": ""Point""}";49.24476990913726, -123.10231662136833
3;Riley Park;"{""coordinates"": [-123.10446578037242, 49.24367668371659], ""type"": ""Point""}";49.24367668371659, -123.10446578037242
13;Riley Park;"{""coordinates"": [-123.10062474933105, 49.24127250842683], ""type"": ""Point""}";49.24127250842683, -123.10062474933105
34;Riley Park;"{""coordinates"": [-123.10071333968517, 49.24726045190076], ""type"": ""Point""}";49.24726045190076, -123.10071333968517
C;Sunset;"{""coordinates"": [-123.103396649576, 49.23189207386795], ""type"": ""Point""}";49.23189207386795, -123.103396649576
2;Sunset;"{""coordinates"": [-123.10514131215368, 49.232180290288156], ""type"": ""Point""}";49.232180290288156, -123.10514131215368
2;Sunset;"{""coordinates"": [-123.10248721230158, 49.232163191695136], ""type"": ""Point""}";49.232163191695136, -123.10248721230158
2;Riley Park;"{""coordinates"": [-123.10685939975788, 49.23353086241098], ""type"": ""Point""}";49.23353086241098, -123.10685939975788
2;Riley Park;"{""coordinates"": [-123.10042621404381, 49.23570913112082], ""type"": ""Point""}";49.23570913112082, -123.10042621404381
846;Riley Park;"{""coordinates"": [-123.10986811677266, 49.23659922564518], ""type"": ""Point""}";49.23659922564518, -123.10986811677266
2;Sunset;"{""coordinates"": [-123.10467522374628, 49.22885727167971], ""type"": ""Point""}";49.22885727167971, -123.10467522374628
A;Sunset;"{""coordinates"": [-123.10497498121924, 49.219692324328754], ""type"": ""Point""}";49.219692324328754, -123.10497498121924
5;Sunset;"{""coordinates"": [-123.10053665460353, 49.22503259062352], ""type"": ""Point""}";49.22503259062352, -123.10053665460353
3;Sunset;"{""coordinates"": [-123.10056814154287, 49.2271415389479], ""type"": ""Point""}";49.2271415389479, -123.10056814154287
1084;Oakridge;"{""coordinates"": [-123.10740641803852, 49.22982373395281], ""type"": ""Point""}";49.22982373395281, -123.10740641803852
1;Sunset;"{""coordinates"": [-123.1004885348251, 49.2307504255701], ""type"": ""Point""}";49.2307504255701, -123.1004885348251
1104;Oakridge;"{""coordinates"": [-123.10761740287212, 49.22891206592764], ""type"": ""Point""}";49.22891206592764, -123.10761740287212
1;Sunset;"{""coordinates"": [-123.1026898723588, 49.22880362480671], ""type"": ""Point""}";49.22880362480671, -123.1026898723588
3;Downtown;"{""coordinates"": [-123.10544899003003, 49.28203687669961], ""type"": ""Point""}";49.28203687669961, -123.10544899003003
9;Downtown;"{""coordinates"": [-123.10123018339763, 49.2817276444457], ""type"": ""Point""}";49.2817276444457, -123.10123018339763
7;Downtown;"{""coordinates"": [-123.10316867775941, 49.28265648998543], ""type"": ""Point""}";49.28265648998543, -123.10316867775941
3;Downtown;"{""coordinates"": [-123.10122002659179, 49.28347634255358], ""type"": ""Point""}";49.28347634255358, -123.10122002659179
1;Sunset;"{""coordinates"": [-123.10315047960586, 49.2125675292369], ""type"": ""Point""}";49.2125675292369, -123.10315047960586
3;Sunset;"{""coordinates"": [-123.10266765170903, 49.21013609238855], ""type"": ""Point""}";49.21013609238855, -123.10266765170903
4;Sunset;"{""coordinates"": [-123.10460479947609, 49.215197737646676], ""type"": ""Point""}";49.215197737646676, -123.10460479947609
106;Mount Pleasant;"{""coordinates"": [-123.09036057321147, 49.26374828842092], ""type"": ""Point""}";49.26374828842092, -123.09036057321147
55;Mount Pleasant;"{""coordinates"": [-123.09657017391935, 49.26320433547415], ""type"": ""Point""}";49.26320433547415, -123.09657017391935
PCL. I;Strathcona;"{""coordinates"": [-123.09352394772633, 49.26830802949951], ""type"": ""Point""}";49.26830802949951, -123.09352394772633
G;Strathcona;"{""coordinates"": [-123.0926885230697, 49.27243791990396], ""type"": ""Point""}";49.27243791990396, -123.0926885230697
38;Downtown;"{""coordinates"": [-123.1105034106256, 49.280394392494216], ""type"": ""Point""}";49.280394392494216, -123.1105034106256
113;Mount Pleasant;"{""coordinates"": [-123.09722953139928, 49.25966742401412], ""type"": ""Point""}";49.25966742401412, -123.09722953139928
142;Riley Park;"{""coordinates"": [-123.09298912344154, 49.247036352475554], ""type"": ""Point""}";49.247036352475554, -123.09298912344154
6;Riley Park;"{""coordinates"": [-123.09595281608647, 49.244943400861224], ""type"": ""Point""}";49.244943400861224, -123.09595281608647
45;Riley Park;"{""coordinates"": [-123.09994181293476, 49.2471887462682], ""type"": ""Point""}";49.2471887462682, -123.09994181293476
61;Riley Park;"{""coordinates"": [-123.0985091827297, 49.24605167504401], ""type"": ""Point""}";49.24605167504401, -123.0985091827297
170;Riley Park;"{""coordinates"": [-123.09139982224596, 49.24600546284299], ""type"": ""Point""}";49.24600546284299, -123.09139982224596
4;Riley Park;"{""coordinates"": [-123.09823284393357, 49.23655982667751], ""type"": ""Point""}";49.23655982667751, -123.09823284393357
4;Riley Park;"{""coordinates"": [-123.09542906472664, 49.23744770488514], ""type"": ""Point""}";49.23744770488514, -123.09542906472664
6;Riley Park;"{""coordinates"": [-123.09655430878684, 49.24097286947087], ""type"": ""Point""}";49.24097286947087, -123.09655430878684
173;Riley Park;"{""coordinates"": [-123.09178657425912, 49.24497834129449], ""type"": ""Point""}";49.24497834129449, -123.09178657425912
174;Riley Park;"{""coordinates"": [-123.09239441479876, 49.244982246448124], ""type"": ""Point""}";49.244982246448124, -123.09239441479876
10;Sunset;"{""coordinates"": [-123.09448268370627, 49.225952258475104], ""type"": ""Point""}";49.225952258475104, -123.09448268370627
6;Sunset;"{""coordinates"": [-123.09196595553492, 49.22568811963256], ""type"": ""Point""}";49.22568811963256, -123.09196595553492
1;Sunset;"{""coordinates"": [-123.09247887830782, 49.228621883805545], ""type"": ""Point""}";49.228621883805545, -123.09247887830782
3;Sunset;"{""coordinates"": [-123.09248263512094, 49.22953083377631], ""type"": ""Point""}";49.22953083377631, -123.09248263512094
1;Sunset;"{""coordinates"": [-123.09558928767531, 49.2304875772008], ""type"": ""Point""}";49.2304875772008, -123.09558928767531
2;Sunset;"{""coordinates"": [-123.09252320297749, 49.22771829234765], ""type"": ""Point""}";49.22771829234765, -123.09252320297749
2;Riley Park;"{""coordinates"": [-123.09921056501015, 49.23388955174547], ""type"": ""Point""}";49.23388955174547, -123.09921056501015
A;Sunset;"{""coordinates"": [-123.09279702400922, 49.23202670245411], ""type"": ""Point""}";49.23202670245411, -123.09279702400922
8;Sunset;"{""coordinates"": [-123.09295961413733, 49.21443260887661], ""type"": ""Point""}";49.21443260887661, -123.09295961413733
10;Sunset;"{""coordinates"": [-123.0940005435602, 49.21894969028192], ""type"": ""Point""}";49.21894969028192, -123.0940005435602
1;Sunset;"{""coordinates"": [-123.0923481898296, 49.21944602407312], ""type"": ""Point""}";49.21944602407312, -123.0923481898296
1;Sunset;"{""coordinates"": [-123.09283339438676, 49.22122694211092], ""type"": ""Point""}";49.22122694211092, -123.09283339438676
6;Sunset;"{""coordinates"": [-123.09664875921369, 49.22263759959534], ""type"": ""Point""}";49.22263759959534, -123.09664875921369
23;Sunset;"{""coordinates"": [-123.09342349118306, 49.22690692372547], ""type"": ""Point""}";49.22690692372547, -123.09342349118306
6;Sunset;"{""coordinates"": [-123.0918821103173, 49.22371860983301], ""type"": ""Point""}";49.22371860983301, -123.0918821103173
BLK.;Grandview-Woodland;"{""coordinates"": [-123.06076904054108, 49.27067974120873], ""type"": ""Point""}";49.27067974120873, -123.06076904054108
C;Grandview-Woodland;"{""coordinates"": [-123.06093445322162, 49.27005473099013], ""type"": ""Point""}";49.27005473099013, -123.06093445322162
6;Grandview-Woodland;"{""coordinates"": [-123.05899755306959, 49.269878953655386], ""type"": ""Point""}";49.269878953655386, -123.05899755306959
5;Grandview-Woodland;"{""coordinates"": [-123.06088559797043, 49.26988676249203], ""type"": ""Point""}";49.26988676249203, -123.06088559797043
6;Grandview-Woodland;"{""coordinates"": [-123.06665385254442, 49.2699315053594], ""type"": ""Point""}";49.2699315053594, -123.06665385254442
1;Grandview-Woodland;"{""coordinates"": [-123.05731664056684, 49.26455640512672], ""type"": ""Point""}";49.26455640512672, -123.05731664056684
D;Grandview-Woodland;"{""coordinates"": [-123.05910953168912, 49.26551865409402], ""type"": ""Point""}";49.26551865409402, -123.05910953168912
3;Grandview-Woodland;"{""coordinates"": [-123.06093955028794, 49.26693856724928], ""type"": ""Point""}";49.26693856724928, -123.06093955028794
3;Grandview-Woodland;"{""coordinates"": [-123.05733345703827, 49.2627468675152], ""type"": ""Point""}";49.2627468675152, -123.05733345703827
14;Kensington-Cedar Cottage;"{""coordinates"": [-123.06721254738714, 49.24767694594111], ""type"": ""Point""}";49.24767694594111, -123.06721254738714
22;Kensington-Cedar Cottage;"{""coordinates"": [-123.06014279915242, 49.25114589385986], ""type"": ""Point""}";49.25114589385986, -123.06014279915242
C;Kensington-Cedar Cottage;"{""coordinates"": [-123.06551575805351, 49.2572725212427], ""type"": ""Point""}";49.2572725212427, -123.06551575805351
168;Kensington-Cedar Cottage;"{""coordinates"": [-123.06355350780608, 49.25839374625109], ""type"": ""Point""}";49.25839374625109, -123.06355350780608
D;Kensington-Cedar Cottage;"{""coordinates"": [-123.0669842585011, 49.25714572819468], ""type"": ""Point""}";49.25714572819468, -123.0669842585011
B;Kensington-Cedar Cottage;"{""coordinates"": [-123.0585819774732, 49.242524641323], ""type"": ""Point""}";49.242524641323, -123.0585819774732
5;Kensington-Cedar Cottage;"{""coordinates"": [-123.05759268007799, 49.24800934344844], ""type"": ""Point""}";49.24800934344844, -123.05759268007799
1;Kensington-Cedar Cottage;"{""coordinates"": [-123.06423268326856, 49.24615163773834], ""type"": ""Point""}";49.24615163773834, -123.06423268326856
4;Kensington-Cedar Cottage;"{""coordinates"": [-123.065719403961, 49.24672739591709], ""type"": ""Point""}";49.24672739591709, -123.065719403961
8;Kensington-Cedar Cottage;"{""coordinates"": [-123.0668251792033, 49.24899709450084], ""type"": ""Point""}";49.24899709450084, -123.0668251792033
10;Kensington-Cedar Cottage;"{""coordinates"": [-123.0603821664133, 49.235029408456064], ""type"": ""Point""}";49.235029408456064, -123.0603821664133
H;Kensington-Cedar Cottage;"{""coordinates"": [-123.06073955244324, 49.24008071694357], ""type"": ""Point""}";49.24008071694357, -123.06073955244324
7;Kensington-Cedar Cottage;"{""coordinates"": [-123.06030495921482, 49.236659801484066], ""type"": ""Point""}";49.236659801484066, -123.06030495921482
4;Kensington-Cedar Cottage;"{""coordinates"": [-123.0636646086263, 49.23632699175872], ""type"": ""Point""}";49.23632699175872, -123.0636646086263
E;Kensington-Cedar Cottage;"{""coordinates"": [-123.06710296088067, 49.239528729156866], ""type"": ""Point""}";49.239528729156866, -123.06710296088067
F;Kensington-Cedar Cottage;"{""coordinates"": [-123.06233172657103, 49.24185863258192], ""type"": ""Point""}";49.24185863258192, -123.06233172657103
5;Kensington-Cedar Cottage;"{""coordinates"": [-123.05725225560244, 49.24368796024909], ""type"": ""Point""}";49.24368796024909, -123.05725225560244
39;Victoria-Fraserview;"{""coordinates"": [-123.05837992088519, 49.21342764963711], ""type"": ""Point""}";49.21342764963711, -123.05837992088519
51;Victoria-Fraserview;"{""coordinates"": [-123.05824823196437, 49.217402748260355], ""type"": ""Point""}";49.217402748260355, -123.05824823196437
56;Victoria-Fraserview;"{""coordinates"": [-123.06380149408902, 49.21740069602551], ""type"": ""Point""}";49.21740069602551, -123.06380149408902
C;Victoria-Fraserview;"{""coordinates"": [-123.06419492373168, 49.22156736763237], ""type"": ""Point""}";49.22156736763237, -123.06419492373168
15;Grandview-Woodland;"{""coordinates"": [-123.06084356968137, 49.286211366591466], ""type"": ""Point""}";49.286211366591466, -123.06084356968137
72;Victoria-Fraserview;"{""coordinates"": [-123.05650422565674, 49.20871804766963], ""type"": ""Point""}";49.20871804766963, -123.05650422565674
31;Victoria-Fraserview;"{""coordinates"": [-123.05901600105842, 49.20991417259955], ""type"": ""Point""}";49.20991417259955, -123.05901600105842
15;Grandview-Woodland;"{""coordinates"": [-123.05708590118697, 49.27684792023343], ""type"": ""Point""}";49.27684792023343, -123.05708590118697
9;Grandview-Woodland;"{""coordinates"": [-123.05885925032301, 49.27774690862461], ""type"": ""Point""}";49.27774690862461, -123.05885925032301
47;Grandview-Woodland;"{""coordinates"": [-123.06476399774294, 49.280587360300316], ""type"": ""Point""}";49.280587360300316, -123.06476399774294
3;Grandview-Woodland;"{""coordinates"": [-123.06690215126832, 49.28245308203362], ""type"": ""Point""}";49.28245308203362, -123.06690215126832
32;Grandview-Woodland;"{""coordinates"": [-123.05737376505209, 49.28329729373222], ""type"": ""Point""}";49.28329729373222, -123.05737376505209
29;Grandview-Woodland;"{""coordinates"": [-123.06274562731797, 49.28333304597856], ""type"": ""Point""}";49.28333304597856, -123.06274562731797
2;Hastings-Sunrise;"{""coordinates"": [-123.05354723402765, 49.2688024454845], ""type"": ""Point""}";49.2688024454845, -123.05354723402765
40;Hastings-Sunrise;"{""coordinates"": [-123.04831380365228, 49.269856155715416], ""type"": ""Point""}";49.269856155715416, -123.04831380365228
8;Hastings-Sunrise;"{""coordinates"": [-123.05561521011064, 49.26987055656876], ""type"": ""Point""}";49.26987055656876, -123.05561521011064
6;Hastings-Sunrise;"{""coordinates"": [-123.05080117600964, 49.27543562384414], ""type"": ""Point""}";49.27543562384414, -123.05080117600964
1;Hastings-Sunrise;"{""coordinates"": [-123.05118332778191, 49.27526409690713], ""type"": ""Point""}";49.27526409690713, -123.05118332778191
2;Hastings-Sunrise;"{""coordinates"": [-123.04818684777477, 49.27607169579866], ""type"": ""Point""}";49.27607169579866, -123.04818684777477
4;Hastings-Sunrise;"{""coordinates"": [-123.05543466019117, 49.27608586962845], ""type"": ""Point""}";49.27608586962845, -123.05543466019117
10;Renfrew-Collingwood;"{""coordinates"": [-123.05606533812671, 49.25515733924893], ""type"": ""Point""}";49.25515733924893, -123.05606533812671
D;Renfrew-Collingwood;"{""coordinates"": [-123.05277019516373, 49.234470096685016], ""type"": ""Point""}";49.234470096685016, -123.05277019516373
80;Hastings-Sunrise;"{""coordinates"": [-123.03505200993484, 49.26883075622592], ""type"": ""Point""}";49.26883075622592, -123.03505200993484
4;Renfrew-Collingwood;"{""coordinates"": [-123.0432069348506, 49.24486860161735], ""type"": ""Point""}";49.24486860161735, -123.0432069348506
3;Renfrew-Collingwood;"{""coordinates"": [-123.037884636601, 49.24556210396727], ""type"": ""Point""}";49.24556210396727, -123.037884636601
H;Renfrew-Collingwood;"{""coordinates"": [-123.04035135181455, 49.252611997336935], ""type"": ""Point""}";49.252611997336935, -123.04035135181455
A;Renfrew-Collingwood;"{""coordinates"": [-123.0429296689418, 49.25752526329709], ""type"": ""Point""}";49.25752526329709, -123.0429296689418
73;Renfrew-Collingwood;"{""coordinates"": [-123.03525078947008, 49.24240866865006], ""type"": ""Point""}";49.24240866865006, -123.03525078947008
105;Renfrew-Collingwood;"{""coordinates"": [-123.04244096267477, 49.24065267418177], ""type"": ""Point""}";49.24065267418177, -123.04244096267477
110;Renfrew-Collingwood;"{""coordinates"": [-123.04373987141385, 49.241133372054634], ""type"": ""Point""}";49.241133372054634, -123.04373987141385
134;Renfrew-Collingwood;"{""coordinates"": [-123.04376004628413, 49.242493939168554], ""type"": ""Point""}";49.242493939168554, -123.04376004628413
2;Oakridge;"{""coordinates"": [-123.13283685366268, 49.22096817500771], ""type"": ""Point""}";49.22096817500771, -123.13283685366268
3;Oakridge;"{""coordinates"": [-123.13107624582497, 49.220944162890035], ""type"": ""Point""}";49.220944162890035, -123.13107624582497
7;Oakridge;"{""coordinates"": [-123.12768925782812, 49.219797451889484], ""type"": ""Point""}";49.219797451889484, -123.12768925782812
19;Marpole;"{""coordinates"": [-123.12269279376628, 49.21004391149619], ""type"": ""Point""}";49.21004391149619, -123.12269279376628
BLK;Marpole;"{""coordinates"": [-123.13256832312706, 49.21642965536742], ""type"": ""Point""}";49.21642965536742, -123.13256832312706
29;Downtown;"{""coordinates"": [-123.125008053263, 49.28911244965189], ""type"": ""Point""}";49.28911244965189, -123.125008053263
31;West End;"{""coordinates"": [-123.12803168416856, 49.287099987271155], ""type"": ""Point""}";49.287099987271155, -123.12803168416856
71;Marpole;"{""coordinates"": [-123.12476645884423, 49.20283732145072], ""type"": ""Point""}";49.20283732145072, -123.12476645884423
6;Marpole;"{""coordinates"": [-123.12997593753369, 49.20772733080686], ""type"": ""Point""}";49.20772733080686, -123.12997593753369
23;Marpole;"{""coordinates"": [-123.1233839473575, 49.20798477357548], ""type"": ""Point""}";49.20798477357548, -123.1233839473575
13;Marpole;"{""coordinates"": [-123.13152461961798, 49.20661273375153], ""type"": ""Point""}";49.20661273375153, -123.13152461961798
16;Marpole;"{""coordinates"": [-123.13154827048535, 49.206342164278496], ""type"": ""Point""}";49.206342164278496, -123.13154827048535
B;Marpole;"{""coordinates"": [-123.1294411905768, 49.21041571567913], ""type"": ""Point""}";49.21041571567913, -123.1294411905768
3;Mount Pleasant;"{""coordinates"": [-123.1126558880728, 49.268211918855535], ""type"": ""Point""}";49.268211918855535, -123.1126558880728
12;West End;"{""coordinates"": [-123.13204445660732, 49.27852855477211], ""type"": ""Point""}";49.27852855477211, -123.13204445660732
4;West End;"{""coordinates"": [-123.12298234964557, 49.284509428834006], ""type"": ""Point""}";49.284509428834006, -123.12298234964557
8;West End;"{""coordinates"": [-123.12775839765816, 49.281395999699704], ""type"": ""Point""}";49.281395999699704, -123.12775839765816
32;West End;"{""coordinates"": [-123.12889290687262, 49.28619859524448], ""type"": ""Point""}";49.28619859524448, -123.12889290687262
499;South Cambie;"{""coordinates"": [-123.11924904361676, 49.25640003555848], ""type"": ""Point""}";49.25640003555848, -123.11924904361676
501;Riley Park;"{""coordinates"": [-123.11384291995367, 49.25618650934829], ""type"": ""Point""}";49.25618650934829, -123.11384291995367
420;Fairview;"{""coordinates"": [-123.11659043013017, 49.25979845169934], ""type"": ""Point""}";49.25979845169934, -123.11659043013017
I;Mount Pleasant;"{""coordinates"": [-123.11217396328537, 49.25971969921568], ""type"": ""Point""}";49.25971969921568, -123.11217396328537
300;Fairview;"{""coordinates"": [-123.11640193269116, 49.2652660551867], ""type"": ""Point""}";49.2652660551867, -123.11640193269116
23;Mount Pleasant;"{""coordinates"": [-123.11415507802006, 49.26353775439202], ""type"": ""Point""}";49.26353775439202, -123.11415507802006
18;Mount Pleasant;"{""coordinates"": [-123.11386773981957, 49.264454496470535], ""type"": ""Point""}";49.264454496470535, -123.11386773981957
298;Fairview;"{""coordinates"": [-123.12078523176807, 49.26533596443651], ""type"": ""Point""}";49.26533596443651, -123.12078523176807
562;Riley Park;"{""coordinates"": [-123.11181467009867, 49.25326061788246], ""type"": ""Point""}";49.25326061788246, -123.11181467009867
601;Riley Park;"{""coordinates"": [-123.11370177785088, 49.2514333663314], ""type"": ""Point""}";49.2514333663314, -123.11370177785088
480;Fairview;"{""coordinates"": [-123.11749869507192, 49.25724283671955], ""type"": ""Point""}";49.25724283671955, -123.11749869507192
539;South Cambie;"{""coordinates"": [-123.11933189207878, 49.254590534676815], ""type"": ""Point""}";49.254590534676815, -123.11933189207878
5;South Cambie;"{""coordinates"": [-123.11585301008759, 49.25546720551493], ""type"": ""Point""}";49.25546720551493, -123.11585301008759
875;South Cambie;"{""coordinates"": [-123.11688964724777, 49.23620515199428], ""type"": ""Point""}";49.23620515199428, -123.11688964724777
741;Riley Park;"{""coordinates"": [-123.1139714252352, 49.24552498860865], ""type"": ""Point""}";49.24552498860865, -123.1139714252352
742;Riley Park;"{""coordinates"": [-123.11163806128185, 49.24541763302013], ""type"": ""Point""}";49.24541763302013, -123.11163806128185
599;South Cambie;"{""coordinates"": [-123.11943036937261, 49.25187971353315], ""type"": ""Point""}";49.25187971353315, -123.11943036937261
5;South Cambie;"{""coordinates"": [-123.11592036679924, 49.25363267965331], ""type"": ""Point""}";49.25363267965331, -123.11592036679924
847;Riley Park;"{""coordinates"": [-123.11173972230975, 49.236424604799105], ""type"": ""Point""}";49.236424604799105, -123.11173972230975
908;Oakridge;"{""coordinates"": [-123.11815806911821, 49.22128807263848], ""type"": ""Point""}";49.22128807263848, -123.11815806911821
1;Oakridge;"{""coordinates"": [-123.11446592147155, 49.229050009717845], ""type"": ""Point""}";49.229050009717845, -123.11446592147155
C;Oakridge;"{""coordinates"": [-123.11990536156561, 49.22824802439921], ""type"": ""Point""}";49.22824802439921, -123.11990536156561
859;Oakridge;"{""coordinates"": [-123.11486589506994, 49.23186821389856], ""type"": ""Point""}";49.23186821389856, -123.11486589506994
892;Oakridge;"{""coordinates"": [-123.11903598918937, 49.23228992655331], ""type"": ""Point""}";49.23228992655331, -123.11903598918937
838;South Cambie;"{""coordinates"": [-123.12207123923808, 49.23971235586862], ""type"": ""Point""}";49.23971235586862, -123.12207123923808
8;Marpole;"{""coordinates"": [-123.1162530536248, 49.2079306968364], ""type"": ""Point""}";49.2079306968364, -123.1162530536248
16;Marpole;"{""coordinates"": [-123.11332599565365, 49.20849700790944], ""type"": ""Point""}";49.20849700790944, -123.11332599565365
5;Marpole;"{""coordinates"": [-123.11328149222841, 49.212958921815364], ""type"": ""Point""}";49.212958921815364, -123.11328149222841
3;Marpole;"{""coordinates"": [-123.11552446477697, 49.211574529548784], ""type"": ""Point""}";49.211574529548784, -123.11552446477697
1;Marpole;"{""coordinates"": [-123.11578374196162, 49.21263705410785], ""type"": ""Point""}";49.21263705410785, -123.11578374196162
G;Marpole;"{""coordinates"": [-123.12113043464171, 49.214716354155], ""type"": ""Point""}";49.214716354155, -123.12113043464171
1;Marpole;"{""coordinates"": [-123.11392967621885, 49.213731725902896], ""type"": ""Point""}";49.213731725902896, -123.11392967621885
1005;Marpole;"{""coordinates"": [-123.11491466347698, 49.217206733927725], ""type"": ""Point""}";49.217206733927725, -123.11491466347698
74;Downtown;"{""coordinates"": [-123.12068773548901, 49.278757965354856], ""type"": ""Point""}";49.278757965354856, -123.12068773548901
84;Downtown;"{""coordinates"": [-123.12222798969741, 49.27773425059935], ""type"": ""Point""}";49.27773425059935, -123.12222798969741
65;Downtown;"{""coordinates"": [-123.11825409444636, 49.279085144698556], ""type"": ""Point""}";49.279085144698556, -123.11825409444636
25;Downtown;"{""coordinates"": [-123.11212010022494, 49.28321166297248], ""type"": ""Point""}";49.28321166297248, -123.11212010022494
21;Downtown;"{""coordinates"": [-123.1162172697627, 49.28575934778608], ""type"": ""Point""}";49.28575934778608, -123.1162172697627
9;Mount Pleasant;"{""coordinates"": [-123.10561415416238, 49.26961699043623], ""type"": ""Point""}";49.26961699043623, -123.10561415416238
7;Mount Pleasant;"{""coordinates"": [-123.10178774880124, 49.269549443533684], ""type"": ""Point""}";49.269549443533684, -123.10178774880124
14;Mount Pleasant;"{""coordinates"": [-123.10197893460045, 49.26855700574486], ""type"": ""Point""}";49.26855700574486, -123.10197893460045
4;Riley Park;"{""coordinates"": [-123.10392084315258, 49.25311524902181], ""type"": ""Point""}";49.25311524902181, -123.10392084315258
4;Riley Park;"{""coordinates"": [-123.10217623645725, 49.25049830429952], ""type"": ""Point""}";49.25049830429952, -123.10217623645725
523;Riley Park;"{""coordinates"": [-123.10870628534063, 49.25509996770595], ""type"": ""Point""}";49.25509996770595, -123.10870628534063
R;Mount Pleasant;"{""coordinates"": [-123.1104853018825, 49.25803619004135], ""type"": ""Point""}";49.25803619004135, -123.1104853018825
S;Mount Pleasant;"{""coordinates"": [-123.11035446608864, 49.257141614960084], ""type"": ""Point""}";49.257141614960084, -123.11035446608864
504;Riley Park;"{""coordinates"": [-123.10622715429119, 49.25604137451674], ""type"": ""Point""}";49.25604137451674, -123.10622715429119
52;Mount Pleasant;"{""coordinates"": [-123.10425712519051, 49.25788905936613], ""type"": ""Point""}";49.25788905936613, -123.10425712519051
21;Mount Pleasant;"{""coordinates"": [-123.11025137576786, 49.26346928684199], ""type"": ""Point""}";49.26346928684199, -123.11025137576786
16;Riley Park;"{""coordinates"": [-123.10275080936559, 49.248436115460265], ""type"": ""Point""}";49.248436115460265, -123.10275080936559
13;Riley Park;"{""coordinates"": [-123.1036906789522, 49.24844831882286], ""type"": ""Point""}";49.24844831882286, -123.1036906789522
7;Riley Park;"{""coordinates"": [-123.10463917127997, 49.247033449355925], ""type"": ""Point""}";49.247033449355925, -123.10463917127997
6;Riley Park;"{""coordinates"": [-123.10461941356752, 49.24742384230764], ""type"": ""Point""}";49.24742384230764, -123.10461941356752
704;Riley Park;"{""coordinates"": [-123.10646710664777, 49.24726546640877], ""type"": ""Point""}";49.24726546640877, -123.10646710664777
722;Riley Park;"{""coordinates"": [-123.11093056781775, 49.246177422317956], ""type"": ""Point""}";49.246177422317956, -123.11093056781775
583;Riley Park;"{""coordinates"": [-123.10879721239144, 49.2522462110208], ""type"": ""Point""}";49.2522462110208, -123.10879721239144
A;Riley Park;"{""coordinates"": [-123.10432092645411, 49.23668338232745], ""type"": ""Point""}";49.23668338232745, -123.10432092645411
4;Riley Park;"{""coordinates"": [-123.10236601742506, 49.23974638408376], ""type"": ""Point""}";49.23974638408376, -123.10236601742506
6;Riley Park;"{""coordinates"": [-123.10240009138823, 49.24366185596433], ""type"": ""Point""}";49.24366185596433, -123.10240009138823
807;Riley Park;"{""coordinates"": [-123.10983166341686, 49.24151430690585], ""type"": ""Point""}";49.24151430690585, -123.10983166341686
63;Riley Park;"{""coordinates"": [-123.10080127901384, 49.24520321940441], ""type"": ""Point""}";49.24520321940441, -123.10080127901384
5;Sunset;"{""coordinates"": [-123.10283195370985, 49.229700361779884], ""type"": ""Point""}";49.229700361779884, -123.10283195370985
D;Sunset;"{""coordinates"": [-123.10401745194326, 49.231910847357994], ""type"": ""Point""}";49.231910847357994, -123.10401745194326
1;Sunset;"{""coordinates"": [-123.10249395347608, 49.232765858774115], ""type"": ""Point""}";49.232765858774115, -123.10249395347608
1;Sunset;"{""coordinates"": [-123.10516640348698, 49.232812462938156], ""type"": ""Point""}";49.232812462938156, -123.10516640348698
1044;Oakridge;"{""coordinates"": [-123.10717981945369, 49.23173109189989], ""type"": ""Point""}";49.23173109189989, -123.10717981945369
C;Sunset;"{""coordinates"": [-123.1048981544898, 49.21813801944828], ""type"": ""Point""}";49.21813801944828, -123.1048981544898
2;Sunset;"{""coordinates"": [-123.10294711692454, 49.22507630747916], ""type"": ""Point""}";49.22507630747916, -123.10294711692454
3;Sunset;"{""coordinates"": [-123.10257702377983, 49.23141652375681], ""type"": ""Point""}";49.23141652375681, -123.10257702377983
3;Sunset;"{""coordinates"": [-123.10480083804362, 49.22795189271222], ""type"": ""Point""}";49.22795189271222, -123.10480083804362
29;Downtown;"{""coordinates"": [-123.10634843456124, 49.28119522815025], ""type"": ""Point""}";49.28119522815025, -123.10634843456124
11;Downtown;"{""coordinates"": [-123.11011564766326, 49.283306609601915], ""type"": ""Point""}";49.283306609601915, -123.11011564766326
27;Downtown;"{""coordinates"": [-123.1102493137352, 49.2822032147919], ""type"": ""Point""}";49.2822032147919, -123.1102493137352
1;Downtown;"{""coordinates"": [-123.10345747566875, 49.283652978155125], ""type"": ""Point""}";49.283652978155125, -123.10345747566875
E;Marpole;"{""coordinates"": [-123.10893154754648, 49.212839069955024], ""type"": ""Point""}";49.212839069955024, -123.10893154754648
A;Marpole;"{""coordinates"": [-123.10875155150147, 49.216311796527194], ""type"": ""Point""}";49.216311796527194, -123.10875155150147
2;Sunset;"{""coordinates"": [-123.10309675201681, 49.21430386498029], ""type"": ""Point""}";49.21430386498029, -123.10309675201681
5;Marpole;"{""coordinates"": [-123.10725647210442, 49.215229676872006], ""type"": ""Point""}";49.215229676872006, -123.10725647210442
3;Sunset;"{""coordinates"": [-123.10293297364949, 49.21601208909365], ""type"": ""Point""}";49.21601208909365, -123.10293297364949
2;Sunset;"{""coordinates"": [-123.10475829264328, 49.21538245157914], ""type"": ""Point""}";49.21538245157914, -123.10475829264328
92;Mount Pleasant;"{""coordinates"": [-123.09180252345676, 49.26654037813936], ""type"": ""Point""}";49.26654037813936, -123.09180252345676
43;Mount Pleasant;"{""coordinates"": [-123.09946013750843, 49.2639848445605], ""type"": ""Point""}";49.2639848445605, -123.09946013750843
42;Mount Pleasant;"{""coordinates"": [-123.09805195570557, 49.263960447818576], ""type"": ""Point""}";49.263960447818576, -123.09805195570557
6;Strathcona;"{""coordinates"": [-123.10007984087038, 49.269235680818525], ""type"": ""Point""}";49.269235680818525, -123.10007984087038
12;Downtown;"{""coordinates"": [-123.10118068973739, 49.28072876426], ""type"": ""Point""}";49.28072876426, -123.10118068973739
1;Downtown;"{""coordinates"": [-123.10541693753419, 49.28405498257155], ""type"": ""Point""}";49.28405498257155, -123.10541693753419
129;Mount Pleasant;"{""coordinates"": [-123.0942649981062, 49.25914089930363], ""type"": ""Point""}";49.25914089930363, -123.0942649981062
116;Mount Pleasant;"{""coordinates"": [-123.09699072720868, 49.26058084554103], ""type"": ""Point""}";49.26058084554103, -123.09699072720868
128;Mount Pleasant;"{""coordinates"": [-123.09419268885874, 49.26000469650471], ""type"": ""Point""}";49.26000469650471, -123.09419268885874
41;Mount Pleasant;"{""coordinates"": [-123.09649033458864, 49.26382596189779], ""type"": ""Point""}";49.26382596189779, -123.09649033458864
11;Riley Park;"{""coordinates"": [-123.09603993900686, 49.24697714169466], ""type"": ""Point""}";49.24697714169466, -123.09603993900686
69;Riley Park;"{""coordinates"": [-123.09297661054235, 49.25410690690344], ""type"": ""Point""}";49.25410690690344, -123.09297661054235
26;Riley Park;"{""coordinates"": [-123.09489695314397, 49.243824564046335], ""type"": ""Point""}";49.243824564046335, -123.09489695314397
23;Riley Park;"{""coordinates"": [-123.09516038767379, 49.24504742053644], ""type"": ""Point""}";49.24504742053644, -123.09516038767379
2;Riley Park;"{""coordinates"": [-123.0960781415488, 49.243141739797295], ""type"": ""Point""}";49.243141739797295, -123.0960781415488
11;Riley Park;"{""coordinates"": [-123.0993130792363, 49.24357733311528], ""type"": ""Point""}";49.24357733311528, -123.0993130792363
65;Riley Park;"{""coordinates"": [-123.09946594477428, 49.24531029567343], ""type"": ""Point""}";49.24531029567343, -123.09946594477428
52;Riley Park;"{""coordinates"": [-123.0984109241393, 49.2483302418889], ""type"": ""Point""}";49.2483302418889, -123.0984109241393
205;Riley Park;"{""coordinates"": [-123.09088205424388, 49.242951098393874], ""type"": ""Point""}";49.242951098393874, -123.09088205424388
A;Riley Park;"{""coordinates"": [-123.09407375415343, 49.238295934762775], ""type"": ""Point""}";49.238295934762775, -123.09407375415343
1;Riley Park;"{""coordinates"": [-123.09520591808398, 49.23994360159952], ""type"": ""Point""}";49.23994360159952, -123.09520591808398
8;Riley Park;"{""coordinates"": [-123.09811160629864, 49.2398849861738], ""type"": ""Point""}";49.2398849861738, -123.09811160629864
5;Riley Park;"{""coordinates"": [-123.09386802034719, 49.24216697965067], ""type"": ""Point""}";49.24216697965067, -123.09386802034719
172;Riley Park;"{""coordinates"": [-123.09082924230168, 49.24498129275366], ""type"": ""Point""}";49.24498129275366, -123.09082924230168
201;Riley Park;"{""coordinates"": [-123.09315519353312, 49.243995110057526], ""type"": ""Point""}";49.243995110057526, -123.09315519353312
8;Sunset;"{""coordinates"": [-123.09335246514703, 49.22594181634131], ""type"": ""Point""}";49.22594181634131, -123.09335246514703
3;Sunset;"{""coordinates"": [-123.09193342346734, 49.22666005681538], ""type"": ""Point""}";49.22666005681538, -123.09193342346734
2;Sunset;"{""coordinates"": [-123.09254672225457, 49.22301477523049], ""type"": ""Point""}";49.22301477523049, -123.09254672225457
4;Sunset;"{""coordinates"": [-123.09856349015028, 49.226925257575836], ""type"": ""Point""}";49.226925257575836, -123.09856349015028
1;Riley Park;"{""coordinates"": [-123.09774591417532, 49.23404464609664], ""type"": ""Point""}";49.23404464609664, -123.09774591417532
5;Riley Park;"{""coordinates"": [-123.09839641409717, 49.235668896992955], ""type"": ""Point""}";49.235668896992955, -123.09839641409717
9;Sunset;"{""coordinates"": [-123.0955809391807, 49.21897510936993], ""type"": ""Point""}";49.21897510936993, -123.0955809391807
3;Sunset;"{""coordinates"": [-123.09285666950673, 49.22213471716283], ""type"": ""Point""}";49.22213471716283, -123.09285666950673
2;Sunset;"{""coordinates"": [-123.09288169873321, 49.220328743315825], ""type"": ""Point""}";49.220328743315825, -123.09288169873321
3;Sunset;"{""coordinates"": [-123.09588627154156, 49.22128709139729], ""type"": ""Point""}";49.22128709139729, -123.09588627154156
5;Sunset;"{""coordinates"": [-123.09544849608555, 49.22263547622908], ""type"": ""Point""}";49.22263547622908, -123.09544849608555
21;Sunset;"{""coordinates"": [-123.09466612450633, 49.224949523016264], ""type"": ""Point""}";49.224949523016264, -123.09466612450633
20;Sunset;"{""coordinates"": [-123.09506287203946, 49.22692688705205], ""type"": ""Point""}";49.22692688705205, -123.09506287203946
19;Sunset;"{""coordinates"": [-123.09566966587599, 49.22693716243713], ""type"": ""Point""}";49.22693716243713, -123.09566966587599
E;Sunset;"{""coordinates"": [-123.09282722329405, 49.21132515027733], ""type"": ""Point""}";49.21132515027733, -123.09282722329405
5;Sunset;"{""coordinates"": [-123.09691468148237, 49.21203511036919], ""type"": ""Point""}";49.21203511036919, -123.09691468148237
2;Sunset;"{""coordinates"": [-123.09944979067481, 49.215963003818075], ""type"": ""Point""}";49.215963003818075, -123.09944979067481
11;Sunset;"{""coordinates"": [-123.09655716996669, 49.214015325918574], ""type"": ""Point""}";49.214015325918574, -123.09655716996669
3;Sunset;"{""coordinates"": [-123.09243971364864, 49.217581841832896], ""type"": ""Point""}";49.217581841832896, -123.09243971364864
16;Strathcona;"{""coordinates"": [-123.09835696794165, 49.279789478962556], ""type"": ""Point""}";49.279789478962556, -123.09835696794165
17;Strathcona;"{""coordinates"": [-123.09865512200007, 49.278888735203715], ""type"": ""Point""}";49.278888735203715, -123.09865512200007
10;Strathcona;"{""coordinates"": [-123.09848419687357, 49.28165793910415], ""type"": ""Point""}";49.28165793910415, -123.09848419687357
40;Strathcona;"{""coordinates"": [-123.09665250797786, 49.28344314815803], ""type"": ""Point""}";49.28344314815803, -123.09665250797786
58;Strathcona;"{""coordinates"": [-123.09248382854518, 49.28150397959039], ""type"": ""Point""}";49.28150397959039, -123.09248382854518
59;Strathcona;"{""coordinates"": [-123.09059249109085, 49.28152743510292], ""type"": ""Point""}";49.28152743510292, -123.09059249109085
F;Mount Pleasant;"{""coordinates"": [-123.08628732495252, 49.26000917080094], ""type"": ""Point""}";49.26000917080094, -123.08628732495252
E;Mount Pleasant;"{""coordinates"": [-123.08823547480921, 49.26001982498959], ""type"": ""Point""}";49.26001982498959, -123.08823547480921
82;Strathcona;"{""coordinates"": [-123.07905339680885, 49.26551549117062], ""type"": ""Point""}";49.26551549117062, -123.07905339680885
95;Mount Pleasant;"{""coordinates"": [-123.08049580133552, 49.26468031616345], ""type"": ""Point""}";49.26468031616345, -123.08049580133552
77;Strathcona;"{""coordinates"": [-123.07904784422712, 49.266539697570934], ""type"": ""Point""}";49.266539697570934, -123.07904784422712
98;Mount Pleasant;"{""coordinates"": [-123.08613109050238, 49.264607088605906], ""type"": ""Point""}";49.264607088605906, -123.08613109050238
PCL. I;Strathcona;"{""coordinates"": [-123.08771701125289, 49.267131019517926], ""type"": ""Point""}";49.267131019517926, -123.08771701125289
PCL.;Strathcona;"{""coordinates"": [-123.08472939067951, 49.27111999206901], ""type"": ""Point""}";49.27111999206901, -123.08472939067951
G;Strathcona;"{""coordinates"": [-123.08861294495914, 49.271610834143644], ""type"": ""Point""}";49.271610834143644, -123.08861294495914
47;Strathcona;"{""coordinates"": [-123.08121395469884, 49.274668006775464], ""type"": ""Point""}";49.274668006775464, -123.08121395469884
122;Strathcona;"{""coordinates"": [-123.09519174682991, 49.27975612214493], ""type"": ""Point""}";49.27975612214493, -123.09519174682991
19;Downtown;"{""coordinates"": [-123.10030100200278, 49.27827328012301], ""type"": ""Point""}";49.27827328012301, -123.10030100200278
1;Downtown;"{""coordinates"": [-123.10017101048251, 49.27920451116674], ""type"": ""Point""}";49.27920451116674, -123.10017101048251
81;Kensington-Cedar Cottage;"{""coordinates"": [-123.08281073262397, 49.254814126889386], ""type"": ""Point""}";49.254814126889386, -123.08281073262397
159;Mount Pleasant;"{""coordinates"": [-123.07873891170735, 49.26084454060756], ""type"": ""Point""}";49.26084454060756, -123.07873891170735
D;Mount Pleasant;"{""coordinates"": [-123.0786963685334, 49.260304901986586], ""type"": ""Point""}";49.260304901986586, -123.0786963685334
J;Kensington-Cedar Cottage;"{""coordinates"": [-123.08093330117705, 49.24875209194952], ""type"": ""Point""}";49.24875209194952, -123.08093330117705
16;Kensington-Cedar Cottage;"{""coordinates"": [-123.08300097981446, 49.2503064754414], ""type"": ""Point""}";49.2503064754414, -123.08300097981446
18;Kensington-Cedar Cottage;"{""coordinates"": [-123.0869531929658, 49.250349165290466], ""type"": ""Point""}";49.250349165290466, -123.0869531929658
BLK. 172;Mount Pleasant;"{""coordinates"": [-123.0804430362275, 49.25811967962802], ""type"": ""Point""}";49.25811967962802, -123.0804430362275
7;Kensington-Cedar Cottage;"{""coordinates"": [-123.08195640274123, 49.24351260132481], ""type"": ""Point""}";49.24351260132481, -123.08195640274123
8;Kensington-Cedar Cottage;"{""coordinates"": [-123.08572129741258, 49.24346415535106], ""type"": ""Point""}";49.24346415535106, -123.08572129741258
B;Kensington-Cedar Cottage;"{""coordinates"": [-123.08341963814989, 49.24725614385693], ""type"": ""Point""}";49.24725614385693, -123.08341963814989
1;Kensington-Cedar Cottage;"{""coordinates"": [-123.08807881498774, 49.23321822844153], ""type"": ""Point""}";49.23321822844153, -123.08807881498774
2;Kensington-Cedar Cottage;"{""coordinates"": [-123.07897043472967, 49.23558988125619], ""type"": ""Point""}";49.23558988125619, -123.07897043472967
3;Kensington-Cedar Cottage;"{""coordinates"": [-123.08041938823042, 49.233849766991874], ""type"": ""Point""}";49.233849766991874, -123.08041938823042
11;Kensington-Cedar Cottage;"{""coordinates"": [-123.08616946000222, 49.23337764306095], ""type"": ""Point""}";49.23337764306095, -123.08616946000222
2;Sunset;"{""coordinates"": [-123.08233351802242, 49.222679849377776], ""type"": ""Point""}";49.222679849377776, -123.08233351802242
5;Sunset;"{""coordinates"": [-123.08446892205843, 49.22623587253372], ""type"": ""Point""}";49.22623587253372, -123.08446892205843
4;Sunset;"{""coordinates"": [-123.08576312567789, 49.228083418337704], ""type"": ""Point""}";49.228083418337704, -123.08576312567789
4;Sunset;"{""coordinates"": [-123.081857411543, 49.22995367677884], ""type"": ""Point""}";49.22995367677884, -123.081857411543
15;Kensington-Cedar Cottage;"{""coordinates"": [-123.08384098189886, 49.233332176337036], ""type"": ""Point""}";49.233332176337036, -123.08384098189886
7;Sunset;"{""coordinates"": [-123.08868053203403, 49.2222152860139], ""type"": ""Point""}";49.2222152860139, -123.08868053203403
O;Sunset;"{""coordinates"": [-123.08306493454813, 49.208091445382415], ""type"": ""Point""}";49.208091445382415, -123.08306493454813
2;Sunset;"{""coordinates"": [-123.07840851036559, 49.211785862966536], ""type"": ""Point""}";49.211785862966536, -123.07840851036559
G;Sunset;"{""coordinates"": [-123.08005625642316, 49.21019127152736], ""type"": ""Point""}";49.21019127152736, -123.08005625642316
10;Sunset;"{""coordinates"": [-123.08383031097819, 49.212127033565906], ""type"": ""Point""}";49.212127033565906, -123.08383031097819
3;Sunset;"{""coordinates"": [-123.0846356495691, 49.214113045798605], ""type"": ""Point""}";49.214113045798605, -123.0846356495691
B;Sunset;"{""coordinates"": [-123.08234335354494, 49.215010569745516], ""type"": ""Point""}";49.215010569745516, -123.08234335354494
2;Sunset;"{""coordinates"": [-123.0842317846313, 49.2176616640607], ""type"": ""Point""}";49.2176616640607, -123.0842317846313
A;Strathcona;"{""coordinates"": [-123.07869773878723, 49.280533383937694], ""type"": ""Point""}";49.280533383937694, -123.07869773878723
65;Strathcona;"{""coordinates"": [-123.08447546791146, 49.280631174887645], ""type"": ""Point""}";49.280631174887645, -123.08447546791146
125;Strathcona;"{""coordinates"": [-123.08343634190494, 49.2770339383257], ""type"": ""Point""}";49.2770339383257, -123.08343634190494
14;Strathcona;"{""coordinates"": [-123.0803554558999, 49.28039946520452], ""type"": ""Point""}";49.28039946520452, -123.0803554558999
96;Strathcona;"{""coordinates"": [-123.08211969865656, 49.27712207187198], ""type"": ""Point""}";49.27712207187198, -123.08211969865656
77;Strathcona;"{""coordinates"": [-123.08602497480315, 49.27955397437741], ""type"": ""Point""}";49.27955397437741, -123.08602497480315
47;Strathcona;"{""coordinates"": [-123.08196314644645, 49.28352730810595], ""type"": ""Point""}";49.28352730810595, -123.08196314644645
56;Grandview-Woodland;"{""coordinates"": [-123.07455593325878, 49.270992013522644], ""type"": ""Point""}";49.270992013522644, -123.07455593325878
22;Grandview-Woodland;"{""coordinates"": [-123.06851757101772, 49.27610418286243], ""type"": ""Point""}";49.27610418286243, -123.06851757101772
38;Grandview-Woodland;"{""coordinates"": [-123.07635294499549, 49.27327587953404], ""type"": ""Point""}";49.27327587953404, -123.07635294499549
31;Grandview-Woodland;"{""coordinates"": [-123.07500827295257, 49.27505753769588], ""type"": ""Point""}";49.27505753769588, -123.07500827295257
D;Grandview-Woodland;"{""coordinates"": [-123.07093391693947, 49.26286914602765], ""type"": ""Point""}";49.26286914602765, -123.07093391693947
B;Grandview-Woodland;"{""coordinates"": [-123.07465940087711, 49.264457852595946], ""type"": ""Point""}";49.264457852595946, -123.07465940087711
A;Grandview-Woodland;"{""coordinates"": [-123.07250968176693, 49.26485449789364], ""type"": ""Point""}";49.26485449789364, -123.07250968176693
2;Grandview-Woodland;"{""coordinates"": [-123.06858822672324, 49.26537835318145], ""type"": ""Point""}";49.26537835318145, -123.06858822672324
BLK. 145;Grandview-Woodland;"{""coordinates"": [-123.07223723763205, 49.266291562065135], ""type"": ""Point""}";49.266291562065135, -123.07223723763205
BLK. 144;Grandview-Woodland;"{""coordinates"": [-123.0688858510437, 49.26845991347335], ""type"": ""Point""}";49.26845991347335, -123.0688858510437
5;Kensington-Cedar Cottage;"{""coordinates"": [-123.073226598074, 49.2556531962272], ""type"": ""Point""}";49.2556531962272, -123.073226598074
4;Kensington-Cedar Cottage;"{""coordinates"": [-123.073071967124, 49.255400933303854], ""type"": ""Point""}";49.255400933303854, -123.073071967124
14;Kensington-Cedar Cottage;"{""coordinates"": [-123.07247923305752, 49.25465048479781], ""type"": ""Point""}";49.25465048479781, -123.07247923305752
3;Kensington-Cedar Cottage;"{""coordinates"": [-123.07152757034115, 49.255064615065905], ""type"": ""Point""}";49.255064615065905, -123.07152757034115
14;Kensington-Cedar Cottage;"{""coordinates"": [-123.07029566922589, 49.25461608698881], ""type"": ""Point""}";49.25461608698881, -123.07029566922589
85;Kensington-Cedar Cottage;"{""coordinates"": [-123.07704218790975, 49.25560618857638], ""type"": ""Point""}";49.25560618857638, -123.07704218790975
A;Kensington-Cedar Cottage;"{""coordinates"": [-123.06891908060801, 49.25879201862515], ""type"": ""Point""}";49.25879201862515, -123.06891908060801
3;Kensington-Cedar Cottage;"{""coordinates"": [-123.07588884325742, 49.24489331417956], ""type"": ""Point""}";49.24489331417956, -123.07588884325742
17;Kensington-Cedar Cottage;"{""coordinates"": [-123.07808568556142, 49.24435586917477], ""type"": ""Point""}";49.24435586917477, -123.07808568556142
3;Kensington-Cedar Cottage;"{""coordinates"": [-123.07260764313644, 49.23792681989002], ""type"": ""Point""}";49.23792681989002, -123.07260764313644
5;Kensington-Cedar Cottage;"{""coordinates"": [-123.07077093317369, 49.236537231667775], ""type"": ""Point""}";49.236537231667775, -123.07077093317369
E;Kensington-Cedar Cottage;"{""coordinates"": [-123.06952196409028, 49.236504275857996], ""type"": ""Point""}";49.236504275857996, -123.06952196409028
A;Kensington-Cedar Cottage;"{""coordinates"": [-123.06933971463707, 49.239566447642375], ""type"": ""Point""}";49.239566447642375, -123.06933971463707
5;Kensington-Cedar Cottage;"{""coordinates"": [-123.07293121734021, 49.24417849682185], ""type"": ""Point""}";49.24417849682185, -123.07293121734021
11;Victoria-Fraserview;"{""coordinates"": [-123.06941966364593, 49.22808349360876], ""type"": ""Point""}";49.22808349360876, -123.06941966364593
3;Victoria-Fraserview;"{""coordinates"": [-123.07495263206656, 49.22984587744947], ""type"": ""Point""}";49.22984587744947, -123.07495263206656
2;Victoria-Fraserview;"{""coordinates"": [-123.06934074528657, 49.231637405325976], ""type"": ""Point""}";49.231637405325976, -123.06934074528657
1;Victoria-Fraserview;"{""coordinates"": [-123.0765521680076, 49.231675309235264], ""type"": ""Point""}";49.231675309235264, -123.0765521680076
4;Kensington-Cedar Cottage;"{""coordinates"": [-123.07734855029395, 49.2339958239021], ""type"": ""Point""}";49.2339958239021, -123.07734855029395
1;Victoria-Fraserview;"{""coordinates"": [-123.07052462571089, 49.21934044111055], ""type"": ""Point""}";49.21934044111055, -123.07052462571089
4;Victoria-Fraserview;"{""coordinates"": [-123.06765232306189, 49.22209327294264], ""type"": ""Point""}";49.22209327294264, -123.06765232306189
9;Victoria-Fraserview;"{""coordinates"": [-123.07653124632887, 49.22438213674115], ""type"": ""Point""}";49.22438213674115, -123.07653124632887
26;Victoria-Fraserview;"{""coordinates"": [-123.07068385801583, 49.226075092481025], ""type"": ""Point""}";49.226075092481025, -123.07068385801583
23;Victoria-Fraserview;"{""coordinates"": [-123.07047894310035, 49.22641267498242], ""type"": ""Point""}";49.22641267498242, -123.07047894310035
3;Sunset;"{""coordinates"": [-123.0780916676073, 49.21226303463936], ""type"": ""Point""}";49.21226303463936, -123.0780916676073
F;Victoria-Fraserview;"{""coordinates"": [-123.07046702960122, 49.20894467368886], ""type"": ""Point""}";49.20894467368886, -123.07046702960122
13;Victoria-Fraserview;"{""coordinates"": [-123.06753684920167, 49.215185383093726], ""type"": ""Point""}";49.215185383093726, -123.06753684920167
9;Victoria-Fraserview;"{""coordinates"": [-123.07492564420475, 49.21391406617213], ""type"": ""Point""}";49.21391406617213, -123.07492564420475
5;Victoria-Fraserview;"{""coordinates"": [-123.07634002545821, 49.21576555632406], ""type"": ""Point""}";49.21576555632406, -123.07634002545821
21;Grandview-Woodland;"{""coordinates"": [-123.06656001506505, 49.276048351562956], ""type"": ""Point""}";49.276048351562956, -123.06656001506505
46;Grandview-Woodland;"{""coordinates"": [-123.06661296474617, 49.27241817801559], ""type"": ""Point""}";49.27241817801559, -123.06661296474617
36;Grandview-Woodland;"{""coordinates"": [-123.06661525800932, 49.27423354084084], ""type"": ""Point""}";49.27423354084084, -123.06661525800932
BLK. C;Grandview-Woodland;"{""coordinates"": [-123.07385065483098, 49.28301447568903], ""type"": ""Point""}";49.28301447568903, -123.07385065483098
BLK. D;Grandview-Woodland;"{""coordinates"": [-123.06984457976347, 49.282842775004866], ""type"": ""Point""}";49.282842775004866, -123.06984457976347
BLK. C;Grandview-Woodland;"{""coordinates"": [-123.07296271114436, 49.285394083004796], ""type"": ""Point""}";49.285394083004796, -123.07296271114436
137;Grandview-Woodland;"{""coordinates"": [-123.06721453596596, 49.27086973910025], ""type"": ""Point""}";49.27086973910025, -123.06721453596596
139;Grandview-Woodland;"{""coordinates"": [-123.0597078293407, 49.27066636990222], ""type"": ""Point""}";49.27066636990222, -123.0597078293407
B;Grandview-Woodland;"{""coordinates"": [-123.05758802163142, 49.27001465565313], ""type"": ""Point""}";49.27001465565313, -123.05758802163142
2;Grandview-Woodland;"{""coordinates"": [-123.05739812790046, 49.269859780930716], ""type"": ""Point""}";49.269859780930716, -123.05739812790046
2;Grandview-Woodland;"{""coordinates"": [-123.05740642563472, 49.273551700322436], ""type"": ""Point""}";49.273551700322436, -123.05740642563472
A;Kensington-Cedar Cottage;"{""coordinates"": [-123.06455106878907, 49.26200747754248], ""type"": ""Point""}";49.26200747754248, -123.06455106878907
B;Grandview-Woodland;"{""coordinates"": [-123.06300413080848, 49.26426102768256], ""type"": ""Point""}";49.26426102768256, -123.06300413080848
B;Grandview-Woodland;"{""coordinates"": [-123.06297531206609, 49.2669643622655], ""type"": ""Point""}";49.2669643622655, -123.06297531206609
2;Kensington-Cedar Cottage;"{""coordinates"": [-123.06316876681615, 49.25045615332894], ""type"": ""Point""}";49.25045615332894, -123.06316876681615
18;Kensington-Cedar Cottage;"{""coordinates"": [-123.06223842813228, 49.252320189735855], ""type"": ""Point""}";49.252320189735855, -123.06223842813228
11;Kensington-Cedar Cottage;"{""coordinates"": [-123.06591369994564, 49.25340502600946], ""type"": ""Point""}";49.25340502600946, -123.06591369994564
D;Kensington-Cedar Cottage;"{""coordinates"": [-123.06587988660416, 49.2513952967886], ""type"": ""Point""}";49.2513952967886, -123.06587988660416
166;Kensington-Cedar Cottage;"{""coordinates"": [-123.05775573130077, 49.257734517391604], ""type"": ""Point""}";49.257734517391604, -123.05775573130077
1;Kensington-Cedar Cottage;"{""coordinates"": [-123.06562290026673, 49.24068699706986], ""type"": ""Point""}";49.24068699706986, -123.06562290026673
13;Kensington-Cedar Cottage;"{""coordinates"": [-123.06707856205175, 49.24356564473636], ""type"": ""Point""}";49.24356564473636, -123.06707856205175
BLK  B;Kensington-Cedar Cottage;"{""coordinates"": [-123.05910922810362, 49.24508980490122], ""type"": ""Point""}";49.24508980490122, -123.05910922810362
2;Kensington-Cedar Cottage;"{""coordinates"": [-123.05846569367579, 49.24521382581835], ""type"": ""Point""}";49.24521382581835, -123.05846569367579
14;Kensington-Cedar Cottage;"{""coordinates"": [-123.05901619767998, 49.2482021034237], ""type"": ""Point""}";49.2482021034237, -123.05901619767998
A;Kensington-Cedar Cottage;"{""coordinates"": [-123.0618032579934, 49.24595373651556], ""type"": ""Point""}";49.24595373651556, -123.0618032579934
M;Kensington-Cedar Cottage;"{""coordinates"": [-123.06396867918467, 49.24519879329642], ""type"": ""Point""}";49.24519879329642, -123.06396867918467
D;Kensington-Cedar Cottage;"{""coordinates"": [-123.06372736201762, 49.24705922157112], ""type"": ""Point""}";49.24705922157112, -123.06372736201762
1;Kensington-Cedar Cottage;"{""coordinates"": [-123.06003406185992, 49.248967216811735], ""type"": ""Point""}";49.248967216811735, -123.06003406185992
7;Kensington-Cedar Cottage;"{""coordinates"": [-123.0668506018703, 49.24854107571371], ""type"": ""Point""}";49.24854107571371, -123.0668506018703
11;Renfrew-Collingwood;"{""coordinates"": [-123.05736576829312, 49.23502949746465], ""type"": ""Point""}";49.23502949746465, -123.05736576829312
3;Kensington-Cedar Cottage;"{""coordinates"": [-123.06048880347537, 49.236311157542474], ""type"": ""Point""}";49.236311157542474, -123.06048880347537
N;Kensington-Cedar Cottage;"{""coordinates"": [-123.05780145771554, 49.243225223707725], ""type"": ""Point""}";49.243225223707725, -123.05780145771554
18;Victoria-Fraserview;"{""coordinates"": [-123.06709705530605, 49.21314800113212], ""type"": ""Point""}";49.21314800113212, -123.06709705530605
L;Victoria-Fraserview;"{""coordinates"": [-123.06693728338338, 49.20926146435699], ""type"": ""Point""}";49.20926146435699, -123.06693728338338
55;Victoria-Fraserview;"{""coordinates"": [-123.06315030982746, 49.217394064531526], ""type"": ""Point""}";49.217394064531526, -123.06315030982746
4;Victoria-Fraserview;"{""coordinates"": [-123.0627829587024, 49.227282332314175], ""type"": ""Point""}";49.227282332314175, -123.0627829587024
10;Grandview-Woodland;"{""coordinates"": [-123.06022381367865, 49.28695417044935], ""type"": ""Point""}";49.28695417044935, -123.06022381367865
2;Hastings-Sunrise;"{""coordinates"": [-123.0455784465036, 49.275946758578634], ""type"": ""Point""}";49.275946758578634, -123.0455784465036
7;Grandview-Woodland;"{""coordinates"": [-123.06695092851017, 49.27873034538252], ""type"": ""Point""}";49.27873034538252, -123.06695092851017
12;Grandview-Woodland;"{""coordinates"": [-123.06279948312465, 49.27696338682001], ""type"": ""Point""}";49.27696338682001, -123.06279948312465
6;Grandview-Woodland;"{""coordinates"": [-123.0646060988184, 49.27781794966239], ""type"": ""Point""}";49.27781794966239, -123.0646060988184
2;Grandview-Woodland;"{""coordinates"": [-123.0626753047725, 49.27859904824361], ""type"": ""Point""}";49.27859904824361, -123.0626753047725
49;Grandview-Woodland;"{""coordinates"": [-123.0628444065126, 49.2798260608743], ""type"": ""Point""}";49.2798260608743, -123.0628444065126
48;Grandview-Woodland;"{""coordinates"": [-123.0645174857935, 49.27979681300841], ""type"": ""Point""}";49.27979681300841, -123.0645174857935
45;Grandview-Woodland;"{""coordinates"": [-123.06088603140655, 49.280604157867984], ""type"": ""Point""}";49.280604157867984, -123.06088603140655
44;Grandview-Woodland;"{""coordinates"": [-123.05905908222054, 49.28058820413779], ""type"": ""Point""}";49.28058820413779, -123.05905908222054
39;Grandview-Woodland;"{""coordinates"": [-123.06263687978448, 49.281532540790074], ""type"": ""Point""}";49.281532540790074, -123.06263687978448
41;Hastings-Sunrise;"{""coordinates"": [-123.04827125354302, 49.26882234671925], ""type"": ""Point""}";49.26882234671925, -123.04827125354302
50;Hastings-Sunrise;"{""coordinates"": [-123.04599593630132, 49.270730471997666], ""type"": ""Point""}";49.270730471997666, -123.04599593630132
A;Hastings-Sunrise;"{""coordinates"": [-123.05081423123008, 49.270518640598574], ""type"": ""Point""}";49.270518640598574, -123.05081423123008
1;Hastings-Sunrise;"{""coordinates"": [-123.0480838956886, 49.27358998469163], ""type"": ""Point""}";49.27358998469163, -123.0480838956886
20;Hastings-Sunrise;"{""coordinates"": [-123.05354940170906, 49.26328612879598], ""type"": ""Point""}";49.26328612879598, -123.05354940170906
4;Hastings-Sunrise;"{""coordinates"": [-123.05084940241353, 49.26793117514877], ""type"": ""Point""}";49.26793117514877, -123.05084940241353
2;Renfrew-Collingwood;"{""coordinates"": [-123.05378223933806, 49.24913746360747], ""type"": ""Point""}";49.24913746360747, -123.05378223933806
1;Renfrew-Collingwood;"{""coordinates"": [-123.04563390182152, 49.249977012763516], ""type"": ""Point""}";49.249977012763516, -123.04563390182152
3;Renfrew-Collingwood;"{""coordinates"": [-123.05016740442407, 49.25003391693613], ""type"": ""Point""}";49.25003391693613, -123.05016740442407
A;Renfrew-Collingwood;"{""coordinates"": [-123.04830407256651, 49.25722663211388], ""type"": ""Point""}";49.25722663211388, -123.04830407256651
D;Renfrew-Collingwood;"{""coordinates"": [-123.04818900441391, 49.254799321110994], ""type"": ""Point""}";49.254799321110994, -123.04818900441391
C;Renfrew-Collingwood;"{""coordinates"": [-123.04833973602817, 49.25576389624164], ""type"": ""Point""}";49.25576389624164, -123.04833973602817
Q;Renfrew-Collingwood;"{""coordinates"": [-123.05374726100612, 49.25430653974232], ""type"": ""Point""}";49.25430653974232, -123.05374726100612
B;Renfrew-Collingwood;"{""coordinates"": [-123.04808711321978, 49.240913051029544], ""type"": ""Point""}";49.240913051029544, -123.04808711321978
17;Renfrew-Collingwood;"{""coordinates"": [-123.05009069724049, 49.242408395699975], ""type"": ""Point""}";49.242408395699975, -123.05009069724049
6;Renfrew-Collingwood;"{""coordinates"": [-123.05430748512778, 49.2409793778279], ""type"": ""Point""}";49.2409793778279, -123.05430748512778
9;Renfrew-Collingwood;"{""coordinates"": [-123.05622091771701, 49.24138910418108], ""type"": ""Point""}";49.24138910418108, -123.05622091771701
8;Renfrew-Collingwood;"{""coordinates"": [-123.05559491822972, 49.24223965505316], ""type"": ""Point""}";49.24223965505316, -123.05559491822972
1;Renfrew-Collingwood;"{""coordinates"": [-123.04761015355582, 49.24519366776474], ""type"": ""Point""}";49.24519366776474, -123.04761015355582
9;Renfrew-Collingwood;"{""coordinates"": [-123.05120221389367, 49.24507744239733], ""type"": ""Point""}";49.24507744239733, -123.05120221389367
2;Renfrew-Collingwood;"{""coordinates"": [-123.05096248951276, 49.249124439432194], ""type"": ""Point""}";49.249124439432194, -123.05096248951276
3;Killarney;"{""coordinates"": [-123.04880619990276, 49.22713318611625], ""type"": ""Point""}";49.22713318611625, -123.04880619990276
1;Victoria-Fraserview;"{""coordinates"": [-123.053068274717, 49.22878635367115], ""type"": ""Point""}";49.22878635367115, -123.053068274717
F;Renfrew-Collingwood;"{""coordinates"": [-123.05276862527634, 49.234930654176964], ""type"": ""Point""}";49.234930654176964, -123.05276862527634
3;Renfrew-Collingwood;"{""coordinates"": [-123.04899812571757, 49.239118648353184], ""type"": ""Point""}";49.239118648353184, -123.04899812571757
1;Renfrew-Collingwood;"{""coordinates"": [-123.05431132306731, 49.23938027404671], ""type"": ""Point""}";49.23938027404671, -123.05431132306731
L;Renfrew-Collingwood;"{""coordinates"": [-123.05539059022988, 49.24013353588222], ""type"": ""Point""}";49.24013353588222, -123.05539059022988
6;Victoria-Fraserview;"{""coordinates"": [-123.05175873919234, 49.22136693401168], ""type"": ""Point""}";49.22136693401168, -123.05175873919234
3;Victoria-Fraserview;"{""coordinates"": [-123.05358215456417, 49.22140685117724], ""type"": ""Point""}";49.22140685117724, -123.05358215456417
8;Victoria-Fraserview;"{""coordinates"": [-123.0532031095166, 49.226201251593324], ""type"": ""Point""}";49.226201251593324, -123.0532031095166
11;Victoria-Fraserview;"{""coordinates"": [-123.05254824672345, 49.22542373990978], ""type"": ""Point""}";49.22542373990978, -123.05254824672345
B;Killarney;"{""coordinates"": [-123.04875185451604, 49.22650705788828], ""type"": ""Point""}";49.22650705788828, -123.04875185451604
1;Killarney;"{""coordinates"": [-123.04727871254417, 49.23059690595886], ""type"": ""Point""}";49.23059690595886, -123.04727871254417
9;Killarney;"{""coordinates"": [-123.04725547505797, 49.23002391764247], ""type"": ""Point""}";49.23002391764247, -123.04725547505797
39;Hastings-Sunrise;"{""coordinates"": [-123.05080127192885, 49.28252986153857], ""type"": ""Point""}";49.28252986153857, -123.05080127192885
32;Hastings-Sunrise;"{""coordinates"": [-123.04560604409026, 49.28327359090768], ""type"": ""Point""}";49.28327359090768, -123.04560604409026
35;Hastings-Sunrise;"{""coordinates"": [-123.05338616786922, 49.283295426856114], ""type"": ""Point""}";49.283295426856114, -123.05338616786922
22;Hastings-Sunrise;"{""coordinates"": [-123.04798768086758, 49.28417884506066], ""type"": ""Point""}";49.28417884506066, -123.04798768086758
15;Hastings-Sunrise;"{""coordinates"": [-123.04813259427468, 49.28509567159154], ""type"": ""Point""}";49.28509567159154, -123.04813259427468
6;Killarney;"{""coordinates"": [-123.05477401065339, 49.20637345764896], ""type"": ""Point""}";49.20637345764896, -123.05477401065339
5;Killarney;"{""coordinates"": [-123.05554553945177, 49.20632496438252], ""type"": ""Point""}";49.20632496438252, -123.05554553945177
67;Killarney;"{""coordinates"": [-123.05169628402592, 49.206371448928294], ""type"": ""Point""}";49.206371448928294, -123.05169628402592
1;Hastings-Sunrise;"{""coordinates"": [-123.04811304646009, 49.27690396997259], ""type"": ""Point""}";49.27690396997259, -123.04811304646009
2;Hastings-Sunrise;"{""coordinates"": [-123.05066214967889, 49.27690485038843], ""type"": ""Point""}";49.27690485038843, -123.05066214967889
1;Hastings-Sunrise;"{""coordinates"": [-123.05247076326326, 49.27691347020476], ""type"": ""Point""}";49.27691347020476, -123.05247076326326
P;Renfrew-Collingwood;"{""coordinates"": [-123.03524946245746, 49.25501988772941], ""type"": ""Point""}";49.25501988772941, -123.03524946245746
19;Hastings-Sunrise;"{""coordinates"": [-123.037857552621, 49.26323977691428], ""type"": ""Point""}";49.26323977691428, -123.037857552621
11;Hastings-Sunrise;"{""coordinates"": [-123.04040279881464, 49.26415998781258], ""type"": ""Point""}";49.26415998781258, -123.04040279881464
12;Hastings-Sunrise;"{""coordinates"": [-123.04271489543413, 49.264166910042874], ""type"": ""Point""}";49.264166910042874, -123.04271489543413
5;Hastings-Sunrise;"{""coordinates"": [-123.03781313679218, 49.26504699973447], ""type"": ""Point""}";49.26504699973447, -123.03781313679218
60;Hastings-Sunrise;"{""coordinates"": [-123.042904191379, 49.26607264429744], ""type"": ""Point""}";49.26607264429744, -123.042904191379
64;Hastings-Sunrise;"{""coordinates"": [-123.04029651286035, 49.26865263242102], ""type"": ""Point""}";49.26865263242102, -123.04029651286035
1;Renfrew-Collingwood;"{""coordinates"": [-123.040452851794, 49.24767345732441], ""type"": ""Point""}";49.24767345732441, -123.040452851794
3;Renfrew-Collingwood;"{""coordinates"": [-123.04029957021837, 49.24907963591939], ""type"": ""Point""}";49.24907963591939, -123.04029957021837
F;Renfrew-Collingwood;"{""coordinates"": [-123.03781594252786, 49.25344714374797], ""type"": ""Point""}";49.25344714374797, -123.03781594252786
L;Renfrew-Collingwood;"{""coordinates"": [-123.03525853765265, 49.251766628739645], ""type"": ""Point""}";49.251766628739645, -123.03525853765265
K;Renfrew-Collingwood;"{""coordinates"": [-123.03521526169807, 49.250929600444145], ""type"": ""Point""}";49.250929600444145, -123.03521526169807
135;Renfrew-Collingwood;"{""coordinates"": [-123.04345746890804, 49.24231180088127], ""type"": ""Point""}";49.24231180088127, -123.04345746890804
142;Renfrew-Collingwood;"{""coordinates"": [-123.03995013196695, 49.240954291238886], ""type"": ""Point""}";49.240954291238886, -123.03995013196695
40;Renfrew-Collingwood;"{""coordinates"": [-123.03482167361103, 49.24115780403911], ""type"": ""Point""}";49.24115780403911, -123.03482167361103
32;Renfrew-Collingwood;"{""coordinates"": [-123.03930730019158, 49.24180056792836], ""type"": ""Point""}";49.24180056792836, -123.03930730019158
92;Renfrew-Collingwood;"{""coordinates"": [-123.04054531899085, 49.23827076733727], ""type"": ""Point""}";49.23827076733727, -123.04054531899085
77;Renfrew-Collingwood;"{""coordinates"": [-123.03548677066149, 49.237813440641844], ""type"": ""Point""}";49.237813440641844, -123.03548677066149
98;Renfrew-Collingwood;"{""coordinates"": [-123.04090578446325, 49.239940157252], ""type"": ""Point""}";49.239940157252, -123.04090578446325
111;Renfrew-Collingwood;"{""coordinates"": [-123.04499523580077, 49.23982445127761], ""type"": ""Point""}";49.23982445127761, -123.04499523580077
122;Renfrew-Collingwood;"{""coordinates"": [-123.04503083796287, 49.24410816762941], ""type"": ""Point""}";49.24410816762941, -123.04503083796287
26;Renfrew-Collingwood;"{""coordinates"": [-123.03742479986605, 49.23592688582302], ""type"": ""Point""}";49.23592688582302, -123.03742479986605
83;Renfrew-Collingwood;"{""coordinates"": [-123.03813479028857, 49.23722536930583], ""type"": ""Point""}";49.23722536930583, -123.03813479028857
1;Killarney;"{""coordinates"": [-123.04234668950475, 49.23041513606369], ""type"": ""Point""}";49.23041513606369, -123.04234668950475
9;Killarney;"{""coordinates"": [-123.0381303957485, 49.20538315765783], ""type"": ""Point""}";49.20538315765783, -123.0381303957485
71;Killarney;"{""coordinates"": [-123.0435734809237, 49.21146753602253], ""type"": ""Point""}";49.21146753602253, -123.0435734809237
8;Killarney;"{""coordinates"": [-123.04347683896046, 49.22113253103673], ""type"": ""Point""}";49.22113253103673, -123.04347683896046
6;Killarney;"{""coordinates"": [-123.04014067430408, 49.22268549442532], ""type"": ""Point""}";49.22268549442532, -123.04014067430408
10;Killarney;"{""coordinates"": [-123.0401151396475, 49.22435955842257], ""type"": ""Point""}";49.22435955842257, -123.0401151396475
14;Killarney;"{""coordinates"": [-123.03992207133987, 49.22872426137859], ""type"": ""Point""}";49.22872426137859, -123.03992207133987
E;Renfrew-Collingwood;"{""coordinates"": [-123.02612151700257, 49.26036559456627], ""type"": ""Point""}";49.26036559456627, -123.02612151700257
7;Hastings-Sunrise;"{""coordinates"": [-123.03208196184184, 49.26503045497542], ""type"": ""Point""}";49.26503045497542, -123.03208196184184
89;Hastings-Sunrise;"{""coordinates"": [-123.03248843790726, 49.268790793228526], ""type"": ""Point""}";49.268790793228526, -123.03248843790726
1;Hastings-Sunrise;"{""coordinates"": [-123.0249264932724, 49.27437583438082], ""type"": ""Point""}";49.27437583438082, -123.0249264932724
6;Hastings-Sunrise;"{""coordinates"": [-123.02907806771147, 49.27356118650961], ""type"": ""Point""}";49.27356118650961, -123.02907806771147
1;Hastings-Sunrise;"{""coordinates"": [-123.03486034763425, 49.27854484385428], ""type"": ""Point""}";49.27854484385428, -123.03486034763425
69;Hastings-Sunrise;"{""coordinates"": [-123.03763201450661, 49.279481173224426], ""type"": ""Point""}";49.279481173224426, -123.03763201450661
2;Renfrew-Collingwood;"{""coordinates"": [-123.03230140554221, 49.24654688875418], ""type"": ""Point""}";49.24654688875418, -123.03230140554221
17;Renfrew-Collingwood;"{""coordinates"": [-123.03050102692721, 49.252055317066194], ""type"": ""Point""}";49.252055317066194, -123.03050102692721
A;Renfrew-Collingwood;"{""coordinates"": [-123.02511859414547, 49.24963606089752], ""type"": ""Point""}";49.24963606089752, -123.02511859414547
3;Renfrew-Collingwood;"{""coordinates"": [-123.02471551095609, 49.257510931814885], ""type"": ""Point""}";49.257510931814885, -123.02471551095609
18;Renfrew-Collingwood;"{""coordinates"": [-123.02434801672757, 49.257773247293535], ""type"": ""Point""}";49.257773247293535, -123.02434801672757
24;Renfrew-Collingwood;"{""coordinates"": [-123.02686410040934, 49.256029291190295], ""type"": ""Point""}";49.256029291190295, -123.02686410040934
21;Renfrew-Collingwood;"{""coordinates"": [-123.03329818307168, 49.25785092796592], ""type"": ""Point""}";49.25785092796592, -123.03329818307168
4;Renfrew-Collingwood;"{""coordinates"": [-123.02939828973929, 49.25846051222693], ""type"": ""Point""}";49.25846051222693, -123.02939828973929
4;Renfrew-Collingwood;"{""coordinates"": [-123.02737218711945, 49.24481720929461], ""type"": ""Point""}";49.24481720929461, -123.02737218711945
70;Renfrew-Collingwood;"{""coordinates"": [-123.03219576375223, 49.24131237527727], ""type"": ""Point""}";49.24131237527727, -123.03219576375223
99;Renfrew-Collingwood;"{""coordinates"": [-123.02917570095576, 49.24334364535475], ""type"": ""Point""}";49.24334364535475, -123.02917570095576
85;Renfrew-Collingwood;"{""coordinates"": [-123.02729732014825, 49.240702760863826], ""type"": ""Point""}";49.240702760863826, -123.02729732014825
2;Renfrew-Collingwood;"{""coordinates"": [-123.03013576707207, 49.24907639252438], ""type"": ""Point""}";49.24907639252438, -123.03013576707207
3;Renfrew-Collingwood;"{""coordinates"": [-123.02983299023661, 49.2481819317282], ""type"": ""Point""}";49.2481819317282, -123.02983299023661
C;Renfrew-Collingwood;"{""coordinates"": [-123.03071139178518, 49.23776221364337], ""type"": ""Point""}";49.23776221364337, -123.03071139178518
10;Renfrew-Collingwood;"{""coordinates"": [-123.02834084358392, 49.23737657270462], ""type"": ""Point""}";49.23737657270462, -123.02834084358392
7;Renfrew-Collingwood;"{""coordinates"": [-123.02669199557307, 49.23692425273455], ""type"": ""Point""}";49.23692425273455, -123.02669199557307
108;Renfrew-Collingwood;"{""coordinates"": [-123.02434998260937, 49.24095489059604], ""type"": ""Point""}";49.24095489059604, -123.02434998260937
14;Killarney;"{""coordinates"": [-123.02429188656382, 49.230709271177496], ""type"": ""Point""}";49.230709271177496, -123.02429188656382
6;Renfrew-Collingwood;"{""coordinates"": [-123.03159636879761, 49.234893246923434], ""type"": ""Point""}";49.234893246923434, -123.03159636879761
I;Renfrew-Collingwood;"{""coordinates"": [-123.02838473536565, 49.23507689112272], ""type"": ""Point""}";49.23507689112272, -123.02838473536565
60;Renfrew-Collingwood;"{""coordinates"": [-123.03246282203636, 49.23516621038516], ""type"": ""Point""}";49.23516621038516, -123.03246282203636
54;Renfrew-Collingwood;"{""coordinates"": [-123.03106118654335, 49.232764387174065], ""type"": ""Point""}";49.232764387174065, -123.03106118654335
51;Renfrew-Collingwood;"{""coordinates"": [-123.03165803093982, 49.2329775655465], ""type"": ""Point""}";49.2329775655465, -123.03165803093982
5;Renfrew-Collingwood;"{""coordinates"": [-123.02535698240155, 49.23348277358433], ""type"": ""Point""}";49.23348277358433, -123.02535698240155
155;Renfrew-Collingwood;"{""coordinates"": [-123.03352450771176, 49.23851766169359], ""type"": ""Point""}";49.23851766169359, -123.03352450771176
A;Killarney;"{""coordinates"": [-123.03397885563538, 49.23101127244552], ""type"": ""Point""}";49.23101127244552, -123.03397885563538
11;Hastings-Sunrise;"{""coordinates"": [-123.026970141822, 49.28508708600747], ""type"": ""Point""}";49.28508708600747, -123.026970141822
18;Killarney;"{""coordinates"": [-123.03244129804895, 49.20443198796476], ""type"": ""Point""}";49.20443198796476, -123.03244129804895
C;Killarney;"{""coordinates"": [-123.02945530942486, 49.2278296505346], ""type"": ""Point""}";49.2278296505346, -123.02945530942486
47;Mount Pleasant;"{""coordinates"": [-123.1040865742555, 49.25879098335661], ""type"": ""Point""}";49.25879098335661, -123.1040865742555
217;Kitsilano;"{""coordinates"": [-123.1469167639272, 49.27010888678212], ""type"": ""Point""}";49.27010888678212, -123.1469167639272
237;Kitsilano;"{""coordinates"": [-123.14721604572101, 49.26833299743573], ""type"": ""Point""}";49.26833299743573, -123.14721604572101
88;Hastings-Sunrise;"{""coordinates"": [-123.02722411861326, 49.278374331762585], ""type"": ""Point""}";49.278374331762585, -123.02722411861326
65;Hastings-Sunrise;"{""coordinates"": [-123.02714913878526, 49.2794617677061], ""type"": ""Point""}";49.2794617677061, -123.02714913878526
28;Hastings-Sunrise;"{""coordinates"": [-123.02463287520624, 49.28327190550419], ""type"": ""Point""}";49.28327190550419, -123.02463287520624
27;Hastings-Sunrise;"{""coordinates"": [-123.02472548159864, 49.28417859909832], ""type"": ""Point""}";49.28417859909832, -123.02472548159864
26;Hastings-Sunrise;"{""coordinates"": [-123.02711876121494, 49.284164902278064], ""type"": ""Point""}";49.284164902278064, -123.02711876121494
48;Hastings-Sunrise;"{""coordinates"": [-123.02974692906248, 49.28167030771767], ""type"": ""Point""}";49.28167030771767, -123.02974692906248
16;Strathcona;"{""coordinates"": [-123.07828110702431, 49.2789004121549], ""type"": ""Point""}";49.2789004121549, -123.07828110702431
28;Riley Park;"{""coordinates"": [-123.09273603970712, 49.251405367208406], ""type"": ""Point""}";49.251405367208406, -123.09273603970712
27;Riley Park;"{""coordinates"": [-123.09550191334533, 49.25141092184826], ""type"": ""Point""}";49.25141092184826, -123.09550191334533
50;Riley Park;"{""coordinates"": [-123.09769013060091, 49.25326737050197], ""type"": ""Point""}";49.25326737050197, -123.09769013060091
49;Riley Park;"{""coordinates"": [-123.09985193803801, 49.253286067446204], ""type"": ""Point""}";49.253286067446204, -123.09985193803801
34;Mount Pleasant;"{""coordinates"": [-123.10830429878374, 49.26157637781548], ""type"": ""Point""}";49.26157637781548, -123.10830429878374
77;Arbutus Ridge;"{""coordinates"": [-123.15202774933805, 49.24345205862109], ""type"": ""Point""}";49.24345205862109, -123.15202774933805
1;Kensington-Cedar Cottage;"{""coordinates"": [-123.07415428996048, 49.25378869626561], ""type"": ""Point""}";49.25378869626561, -123.07415428996048
13;Kensington-Cedar Cottage;"{""coordinates"": [-123.07752630483989, 49.25029714581852], ""type"": ""Point""}";49.25029714581852, -123.07752630483989
3;Kensington-Cedar Cottage;"{""coordinates"": [-123.06743554770244, 49.25337462544153], ""type"": ""Point""}";49.25337462544153, -123.06743554770244
A;West Point Grey;"{""coordinates"": [-123.18706233837504, 49.27425978262493], ""type"": ""Point""}";49.27425978262493, -123.18706233837504
279;Fairview;"{""coordinates"": [-123.11659971718304, 49.2671237788349], ""type"": ""Point""}";49.2671237788349, -123.11659971718304
40;Mount Pleasant;"{""coordinates"": [-123.0965133003615, 49.264825885624845], ""type"": ""Point""}";49.264825885624845, -123.0965133003615
1;Kerrisdale;"{""coordinates"": [-123.1781381571374, 49.22293345512402], ""type"": ""Point""}";49.22293345512402, -123.1781381571374
62;Shaughnessy;"{""coordinates"": [-123.12932491972165, 49.25270954836165], ""type"": ""Point""}";49.25270954836165, -123.12932491972165
63;Shaughnessy;"{""coordinates"": [-123.12840026753318, 49.25381924994259], ""type"": ""Point""}";49.25381924994259, -123.12840026753318
66;Shaughnessy;"{""coordinates"": [-123.13318105654358, 49.251273100696835], ""type"": ""Point""}";49.251273100696835, -123.13318105654358
617;South Cambie;"{""coordinates"": [-123.12360938595735, 49.25108953103727], ""type"": ""Point""}";49.25108953103727, -123.12360938595735
576;South Cambie;"{""coordinates"": [-123.12612583529175, 49.25292557919334], ""type"": ""Point""}";49.25292557919334, -123.12612583529175
A;Arbutus Ridge;"{""coordinates"": [-123.15229847051685, 49.24152446258421], ""type"": ""Point""}";49.24152446258421, -123.15229847051685
138;Grandview-Woodland;"{""coordinates"": [-123.06352856301511, 49.2706948440688], ""type"": ""Point""}";49.2706948440688, -123.06352856301511
BLK;Grandview-Woodland;"{""coordinates"": [-123.06455102644217, 49.270699377653116], ""type"": ""Point""}";49.270699377653116, -123.06455102644217
N1/2;Killarney;"{""coordinates"": [-123.03982978692451, 49.22660633221518], ""type"": ""Point""}";49.22660633221518, -123.03982978692451
N1/2 OF S1/2 WEST PART;Victoria-Fraserview;"{""coordinates"": [-123.06423616833084, 49.23085189543114], ""type"": ""Point""}";49.23085189543114, -123.06423616833084
OF WEST PART;Victoria-Fraserview;"{""coordinates"": [-123.0638919666625, 49.23221288844949], ""type"": ""Point""}";49.23221288844949, -123.0638919666625
NORTH;Kensington-Cedar Cottage;"{""coordinates"": [-123.06422155181995, 49.238479425652315], ""type"": ""Point""}";49.238479425652315, -123.06422155181995
NE1/4;Hastings-Sunrise;"{""coordinates"": [-123.0319935092809, 49.26825657170018], ""type"": ""Point""}";49.26825657170018, -123.0319935092809
N.E.;Renfrew-Collingwood;"{""coordinates"": [-123.04707048854964, 49.2344194427216], ""type"": ""Point""}";49.2344194427216, -123.04707048854964
6 & 7;Marpole;"{""coordinates"": [-123.10914314766653, 49.215252106920076], ""type"": ""Point""}";49.215252106920076, -123.10914314766653
3;Renfrew-Collingwood;"{""coordinates"": [-123.05595248981723, 49.23822196495959], ""type"": ""Point""}";49.23822196495959, -123.05595248981723
3;Sunset;"{""coordinates"": [-123.10511423856076, 49.21745677255966], ""type"": ""Point""}";49.21745677255966, -123.10511423856076
S1/2;Hastings-Sunrise;"{""coordinates"": [-123.05104365028848, 49.277916064845144], ""type"": ""Point""}";49.277916064845144, -123.05104365028848
E1/2;Kerrisdale;"{""coordinates"": [-123.15300959318051, 49.23121285136517], ""type"": ""Point""}";49.23121285136517, -123.15300959318051
S1/2;Killarney;"{""coordinates"": [-123.04782979778035, 49.231498318501124], ""type"": ""Point""}";49.231498318501124, -123.04782979778035
I;Strathcona;"{""coordinates"": [-123.07919106215843, 49.26990904765758], ""type"": ""Point""}";49.26990904765758, -123.07919106215843
W.;Kensington-Cedar Cottage;"{""coordinates"": [-123.08361153185112, 49.2432361610665], ""type"": ""Point""}";49.2432361610665, -123.08361153185112
B;Kensington-Cedar Cottage;"{""coordinates"": [-123.0574053293691, 49.25720390243591], ""type"": ""Point""}";49.25720390243591, -123.0574053293691
PORTION;Kensington-Cedar Cottage;"{""coordinates"": [-123.0677909745042, 49.23492443468296], ""type"": ""Point""}";49.23492443468296, -123.0677909745042
25;Strathcona;"{""coordinates"": [-123.09917856352521, 49.27442229455992], ""type"": ""Point""}";49.27442229455992, -123.09917856352521
NORTH HALF OF;Kensington-Cedar Cottage;"{""coordinates"": [-123.06817960931151, 49.23394430838036], ""type"": ""Point""}";49.23394430838036, -123.06817960931151
1;West Point Grey;"{""coordinates"": [-123.2143654654871, 49.26348838881386], ""type"": ""Point""}";49.26348838881386, -123.2143654654871
4;West Point Grey;"{""coordinates"": [-123.21430416031137, 49.26440465592978], ""type"": ""Point""}";49.26440465592978, -123.21430416031137
187;West Point Grey;"{""coordinates"": [-123.1995783259375, 49.26432351111386], ""type"": ""Point""}";49.26432351111386, -123.1995783259375
2;West Point Grey;"{""coordinates"": [-123.20675381485015, 49.26843568239649], ""type"": ""Point""}";49.26843568239649, -123.20675381485015
130;West Point Grey;"{""coordinates"": [-123.20721582101775, 49.274387050664714], ""type"": ""Point""}";49.274387050664714, -123.20721582101775
160;West Point Grey;"{""coordinates"": [-123.21407733839507, 49.25950101983814], ""type"": ""Point""}";49.25950101983814, -123.21407733839507
1;West Point Grey;"{""coordinates"": [-123.2143761198993, 49.26167404326237], ""type"": ""Point""}";49.26167404326237, -123.2143761198993
3;West Point Grey;"{""coordinates"": [-123.20101839631818, 49.25861436017739], ""type"": ""Point""}";49.25861436017739, -123.20101839631818
1;West Point Grey;"{""coordinates"": [-123.20236003023338, 49.25953990196591], ""type"": ""Point""}";49.25953990196591, -123.20236003023338
175;West Point Grey;"{""coordinates"": [-123.201899259877, 49.261138807320634], ""type"": ""Point""}";49.261138807320634, -123.201899259877
2;West Point Grey;"{""coordinates"": [-123.20988563753858, 49.26504816158981], ""type"": ""Point""}";49.26504816158981, -123.20988563753858
1;West Point Grey;"{""coordinates"": [-123.20218153118049, 49.263160284957046], ""type"": ""Point""}";49.263160284957046, -123.20218153118049
2;West Point Grey;"{""coordinates"": [-123.19778556793591, 49.26309082276695], ""type"": ""Point""}";49.26309082276695, -123.19778556793591
1;West Point Grey;"{""coordinates"": [-123.20848567235528, 49.26157866995087], ""type"": ""Point""}";49.26157866995087, -123.20848567235528
3;West Point Grey;"{""coordinates"": [-123.20400400981066, 49.26061917156314], ""type"": ""Point""}";49.26061917156314, -123.20400400981066
3;West Point Grey;"{""coordinates"": [-123.20988667193826, 49.2606999273657], ""type"": ""Point""}";49.2606999273657, -123.20988667193826
2;Dunbar-Southlands;"{""coordinates"": [-123.191563596516, 49.257205175684575], ""type"": ""Point""}";49.257205175684575, -123.191563596516
3;West Point Grey;"{""coordinates"": [-123.19785238402125, 49.26218426074443], ""type"": ""Point""}";49.26218426074443, -123.19785238402125
4;West Point Grey;"{""coordinates"": [-123.19921247270447, 49.26220484349862], ""type"": ""Point""}";49.26220484349862, -123.19921247270447
2;West Point Grey;"{""coordinates"": [-123.18877482124701, 49.26296142421539], ""type"": ""Point""}";49.26296142421539, -123.18877482124701
2;West Point Grey;"{""coordinates"": [-123.19477769652693, 49.26304182639328], ""type"": ""Point""}";49.26304182639328, -123.19477769652693
1;Dunbar-Southlands;"{""coordinates"": [-123.19007028499347, 49.251432257462135], ""type"": ""Point""}";49.251432257462135, -123.19007028499347
2;Dunbar-Southlands;"{""coordinates"": [-123.19161556652506, 49.251438223373256], ""type"": ""Point""}";49.251438223373256, -123.19161556652506
3;Dunbar-Southlands;"{""coordinates"": [-123.19443182671024, 49.25247154967614], ""type"": ""Point""}";49.25247154967614, -123.19443182671024
34;Dunbar-Southlands;"{""coordinates"": [-123.18966201963123, 49.25301789670396], ""type"": ""Point""}";49.25301789670396, -123.18966201963123
2;Dunbar-Southlands;"{""coordinates"": [-123.18884930764114, 49.253237371261235], ""type"": ""Point""}";49.253237371261235, -123.18884930764114
1;Dunbar-Southlands;"{""coordinates"": [-123.19284152475932, 49.25325277902485], ""type"": ""Point""}";49.25325277902485, -123.19284152475932
2;Dunbar-Southlands;"{""coordinates"": [-123.19441978311052, 49.253257312115], ""type"": ""Point""}";49.253257312115, -123.19441978311052
38;Dunbar-Southlands;"{""coordinates"": [-123.1923859283223, 49.25483985569691], ""type"": ""Point""}";49.25483985569691, -123.1923859283223
2;Dunbar-Southlands;"{""coordinates"": [-123.18883212196519, 49.25504722976463], ""type"": ""Point""}";49.25504722976463, -123.18883212196519
3;Dunbar-Southlands;"{""coordinates"": [-123.19158973006382, 49.255961093137074], ""type"": ""Point""}";49.255961093137074, -123.19158973006382
3;Dunbar-Southlands;"{""coordinates"": [-123.1893803941573, 49.235657309559286], ""type"": ""Point""}";49.235657309559286, -123.1893803941573
2;Dunbar-Southlands;"{""coordinates"": [-123.19208385867003, 49.23565550865723], ""type"": ""Point""}";49.23565550865723, -123.19208385867003
A;Dunbar-Southlands;"{""coordinates"": [-123.19437904819404, 49.23429858516651], ""type"": ""Point""}";49.23429858516651, -123.19437904819404
38;Dunbar-Southlands;"{""coordinates"": [-123.19541809919346, 49.239715365685726], ""type"": ""Point""}";49.239715365685726, -123.19541809919346
39;Dunbar-Southlands;"{""coordinates"": [-123.19529579597273, 49.2416122473742], ""type"": ""Point""}";49.2416122473742, -123.19529579597273
41;Dunbar-Southlands;"{""coordinates"": [-123.1896098549587, 49.24157138202432], ""type"": ""Point""}";49.24157138202432, -123.1896098549587
56;Dunbar-Southlands;"{""coordinates"": [-123.18961392261112, 49.242992641936766], ""type"": ""Point""}";49.242992641936766, -123.18961392261112
57;Dunbar-Southlands;"{""coordinates"": [-123.1924303294454, 49.243480456644654], ""type"": ""Point""}";49.243480456644654, -123.1924303294454
59;Dunbar-Southlands;"{""coordinates"": [-123.19544269260196, 49.24540443830611], ""type"": ""Point""}";49.24540443830611, -123.19544269260196
44;Kitsilano;"{""coordinates"": [-123.18300343654201, 49.26541606634158], ""type"": ""Point""}";49.26541606634158, -123.18300343654201
205;West Point Grey;"{""coordinates"": [-123.1868973097235, 49.26639532122854], ""type"": ""Point""}";49.26639532122854, -123.1868973097235
9;Kitsilano;"{""coordinates"": [-123.18460887419107, 49.27068614992853], ""type"": ""Point""}";49.27068614992853, -123.18460887419107
15;Kitsilano;"{""coordinates"": [-123.18453369168223, 49.26980834748205], ""type"": ""Point""}";49.26980834748205, -123.18453369168223
8;Kitsilano;"{""coordinates"": [-123.17859682304976, 49.27138917390291], ""type"": ""Point""}";49.27138917390291, -123.17859682304976
112;West Point Grey;"{""coordinates"": [-123.18557207456286, 49.25832426297866], ""type"": ""Point""}";49.25832426297866, -123.18557207456286
2;West Point Grey;"{""coordinates"": [-123.18702432114044, 49.25833693432079], ""type"": ""Point""}";49.25833693432079, -123.18702432114044
104;Kitsilano;"{""coordinates"": [-123.17883040263366, 49.25914441916342], ""type"": ""Point""}";49.25914441916342, -123.17883040263366
30;Dunbar-Southlands;"{""coordinates"": [-123.18684060870414, 49.25482154809189], ""type"": ""Point""}";49.25482154809189, -123.18684060870414
26;Dunbar-Southlands;"{""coordinates"": [-123.1837693697758, 49.253012163978845], ""type"": ""Point""}";49.253012163978845, -123.1837693697758
1;Dunbar-Southlands;"{""coordinates"": [-123.18407517948951, 49.25154184785909], ""type"": ""Point""}";49.25154184785909, -123.18407517948951
4;Dunbar-Southlands;"{""coordinates"": [-123.18102702110055, 49.25425153795494], ""type"": ""Point""}";49.25425153795494, -123.18102702110055
3;Dunbar-Southlands;"{""coordinates"": [-123.18268842653065, 49.25427595346596], ""type"": ""Point""}";49.25427595346596, -123.18268842653065
B;Dunbar-Southlands;"{""coordinates"": [-123.18036138408775, 49.237359359942225], ""type"": ""Point""}";49.237359359942225, -123.18036138408775
23;Dunbar-Southlands;"{""coordinates"": [-123.18375018500583, 49.237860434149766], ""type"": ""Point""}";49.237860434149766, -123.18375018500583
B;Dunbar-Southlands;"{""coordinates"": [-123.18365165686238, 49.23722236875184], ""type"": ""Point""}";49.23722236875184, -123.18365165686238
55;Dunbar-Southlands;"{""coordinates"": [-123.18688391773385, 49.24298857190165], ""type"": ""Point""}";49.24298857190165, -123.18688391773385
4;Dunbar-Southlands;"{""coordinates"": [-123.1874559662111, 49.24673466634216], ""type"": ""Point""}";49.24673466634216, -123.1874559662111
A;Dunbar-Southlands;"{""coordinates"": [-123.18028228684364, 49.246716003370935], ""type"": ""Point""}";49.246716003370935, -123.18028228684364
2;Kitsilano;"{""coordinates"": [-123.16954352355627, 49.268743436061335], ""type"": ""Point""}";49.268743436061335, -123.16954352355627
8;Kerrisdale;"{""coordinates"": [-123.17741067727304, 49.22231659935814], ""type"": ""Point""}";49.22231659935814, -123.17741067727304
13;Dunbar-Southlands;"{""coordinates"": [-123.18114993386611, 49.220149213049005], ""type"": ""Point""}";49.220149213049005, -123.18114993386611
A;Dunbar-Southlands;"{""coordinates"": [-123.18437457684963, 49.22405882801126], ""type"": ""Point""}";49.22405882801126, -123.18437457684963
2;Dunbar-Southlands;"{""coordinates"": [-123.18154885958018, 49.229302165683414], ""type"": ""Point""}";49.229302165683414, -123.18154885958018
1;Kitsilano;"{""coordinates"": [-123.17294069626988, 49.2660063149857], ""type"": ""Point""}";49.2660063149857, -123.17294069626988
3;Kitsilano;"{""coordinates"": [-123.17330365648883, 49.26485302638416], ""type"": ""Point""}";49.26485302638416, -123.17330365648883
1;Kitsilano;"{""coordinates"": [-123.16920285181895, 49.26444940878853], ""type"": ""Point""}";49.26444940878853, -123.16920285181895
1;Kitsilano;"{""coordinates"": [-123.17549348972194, 49.26295712897069], ""type"": ""Point""}";49.26295712897069, -123.17549348972194
126;Kitsilano;"{""coordinates"": [-123.1674116046416, 49.263347433409656], ""type"": ""Point""}";49.263347433409656, -123.1674116046416
3;Kitsilano;"{""coordinates"": [-123.16892523409875, 49.27004624399697], ""type"": ""Point""}";49.27004624399697, -123.16892523409875
2;Kitsilano;"{""coordinates"": [-123.17245367220576, 49.27004460266474], ""type"": ""Point""}";49.27004460266474, -123.17245367220576
90;Kitsilano;"{""coordinates"": [-123.16743857504403, 49.26077295572278], ""type"": ""Point""}";49.26077295572278, -123.16743857504403
119;Kitsilano;"{""coordinates"": [-123.1713712360045, 49.25812104886767], ""type"": ""Point""}";49.25812104886767, -123.1713712360045
4;Arbutus Ridge;"{""coordinates"": [-123.16707809771536, 49.256000174395176], ""type"": ""Point""}";49.256000174395176, -123.16707809771536
3;Arbutus Ridge;"{""coordinates"": [-123.16649688244549, 49.254397633027835], ""type"": ""Point""}";49.254397633027835, -123.16649688244549
3;Kitsilano;"{""coordinates"": [-123.17474629586475, 49.259989769149115], ""type"": ""Point""}";49.259989769149115, -123.17474629586475
86;Kitsilano;"{""coordinates"": [-123.17710592848378, 49.260924089290874], ""type"": ""Point""}";49.260924089290874, -123.17710592848378
76;Kitsilano;"{""coordinates"": [-123.17707070042817, 49.26182997028129], ""type"": ""Point""}";49.26182997028129, -123.17707070042817
79;Kitsilano;"{""coordinates"": [-123.17128072671859, 49.26173976932336], ""type"": ""Point""}";49.26173976932336, -123.17128072671859
117;Kitsilano;"{""coordinates"": [-123.17533152929535, 49.25818254401323], ""type"": ""Point""}";49.25818254401323, -123.17533152929535
3;Dunbar-Southlands;"{""coordinates"": [-123.17652332905914, 49.25061275015066], ""type"": ""Point""}";49.25061275015066, -123.17652332905914
8;Arbutus Ridge;"{""coordinates"": [-123.16895912681927, 49.251694564156814], ""type"": ""Point""}";49.251694564156814, -123.16895912681927
M;Dunbar-Southlands;"{""coordinates"": [-123.17694786519773, 49.25405188476413], ""type"": ""Point""}";49.25405188476413, -123.17694786519773
L;Arbutus Ridge;"{""coordinates"": [-123.17460844002595, 49.25423743542801], ""type"": ""Point""}";49.25423743542801, -123.17460844002595
K;Arbutus Ridge;"{""coordinates"": [-123.17501012297107, 49.25517520940984], ""type"": ""Point""}";49.25517520940984, -123.17501012297107
4;Arbutus Ridge;"{""coordinates"": [-123.1721932309206, 49.25407349726505], ""type"": ""Point""}";49.25407349726505, -123.1721932309206
3;Arbutus Ridge;"{""coordinates"": [-123.16836669495692, 49.25405758442278], ""type"": ""Point""}";49.25405758442278, -123.16836669495692
48;Arbutus Ridge;"{""coordinates"": [-123.16839452491094, 49.241493351577844], ""type"": ""Point""}";49.241493351577844, -123.16839452491094
I;Arbutus Ridge;"{""coordinates"": [-123.16983558436343, 49.24739488071214], ""type"": ""Point""}";49.24739488071214, -123.16983558436343
70;Dunbar-Southlands;"{""coordinates"": [-123.17161032341411, 49.24719538840965], ""type"": ""Point""}";49.24719538840965, -123.17161032341411
68;Arbutus Ridge;"{""coordinates"": [-123.16913846334883, 49.24529054133032], ""type"": ""Point""}";49.24529054133032, -123.16913846334883
67;Dunbar-Southlands;"{""coordinates"": [-123.17167417584132, 49.24530566415305], ""type"": ""Point""}";49.24530566415305, -123.17167417584132
O;Dunbar-Southlands;"{""coordinates"": [-123.17463068661317, 49.253185140345906], ""type"": ""Point""}";49.253185140345906, -123.17463068661317
S;Dunbar-Southlands;"{""coordinates"": [-123.1752028928369, 49.25223006935639], ""type"": ""Point""}";49.25223006935639, -123.1752028928369
17;Dunbar-Southlands;"{""coordinates"": [-123.1770233186142, 49.25133386131397], ""type"": ""Point""}";49.25133386131397, -123.1770233186142
O;Kerrisdale;"{""coordinates"": [-123.17516385516531, 49.230046585991204], ""type"": ""Point""}";49.230046585991204, -123.17516385516531
C;Kerrisdale;"{""coordinates"": [-123.16865351934047, 49.22971091912421], ""type"": ""Point""}";49.22971091912421, -123.16865351934047
8;Kerrisdale;"{""coordinates"": [-123.16948155064155, 49.23203679020244], ""type"": ""Point""}";49.23203679020244, -123.16948155064155
28;Arbutus Ridge;"{""coordinates"": [-123.16817903533533, 49.23734592999542], ""type"": ""Point""}";49.23734592999542, -123.16817903533533
221;Kitsilano;"{""coordinates"": [-123.16114771321492, 49.26964370868111], ""type"": ""Point""}";49.26964370868111, -123.16114771321492
202;Kitsilano;"{""coordinates"": [-123.15873992000442, 49.27118041714899], ""type"": ""Point""}";49.27118041714899, -123.15873992000442
242;Kitsilano;"{""coordinates"": [-123.15883798681114, 49.2676728471314], ""type"": ""Point""}";49.2676728471314, -123.15883798681114
220A;Kitsilano;"{""coordinates"": [-123.16337110169772, 49.26949993742207], ""type"": ""Point""}";49.26949993742207, -123.16337110169772
160A;Kitsilano;"{""coordinates"": [-123.16116348145285, 49.273935735533314], ""type"": ""Point""}";49.273935735533314, -123.16116348145285
9;Kerrisdale;"{""coordinates"": [-123.17450944659734, 49.22230439543321], ""type"": ""Point""}";49.22230439543321, -123.17450944659734
10;Kerrisdale;"{""coordinates"": [-123.17447148591059, 49.220493694751525], ""type"": ""Point""}";49.220493694751525, -123.17447148591059
482;Arbutus Ridge;"{""coordinates"": [-123.15930952499995, 49.25687610983277], ""type"": ""Point""}";49.25687610983277, -123.15930952499995
483;Arbutus Ridge;"{""coordinates"": [-123.15693466721288, 49.25684160710699], ""type"": ""Point""}";49.25684160710699, -123.15693466721288
100;Kitsilano;"{""coordinates"": [-123.1657483832261, 49.259840807996966], ""type"": ""Point""}";49.259840807996966, -123.1657483832261
423;Kitsilano;"{""coordinates"": [-123.15679979570307, 49.25953126120299], ""type"": ""Point""}";49.25953126120299, -123.15679979570307
460A;Kitsilano;"{""coordinates"": [-123.1639000853135, 49.25778870338786], ""type"": ""Point""}";49.25778870338786, -123.1639000853135
538;Arbutus Ridge;"{""coordinates"": [-123.15704119277184, 49.25404936361814], ""type"": ""Point""}";49.25404936361814, -123.15704119277184
13;Arbutus Ridge;"{""coordinates"": [-123.16327637193804, 49.23742103925916], ""type"": ""Point""}";49.23742103925916, -123.16327637193804
94;Arbutus Ridge;"{""coordinates"": [-123.15707073371955, 49.244817922830244], ""type"": ""Point""}";49.244817922830244, -123.15707073371955
800;Arbutus Ridge;"{""coordinates"": [-123.16200475728782, 49.24259057128292], ""type"": ""Point""}";49.24259057128292, -123.16200475728782
4;Kerrisdale;"{""coordinates"": [-123.15668869303697, 49.22652516572377], ""type"": ""Point""}";49.22652516572377, -123.15668869303697
2;Kerrisdale;"{""coordinates"": [-123.15575046967629, 49.2256152319359], ""type"": ""Point""}";49.2256152319359, -123.15575046967629
4;Kerrisdale;"{""coordinates"": [-123.1609857867399, 49.22806097379046], ""type"": ""Point""}";49.22806097379046, -123.1609857867399
5;Kerrisdale;"{""coordinates"": [-123.15941593764292, 49.22815276167473], ""type"": ""Point""}";49.22815276167473, -123.15941593764292
4;Kerrisdale;"{""coordinates"": [-123.16062159403424, 49.23196680948907], ""type"": ""Point""}";49.23196680948907, -123.16062159403424
2;Kerrisdale;"{""coordinates"": [-123.16373684924994, 49.23194798961832], ""type"": ""Point""}";49.23194798961832, -123.16373684924994
16;Kerrisdale;"{""coordinates"": [-123.16052224201813, 49.232933173184406], ""type"": ""Point""}";49.232933173184406, -123.16052224201813
188;Kitsilano;"{""coordinates"": [-123.15310616819363, 49.27500100124681], ""type"": ""Point""}";49.27500100124681, -123.15310616819363
189;Kitsilano;"{""coordinates"": [-123.15391290076354, 49.272945868321344], ""type"": ""Point""}";49.272945868321344, -123.15391290076354
5;Kitsilano;"{""coordinates"": [-123.15196223067855, 49.272929740232094], ""type"": ""Point""}";49.272929740232094, -123.15196223067855
5A;Kitsilano;"{""coordinates"": [-123.15076831792976, 49.272945048909115], ""type"": ""Point""}";49.272945048909115, -123.15076831792976
17;Kitsilano;"{""coordinates"": [-123.15214113695534, 49.27405172708026], ""type"": ""Point""}";49.27405172708026, -123.15214113695534
195;Kitsilano;"{""coordinates"": [-123.15167598846686, 49.271966470139375], ""type"": ""Point""}";49.271966470139375, -123.15167598846686
9;Kerrisdale;"{""coordinates"": [-123.1558772028738, 49.21236124690143], ""type"": ""Point""}";49.21236124690143, -123.1558772028738
1;Kerrisdale;"{""coordinates"": [-123.15760633072937, 49.22226473798408], ""type"": ""Point""}";49.22226473798408, -123.15760633072937
T;Kerrisdale;"{""coordinates"": [-123.15951492811429, 49.225175974364696], ""type"": ""Point""}";49.225175974364696, -123.15951492811429
404;Kitsilano;"{""coordinates"": [-123.15444377519187, 49.26041185477844], ""type"": ""Point""}";49.26041185477844, -123.15444377519187
266;Kitsilano;"{""coordinates"": [-123.14935737408344, 49.26669815982164], ""type"": ""Point""}";49.26669815982164, -123.14935737408344
284;Kitsilano;"{""coordinates"": [-123.15425942092003, 49.26591168201442], ""type"": ""Point""}";49.26591168201442, -123.15425942092003
215;Kitsilano;"{""coordinates"": [-123.15153933815093, 49.2701829019417], ""type"": ""Point""}";49.2701829019417, -123.15153933815093
214;Kitsilano;"{""coordinates"": [-123.15406537875093, 49.270229061947376], ""type"": ""Point""}";49.270229061947376, -123.15406537875093
44;Shaughnessy;"{""coordinates"": [-123.14993440385832, 49.25288633149745], ""type"": ""Point""}";49.25288633149745, -123.14993440385832
75;Arbutus Ridge;"{""coordinates"": [-123.1526317137462, 49.2499633625205], ""type"": ""Point""}";49.2499633625205, -123.1526317137462
47;Shaughnessy;"{""coordinates"": [-123.14972050634408, 49.255691409305754], ""type"": ""Point""}";49.255691409305754, -123.14972050634408
531;Arbutus Ridge;"{""coordinates"": [-123.15459377618808, 49.254718589711366], ""type"": ""Point""}";49.254718589711366, -123.15459377618808
466;Kitsilano;"{""coordinates"": [-123.14976475149383, 49.25757459103871], ""type"": ""Point""}";49.25757459103871, -123.14976475149383
388;Fairview;"{""coordinates"": [-123.14488715695171, 49.261217198096574], ""type"": ""Point""}";49.261217198096574, -123.14488715695171
425;Kitsilano;"{""coordinates"": [-123.15212540226473, 49.25945157010809], ""type"": ""Point""}";49.25945157010809, -123.15212540226473
386;Kitsilano;"{""coordinates"": [-123.14963753405583, 49.26132522969505], ""type"": ""Point""}";49.26132522969505, -123.14963753405583
7;Shaughnessy;"{""coordinates"": [-123.14594361637683, 49.23618506315844], ""type"": ""Point""}";49.23618506315844, -123.14594361637683
2;Shaughnessy;"{""coordinates"": [-123.15036287479295, 49.24022359621894], ""type"": ""Point""}";49.24022359621894, -123.15036287479295
88;Arbutus Ridge;"{""coordinates"": [-123.15252073659337, 49.24541148026862], ""type"": ""Point""}";49.24541148026862, -123.15252073659337
707;Shaughnessy;"{""coordinates"": [-123.1465213329016, 49.2465567463606], ""type"": ""Point""}";49.2465567463606, -123.1465213329016
6;Kerrisdale;"{""coordinates"": [-123.14988051421476, 49.23367208297778], ""type"": ""Point""}";49.23367208297778, -123.14988051421476
L;Kerrisdale;"{""coordinates"": [-123.15156129042765, 49.22309770300162], ""type"": ""Point""}";49.22309770300162, -123.15156129042765
4;Kerrisdale;"{""coordinates"": [-123.14691994782507, 49.226018274532095], ""type"": ""Point""}";49.226018274532095, -123.14691994782507
3;Kerrisdale;"{""coordinates"": [-123.14697410370046, 49.22456955371312], ""type"": ""Point""}";49.22456955371312, -123.14697410370046
BLK 2;Kerrisdale;"{""coordinates"": [-123.15138832782353, 49.22909779987722], ""type"": ""Point""}";49.22909779987722, -123.15138832782353
1;Kerrisdale;"{""coordinates"": [-123.1532855271326, 49.2274698178843], ""type"": ""Point""}";49.2274698178843, -123.1532855271326
2;Kerrisdale;"{""coordinates"": [-123.15367161710935, 49.22838546359292], ""type"": ""Point""}";49.22838546359292, -123.15367161710935
A;Kerrisdale;"{""coordinates"": [-123.15111940275679, 49.23407163035758], ""type"": ""Point""}";49.23407163035758, -123.15111940275679
1;Marpole;"{""coordinates"": [-123.14674234838151, 49.214259398685016], ""type"": ""Point""}";49.214259398685016, -123.14674234838151
14;Marpole;"{""coordinates"": [-123.14669452857005, 49.21388524655137], ""type"": ""Point""}";49.21388524655137, -123.14669452857005
M;Kerrisdale;"{""coordinates"": [-123.15023636567989, 49.22098330471732], ""type"": ""Point""}";49.22098330471732, -123.15023636567989
5;Marpole;"{""coordinates"": [-123.14602313611252, 49.21800733992467], ""type"": ""Point""}";49.21800733992467, -123.14602313611252
2;Kerrisdale;"{""coordinates"": [-123.15472670199125, 49.22397846126277], ""type"": ""Point""}";49.22397846126277, -123.15472670199125
1;Kerrisdale;"{""coordinates"": [-123.15437020007562, 49.22458108159979], ""type"": ""Point""}";49.22458108159979, -123.15437020007562
A;Marpole;"{""coordinates"": [-123.14748498231317, 49.21238425788784], ""type"": ""Point""}";49.21238425788784, -123.14748498231317
252;Fairview;"{""coordinates"": [-123.13799578435159, 49.26848258849648], ""type"": ""Point""}";49.26848258849648, -123.13799578435159
B;Fairview;"{""coordinates"": [-123.13906241795975, 49.27260076797168], ""type"": ""Point""}";49.27260076797168, -123.13906241795975
A;Fairview;"{""coordinates"": [-123.13888294574733, 49.27438683530527], ""type"": ""Point""}";49.27438683530527, -123.13888294574733
429;Fairview;"{""coordinates"": [-123.14258912841113, 49.259300505515704], ""type"": ""Point""}";49.259300505515704, -123.14258912841113
412;Fairview;"{""coordinates"": [-123.1352405639925, 49.260097204684975], ""type"": ""Point""}";49.260097204684975, -123.1352405639925
392;Fairview;"{""coordinates"": [-123.13519649383947, 49.261055246353656], ""type"": ""Point""}";49.261055246353656, -123.13519649383947
250;Fairview;"{""coordinates"": [-123.13989695408111, 49.26736604872949], ""type"": ""Point""}";49.26736604872949, -123.13989695408111
3;Shaughnessy;"{""coordinates"": [-123.1404053470797, 49.23732406914458], ""type"": ""Point""}";49.23732406914458, -123.1404053470797
931;Shaughnessy;"{""coordinates"": [-123.13815225126115, 49.23649341165857], ""type"": ""Point""}";49.23649341165857, -123.13815225126115
830;Shaughnessy;"{""coordinates"": [-123.14105971001177, 49.24128879908951], ""type"": ""Point""}";49.24128879908951, -123.14105971001177
730;Shaughnessy;"{""coordinates"": [-123.14078978924323, 49.24585017330305], ""type"": ""Point""}";49.24585017330305, -123.14078978924323
670;Shaughnessy;"{""coordinates"": [-123.14056262258735, 49.24880944985018], ""type"": ""Point""}";49.24880944985018, -123.14056262258735
711;Shaughnessy;"{""coordinates"": [-123.13766452157402, 49.246766110384605], ""type"": ""Point""}";49.246766110384605, -123.13766452157402
672;Shaughnessy;"{""coordinates"": [-123.13580408555806, 49.24862264343955], ""type"": ""Point""}";49.24862264343955, -123.13580408555806
731;Shaughnessy;"{""coordinates"": [-123.1379326194536, 49.245855023108255], ""type"": ""Point""}";49.245855023108255, -123.1379326194536
10;Oakridge;"{""coordinates"": [-123.13370729604647, 49.22889959370139], ""type"": ""Point""}";49.22889959370139, -123.13370729604647
6;Oakridge;"{""coordinates"": [-123.1362176150907, 49.22899015761748], ""type"": ""Point""}";49.22899015761748, -123.1362176150907
L;Kerrisdale;"{""coordinates"": [-123.14383789183377, 49.23298050059162], ""type"": ""Point""}";49.23298050059162, -123.14383789183377
7;Kerrisdale;"{""coordinates"": [-123.1423144395226, 49.23152474203134], ""type"": ""Point""}";49.23152474203134, -123.1423144395226
BLK 6;Oakridge;"{""coordinates"": [-123.13776061644784, 49.23279721722196], ""type"": ""Point""}";49.23279721722196, -123.13776061644784
4;Oakridge;"{""coordinates"": [-123.13714213741456, 49.233209584989126], ""type"": ""Point""}";49.233209584989126, -123.13714213741456
889;Shaughnessy;"{""coordinates"": [-123.1432939210361, 49.23953150013292], ""type"": ""Point""}";49.23953150013292, -123.1432939210361
1;Oakridge;"{""coordinates"": [-123.1343285648246, 49.220836441271956], ""type"": ""Point""}";49.220836441271956, -123.1343285648246
25;Oakridge;"{""coordinates"": [-123.13905148542433, 49.22019702749344], ""type"": ""Point""}";49.22019702749344, -123.13905148542433
17;Marpole;"{""coordinates"": [-123.1372041175885, 49.218661988719795], ""type"": ""Point""}";49.218661988719795, -123.1372041175885
V;Oakridge;"{""coordinates"": [-123.13589514885271, 49.21973669959084], ""type"": ""Point""}";49.21973669959084, -123.13589514885271
22;Oakridge;"{""coordinates"": [-123.13622140448358, 49.220905871990375], ""type"": ""Point""}";49.220905871990375, -123.13622140448358
L;Kerrisdale;"{""coordinates"": [-123.14323245166905, 49.22443533076128], ""type"": ""Point""}";49.22443533076128, -123.14323245166905
I;Oakridge;"{""coordinates"": [-123.13434881522674, 49.225186071946354], ""type"": ""Point""}";49.225186071946354, -123.13434881522674
1013;Oakridge;"{""coordinates"": [-123.13408203377767, 49.23132784349977], ""type"": ""Point""}";49.23132784349977, -123.13408203377767
7;Kerrisdale;"{""coordinates"": [-123.14246741170271, 49.227941291344564], ""type"": ""Point""}";49.227941291344564, -123.14246741170271
44;Marpole;"{""coordinates"": [-123.1381532194073, 49.20980446889573], ""type"": ""Point""}";49.20980446889573, -123.1381532194073
1;Marpole;"{""coordinates"": [-123.13442393885194, 49.21461340522043], ""type"": ""Point""}";49.21461340522043, -123.13442393885194
14;Marpole;"{""coordinates"": [-123.13480029289776, 49.2140529382105], ""type"": ""Point""}";49.2140529382105, -123.13480029289776
1;Marpole;"{""coordinates"": [-123.13839288380737, 49.21698517287451], ""type"": ""Point""}";49.21698517287451, -123.13839288380737
3;Marpole;"{""coordinates"": [-123.14197036698364, 49.2187901418318], ""type"": ""Point""}";49.2187901418318, -123.14197036698364
9;Marpole;"{""coordinates"": [-123.13475049854468, 49.209089890706544], ""type"": ""Point""}";49.209089890706544, -123.13475049854468
5;Marpole;"{""coordinates"": [-123.14286415916908, 49.21029660969321], ""type"": ""Point""}";49.21029660969321, -123.14286415916908
2;Marpole;"{""coordinates"": [-123.13885143331771, 49.21195306524417], ""type"": ""Point""}";49.21195306524417, -123.13885143331771
40;Marpole;"{""coordinates"": [-123.1354738294036, 49.20925274093902], ""type"": ""Point""}";49.20925274093902, -123.1354738294036
114;Downtown;"{""coordinates"": [-123.12717643067991, 49.27442755045741], ""type"": ""Point""}";49.27442755045741, -123.12717643067991
68;West End;"{""coordinates"": [-123.14065847292068, 49.29101006096971], ""type"": ""Point""}";49.29101006096971, -123.14065847292068
Y;Marpole;"{""coordinates"": [-123.13363924227599, 49.20161527916923], ""type"": ""Point""}";49.20161527916923, -123.13363924227599
437;Fairview;"{""coordinates"": [-123.12332635576969, 49.25898694418903], ""type"": ""Point""}";49.25898694418903, -123.12332635576969
436;Fairview;"{""coordinates"": [-123.12575253464081, 49.25902415079772], ""type"": ""Point""}";49.25902415079772, -123.12575253464081
120;Downtown;"{""coordinates"": [-123.13237000040851, 49.27616037055874], ""type"": ""Point""}";49.27616037055874, -123.13237000040851
714;Shaughnessy;"{""coordinates"": [-123.13127659127092, 49.24669041161853], ""type"": ""Point""}";49.24669041161853, -123.13127659127092
715;Shaughnessy;"{""coordinates"": [-123.12898053270284, 49.24665615332934], ""type"": ""Point""}";49.24665615332934, -123.12898053270284
L;Oakridge;"{""coordinates"": [-123.12579449212103, 49.230439150756666], ""type"": ""Point""}";49.230439150756666, -123.12579449212103
915;Shaughnessy;"{""coordinates"": [-123.12951138371938, 49.23568999942594], ""type"": ""Point""}";49.23568999942594, -123.12951138371938
31;Marpole;"{""coordinates"": [-123.12570942803193, 49.215338999547285], ""type"": ""Point""}";49.215338999547285, -123.12570942803193
30;Marpole;"{""coordinates"": [-123.12572425954534, 49.21496612893745], ""type"": ""Point""}";49.21496612893745, -123.12572425954534
1;Hastings-Sunrise;"{""coordinates"": [-123.04279152830199, 49.27261331731429], ""type"": ""Point""}";49.27261331731429, -123.04279152830199
68;Hastings-Sunrise;"{""coordinates"": [-123.04034372178911, 49.27256990559312], ""type"": ""Point""}";49.27256990559312, -123.04034372178911
84;Hastings-Sunrise;"{""coordinates"": [-123.03536520079435, 49.27258136836235], ""type"": ""Point""}";49.27258136836235, -123.03536520079435
80;Hastings-Sunrise;"{""coordinates"": [-123.0480703947538, 49.27804528748107], ""type"": ""Point""}";49.27804528748107, -123.0480703947538
O;Renfrew-Collingwood;"{""coordinates"": [-123.03533342518813, 49.25424651620479], ""type"": ""Point""}";49.25424651620479, -123.03533342518813
A;Renfrew-Collingwood;"{""coordinates"": [-123.04278024773382, 49.258724380567315], ""type"": ""Point""}";49.258724380567315, -123.04278024773382
76;Hastings-Sunrise;"{""coordinates"": [-123.03785970539397, 49.26605368239951], ""type"": ""Point""}";49.26605368239951, -123.03785970539397
65;Hastings-Sunrise;"{""coordinates"": [-123.0403079782704, 49.26983526271725], ""type"": ""Point""}";49.26983526271725, -123.0403079782704
4;Renfrew-Collingwood;"{""coordinates"": [-123.03780980331184, 49.24483266007791], ""type"": ""Point""}";49.24483266007791, -123.03780980331184
4;Renfrew-Collingwood;"{""coordinates"": [-123.04040471829168, 49.24735157089514], ""type"": ""Point""}";49.24735157089514, -123.04040471829168
2;Renfrew-Collingwood;"{""coordinates"": [-123.03583363088374, 49.24907729342576], ""type"": ""Point""}";49.24907729342576, -123.03583363088374
3;Renfrew-Collingwood;"{""coordinates"": [-123.04287389376046, 49.245696547967086], ""type"": ""Point""}";49.245696547967086, -123.04287389376046
E;Renfrew-Collingwood;"{""coordinates"": [-123.0429440313716, 49.25275840445109], ""type"": ""Point""}";49.25275840445109, -123.0429440313716
O;Renfrew-Collingwood;"{""coordinates"": [-123.04040602350089, 49.257503874302245], ""type"": ""Point""}";49.257503874302245, -123.04040602350089
2;Renfrew-Collingwood;"{""coordinates"": [-123.04279107218294, 49.24323321584215], ""type"": ""Point""}";49.24323321584215, -123.04279107218294
139;Renfrew-Collingwood;"{""coordinates"": [-123.0415991111047, 49.24153683460699], ""type"": ""Point""}";49.24153683460699, -123.0415991111047
143;Renfrew-Collingwood;"{""coordinates"": [-123.03964019037704, 49.24077659809719], ""type"": ""Point""}";49.24077659809719, -123.03964019037704
29;Renfrew-Collingwood;"{""coordinates"": [-123.03780621925371, 49.24121780864276], ""type"": ""Point""}";49.24121780864276, -123.03780621925371
14;Renfrew-Collingwood;"{""coordinates"": [-123.04031469050237, 49.23730638693566], ""type"": ""Point""}";49.23730638693566, -123.04031469050237
96;Renfrew-Collingwood;"{""coordinates"": [-123.04150890940069, 49.23878918980855], ""type"": ""Point""}";49.23878918980855, -123.04150890940069
100;Renfrew-Collingwood;"{""coordinates"": [-123.0426437649984, 49.239039150061], ""type"": ""Point""}";49.239039150061, -123.0426437649984
90;Renfrew-Collingwood;"{""coordinates"": [-123.03880338474555, 49.23927732156392], ""type"": ""Point""}";49.23927732156392, -123.03880338474555
104;Renfrew-Collingwood;"{""coordinates"": [-123.0436621008151, 49.23940626130362], ""type"": ""Point""}";49.23940626130362, -123.0436621008151
23;Renfrew-Collingwood;"{""coordinates"": [-123.03759961708616, 49.2362177173577], ""type"": ""Point""}";49.2362177173577, -123.03759961708616
17;Killarney;"{""coordinates"": [-123.03922298174847, 49.23025755358574], ""type"": ""Point""}";49.23025755358574, -123.03922298174847
20;Renfrew-Collingwood;"{""coordinates"": [-123.04061121397571, 49.23479722978976], ""type"": ""Point""}";49.23479722978976, -123.04061121397571
21;Renfrew-Collingwood;"{""coordinates"": [-123.03985902413423, 49.234695035878886], ""type"": ""Point""}";49.234695035878886, -123.03985902413423
31;Renfrew-Collingwood;"{""coordinates"": [-123.0359717589829, 49.23529896638419], ""type"": ""Point""}";49.23529896638419, -123.0359717589829
19;Killarney;"{""coordinates"": [-123.03648341431665, 49.231832575913465], ""type"": ""Point""}";49.231832575913465, -123.03648341431665
36;Killarney;"{""coordinates"": [-123.03619201429973, 49.2333812452671], ""type"": ""Point""}";49.2333812452671, -123.03619201429973
88;Renfrew-Collingwood;"{""coordinates"": [-123.03942498050358, 49.237842972494505], ""type"": ""Point""}";49.237842972494505, -123.03942498050358
10;Killarney;"{""coordinates"": [-123.03826960905421, 49.20690374806811], ""type"": ""Point""}";49.20690374806811, -123.03826960905421
3;Killarney;"{""coordinates"": [-123.03564570531667, 49.22170848158584], ""type"": ""Point""}";49.22170848158584, -123.03564570531667
4;Killarney;"{""coordinates"": [-123.04010441893985, 49.221837514038306], ""type"": ""Point""}";49.221837514038306, -123.04010441893985
12;Killarney;"{""coordinates"": [-123.03979063913457, 49.22617265712624], ""type"": ""Point""}";49.22617265712624, -123.03979063913457
1;Killarney;"{""coordinates"": [-123.04485634368122, 49.223848673613325], ""type"": ""Point""}";49.223848673613325, -123.04485634368122
F;Killarney;"{""coordinates"": [-123.04454015886478, 49.22970481930188], ""type"": ""Point""}";49.22970481930188, -123.04454015886478
22;Hastings-Sunrise;"{""coordinates"": [-123.03220939711363, 49.26231436270516], ""type"": ""Point""}";49.26231436270516, -123.03220939711363
94;Hastings-Sunrise;"{""coordinates"": [-123.02985368177481, 49.2669552064748], ""type"": ""Point""}";49.2669552064748, -123.02985368177481
91;Hastings-Sunrise;"{""coordinates"": [-123.03214483056894, 49.26695444785439], ""type"": ""Point""}";49.26695444785439, -123.03214483056894
3;Hastings-Sunrise;"{""coordinates"": [-123.02723538782668, 49.27357158421579], ""type"": ""Point""}";49.27357158421579, -123.02723538782668
7;Hastings-Sunrise;"{""coordinates"": [-123.02945804119719, 49.274431392655224], ""type"": ""Point""}";49.274431392655224, -123.02945804119719
1;Renfrew-Collingwood;"{""coordinates"": [-123.024394156471, 49.249639319483705], ""type"": ""Point""}";49.249639319483705, -123.024394156471
13;Renfrew-Collingwood;"{""coordinates"": [-123.02582160600615, 49.25442032055122], ""type"": ""Point""}";49.25442032055122, -123.02582160600615
B;Renfrew-Collingwood;"{""coordinates"": [-123.02519456413148, 49.259081356403456], ""type"": ""Point""}";49.259081356403456, -123.02519456413148
94;Renfrew-Collingwood;"{""coordinates"": [-123.03156462264646, 49.24357947510754], ""type"": ""Point""}";49.24357947510754, -123.03156462264646
79;Renfrew-Collingwood;"{""coordinates"": [-123.033164620584, 49.24315170820999], ""type"": ""Point""}";49.24315170820999, -123.033164620584
4;Renfrew-Collingwood;"{""coordinates"": [-123.03231360674515, 49.2448206553511], ""type"": ""Point""}";49.2448206553511, -123.03231360674515
132;Renfrew-Collingwood;"{""coordinates"": [-123.02615931106068, 49.24231497088103], ""type"": ""Point""}";49.24231497088103, -123.02615931106068
42;Renfrew-Collingwood;"{""coordinates"": [-123.03371197214096, 49.24120264163386], ""type"": ""Point""}";49.24120264163386, -123.03371197214096
51;Renfrew-Collingwood;"{""coordinates"": [-123.02913998243505, 49.23926229864629], ""type"": ""Point""}";49.23926229864629, -123.02913998243505
12;Renfrew-Collingwood;"{""coordinates"": [-123.02927137078754, 49.23777361565624], ""type"": ""Point""}";49.23777361565624, -123.02927137078754
8;Renfrew-Collingwood;"{""coordinates"": [-123.02718333655201, 49.237103260488226], ""type"": ""Point""}";49.237103260488226, -123.02718333655201
87;Renfrew-Collingwood;"{""coordinates"": [-123.02576304321327, 49.23996005238571], ""type"": ""Point""}";49.23996005238571, -123.02576304321327
86;Renfrew-Collingwood;"{""coordinates"": [-123.02667880685463, 49.24018703732936], ""type"": ""Point""}";49.24018703732936, -123.02667880685463
21;Killarney;"{""coordinates"": [-123.03346479750911, 49.230476213805744], ""type"": ""Point""}";49.230476213805744, -123.03346479750911
64;Renfrew-Collingwood;"{""coordinates"": [-123.03340615896543, 49.23554546895959], ""type"": ""Point""}";49.23554546895959, -123.03340615896543
V;Hastings-Sunrise;"{""coordinates"": [-123.03044251934135, 49.28878907504645], ""type"": ""Point""}";49.28878907504645, -123.03044251934135
26;Killarney;"{""coordinates"": [-123.02978899219796, 49.20397175645769], ""type"": ""Point""}";49.20397175645769, -123.02978899219796
7;Killarney;"{""coordinates"": [-123.02574920443043, 49.22554799743551], ""type"": ""Point""}";49.22554799743551, -123.02574920443043
2;Killarney;"{""coordinates"": [-123.03031698659133, 49.22552371715402], ""type"": ""Point""}";49.22552371715402, -123.03031698659133
8;Killarney;"{""coordinates"": [-123.02553329574309, 49.224783663806235], ""type"": ""Point""}";49.224783663806235, -123.02553329574309
1;Killarney;"{""coordinates"": [-123.03007772946603, 49.2247832805641], ""type"": ""Point""}";49.2247832805641, -123.03007772946603
B;Killarney;"{""coordinates"": [-123.02832370302619, 49.2278446587726], ""type"": ""Point""}";49.2278446587726, -123.02832370302619
42;Hastings-Sunrise;"{""coordinates"": [-123.0322082575483, 49.28235476538859], ""type"": ""Point""}";49.28235476538859, -123.0322082575483
26;Riley Park;"{""coordinates"": [-123.09777938343606, 49.251423723993824], ""type"": ""Point""}";49.251423723993824, -123.09777938343606
21;Riley Park;"{""coordinates"": [-123.09311108618897, 49.25046655772346], ""type"": ""Point""}";49.25046655772346, -123.09311108618897
53;Riley Park;"{""coordinates"": [-123.09150422884122, 49.253342823000295], ""type"": ""Point""}";49.253342823000295, -123.09150422884122
2;Riley Park;"{""coordinates"": [-123.09779938209668, 49.24961075522392], ""type"": ""Point""}";49.24961075522392, -123.09779938209668
51;Riley Park;"{""coordinates"": [-123.0950095512769, 49.25319390218383], ""type"": ""Point""}";49.25319390218383, -123.0950095512769
24;Mount Pleasant;"{""coordinates"": [-123.11032131903801, 49.262518489653445], ""type"": ""Point""}";49.262518489653445, -123.11032131903801
37;Mount Pleasant;"{""coordinates"": [-123.10572571448122, 49.26062109113274], ""type"": ""Point""}";49.26062109113274, -123.10572571448122
45;Mount Pleasant;"{""coordinates"": [-123.1076549092805, 49.259726678876085], ""type"": ""Point""}";49.259726678876085, -123.1076549092805
21D;Shaughnessy;"{""coordinates"": [-123.14526956628556, 49.2409619481852], ""type"": ""Point""}";49.2409619481852, -123.14526956628556
93;Arbutus Ridge;"{""coordinates"": [-123.15422830878356, 49.24423935565747], ""type"": ""Point""}";49.24423935565747, -123.15422830878356
4;Kensington-Cedar Cottage;"{""coordinates"": [-123.07431342819663, 49.2528505363972], ""type"": ""Point""}";49.2528505363972, -123.07431342819663
4;Kensington-Cedar Cottage;"{""coordinates"": [-123.07386215172507, 49.24981024217135], ""type"": ""Point""}";49.24981024217135, -123.07386215172507
7;Grandview-Woodland;"{""coordinates"": [-123.0692285679642, 49.27879615227354], ""type"": ""Point""}";49.27879615227354, -123.0692285679642
35;Mount Pleasant;"{""coordinates"": [-123.10997020611906, 49.26189354045676], ""type"": ""Point""}";49.26189354045676, -123.10997020611906
BLK A;Marpole;"{""coordinates"": [-123.14586457917153, 49.217328153751176], ""type"": ""Point""}";49.217328153751176, -123.14586457917153
4;Kerrisdale;"{""coordinates"": [-123.17816423466485, 49.221977846901424], ""type"": ""Point""}";49.221977846901424, -123.17816423466485
67;Shaughnessy;"{""coordinates"": [-123.13088715574585, 49.251247126400315], ""type"": ""Point""}";49.251247126400315, -123.13088715574585
616;South Cambie;"{""coordinates"": [-123.12615674604932, 49.25111056989247], ""type"": ""Point""}";49.25111056989247, -123.12615674604932
N1/2;Kitsilano;"{""coordinates"": [-123.1787584316106, 49.26206766952335], ""type"": ""Point""}";49.26206766952335, -123.1787584316106
4;West Point Grey;"{""coordinates"": [-123.20797446096448, 49.266032886920854], ""type"": ""Point""}";49.266032886920854, -123.20797446096448
143;Grandview-Woodland;"{""coordinates"": [-123.06338231280974, 49.26841979664926], ""type"": ""Point""}";49.26841979664926, -123.06338231280974
41;Mount Pleasant;"{""coordinates"": [-123.1008040371818, 49.259724718520175], ""type"": ""Point""}";49.259724718520175, -123.1008040371818
S1/2;Hastings-Sunrise;"{""coordinates"": [-123.02709507037218, 49.27791756880818], ""type"": ""Point""}";49.27791756880818, -123.02709507037218
6;Sunset;"{""coordinates"": [-123.10303028808146, 49.21946715143498], ""type"": ""Point""}";49.21946715143498, -123.10303028808146
PARCEL;Strathcona;"{""coordinates"": [-123.08029250153109, 49.26878101854127], ""type"": ""Point""}";49.26878101854127, -123.08029250153109
5;Grandview-Woodland;"{""coordinates"": [-123.06459196413786, 49.269931003290004], ""type"": ""Point""}";49.269931003290004, -123.06459196413786
2;Renfrew-Collingwood;"{""coordinates"": [-123.05312037246698, 49.243377808306796], ""type"": ""Point""}";49.243377808306796, -123.05312037246698
1;Renfrew-Collingwood;"{""coordinates"": [-123.05405851721795, 49.24343213613143], ""type"": ""Point""}";49.24343213613143, -123.05405851721795
91;Renfrew-Collingwood;"{""coordinates"": [-123.03981668836683, 49.238062268139515], ""type"": ""Point""}";49.238062268139515, -123.03981668836683
103;Mount Pleasant;"{""coordinates"": [-123.0954530845346, 49.264883741991994], ""type"": ""Point""}";49.264883741991994, -123.0954530845346
9;Kensington-Cedar Cottage;"{""coordinates"": [-123.0829064143677, 49.24968259845695], ""type"": ""Point""}";49.24968259845695, -123.0829064143677
SOUTH;Kensington-Cedar Cottage;"{""coordinates"": [-123.07002952842055, 49.24125988040566], ""type"": ""Point""}";49.24125988040566, -123.07002952842055
1A;West Point Grey;"{""coordinates"": [-123.21956616459147, 49.27610859043785], ""type"": ""Point""}";49.27610859043785, -123.21956616459147
3;West Point Grey;"{""coordinates"": [-123.22372561710019, 49.27274752614207], ""type"": ""Point""}";49.27274752614207, -123.22372561710019
3;West Point Grey;"{""coordinates"": [-123.21289925335073, 49.26610329109839], ""type"": ""Point""}";49.26610329109839, -123.21289925335073
3;West Point Grey;"{""coordinates"": [-123.21279460412677, 49.26957296190302], ""type"": ""Point""}";49.26957296190302, -123.21279460412677
4;West Point Grey;"{""coordinates"": [-123.21420095112889, 49.26959959772078], ""type"": ""Point""}";49.26959959772078, -123.21420095112889
1;West Point Grey;"{""coordinates"": [-123.21107702561532, 49.27070546902512], ""type"": ""Point""}";49.27070546902512, -123.21107702561532
4;West Point Grey;"{""coordinates"": [-123.21424631326806, 49.267697918269164], ""type"": ""Point""}";49.267697918269164, -123.21424631326806
3;West Point Grey;"{""coordinates"": [-123.20968837099387, 49.27194439677791], ""type"": ""Point""}";49.27194439677791, -123.20968837099387
131;West Point Grey;"{""coordinates"": [-123.20419142509152, 49.27477657467269], ""type"": ""Point""}";49.27477657467269, -123.20419142509152
3;West Point Grey;"{""coordinates"": [-123.2129977003637, 49.26075189334712], ""type"": ""Point""}";49.26075189334712, -123.2129977003637
188;West Point Grey;"{""coordinates"": [-123.20202042954968, 49.264031753030636], ""type"": ""Point""}";49.264031753030636, -123.20202042954968
2;West Point Grey;"{""coordinates"": [-123.20094921053912, 49.25951760950699], ""type"": ""Point""}";49.25951760950699, -123.20094921053912
4;West Point Grey;"{""coordinates"": [-123.20534621395613, 49.26426240119117], ""type"": ""Point""}";49.26426240119117, -123.20534621395613
1;West Point Grey;"{""coordinates"": [-123.20842603090003, 49.26339174499032], ""type"": ""Point""}";49.26339174499032, -123.20842603090003
1;West Point Grey;"{""coordinates"": [-123.20532224235279, 49.265140106480075], ""type"": ""Point""}";49.265140106480075, -123.20532224235279
2;West Point Grey;"{""coordinates"": [-123.2036656437068, 49.26673565809739], ""type"": ""Point""}";49.26673565809739, -123.2036656437068
186;West Point Grey;"{""coordinates"": [-123.19811129306021, 49.264833572604374], ""type"": ""Point""}";49.264833572604374, -123.19811129306021
184;West Point Grey;"{""coordinates"": [-123.19356752820798, 49.264388941059316], ""type"": ""Point""}";49.264388941059316, -123.19356752820798
190;West Point Grey;"{""coordinates"": [-123.19015699641272, 49.2642077019704], ""type"": ""Point""}";49.2642077019704, -123.19015699641272
183;West Point Grey;"{""coordinates"": [-123.19081754172034, 49.26379723193534], ""type"": ""Point""}";49.26379723193534, -123.19081754172034
191;West Point Grey;"{""coordinates"": [-123.19067391563641, 49.26476546158359], ""type"": ""Point""}";49.26476546158359, -123.19067391563641
A;Dunbar-Southlands;"{""coordinates"": [-123.20163829220782, 49.23087309794038], ""type"": ""Point""}";49.23087309794038, -123.20163829220782
292;Dunbar-Southlands;"{""coordinates"": [-123.20098300413771, 49.248902634706326], ""type"": ""Point""}";49.248902634706326, -123.20098300413771
4;West Point Grey;"{""coordinates"": [-123.20535845865177, 49.26244686667451], ""type"": ""Point""}";49.26244686667451, -123.20535845865177
163;West Point Grey;"{""coordinates"": [-123.20449905226887, 49.25935627635531], ""type"": ""Point""}";49.25935627635531, -123.20449905226887
2;West Point Grey;"{""coordinates"": [-123.20702828786656, 49.25975075490889], ""type"": ""Point""}";49.25975075490889, -123.20702828786656
4;West Point Grey;"{""coordinates"": [-123.20851265070183, 49.25887072789945], ""type"": ""Point""}";49.25887072789945, -123.20851265070183
167;West Point Grey;"{""coordinates"": [-123.1927113456016, 49.25915390734698], ""type"": ""Point""}";49.25915390734698, -123.1927113456016
4;West Point Grey;"{""coordinates"": [-123.19011992997896, 49.26206911540054], ""type"": ""Point""}";49.26206911540054, -123.19011992997896
3;West Point Grey;"{""coordinates"": [-123.19482019682705, 49.262138167607674], ""type"": ""Point""}";49.262138167607674, -123.19482019682705
4;West Point Grey;"{""coordinates"": [-123.1961954070212, 49.262160118655665], ""type"": ""Point""}";49.262160118655665, -123.1961954070212
37;Dunbar-Southlands;"{""coordinates"": [-123.19230920925318, 49.256849984057396], ""type"": ""Point""}";49.256849984057396, -123.19230920925318
3;Dunbar-Southlands;"{""coordinates"": [-123.18886372888416, 49.25052301927771], ""type"": ""Point""}";49.25052301927771, -123.18886372888416
41;Dunbar-Southlands;"{""coordinates"": [-123.19520747397738, 49.25106515983764], ""type"": ""Point""}";49.25106515983764, -123.19520747397738
4;Dunbar-Southlands;"{""coordinates"": [-123.19582150068665, 49.25066652250688], ""type"": ""Point""}";49.25066652250688, -123.19582150068665
2;Dunbar-Southlands;"{""coordinates"": [-123.19443960346136, 49.25148115282439], ""type"": ""Point""}";49.25148115282439, -123.19443960346136
3;Dunbar-Southlands;"{""coordinates"": [-123.1916047452991, 49.25415257835682], ""type"": ""Point""}";49.25415257835682, -123.1916047452991
35;Dunbar-Southlands;"{""coordinates"": [-123.18962150734633, 49.25482915197576], ""type"": ""Point""}";49.25482915197576, -123.18962150734633
C;Dunbar-Southlands;"{""coordinates"": [-123.18903002006246, 49.23347902543711], ""type"": ""Point""}";49.23347902543711, -123.18903002006246
2;Dunbar-Southlands;"{""coordinates"": [-123.19210111983433, 49.23455229280034], ""type"": ""Point""}";49.23455229280034, -123.19210111983433
C;Dunbar-Southlands;"{""coordinates"": [-123.19162999447691, 49.23381662457425], ""type"": ""Point""}";49.23381662457425, -123.19162999447691
1;Dunbar-Southlands;"{""coordinates"": [-123.19464566783083, 49.23436703991147], ""type"": ""Point""}";49.23436703991147, -123.19464566783083
21;Dunbar-Southlands;"{""coordinates"": [-123.18966112884794, 49.23793402425285], ""type"": ""Point""}";49.23793402425285, -123.18966112884794
80;Dunbar-Southlands;"{""coordinates"": [-123.19231117110834, 49.24903844398858], ""type"": ""Point""}";49.24903844398858, -123.19231117110834
46;Kitsilano;"{""coordinates"": [-123.17888044326935, 49.26540360616406], ""type"": ""Point""}";49.26540360616406, -123.17888044326935
1;West Point Grey;"{""coordinates"": [-123.18683845669173, 49.26315662847678], ""type"": ""Point""}";49.26315662847678, -123.18683845669173
56;Kitsilano;"{""coordinates"": [-123.18290216627247, 49.263743666544144], ""type"": ""Point""}";49.263743666544144, -123.18290216627247
10;Kitsilano;"{""coordinates"": [-123.18264382758068, 49.27067171419387], ""type"": ""Point""}";49.27067171419387, -123.18264382758068
3;Kitsilano;"{""coordinates"": [-123.18137755214653, 49.272098089515424], ""type"": ""Point""}";49.272098089515424, -123.18137755214653
94;Kitsilano;"{""coordinates"": [-123.17882749982186, 49.260048901662714], ""type"": ""Point""}";49.260048901662714, -123.17882749982186
92;West Point Grey;"{""coordinates"": [-123.1854224028953, 49.26015254735345], ""type"": ""Point""}";49.26015254735345, -123.1854224028953
2;West Point Grey;"{""coordinates"": [-123.18691693277762, 49.26021130665089], ""type"": ""Point""}";49.26021130665089, -123.18691693277762
4;Dunbar-Southlands;"{""coordinates"": [-123.17756006227495, 49.250612951513794], ""type"": ""Point""}";49.250612951513794, -123.17756006227495
3;Dunbar-Southlands;"{""coordinates"": [-123.17974341367483, 49.25244088703215], ""type"": ""Point""}";49.25244088703215, -123.17974341367483
2;Dunbar-Southlands;"{""coordinates"": [-123.17977703362564, 49.25153873025353], ""type"": ""Point""}";49.25153873025353, -123.17977703362564
3;Dunbar-Southlands;"{""coordinates"": [-123.18620653812388, 49.25246718974853], ""type"": ""Point""}";49.25246718974853, -123.18620653812388
1;Dunbar-Southlands;"{""coordinates"": [-123.18745568801552, 49.251557083379346], ""type"": ""Point""}";49.251557083379346, -123.18745568801552
A;Dunbar-Southlands;"{""coordinates"": [-123.18036372927054, 49.23818826862868], ""type"": ""Point""}";49.23818826862868, -123.18036372927054
24;Dunbar-Southlands;"{""coordinates"": [-123.18046005785453, 49.23785665221767], ""type"": ""Point""}";49.23785665221767, -123.18046005785453
54;Dunbar-Southlands;"{""coordinates"": [-123.18376967260185, 49.24346451361263], ""type"": ""Point""}";49.24346451361263, -123.18376967260185
B;Dunbar-Southlands;"{""coordinates"": [-123.186859302823, 49.248640859819126], ""type"": ""Point""}";49.248640859819126, -123.186859302823
2;Dunbar-Southlands;"{""coordinates"": [-123.18607659236099, 49.247500618804374], ""type"": ""Point""}";49.247500618804374, -123.18607659236099
1;Dunbar-Southlands;"{""coordinates"": [-123.18748562866618, 49.247485279696846], ""type"": ""Point""}";49.247485279696846, -123.18748562866618
A;Dunbar-Southlands;"{""coordinates"": [-123.1834535080005, 49.24674248555462], ""type"": ""Point""}";49.24674248555462, -123.1834535080005
B;Dunbar-Southlands;"{""coordinates"": [-123.1834432743249, 49.24768521154499], ""type"": ""Point""}";49.24768521154499, -123.1834432743249
18;Dunbar-Southlands;"{""coordinates"": [-123.17768469609435, 49.2529875182211], ""type"": ""Point""}";49.2529875182211, -123.17768469609435
23;Dunbar-Southlands;"{""coordinates"": [-123.1805153676031, 49.25298626946421], ""type"": ""Point""}";49.25298626946421, -123.1805153676031
27;Kitsilano;"{""coordinates"": [-123.17251506635247, 49.268917844160455], ""type"": ""Point""}";49.268917844160455, -123.17251506635247
28;Kitsilano;"{""coordinates"": [-123.16973481065602, 49.268878802853784], ""type"": ""Point""}";49.268878802853784, -123.16973481065602
14;Kitsilano;"{""coordinates"": [-123.1748060480911, 49.27054839697222], ""type"": ""Point""}";49.27054839697222, -123.1748060480911
5;Kitsilano;"{""coordinates"": [-123.16715515130191, 49.27044555153671], ""type"": ""Point""}";49.27044555153671, -123.16715515130191
7;Dunbar-Southlands;"{""coordinates"": [-123.18063808403461, 49.222328229811104], ""type"": ""Point""}";49.222328229811104, -123.18063808403461
12;Kerrisdale;"{""coordinates"": [-123.17768540506374, 49.21983706987886], ""type"": ""Point""}";49.21983706987886, -123.17768540506374
3;Dunbar-Southlands;"{""coordinates"": [-123.18360526237863, 49.22787403855855], ""type"": ""Point""}";49.22787403855855, -123.18360526237863
30;Kitsilano;"{""coordinates"": [-123.1699321698603, 49.26729577089868], ""type"": ""Point""}";49.26729577089868, -123.1699321698603
41;Kitsilano;"{""coordinates"": [-123.17692976089842, 49.26618742963898], ""type"": ""Point""}";49.26618742963898, -123.17692976089842
17;Kitsilano;"{""coordinates"": [-123.1675540404536, 49.26521912079355], ""type"": ""Point""}";49.26521912079355, -123.1675540404536
120;Kitsilano;"{""coordinates"": [-123.16951159920606, 49.25810026972552], ""type"": ""Point""}";49.25810026972552, -123.16951159920606
1;Arbutus Ridge;"{""coordinates"": [-123.16703401219799, 49.25495365305012], ""type"": ""Point""}";49.25495365305012, -123.16703401219799
2;Kitsilano;"{""coordinates"": [-123.17472581421357, 49.26022231744597], ""type"": ""Point""}";49.26022231744597, -123.17472581421357
96;Kitsilano;"{""coordinates"": [-123.17521488234478, 49.259989104459486], ""type"": ""Point""}";49.259989104459486, -123.17521488234478
88;Kitsilano;"{""coordinates"": [-123.17322175620673, 49.26086523037995], ""type"": ""Point""}";49.26086523037995, -123.17322175620673
1;Kitsilano;"{""coordinates"": [-123.17541605777988, 49.262050978984036], ""type"": ""Point""}";49.262050978984036, -123.17541605777988
66;Kitsilano;"{""coordinates"": [-123.17520327611734, 49.26270489393084], ""type"": ""Point""}";49.26270489393084, -123.17520327611734
80;Kitsilano;"{""coordinates"": [-123.1693171283397, 49.261706151996655], ""type"": ""Point""}";49.261706151996655, -123.1693171283397
2;Arbutus Ridge;"{""coordinates"": [-123.16839640438263, 49.25329789437707], ""type"": ""Point""}";49.25329789437707, -123.16839640438263
3;Arbutus Ridge;"{""coordinates"": [-123.16846358054082, 49.25224580472132], ""type"": ""Point""}";49.25224580472132, -123.16846358054082
A;Arbutus Ridge;"{""coordinates"": [-123.16698729302472, 49.25293025384208], ""type"": ""Point""}";49.25293025384208, -123.16698729302472
1;Arbutus Ridge;"{""coordinates"": [-123.16937415880918, 49.25510539570776], ""type"": ""Point""}";49.25510539570776, -123.16937415880918
2;Arbutus Ridge;"{""coordinates"": [-123.17364228246424, 49.25698847013902], ""type"": ""Point""}";49.25698847013902, -123.17364228246424
46;Dunbar-Southlands;"{""coordinates"": [-123.17449044429158, 49.24152471183933], ""type"": ""Point""}";49.24152471183933, -123.17449044429158
51;Dunbar-Southlands;"{""coordinates"": [-123.17443943668562, 49.24341742395411], ""type"": ""Point""}";49.24341742395411, -123.17443943668562
M;Arbutus Ridge;"{""coordinates"": [-123.16682852961263, 49.244523628781245], ""type"": ""Point""}";49.244523628781245, -123.16682852961263
47;Dunbar-Southlands;"{""coordinates"": [-123.1717625930106, 49.241511735770004], ""type"": ""Point""}";49.241511735770004, -123.1717625930106
J;Arbutus Ridge;"{""coordinates"": [-123.16636251526256, 49.247372984369065], ""type"": ""Point""}";49.247372984369065, -123.16636251526256
K;Arbutus Ridge;"{""coordinates"": [-123.16918364010647, 49.24644503186825], ""type"": ""Point""}";49.24644503186825, -123.16918364010647
V;Arbutus Ridge;"{""coordinates"": [-123.17096400496871, 49.251497299844345], ""type"": ""Point""}";49.251497299844345, -123.17096400496871
89;Dunbar-Southlands;"{""coordinates"": [-123.1745424400854, 49.24475891747611], ""type"": ""Point""}";49.24475891747611, -123.1745424400854
M;Kerrisdale;"{""coordinates"": [-123.17300742683699, 49.23005121195243], ""type"": ""Point""}";49.23005121195243, -123.17300742683699
1;Kerrisdale;"{""coordinates"": [-123.16648830354367, 49.22976131206324], ""type"": ""Point""}";49.22976131206324, -123.16648830354367
11;Kerrisdale;"{""coordinates"": [-123.17404133237363, 49.23204345844497], ""type"": ""Point""}";49.23204345844497, -123.17404133237363
3;Kerrisdale;"{""coordinates"": [-123.17221130512739, 49.234118735320514], ""type"": ""Point""}";49.234118735320514, -123.17221130512739
31;Dunbar-Southlands;"{""coordinates"": [-123.17449189517158, 49.239616359242554], ""type"": ""Point""}";49.239616359242554, -123.17449189517158
30;Dunbar-Southlands;"{""coordinates"": [-123.17172863440175, 49.23926206624405], ""type"": ""Point""}";49.23926206624405, -123.17172863440175
29;Arbutus Ridge;"{""coordinates"": [-123.16844160077888, 49.23960112406639], ""type"": ""Point""}";49.23960112406639, -123.16844160077888
1;Kerrisdale;"{""coordinates"": [-123.17087666179789, 49.225389870402026], ""type"": ""Point""}";49.225389870402026, -123.17087666179789
200;Kitsilano;"{""coordinates"": [-123.16344628861944, 49.271250188775625], ""type"": ""Point""}";49.271250188775625, -123.16344628861944
7;Kitsilano;"{""coordinates"": [-123.16546619113694, 49.269555658797856], ""type"": ""Point""}";49.269555658797856, -123.16546619113694
212;Kitsilano;"{""coordinates"": [-123.15857419493794, 49.27029004818224], ""type"": ""Point""}";49.27029004818224, -123.15857419493794
1;Kitsilano;"{""coordinates"": [-123.16620490428559, 49.272592438697345], ""type"": ""Point""}";49.272592438697345, -123.16620490428559
190;Kitsilano;"{""coordinates"": [-123.16346026720419, 49.27210255381884], ""type"": ""Point""}";49.27210255381884, -123.16346026720419
E;Kerrisdale;"{""coordinates"": [-123.1664345504607, 49.22017416808909], ""type"": ""Point""}";49.22017416808909, -123.1664345504607
2;Arbutus Ridge;"{""coordinates"": [-123.16605692520962, 49.25494922363411], ""type"": ""Point""}";49.25494922363411, -123.16605692520962
443;Kitsilano;"{""coordinates"": [-123.15698085309272, 49.25860414831016], ""type"": ""Point""}";49.25860414831016, -123.15698085309272
362;Kitsilano;"{""coordinates"": [-123.1567759659438, 49.26180088479304], ""type"": ""Point""}";49.26180088479304, -123.1567759659438
363;Kitsilano;"{""coordinates"": [-123.15682474150178, 49.262572184917914], ""type"": ""Point""}";49.262572184917914, -123.15682474150178
280;Kitsilano;"{""coordinates"": [-123.16359380087499, 49.26604385439244], ""type"": ""Point""}";49.26604385439244, -123.16359380087499
282;Kitsilano;"{""coordinates"": [-123.15910342601549, 49.26597414247588], ""type"": ""Point""}";49.26597414247588, -123.15910342601549
302;Kitsilano;"{""coordinates"": [-123.15882528067846, 49.265140381733566], ""type"": ""Point""}";49.265140381733566, -123.15882528067846
559;Arbutus Ridge;"{""coordinates"": [-123.16160392382521, 49.247060452828535], ""type"": ""Point""}";49.247060452828535, -123.16160392382521
760;Arbutus Ridge;"{""coordinates"": [-123.16571657343592, 49.24549523966262], ""type"": ""Point""}";49.24549523966262, -123.16571657343592
3;Arbutus Ridge;"{""coordinates"": [-123.16588494989134, 49.252236969606834], ""type"": ""Point""}";49.252236969606834, -123.16588494989134
548;Arbutus Ridge;"{""coordinates"": [-123.15980319545794, 49.25210078163317], ""type"": ""Point""}";49.25210078163317, -123.15980319545794
547;Arbutus Ridge;"{""coordinates"": [-123.15708703896071, 49.25205819920269], ""type"": ""Point""}";49.25205819920269, -123.15708703896071
540;Arbutus Ridge;"{""coordinates"": [-123.16115838912158, 49.25302944636864], ""type"": ""Point""}";49.25302944636864, -123.16115838912158
480A;Arbutus Ridge;"{""coordinates"": [-123.16379471670697, 49.2569453531512], ""type"": ""Point""}";49.2569453531512, -123.16379471670697
1;Arbutus Ridge;"{""coordinates"": [-123.15741407580211, 49.23512502434292], ""type"": ""Point""}";49.23512502434292, -123.15741407580211
10;Arbutus Ridge;"{""coordinates"": [-123.15903923545547, 49.23728433941896], ""type"": ""Point""}";49.23728433941896, -123.15903923545547
12;Arbutus Ridge;"{""coordinates"": [-123.16185752599384, 49.2373001697513], ""type"": ""Point""}";49.2373001697513, -123.16185752599384
7;Arbutus Ridge;"{""coordinates"": [-123.1569157582586, 49.23867523710397], ""type"": ""Point""}";49.23867523710397, -123.1569157582586
5;Arbutus Ridge;"{""coordinates"": [-123.16427188372373, 49.239759202085914], ""type"": ""Point""}";49.239759202085914, -123.16427188372373
95;Arbutus Ridge;"{""coordinates"": [-123.15747576533211, 49.24323465009291], ""type"": ""Point""}";49.24323465009291, -123.15747576533211
801;Arbutus Ridge;"{""coordinates"": [-123.16364712355202, 49.24316123540721], ""type"": ""Point""}";49.24316123540721, -123.16364712355202
A;Arbutus Ridge;"{""coordinates"": [-123.16475601947647, 49.24319358037114], ""type"": ""Point""}";49.24319358037114, -123.16475601947647
2;Kerrisdale;"{""coordinates"": [-123.16213192837522, 49.22618561195431], ""type"": ""Point""}";49.22618561195431, -123.16213192837522
3;Kerrisdale;"{""coordinates"": [-123.15719346339841, 49.226535715036654], ""type"": ""Point""}";49.226535715036654, -123.15719346339841
12;Kerrisdale;"{""coordinates"": [-123.16214094115914, 49.229938918432886], ""type"": ""Point""}";49.229938918432886, -123.16214094115914
11;Kerrisdale;"{""coordinates"": [-123.16070620479142, 49.22991665407024], ""type"": ""Point""}";49.22991665407024, -123.16070620479142
7;Kerrisdale;"{""coordinates"": [-123.15739464228123, 49.22844199655474], ""type"": ""Point""}";49.22844199655474, -123.15739464228123
7;Arbutus Ridge;"{""coordinates"": [-123.15691023137107, 49.235863770271905], ""type"": ""Point""}";49.235863770271905, -123.15691023137107
18;Kitsilano;"{""coordinates"": [-123.14980202486095, 49.27290385739759], ""type"": ""Point""}";49.27290385739759, -123.14980202486095
18;Kitsilano;"{""coordinates"": [-123.14861634801645, 49.27289673512883], ""type"": ""Point""}";49.27289673512883, -123.14861634801645
6A;Kitsilano;"{""coordinates"": [-123.14835375326214, 49.27289360943173], ""type"": ""Point""}";49.27289360943173, -123.14835375326214
157;Kitsilano;"{""coordinates"": [-123.14700769192885, 49.275654119058245], ""type"": ""Point""}";49.275654119058245, -123.14700769192885
155;Kitsilano;"{""coordinates"": [-123.15094864168243, 49.275653220684276], ""type"": ""Point""}";49.275653220684276, -123.15094864168243
1;Kerrisdale;"{""coordinates"": [-123.15560095886791, 49.222233670416365], ""type"": ""Point""}";49.222233670416365, -123.15560095886791
167;Kitsilano;"{""coordinates"": [-123.14707810256039, 49.27494449788128], ""type"": ""Point""}";49.27494449788128, -123.14707810256039
287;Kitsilano;"{""coordinates"": [-123.14699628075634, 49.26576212448011], ""type"": ""Point""}";49.26576212448011, -123.14699628075634
268;Fairview;"{""coordinates"": [-123.14452942446364, 49.26659002479791], ""type"": ""Point""}";49.26659002479791, -123.14452942446364
226;Kitsilano;"{""coordinates"": [-123.14915636880124, 49.2692682495557], ""type"": ""Point""}";49.2692682495557, -123.14915636880124
234;Kitsilano;"{""coordinates"": [-123.15411234664998, 49.26845817734833], ""type"": ""Point""}";49.26845817734833, -123.15411234664998
26;Shaughnessy;"{""coordinates"": [-123.15006351805609, 49.25062791218444], ""type"": ""Point""}";49.25062791218444, -123.15006351805609
40;Shaughnessy;"{""coordinates"": [-123.1458549556668, 49.25556138064933], ""type"": ""Point""}";49.25556138064933, -123.1458549556668
365;Kitsilano;"{""coordinates"": [-123.15202342358124, 49.26225183308345], ""type"": ""Point""}";49.26225183308345, -123.15202342358124
7;Kerrisdale;"{""coordinates"": [-123.14842089937599, 49.23340367805961], ""type"": ""Point""}";49.23340367805961, -123.14842089937599
1;Kerrisdale;"{""coordinates"": [-123.1469623641144, 49.23348922561548], ""type"": ""Point""}";49.23348922561548, -123.1469623641144
89;Arbutus Ridge;"{""coordinates"": [-123.15107957648235, 49.246122216489], ""type"": ""Point""}";49.246122216489, -123.15107957648235
42;Shaughnessy;"{""coordinates"": [-123.14790791773811, 49.252107276496005], ""type"": ""Point""}";49.252107276496005, -123.14790791773811
28;Shaughnessy;"{""coordinates"": [-123.14675736712174, 49.2505980133013], ""type"": ""Point""}";49.2505980133013, -123.14675736712174
6;Kerrisdale;"{""coordinates"": [-123.14873755227059, 49.217880110599346], ""type"": ""Point""}";49.217880110599346, -123.14873755227059
G;Kerrisdale;"{""coordinates"": [-123.14736699766976, 49.22079548254132], ""type"": ""Point""}";49.22079548254132, -123.14736699766976
A;Kerrisdale;"{""coordinates"": [-123.14976010306111, 49.22665189704635], ""type"": ""Point""}";49.22665189704635, -123.14976010306111
7;Kerrisdale;"{""coordinates"": [-123.15365479419482, 49.22348305624883], ""type"": ""Point""}";49.22348305624883, -123.15365479419482
2 SOUTH;Kerrisdale;"{""coordinates"": [-123.15499159407933, 49.22516335885676], ""type"": ""Point""}";49.22516335885676, -123.15499159407933
309;Fairview;"{""coordinates"": [-123.14208961230547, 49.264849636394416], ""type"": ""Point""}";49.264849636394416, -123.14208961230547
332;Fairview;"{""coordinates"": [-123.13486624022462, 49.263904406061286], ""type"": ""Point""}";49.263904406061286, -123.13486624022462
15;Kerrisdale;"{""coordinates"": [-123.15052440432014, 49.20932766821989], ""type"": ""Point""}";49.20932766821989, -123.15052440432014
6;Marpole;"{""coordinates"": [-123.14426979729558, 49.209429974270215], ""type"": ""Point""}";49.209429974270215, -123.14426979729558
33;Shaughnessy;"{""coordinates"": [-123.14063054692772, 49.25226525288187], ""type"": ""Point""}";49.25226525288187, -123.14063054692772
391;Fairview;"{""coordinates"": [-123.13737497836831, 49.26109178787078], ""type"": ""Point""}";49.26109178787078, -123.13737497836831
932;Shaughnessy;"{""coordinates"": [-123.13614803848527, 49.236554305162365], ""type"": ""Point""}";49.236554305162365, -123.13614803848527
790;Shaughnessy;"{""coordinates"": [-123.1401768755791, 49.24388456879385], ""type"": ""Point""}";49.24388456879385, -123.1401768755791
751;Shaughnessy;"{""coordinates"": [-123.13719500432006, 49.24445174500673], ""type"": ""Point""}";49.24445174500673, -123.13719500432006
669;Shaughnessy;"{""coordinates"": [-123.1433961208655, 49.24841012354813], ""type"": ""Point""}";49.24841012354813, -123.1433961208655
6;Kerrisdale;"{""coordinates"": [-123.14051569213782, 49.23151032972975], ""type"": ""Point""}";49.23151032972975, -123.14051569213782
2;Kerrisdale;"{""coordinates"": [-123.14070314572358, 49.232928203799126], ""type"": ""Point""}";49.232928203799126, -123.14070314572358
870;Shaughnessy;"{""coordinates"": [-123.14113184733088, 49.23939296328945], ""type"": ""Point""}";49.23939296328945, -123.14113184733088
14;Oakridge;"{""coordinates"": [-123.13895227080253, 49.22200564673764], ""type"": ""Point""}";49.22200564673764, -123.13895227080253
1;Kerrisdale;"{""coordinates"": [-123.14073234579045, 49.22542703761038], ""type"": ""Point""}";49.22542703761038, -123.14073234579045
B;Oakridge;"{""coordinates"": [-123.13623854292513, 49.22615124566693], ""type"": ""Point""}";49.22615124566693, -123.13623854292513
3;Kerrisdale;"{""coordinates"": [-123.14410382333473, 49.229070379908315], ""type"": ""Point""}";49.229070379908315, -123.14410382333473
45;Marpole;"{""coordinates"": [-123.13897980604462, 49.210031058173755], ""type"": ""Point""}";49.210031058173755, -123.13897980604462
1;Marpole;"{""coordinates"": [-123.14385365394554, 49.213854700329385], ""type"": ""Point""}";49.213854700329385, -123.14385365394554
2;Marpole;"{""coordinates"": [-123.13330392354953, 49.21458703370081], ""type"": ""Point""}";49.21458703370081, -123.13330392354953
13;Marpole;"{""coordinates"": [-123.13350348553206, 49.21758320350309], ""type"": ""Point""}";49.21758320350309, -123.13350348553206
K;Marpole;"{""coordinates"": [-123.14206189146432, 49.2047838158761], ""type"": ""Point""}";49.2047838158761, -123.14206189146432
G;Marpole;"{""coordinates"": [-123.1432993383638, 49.207768708069935], ""type"": ""Point""}";49.207768708069935, -123.1432993383638
16;Marpole;"{""coordinates"": [-123.13532746231033, 49.2078204120164], ""type"": ""Point""}";49.2078204120164, -123.13532746231033
15;Marpole;"{""coordinates"": [-123.13688357939019, 49.20782036844869], ""type"": ""Point""}";49.20782036844869, -123.13688357939019
17;Marpole;"{""coordinates"": [-123.13393839323314, 49.20778178615133], ""type"": ""Point""}";49.20778178615133, -123.13393839323314
3;Marpole;"{""coordinates"": [-123.13486181934323, 49.20909061533901], ""type"": ""Point""}";49.20909061533901, -123.13486181934323
7;Marpole;"{""coordinates"": [-123.14176445236946, 49.20935970169869], ""type"": ""Point""}";49.20935970169869, -123.14176445236946
1;Marpole;"{""coordinates"": [-123.14212853449692, 49.21156328045948], ""type"": ""Point""}";49.21156328045948, -123.14212853449692
38;Marpole;"{""coordinates"": [-123.13415410304881, 49.2094858650511], ""type"": ""Point""}";49.2094858650511, -123.13415410304881
104;Downtown;"{""coordinates"": [-123.12543224345566, 49.275588604066535], ""type"": ""Point""}";49.275588604066535, -123.12543224345566
95;Downtown;"{""coordinates"": [-123.12280233287927, 49.2760608878572], ""type"": ""Point""}";49.2760608878572, -123.12280233287927
49;West End;"{""coordinates"": [-123.13696101845034, 49.28446220488882], ""type"": ""Point""}";49.28446220488882, -123.13696101845034
56;West End;"{""coordinates"": [-123.13437474591741, 49.28974583825677], ""type"": ""Point""}";49.28974583825677, -123.13437474591741
65;West End;"{""coordinates"": [-123.1360237921018, 49.29283560078955], ""type"": ""Point""}";49.29283560078955, -123.1360237921018
1;Marpole;"{""coordinates"": [-123.13795122191121, 49.2038853915434], ""type"": ""Point""}";49.2038853915434, -123.13795122191121
3;Marpole;"{""coordinates"": [-123.13370084562727, 49.201048053912565], ""type"": ""Point""}";49.201048053912565, -123.13370084562727
413;Fairview;"{""coordinates"": [-123.13286210577651, 49.26005772272701], ""type"": ""Point""}";49.26005772272701, -123.13286210577651
353;Fairview;"{""coordinates"": [-123.132769391699, 49.26286029616876], ""type"": ""Point""}";49.26286029616876, -123.132769391699
356;Fairview;"{""coordinates"": [-123.12558621055862, 49.262744319265856], ""type"": ""Point""}";49.262744319265856, -123.12558621055862
293;Fairview;"{""coordinates"": [-123.13261611191717, 49.26553681594167], ""type"": ""Point""}";49.26553681594167, -123.13261611191717
296;Fairview;"{""coordinates"": [-123.12566302364486, 49.265405683374844], ""type"": ""Point""}";49.265405683374844, -123.12566302364486
112;Downtown;"{""coordinates"": [-123.1292743181359, 49.2756529577692], ""type"": ""Point""}";49.2756529577692, -123.1292743181359
816;South Cambie;"{""coordinates"": [-123.12618282995065, 49.241751576348705], ""type"": ""Point""}";49.241751576348705, -123.12618282995065
814;Shaughnessy;"{""coordinates"": [-123.13135312077242, 49.24218329702888], ""type"": ""Point""}";49.24218329702888, -123.13135312077242
694;Shaughnessy;"{""coordinates"": [-123.13114644875652, 49.24760942246816], ""type"": ""Point""}";49.24760942246816, -123.13114644875652
54;Shaughnessy;"{""coordinates"": [-123.13125838712385, 49.255268739460966], ""type"": ""Point""}";49.255268739460966, -123.13125838712385
H;Oakridge;"{""coordinates"": [-123.13258625840302, 49.22475683028279], ""type"": ""Point""}";49.22475683028279, -123.13258625840302
78;Oakridge;"{""coordinates"": [-123.12785719920227, 49.22508608092203], ""type"": ""Point""}";49.22508608092203, -123.12785719920227
80;Oakridge;"{""coordinates"": [-123.12468179543981, 49.22503925935963], ""type"": ""Point""}";49.22503925935963, -123.12468179543981
1008;Oakridge;"{""coordinates"": [-123.12567728453021, 49.22950650589908], ""type"": ""Point""}";49.22950650589908, -123.12567728453021
13;Oakridge;"{""coordinates"": [-123.13025789274018, 49.227150447934065], ""type"": ""Point""}";49.227150447934065, -123.13025789274018
G;Oakridge;"{""coordinates"": [-123.12269272850537, 49.22846858484462], ""type"": ""Point""}";49.22846858484462, -123.12269272850537
35;Marpole;"{""coordinates"": [-123.12568507891388, 49.21681605122498], ""type"": ""Point""}";49.21681605122498, -123.12568507891388
5;Marpole;"{""coordinates"": [-123.12338414102908, 49.21536719725458], ""type"": ""Point""}";49.21536719725458, -123.12338414102908
1;Marpole;"{""coordinates"": [-123.12330307056975, 49.21670263331629], ""type"": ""Point""}";49.21670263331629, -123.12330307056975
