address,secondary_addresses,local_area,primary_address,pid,folio,units,year_built,zoning,zoning_district,zoning_classification,value_land,value_bldg,bsns_group,bsns_name,bsns_trade_name,bsns_type,bsns_subtype,name,management,n_issues,issues_details
1600 beach av,"",West End,1600 beach av,029334772,617113050000,449,2011,,CD-1 (573),Comprehensive Development,57760000,142878000,Devonshire Properties,Beach Towers Investments Inc,Larch House;Dogwood House;Maple House,Long-term Rental,"",,,,
930 seymour st,916 seymour st;920 seymour st;940 seymour st;950 seymour st;960 seymour st;970 seymour st;980 seymour st;990 seymour st,Downtown,930 seymour st,024677752,134604960000,430,2002,,CD-1 (369),Comprehensive Development,87166000,151539000,bcIMC Realty Corporation / QuadReal Group,bcIMC Realty Corporation,"",Long-term Rental,"",,,,
512 campbell av,"",,512 campbell av,"","",375,1967,,,,,,,,,,,Stamp's Place,BC Housing,,
3338 sawmill crescent,3340 sawmill crescent;3342 sawmill crescent;3344 sawmill crescent;3346 sawmill crescent;8549 jack uppal st;8551 jack uppal st;8553 jack uppal st;8555 jack uppal st;8557 jack uppal st;8561 jack uppal st;8563 jack uppal st;8565 jack uppal st,Killarney,3338 sawmill crescent,029936560,"",337,2025,,,,,,,,,,,Sawmill,M'akola Housing Society,,
1661 davie st,1181 cardero st,West End,1181 cardero st,030120799,114609950000,330,2020,,C-5A,Commercial,76465000,132830000,Crombie REIT,1600 Davie Residential Holdings Inc,"",Long-term Rental,"",,,,
350 keefer st,"",,350 keefer st,"","",300,1970,,,,,,,,,,,MacLean Park - Phase II,BC Housing,,
1644 nelson st,"",West End,1644 nelson st,016913086,606113600000,276,1975,RM-5A,RM-5A,Residential,23945000,67925000,Westsea Construction Ltd,Westsea Construction Ltd,"",Long-term Rental,"",,,,
1255 bidwell st,"",West End,1255 bidwell st,015752739,613111970000,265,1963,,RM-5A,Residential,31956300,71449800,Feliz Enterprises Ltd,Feliz Enterprises Ltd,"",Long-term Rental,"",,,5,http://app.vancouver.ca/RPS_Net/Default.aspx?num=1255&street=BIDWELL%20STREET
1616 pendrell st,"",West End,1616 pendrell st,006889310;006889361;006889654;006889093;006889336;006890148;006889255;006889328;006889280;006890008;006889107;006889948,609113060000,264,1966,RM-5A,RM-5A,Residential,37281000,59242000,Amon Investments Ltd,Amon Investments Ltd,"",Long-term Rental,"",,,,
1529 w pender st,1502 w hastings st;1506 w hastings st;1508 w hastings st;1512 w hastings st;1518 w hastings st;1528 w hastings st;1538 w hastings st;1548 w hastings st;1549 w pender st;1555 w pender st;1558 w hastings st;1568 w hastings st;1578 w hastings st;683 nicola st,Downtown,1529 w pender st,024333387,592114950000,236,2002,,CD-1 (312),Comprehensive Development,55792000,92660000,bcIMC Realty Corporation / QuadReal Group,bcIMC Realty Corporation Bayview Coal Harbour Holdings Inc,"",Long-term Rental,"",,,,
1450 chestnut st,"",Kitsilano,1450 chestnut st,002990954,98629960000,234,1961,,RM-4,Residential,35171000,50283000,Vancouver Properties Ltd,Vancouver Properties Ltd,"",Long-term Rental,"",,,,
1650 haro st,"",,1650 haro st,"","",226,1975,,,,,,,,,,,Sunset Towers,BC Housing,,
1115 nelson st,"",West End,1115 nelson st,015752836;015752861;015752828;015752844;015752852,606118950000,223,1969,,RM-5B,Residential,1,1,The Bloom Group Community Services Society,The Bloom Group Community Services Society,Nicholson Tower,Long-term Rental,Non-Profit Housing,Nicholson Towers,The Bloom Group,3,http://app.vancouver.ca/RPS_Net/Default.aspx?num=1115&street=NELSON%20STREET
1011 beach av,"",West End,1011 beach av,008920796,617119050000,220,1969,,RM-5A,Residential,34564000,67124000,No. 260 Seabright Holdings Ltd,No. 260 Seabright Holdings Ltd,Martello Tower Apartments,Long-term Rental,"",,,,
1030 burnaby st,"",West End,1030 burnaby st,008477426,613119540000,216,1972,,RM-5A,Residential,47622000,21297000,Society For Christian Care of Elderly,Society For Christian Care of Elderly,Twin Arms,Long-term Rental,Non-Profit Housing,Twin Arms,Society for Christian Care of the Elderly,,
1155 bute st,1150 jervis st;1203 davie st;1205 davie st;1215 davie st;1221 davie st;1231 davie st;1235 davie st;1237 davie st;1239 davie st;1247 davie st;1255 davie st;1283 davie st;1295 davie st,West End,1150 jervis st,015741109,117609940000,216,1970,C-5,C-5,Commercial,38443000,97667000,,,,,,,,,
124 dunlevy av,404 alexander st,Strathcona,124 dunlevy av,030244099,579194040000,213,2021,,CD-1 (709),Comprehensive Development,3500000,19091000,City of Vancouver,City of Vancouver,Roddan Lodge,Long-term Rental,Non-Profit Housing,Roddan Lodge,City of Vancouver,1,http://app.vancouver.ca/RPS_Net/Default.aspx?num=124&street=DUNLEVY%20AVENUE
1515 w 57th av,1517 w 57th av;1519 w 57th av;1527 w 57th av;1529 w 57th av;1531 w 57th av;1533 w 57th av;1535 w 57th av,Kerrisdale,1515 w 57th av,030313899,810124930000,213,2016,,CD-1 (521),Comprehensive Development,15459000,96731000,Wall Financial Corp,Wall Financial Corp,"",Long-term Rental,"",,,,
1985 wallace st,"",West Point Grey,1985 wallace st,007685025,640030970000,200,1975,,RM-3A,Residential,31727000,38432000,,,,,,Steeves Manor,BC Housing,,
1016 nelson st,1022 nelson st;1030 nelson st;1032 nelson st;1034 nelson st;1036 nelson st;1038 nelson st;1040 nelson st,West End,1022 nelson st,025491792,"",199,2002,DD,,,,,,,,,,,,,
89 w georgia st,99 w georgia st,Downtown,89 w georgia st,029217326,162597940000,197,2015,CD-1 (311),CD-1 (311),Comprehensive Development,12987000,59520000,,,,,,,,,
1615 robson st,1625 robson st;1635 robson st;1655 robson st;1675 robson st;777 cardero st,West End,777 cardero st,007464894;018195300;007464991;007465106;007465297,"",190,1970,C-5A,,,,,,,,,,,,,
939 beatty st,108 smithe st;118 smithe st;128 smithe st;903 beatty st;907 beatty st;915 beatty st;917 beatty st;921 beatty st;925 beatty st;929 beatty st;935 beatty st;945 beatty st;951 beatty st;959 beatty st,Downtown,939 beatty st,025442325,160604050000,189,2004,,DD,Comprehensive Development,40095000,60166000,bcIMC Realty Corporation / QuadReal Group,bcIMC Realty Corporation Yaletown 939 Harbour Holdings Inc,"",Long-term Rental,"",,,,
801 e 6th av,807 e 6th av,Mount Pleasant,801 e 6th av,008491071,645212310000,188,1971,,R3-3,Residential,29891000,30309000,262109 B C Ltd,262109 B C Ltd,"",Long-term Rental,"",,,7,http://app.vancouver.ca/RPS_Net/Default.aspx?num=801&street=E%206TH%20AVENUE
1265 burnaby st,"",West End,1265 burnaby st,002589401,613117050000,185,1970,,RM-5A,Residential,21328000,57536000,Hollyburn Properties Ltd,Hollyburn Properties (Alberta) Ltd,Hendry House,Long-term Rental,"",,,,
1150 burnaby st,"",West End,1150 burnaby st,015746747;015746712;015295036;015295052;015746755;015746739;015294994;015295001,613118400000,176,1970,,RM-5A,Residential,21303000,46452000,Prospero International Realty Inc,Paul Y Mansion (Paul Mansion),Paul Y Construction (B C) Ltd,Long-term Rental,"",,,3,http://app.vancouver.ca/RPS_Net/Default.aspx?num=1150&street=BURNABY%20STREET
1111 beach av,"",West End,1111 beach av,014949831,617118950000,176,1969,RM-5A,RM-5A,Residential,28668000,39441000,372328 BC Ltd,372328 BC Ltd,Sunset Plaza,Long-term Rental,"",,,,
1770 pendrell st,"",West End,1770 pendrell st,029833272,"",173,2019,,,,,,Westbank Living,1700 Pendrell Property Inc,"",Long-term Rental,"",,,,
1750 e 41st av,1751 e 43rd av,Victoria-Fraserview,1750 e 41st av,007719230,755237510000,170,1974,,CD-1 (84),Comprehensive Development,9286000,26254000,,,,,,Menno Court,Mennonite Senior Citizens' Society of B.C.,,
1225 cardero st,"",,1225 cardero st,"","",169,1964,,,,,,Maple Leaf Property Management,331750 BC Ltd,"",Long-term Rental,"",,,2,http://app.vancouver.ca/RPS_Net/Default.aspx?num=1225&street=CARDERO%20STREET
5701 nanaimo st,"",,5701 nanaimo st,"","",169,1959,,,,,,,,,,,Orchard Park,BC Housing,,
1021 harwood st,"",West End,1021 harwood st,008484350,615119650000,164,1973,RM-5A,RM-5A,Residential,44101000,13298000,Calabash Investment Ltd,Calabash Investment Ltd,Carlton Court,Long-term Rental,"",,,,
1450 w georgia st,1458 w georgia st;1489 alberni st,West End,1450 w georgia st,025079573,600115060000,162,1955,,DD,Comprehensive Development,54237000,20849000,1450 West Georgia Investments Ltd,1450 West Georgia Investments Ltd,"",Long-term Rental,"",,,2,http://app.vancouver.ca/RPS_Net/Default.aspx?num=1450&street=W%20GEORGIA%20STREET
1099 richards st,"",Downtown,1099 richards st,029182115,138606950000,162,2016,,DD,Comprehensive Development,1,1,127 Society For Housing,127 Society For Housing,Jubilee House,Long-term Rental,Non-Profit Housing,New Jubilee House,The 127 Society for Housing,,
1155 thurlow st,"",West End,1155 thurlow st,030585554,609118820000,162,2018,CD-1 (607),CD-1 (607),Comprehensive Development,135000,8248000,,,,,,,,,
1160 haro st,"",West End,1160 haro st,004565207;004565002;004565061;004565177;004565088;004565126,603118260000,161,1970,RM-5B,RM-5B,Residential,23300000,43907000,Hollyburn Properties Ltd,Hollyburn Properties Limited,Central Plaza,Long-term Rental,"",,,,
699 cardero st,"",Downtown,699 cardero st,018567282,600113950000,161,2001,,CD-1 (321),Comprehensive Development,34677000,58167000,Austeville Properties Ltd,Austeville Properties Ltd,"",Long-term Rental,"",,,,
950 cassiar st,"",,950 cassiar st,"","",160,1978,,,,,,,,,,,Adanac Village Co-op,Adanac Village Co-op Housing Association,,
705 jackson av,"",,705 jackson av,"","",157,1965,,,,,,,,,,,MacLean Park - Phase I,BC Housing,,
1668 davie st,1610 davie st;1620 davie st;1650 davie st;1670 davie st,West End,1668 davie st,029872812,612113960000,157,2019,C-5A,C-5A,Commercial,64036000,147452000,331750 B.C. LTD.,331750 B.C. LTD.,Maple Leaf Property Management,Long-term Rental,"",,,,
6620 elliott st,"",Victoria-Fraserview,6620 elliott st,008960151,270790860000,153,1966,,CD-1 (7B),Comprehensive Development,9292001,17818001,,,,,,Killarney Gardens,BC Housing,,
1651 harwood st,"",West End,1651 harwood st,029239133,615113570000,152,1968,,CD-1 (574),Comprehensive Development,11765000,51992000,English Bay Towers Investments Inc,English Bay Towers Investments Inc,Cypress House,Long-term Rental,"",,,,
3501 naples w,3503 naples w;3504 corsica w;3504 naples w;3505 naples w;3506 corsica w;3506 naples w;3508 corsica w;3508 naples w;3509 naples w;3510 corsica w;3510 naples w;3511 naples w;3512 corsica w;3512 naples w;3513 naples w;3514 corsica w;3514 naples w;3516 corsica w;3516 naples w;3517 naples w;3518 corsica w;3518 naples w;3519 naples w;3520 corsica w;3520 naples w;3521 naples w;3522 corsica w;3522 naples w;3523 naples w;3524 corsica w;3524 naples w;3525 naples w;3529 naples w;3531 naples w;3532 corsica w;3532 naples w;3533 naples w;3534 corsica w;3534 naples w;3535 naples w;3536 corsica w;3536 naples w;3537 naples w;3538 corsica w;3538 naples w;3540 corsica w;3540 naples w;3541 naples w;3542 corsica w;3542 naples w;3543 naples w;3544 corsica w;3544 naples w;3545 naples w;3546 corsica w;3546 naples w;3547 naples w;3548 corsica w;3548 naples w;3549 naples w;3550 naples w;3552 naples w;3553 naples w;3555 naples w;3557 naples w;3559 naples w;3561 naples w;3562 corsica w;3562 naples w;3564 corsica w;3564 naples w;3565 naples w;3566 corsica w;3566 naples w;3567 naples w;3568 corsica w;3568 naples w;3570 corsica w;3570 naples w;3572 corsica w;3572 naples w;3574 corsica w;3574 naples w;3576 corsica w;3576 naples w;3578 corsica w;3578 naples w;3580 corsica w;3580 naples w;3582 corsica w;3582 naples w;3584 corsica w;3586 corsica w;3588 corsica w;3590 corsica w;3592 corsica w;3594 corsica w;8303 aegean crescent;8304 capri crescent;8305 aegean crescent;8306 capri crescent;8307 aegean crescent;8308 capri crescent;8309 aegean crescent;8310 capri crescent;8311 aegean crescent;8312 capri crescent;8313 aegean crescent;8314 capri crescent;8315 aegean crescent;8316 capri crescent;8317 aegean crescent;8318 capri crescent;8319 aegean crescent;8320 capri crescent;8321 aegean crescent;8322 capri crescent;8323 aegean crescent;8324 capri crescent;8325 aegean crescent;8326 capri crescent;8327 aegean crescent;8328 capri crescent;8329 aegean crescent;8330 capri crescent;8331 aegean crescent;8332 capri crescent;8333 aegean crescent;8334 capri crescent;8335 aegean crescent;8336 capri crescent;8337 aegean crescent;8338 capri crescent;8339 aegean crescent;8340 capri crescent;8341 aegean crescent;8343 aegean crescent,Killarney,3501 naples w,007236239,"",151,1982,,,,,,,,,,,Tivoli Gardens,Metro Vancouver Housing Corporation,,
1155 beach av,1160 pacific st,West End,1155 beach av,008644977,617118250000,151,1969,RM-5A,RM-5A,Residential,29772000,38217000,1155 Beach Avenue Ltd,1155 Beach Avenue Ltd,"",Long-term Rental,"",,,,
2020 haro st,"",West End,2020 haro st,008996873,603107940000,150,1965,,RM-5B,Residential,28535000,38205000,Radke Bros Construction Ltd,Radke Bros Construction Ltd,"",Long-term Rental,"",,,,
7155 blake st,"",,7155 blake st,"","",150,1975,,,,,,,,,,,Kanata Co-op,Kanata Co-op Housing Association,,
1501 haro st,1505 haro st,West End,1501 haro st,015775712,603114950000,148,1973,RM-5,RM-5,Residential,12720000,48303000,Starlight Investments,IMH 1501 Haro Apartments Ltd,"",Long-term Rental,"",,,,
3655 victoria dr,3687 victoria dr;3689 victoria dr;3691 victoria dr;3693 victoria dr,Kensington-Cedar Cottage,3655 victoria dr,030591571,250695930000,148,2020,,CD-1 (714),Comprehensive Development,11376000,65871000,DVRM Investments Ltd,DVRM Investments Ltd,"",Long-term Rental,"",,,,
215 w 2nd av,219 w 2nd av;225 w 2nd av,Mount Pleasant,215 w 2nd av,028554124,640173910000,147,2013,,CD-1 (501),Comprehensive Development,1,1,Raincity Housing And Support Society;Sanford Housing Society,Raincity Housing And Support Society;Sanford Housing Society,Marguerite Ford Apartments,Long-term Rental,Non-Profit Housing,Marguerite Ford Apartments,Sanford Housing Society,,
220 princess av,606 powell st;616 powell st;626 powell st;636 powell st,Strathcona,220 princess av,028345797,580198060000,147,2015,,CD-1 (526),Comprehensive Development,175001,1323001,Raincity Housing and Support Society,Raincity Housing and Support Society,Budzey Building,Long-term Rental,Non-Profit Housing,Budzey Building,Raincity Housing and Support Society,5,http://app.vancouver.ca/RPS_Net/Default.aspx?num=220&street=PRINCESS%20AVENUE
450 e cordova st,"",Strathcona,450 e cordova st,007756836,589194980000,147,1974,,DEOD,Comprehensive Development,1,1,City of Vancouver,City of Vancouver,Oppenheimer Lodge,Long-term Rental,Non-Profit Housing,Oppenheimer Lodge,City of Vancouver,6,http://app.vancouver.ca/RPS_Net/Default.aspx?num=450&street=E%20CORDOVA%20STREET
1915 haro st,"",West End,1915 haro st,013940554;013940694,603108950000,145,1931,,RM-5B,Residential,13314000,32169000,1915 Haro Holdings Ltd,1915 Haro Holdings Ltd,"",Long-term Rental,"",,,,
1455 e 3rd av,"",,1455 e 3rd av,"","",145,1973,,,,,,,,,,,Grandview Tower #1,Baptist Housing Society of B.C.,,
403 e hastings st,"",Strathcona,403 e hastings st,012175056;012175030;012175048,590194030000,145,2021,,DEOD,Comprehensive Development,4106120,18986000,,,,,,The Patricia,Atira Property Management Inc.,,
1348 barclay st,"",West End,1348 barclay st,015838412,605116040000,143,1970,,RM-5,Residential,12709000,49228000,Starlight Investments,IMH 1348 BARCLAY APARTMENTS LTD,"",Long-term Rental,"",,,,
1134 burrard st,1136 burrard st;1138 burrard st,Downtown,1134 burrard st,007074531,120608220000,141,2014,,CD-1 (510),Comprehensive Development,961001,6717001,The Kettle Friendship Society,The Kettle Friendship Society,"",Long-term Rental,Non-Profit Housing,Kettle on Burrard,Kettle Society,,
122 water st,114 water st,Downtown,122 water st,014190656,580157800000,140,2014,,HA-2,Historical Area,9714000,3400000,Atira Women's Resource Society,Atira Women's Resource Society,Colonial Hotel,Long-term Rental,Non-Profit Housing,Colonial Residence,Atira Property Management Inc.,3,http://app.vancouver.ca/RPS_Net/Default.aspx?num=122&street=WATER%20STREET
1424 nelson st,"",West End,1424 nelson st,015761126;015761169;015761428;015761177;015761134,606115540000,139,1969,RM-5,RM-5,Residential,10893000,37788000,Itziar Management Ltd,Itziar Management Ltd,"",Long-term Rental,"",,,,
111 princess av,"",Strathcona,111 princess av,028456874,579196960000,139,2014,,CD-1 (533),Comprehensive Development,1,1,PHS Community Services Society,PHS Community Services Society,Alexander Street Community,Long-term Rental,Non-Profit Housing,Alexander Street Community,PHS Community Services Society,2,http://app.vancouver.ca/RPS_Net/Default.aspx?num=111&street=PRINCESS%20AVENUE
6465 vivian st,"",Victoria-Fraserview,6465 vivian st,030186137,279771950000,139,2020,,CD-1 (669),Comprehensive Development,1289000,9911000,,,,,,Vivian Apartments,Fair Haven Homes Society,,
603 w 59th av,"",Marpole,603 w 59th av,031794513,813167950000,138,2022,,CD-1 (696),Comprehensive Development,10325000,10049000,SUCCESS Housing Society,SUCCESS Affordable Housing Society,"",Long-term Rental,Non-Profit Housing,Dogwood Gardens,S.U.C.C.E.S.S.,,
1755 haro st,1785 haro st,West End,1755 haro st,015743055,"",138,1971,,,,,,Starlight Investments,IMH 1755 Haro Apartments Ltd,"",Long-term Rental,"",,,4,http://app.vancouver.ca/RPS_Net/Default.aspx?num=1755&street=HARO%20STREET
1755 w 14th av,"",Fairview,1755 w 14th av,030107661,686120050000,137,2021,,CD-1 (661),Comprehensive Development,37760000,101953000,Sun Life Assurance Company of Canada,Sun Life Assurance Company of Canada,"",Long-term Rental,"",,,,
1005 jervis st,1328 nelson st,West End,1005 jervis st,007998571,606116960000,136,1974,RM-5,RM-5,Residential,10893000,46992000,Starlight Investments,IMH 1005 Jervis Apartments Ltd,"",Long-term Rental,"",,,,
1221 seymour st,1225 seymour st,Downtown,1221 seymour st,024161071,134612190000,136,2000,,DD,Comprehensive Development,1,1,Affordable Housing Advisory Association,Affordable Housing Advisory Association,"",Long-term Rental,Non-Profit Housing,Seymour Place,Affordable Housing Societies,,
95 e 1st av,"",Mount Pleasant,95 e 1st av,029631785,638184930000,135,2018,,CD-1 (612),Comprehensive Development,1569000,18627000,,,,,,95 E 1st Ave,Community Land Trust Foundation of BC,,
310 alexander st,320 alexander st,Strathcona,310 alexander st,015605451;015605434;015605418;015605400;015605396;015605426,579192280000,133,1986,,DEOD,Comprehensive Development,510801,1393001,THE VETERANS MEMORIAL HOUSING SOCIETY,THE VETERANS MEMORIAL HOUSING SOCIETY,Veterans Memorial Manor,Long-term Rental,Non-Profit Housing,Veterans Memorial Manor,Veterans' Memorial Housing Society,7,http://app.vancouver.ca/RPS_Net/Default.aspx?num=310&street=ALEXANDER%20STREET
1155 harwood st,"",West End,1155 harwood st,015746810;015746801;015746828,615118350000,132,1970,,RM-5A,Residential,15977000,32507000,Westcott Middlegate Rental Agency Ltd,Wescott Middlegate Rental Agency Ltd,Lincoln House,Long-term Rental,"",,,,
1444 alberni st,711 broughton st,West End,1444 alberni st,007561938,601115940000,129,1970,DD,DD,Comprehensive Development,92737000,673000,,,,,,,,,
188 e 1st av,1721 main st;1739 main st,Mount Pleasant,188 e 1st av,027877108,638186960000,129,2012,,CD-1 (478),Comprehensive Development,521001,1811001,Lookout Housing and Health Society,Lookout Housing and Health Society,"",Long-term Rental,Non-Profit Housing,First Place,Lookout Housing and Health Society,2,http://app.vancouver.ca/RPS_Net/Default.aspx?num=188&street=E%201ST%20AVENUE
825 nicola st,1502 robson st;1506 robson st;1510 robson st;1514 robson st,West End,825 nicola st,030498309,602114980000,128,2021,,C-5A,Commercial,24834000,65876000,Canada Life Assurance Co,Canada Life Assurance Co,"",Long-term Rental,"",,,1,http://app.vancouver.ca/RPS_Net/Default.aspx?num=825&street=NICOLA%20STREET
1133 beach av,"",West End,1133 beach av,007752792,617118750000,128,1973,,RM-5A,Residential,20644000,32350000,Beach Properties Ltd,Beach Properties Ltd,"",Long-term Rental,"",,,,
1091 sitka square,"",,1091 sitka square,"","",125,1977,,,,,,,,,,,Van Coeverden Court,New Chelsea Society,,
3833 fraser st,3865 fraser st;3873 fraser st;3875 fraser st;3885 fraser st;671 e 23rd av;673 e 23rd av;675 e 23rd av;677 e 23rd av,Riley Park,3833 fraser st,031121195,210701310000,125,2022,,CD-1 (745),Comprehensive Development,11083000,62749000,Fraser Street Project Nominee Inc,Fraser Street Project Nominee Inc,"",Long-term Rental,"",,,1,http://app.vancouver.ca/RPS_Net/Default.aspx?num=3833&street=FRASER%20STREET
1122 gilford st,"",West End,1122 gilford st,003208451,609109070000,125,1965,,RM-5B,Residential,19972000,33332000,8868 Investments Ltd,8868 Investments Ltd,Pacific Sands Apartments,Long-term Rental,"",,,,
131 w hastings st,"",Downtown,131 w hastings st,027339173,590157630000,125,2010,,CD-1 (450),Comprehensive Development,1,1,PHS Community Services Society,PHS Community Services Society,Woodwards Community Housing,Long-term Rental,Non-Profit Housing,Woodwards - singles,PHS Community Services Society,,
3484 kingsway,3482 kingsway;5712 tyne st;5718 tyne st;5728 tyne st;5737 battison st;5738 tyne st;5750 tyne st;5757 battison st,Killarney,3484 kingsway,007629346,770312060000,123,2014,,C-2A,Commercial,16020000,1549000,City of Vancouver,City of Vancouver,Kingsway Continental,Long-term Rental,Non-Profit Housing,Kingsway Continental,City of Vancouver,7,http://app.vancouver.ca/RPS_Net/Default.aspx?num=3484&street=KINGSWAY
696 w 45th av,"",,696 w 45th av,"","",122,1969,,,,,,Clifford Enterprises (canada) Ltd,Clifford Enterprises (canada) Ltd,"",Long-term Rental,"",,,,
41 e hastings st,"",Downtown,41 e hastings st,030689716;029573351,590178490000;590178430000,120,2018,,CD-1 (608),Comprehensive Development,2650000,4346000,,,,,,41 E Hastings,Atira Women’s Resource Society,,
256 e pender st,254 e pender st;258 e pender st;260 e pender st;262 e pender st,Strathcona,258 e pender st,015664023;015664066;015664040,"",120,2017,,,,,,,,,,,May Wah Hotel,PHS Community Services Society,,
3625 sawmill crescent,"",Killarney,3625 sawmill crescent,029292221,"",119,2021,,,,,,Catalyst Community Developments Society,Catalyst Community Developments Society,"",Long-term Rental,Non-Profit Housing,Alder,Catalyst Community Developments Society,,
1275 pacific st,"",West End,1275 pacific st,015740480;015740510;015740498;015740501;015740471,616117450000,119,1967,,RM-5A,Residential,17349000,30489000,Lepik Construction Ltd,Lepik Construction Ltd,Pacific Surf Apts,Long-term Rental,"",,,,
8690 jack uppal st,"",Killarney,8690 jack uppal st,030826403,845311050000,119,2022,,CD-1 (567),Comprehensive Development,8076000,54313000,Park Lane River District Developments Ltd.,Park Lane River District Developments Ltd.,"",Long-term Rental,"",,,,
2893 cambie st,2809 cambie st;2837 cambie st;2857 cambie st;500 w 12th av;505 w 13th av,Fairview,500 w 12th av,002672278,170670930000,118,1977,CD-1 (62),CD-1 (62),Comprehensive Development,20708000,50836000,,,,,,,,,
1717 adanac st,770 commercial dr,Grandview-Woodland,1717 adanac st,015163709;010924299;015163717;015163725;015163695,598250070000,118,1979,,CD-1 (97),Comprehensive Development,4480000,4332000,Vancouver East Lions Society,Vancouver East Lions Society,"",Long-term Rental,Non-Profit Housing,Adanac Tower,Vancouver East Lion's Housing Foundation,,
8559 jack uppal st,"",,8559 jack uppal st,"","",117,2025,,,,,,,,,,,Sawmill Co-op,Sawmill Co-op,,
6019 tisdall st,6029 tisdall st;6062 willow st;6069 tisdall st;6089 tisdall st;6137 tisdall st;6138 willow st;6161 tisdall st;6162 willow st;6187 tisdall st;6188 willow st;775 w 46th av,Oakridge,6019 tisdall st,008989087,159752940000,116,1965,,CD-1 (35),Comprehensive Development,31167000,17309000,Hollyburn Properties Ltd,Hollyburn Properties Ltd,Willow Gardens,Long-term Rental,"",,,,
1783 w 14th av,"",,1783 w 14th av,"","",116,2021,,,,,,Sun Life Assurance Co of Canada,Sun Life Assurance Co of Canada,"",Long-term Rental,"",,,,
3365 commercial dr,1711 e 18th av;1721 e 18th av;1731 e 18th av;1741 e 18th av;1751 e 18th av;1771 e 18th av;3341 commercial dr;3353 commercial dr;3377 commercial dr;3383 commercial dr;3389 commercial dr;3397 commercial dr,Kensington-Cedar Cottage,1771 e 18th av,029970342,"",115,2020,CD-1(644),,,,,,,,,,,,,
1255 pendrell st,"",West End,1255 pendrell st,015741656;015741630;015741681;015741664,609117570000,114,1965,,RM-5B,Residential,16643000,26438000,Starlight Investments,GF II 1255 PENDRELL APARTMENTS LTD,"",Long-term Rental,"",,,,
1450 w 12th av,"",Fairview,1450 w 12th av,008738858,670130260000,114,2024,,R5-3,Residential,18768000,16466000,CONNECTIVE SUPPORT SOCIETY,CONNECTIVE SUPPORT SOCIETY,"",Long-term Rental,Non-Profit Housing,Chalmers Lodge,Connective Supportive Society,,
133 w pender st,"",Downtown,133 w pender st,012354465,592157770000,114,1990,,CD-1 (235),Comprehensive Development,3260000,7424000,BC Indigenous Housing Society,BC Indigenous Housing Society,"",Long-term Rental,Non-Profit Housing,Pendera,BC Indigenous Housing Society,,
1288 w cordova st,"",,1288 w cordova st,"","",113,2002,,,,,,,,,,,C-Side,Affordable Housing Societies,,
1335 howe st,"",Downtown,1335 howe st,EPS8387,"",113,2022,,,,,,Onni Group,Onni Level Development (Howe) Corp,"",Long-term Rental,"",,,,
525 e 5th av,555 e 5th av;575 e 5th av,Mount Pleasant,525 e 5th av,007645309,643201970000,111,1977,,R5-3,Residential,16629000,17930000,Prang Holdings Ltd,Prang Holdings Ltd,"",Long-term Rental,"",,,2,http://app.vancouver.ca/RPS_Net/Default.aspx?num=525&street=E%205TH%20AVENUE
1249 howe st,1241 howe st;1243 howe st;1245 howe st,Downtown,1249 howe st,027762572,126612550000,110,2013,,DD,Comprehensive Development,1,1,McLaren Housing Society of British Columbia,McLaren Housing Society of British Columbia,"",Long-term Rental,Non-Profit Housing,McLaren House,McLaren Housing Society of BC,1,http://app.vancouver.ca/RPS_Net/Default.aspx?num=1249&street=HOWE%20STREET
1067 seymour st,1065 seymour st;1075 seymour st;609 helmcken st,Downtown,1067 seymour st,014388456,134606930000,110,1992,,DD,Comprehensive Development,27370000,306000,City of Vancouver,City of Vancouver,New Continental Residence,Long-term Rental,Non-Profit Housing,New Continental,City of Vancouver,,
3564 dease lane,"",,3564 dease lane,"","",110,1972,,,,,,,,,,,De Cosmos Village Co-op,De Cosmos Village Co-op Housing Association,,
1176 granville st,1162 granville st;1180 granville st,Downtown,1176 granville st,004999398;004999371;004999401;004999444,130608700000,110,2020,,DD,Comprehensive Development,10254200,11754000,COMMUNITY BUILDERS BENEVOLENCE GROUP,COMMUNITY BUILDERS BENEVOLENCE GROUP,"",Long-term Rental,Non-Profit Housing,Luu-gat (Howard Johnson),Atira Property Management Inc.,,
1333 haro st,"",West End,1333 haro st,014965348;015744698;014965313;015744701;014965356;014965381;014965402;015744680;014965330,603116650000,110,1966,RM-5,RM-5,Residential,8748000,31476000,VMR Holdings Ltd.,VMR Holdings Ltd.,"",Long-term Rental,"",,,,
1100 jervis st,"",West End,1100 jervis st,015741575;015741559;015741613,609117070000,109,1964,,RM-5B,Residential,16643000,21081000,Amon Investments Ltd,Amon Investments Ltd,The Americana,Long-term Rental,"",,,1,http://app.vancouver.ca/RPS_Net/Default.aspx?num=1100&street=JERVIS%20STREET
945 jervis st,"",West End,945 jervis st,015742482;015742474;015742466;015742440;015742458,605116940000,109,1971,,RM-5,Residential,9078000,33590000,Starlight Investments,IMH 945 JERVIS APARTMENTS LTD,"",Long-term Rental,"",,,,
3185 riverwalk av,"",Killarney,3185 riverwalk av,029057451,841300370000,109,2021,,CD-1 (499),Comprehensive Development,4694000,12339000,SUCCESS Housing Society,SUCCESS Affordable Housing Society,"",Long-term Rental,Non-Profit Housing,Riverwalk,S.U.C.C.E.S.S.,,
1260 harwood st,"",West End,1260 harwood st,015740340;015740358;015740323,615117040000,109,1959,,RM-5A,Residential,15977000,24980000,LIONS GATE COMMUNITIES CORP.,LIONS GATE COMMUNITIES CORP.,Lionsgate Communities,Long-term Rental,"",,,,
1460 barclay st,"",West End,1460 barclay st,015772497;015772489;015772471;015772501;015772519,605115060000,109,1970,,RM-5,Residential,9078000,33737000,Barclay Properties Ltd,Barclay Properties Ltd,"",Long-term Rental,"",,,,
525 abbott st,108 w pender st;509 abbott st;515 abbott st;519 abbott st,Downtown,525 abbott st,016560248,172592030000,108,2011,,CD-1 (265),Comprehensive Development,1,1,Provincial Rental Housing Corporation,Provincial Rental Housing Corporation,"",Long-term Rental,Non-Profit Housing,Sorella,Atira Women’s Resource Society,,
1230 nelson st,"",West End,1230 nelson st,015742156,606117640000,108,1969,,RM-5B,Residential,19972000,21641000,1230 Nelson Holdings Ltd,1230 Nelson Holdings Ltd,Harley House,Long-term Rental,"",,,,
1188 bidwell st,1190 bidwell st;1685 davie st,West End,1188 bidwell st,029936837,612113050000,108,2020,,C-5A,Commercial,20853000,55879000,Reliance Properties Ltd,Reliance Properties Ltd,"",Long-term Rental,"",,,,
1260 nelson st,"",West End,1260 nelson st,015742164,606117040000,107,1970,,RM-5B,Residential,19972000,21560000,1260 Nelson Holdings Ltd,1260 Nelson Holdings Ltd,"",Long-term Rental,"",,,1,http://app.vancouver.ca/RPS_Net/Default.aspx?num=1260&street=NELSON%20STREET
1933 robson st,"",West End,1933 robson st,008058199;008058164,602108470000,107,1968,,RM-5B,Residential,16630000,23377000,,,,,,,,,
611 e 7th av,621 e 7th av,Mount Pleasant,611 e 7th av,008541213;015391485;015391515;015391493,646206030000,107,1912,,R3-3,Residential,17805270,129000,(R Markham),(R Markham),"",Long-term Rental,"",,,1,http://app.vancouver.ca/RPS_Net/Default.aspx?num=611&street=E%207TH%20AVENUE
344 e hastings st,342 e hastings st;346 e hastings st,Strathcona,344 e hastings st,029094704,590192460000,107,2009,,DEOD,Comprehensive Development,1,1,PHS Community Services Society,PHS Community Services Society,Hazelwood Hotel,Long-term Rental,Non-Profit Housing,Hazelwood Hotel,MPA Society,6,http://app.vancouver.ca/RPS_Net/Default.aspx?num=344&street=E%20HASTINGS%20STREET
3755 w 6th av,"",West Point Grey,3755 w 6th av,011483431,642037040000,106,1968,,RM-4,Residential,21690000,19556000,1038834 BC Ltd,1038834 BC Ltd,Highbury,Long-term Rental,"",,,,
65 w cordova st,61 w cordova st;63 w cordova st,Downtown,65 w cordova st,024840891,"",106,2002,,,,,,,,,,,Lore Krill Co-op,Lore Krill Co-operative Housing Association,,
1138 granville st,1142 granville st;1146 granville st,Downtown,1142 granville st,027581527,130608460000,106,2012,CD-1 (491),CD-1 (491),Comprehensive Development,5404000,40731000,,,,,,,,,
1338 seymour st,"",Downtown,1338 seymour st,027190536,134614260000,105,2011,,DD,Comprehensive Development,1,1,Granville Mennonite Housing Society,Granville Mennonite Housing Society,"",Long-term Rental,Non-Profit Housing,Karis Place,More Than a Roof Housing Society,,
695 e 19th av,3425 fraser st;3435 fraser st;3445 fraser st;3455 fraser st;3465 fraser st;3475 fraser st;3485 fraser st,Riley Park,695 e 19th av,031139281,210692910000,104,2023,,CD-1 (746),Comprehensive Development,9303000,55186000,Comma Properties (Fraser & 19th) Limited Partnership,Comma Properties (Fraser & 19th) Limited Partnership,"",Long-term Rental,"",,,,
1516 powell st,"",Grandview-Woodland,1516 powell st,009950486,580233560000,104,1905,,M-2,Industrial,2864000,3082000,Atira Women's Resource Society,Atira Women's Resource Society,The Flint,Long-term Rental,Non-Profit Housing,"Flint Hotel (""the Flint Hotel"")",Atira Property Management Inc.,7,http://app.vancouver.ca/RPS_Net/Default.aspx?num=1516&street=POWELL%20STREET
3595 kingsway,3581 kingsway;3585 kingsway;3587 kingsway;3589 kingsway;3593 kingsway,Renfrew-Collingwood,3595 kingsway,008822808;EPS6647,"",104,2020,CD-1(60),,,,,,,,,,Odd Fellows Manor,Odd Fellows Low Rental Housing Society,,
288 e hastings st,"",Strathcona,288 e hastings st,030670454;029768446,590190820000;590190880000,104,2018,,DEOD,Comprehensive Development,1056000,7473000,,,,,,The Anjok,Atira Property Management Inc.,,
1111 barclay st,"",West End,1111 barclay st,004483707;002567601;004483723;004483731;004483715,605118730000,104,1963,,RM-5B,Residential,14424000,23728000,347218 BC Ltd,347218 BC Ltd,"",Long-term Rental,"",,,,
1715 cook st,216 w 1st av;218 w 1st av;220 w 1st av;222 w 1st av,Mount Pleasant,1715 cook st,030620066,638172960000,104,2021,,CD-1 (720),Comprehensive Development,6446000,49672000,Cressey Wilkinson Holdings Ltd,Cressey Wilkinson Holdings Ltd,"",Long-term Rental,"",,,8,http://app.vancouver.ca/RPS_Net/Default.aspx?num=1715&street=COOK%20STREET
1228 nicola st,"",West End,1228 nicola st,013251643;013251619;013251678,612115040000,103,1973,RM-5D,RM-5D,Residential,24329000,13701000,Hollyburn Properties Ltd,Hollyburn Properties Limited,Nicola Place,Long-term Rental,"",,,,
1483 lameys mill rd,"",Fairview,1483 lameys mill rd,007044674,637132080000,103,1985,,FCCDD,Comprehensive Development,7086000,8042000,,,,,,Creekview Co-op,Creekview Co-op Housing Association,,
1355 pendrell st,"",West End,1355 pendrell st,015741516;015741494;015741508,609116450000,103,1969,,RM-5,Residential,10013000,32315000,Hollyburn Properties Ltd,Hollyburn Properties Limited,The Marquis,Long-term Rental,"",,,,
188 milross av,1001 main st;1003 main st;1007 main st;1011 main st;1015 main st;1019 main st;1059 main st,Downtown,188 milross av,024929298,190603050000,102,2002,,CD-1 (264),Comprehensive Development,11224000,12846000,,,,,,City Gate Co-op,City Gate Co-op Hsg Asoc.,,
2229 maple st,2020 w 6th av,Kitsilano,2229 maple st,007644167,646090970000,102,1976,,RM-4,Residential,28289000,8805000,,,,,,Maple Crest Apartment,Shalom Branch #178 Canadian Legion,,
2150 pandora st,"",Grandview-Woodland,2150 pandora st,015682749;015682790;015682757;015682820;015682731;015682765;015682773;015682803,587259040000,101,1968,,RM-3A,Residential,10421000,17317000,Block 35 Holdings Ltd,Block 35 Holdings Ltd,"",Long-term Rental,"",,,,
1905 robson st,"",West End,1905 robson st,015747468,602108970000,101,1969,,RM-5B,Residential,13294000,28527000,Hollyburn Properties Ltd,Hollyburn Properties (Alberta) Ltd,Ilikai Apartments,Long-term Rental,"",,,,
1920 alberni st,"",West End,1920 alberni st,015747450,601108960000,101,1969,,RM-5B,Residential,13314000,28313000,Hollyburn Properties Ltd,Hollyburn Properties (Alberta) Ltd,The Harbourview Apartments,Long-term Rental,"",,,,
122 walter hardwick av,131 w 1st av;133 w 1st av,Mount Pleasant,122 walter hardwick av,028231651;BCS3906,636179860000,101,2010,,CD-1 (454),Comprehensive Development,222000,257000,SUCCESS Housing Society,SUCCESS Affordable Housing Society,"",Long-term Rental,Non-Profit Housing,Olympic Village - Parcel 5,S.U.C.C.E.S.S.,,
4750 arbutus st,"",Arbutus Ridge,4750 arbutus st,024618322,90722500000,101,2001,,CD-1 (22),Comprehensive Development,13788000,43241000,Tribe Rental Management,Laurier House Apartments Ltd,"",Long-term Rental,"",,,,
1414 barclay st,"",West End,1414 barclay st,002666243;002668718;002668637;002668564;002668670,605115960000,101,1969,,RM-5,Residential,9078000,28726000,Westcott Middlegate Rental Agency Ltd,Westcott Middlegate Rental Agency Ltd,Lyncroft Towers,Long-term Rental,"",,,,
6545 alberta st,"",Oakridge,6545 alberta st,007595565,790170940000,100,1978,,CD-1 (103),Comprehensive Development,8750000,1347000,,,,,,Southvan Manor,South Vancouver Foundation,,
3217 e 58th av,3221 e 58th av;3223 e 58th av;3225 e 58th av;3227 e 58th av;3229 e 58th av;3233 e 58th av;3235 e 58th av;3237 e 58th av;3239 e 58th av;3241 e 58th av;3243 e 58th av;3245 e 58th av;3247 e 58th av;3249 e 58th av;3251 e 58th av;3253 e 58th av;3255 e 58th av;3259 e 58th av;3261 e 58th av;3263 e 58th av;3265 e 58th av;3269 e 58th av;3271 e 58th av;3273 e 58th av;3275 e 58th av;3277 e 58th av;3279 e 58th av;3283 e 58th av;3285 e 58th av;3287 e 58th av;3291 e 58th av;3293 e 58th av;3295 e 58th av;3297 e 58th av;3299 e 58th av;3301 e 58th av;3303 e 58th av;3311 e 58th av;3313 e 58th av;3315 e 58th av;3317 e 58th av;3319 e 58th av;3321 e 58th av;3323 e 58th av;3327 e 58th av;3329 e 58th av;3333 e 58th av;3335 e 58th av;3337 e 58th av;3339 e 58th av;3341 e 58th av;3343 e 58th av;3345 e 58th av;3347 e 58th av,Killarney,3217 e 58th av,007982101,814300730000,100,1973,,CD-1 (73),Comprehensive Development,12318000,23304000,,,,,,Champlain Place,BC Housing,,
3545 e 43rd av,3510 kingsway;3514 kingsway;3516 kingsway;3518 kingsway;3520 kingsway;3522 kingsway;3524 kingsway;3528 kingsway;3544 kingsway;3546 kingsway;3550 kingsway,Killarney,3545 e 43rd av,VAS1533,"",100,1985,,,,,,,,,,,HW Flesher Co-op,HW Flesher Co-op Housing Association,,
133 powell st,"",,133 powell st,"","",100,1988,,,,,,,,,,,Four Sisters Co-op,Four Sisters Co-op Housing Association,,
840 broughton st,"",West End,840 broughton st,015744639;015744663;015744671;015744612,603116050000,100,1966,,RM-5,Residential,9078000,33636000,Hollyburn Properties Ltd,Hollyburn Properties Limited,Casa Bella,Long-term Rental,"",,,,
1086 bute st,"",West End,1086 bute st,006800912,607118020000,100,1910,,RM-5B,Residential,6657000,25862000,Pacific Cove Properties,Strathmore Lodge Ltd,Strathmore Lodge Apartments,Long-term Rental,"",,,,
581 cardero st,"",Downtown,581 cardero st,026647567;026647575,"",99,2006,,,,,,PAL VANCOUVER,PAL VANCOUVER,"",Long-term Rental,Non-Profit Housing,Performing Arts Lodge,Performing Arts Lodge of Vancouver,,
2465 fraser st,2455 fraser st;651 e broadway;659 e broadway;667 e broadway;675 e broadway;691 e broadway,Mount Pleasant,2465 fraser st,028721942,650206970000,99,2014,,CD-1 (536),Comprehensive Development,2232001,5355001,BC Indigenous Housing Society,BC Indigenous Housing Society,"",Long-term Rental,Non-Profit Housing,Kwayatsut,BC Indigenous Housing Society,,
1580 vernon dr,"",Strathcona,1580 vernon dr,007074671;007074697;007074654,630228090000,98,2021,,I-2,Industrial,1,1,Community Builders Benevolence Group,Community Builders Benevolence Group,"",Long-term Rental,Non-Profit Housing,Álewem,Community Builders Group,,
27 w pender st,"",Downtown,27 w pender st,024210510,592172650000,98,2000,,DD,Comprehensive Development,2607000,5549000,BC Indigenous Housing Society,BC Indigenous Housing Society,"",Long-term Rental,Non-Profit Housing,Ian Leman Place,BC Indigenous Housing Society,,
239 e georgia st,223 e georgia st;225 e georgia st;227 e georgia st;229 e georgia st;231 e georgia st;233 e georgia st;235 e georgia st;237 e georgia st,Strathcona,239 e georgia st,LMS4618;024694061,596190350000,97,2002,,HA-1A,Historical Area,4893000,7954000,,,,,,Lore Krill Co-op,Lore Krill Co-operative Housing Association,,
1618 w 6th av,"",Fairview,1618 w 6th av,029836123,643122960000,97,2018,,CD-1 (630),Comprehensive Development,13617000,45853000,Austeville Properties Ltd,Austeville Properties Ltd,"",Long-term Rental,"",,,,
250 powell st,"",,250 powell st,"","",96,2015,,,,,,The Bloom Group Community Services Society,The Bloom Group Community Services Society,The View,Long-term Rental,Non-Profit Housing,The View,The Bloom Group,2,http://app.vancouver.ca/RPS_Net/Default.aspx?num=250&street=POWELL%20STREET
1625 w 13th av,"",Fairview,1625 w 13th av,010829598;010829458;010829628;010829636;010829644;010829563;010829580,683122950000,96,1968,,R3-3,Residential,31352000,10250000,Moneyloi Properties Ltd,Moneyloi Properties Ltd,Bluecrest Apartment,Long-term Rental,"",,,4,http://app.vancouver.ca/RPS_Net/Default.aspx?num=1625&street=W%2013TH%20AVENUE
337 w pender st,335 w pender st,Downtown,337 w pender st,026680777,592148450000,96,2011,,DD,Comprehensive Development,473001,289001,Coast Foundation Society (1974),Coast Foundation Society (1974),Pacific Coast Apartments,Long-term Rental,Non-Profit Housing,Pacific Coast Apartments,Coast Mental Health,,
1873 spyglass place,"",Fairview,1873 spyglass place,006974821,"",96,1984,,,,,,,,,,,Strathearn Court,Metro Vancouver Housing Corporation,,
250 e 36th av,"",Riley Park,250 e 36th av,006606032,190736900000,96,1988,,RM-3A,Residential,3821000,3781000,,,,,,Little Mountain Court,Little Mountain Care & Housing Association,,
1650 burnaby st,"",West End,1650 burnaby st,015750680;015750728,613113400000,95,1966,,RM-5A,Residential,10651000,24423000,,,,,,,,,
395 kingsway,2755 prince edward st;2775 prince edward st,Mount Pleasant,2775 prince edward st,008628360,"",95,2014,,,,,,,,,,,The Biltmore,Raincity Housing and Support Society,,
110 water st,112 water st,Downtown,112 water st,015712834,"",95,2008,,,,,,,,,,,Gastown Hotel,Atira Property Management Inc.,,
1945 barclay st,"",West End,1945 barclay st,015739384;015739406,605108670000,95,1968,RM-5B,RM-5B,Residential,13314000,21451000,Barclay Place Holdings Ltd,Barclay Place Holdings Ltd,"",Long-term Rental,"",,,,
706 e 57th av,707 e 58th av,Sunset,706 e 57th av,029606942,210810100000,95,2018,,CD-1 (621),Comprehensive Development,7315000,38200000,7350 Fraser Holdings Ltd,7350 Fraser Holdings Ltd,"",Long-term Rental,"",,,,
2050 nelson st,"",West End,2050 nelson st,015737004,606107240000,94,1963,,RM-5B,Residential,24732000,23715000,434054 B C Ltd,434054 B C Ltd,"",Long-term Rental,"",,,,
1320 bute st,"",West End,1320 bute st,015746780;015746798,615118050000,93,1967,,RM-5A,Residential,10651000,20501000,Starlight Investments,IMH 1320 Bute Apartments Ltd,"",Long-term Rental,"",,,,
725 w 70th av,"",Marpole,725 w 70th av,006600671;003876551;003876489;006600778;006600832;006600905;003876497;006600719;003876462,830156710000,93,1971,,RM-3A,Residential,12524000,11274000,320542 BC Ltd,320542 BC Ltd,Centennial House,Long-term Rental,"",,,,
1275 haro st,"",West End,1275 haro st,015744736;015744744,603117370000,92,1964,,RM-5B,Residential,13314000,20308000,1275 Haro Holdings Ltd,1275 Haro Holdings Ltd,"",Long-term Rental,"",,,,
65 e hastings st,57 e hastings st;67 e hastings st,Downtown,65 e hastings st,024745324,590178630000,92,2009,,CD-1 (403),Comprehensive Development,175601,1185001,Raincity Housing and Support Society,Raincity Housing and Support Society,Lux Apartments,Long-term Rental,Non-Profit Housing,The Lux,Raincity Housing and Support Society,2,http://app.vancouver.ca/RPS_Net/Default.aspx?num=65&street=E%20HASTINGS%20STREET
2033 comox st,"",West End,2033 comox st,015737071;015737021;015737039,607107650000,91,1960,,RM-5B,Residential,16643000,21929000,Five Mile Holdings Ltd,Five Mile Holdings Ltd,"",Long-term Rental,"",,,,
1844 barclay st,"",West End,1844 barclay st,014663511;014663538;014663520,605109660000,91,1963,,RM-5B,Residential,13617000,17476000,Coast Apartments Ltd,Coast Apartments Ltd,"",Long-term Rental,"",,,,
1395 beach av,"",West End,1395 beach av,005698651;005698634,616116070000,91,1961,,RM-5A,Residential,14912000,21563000,Bonniehon Enterprises Ltd,Bonniehon Enterprises Ltd,The Surfside,Long-term Rental,"",,,2,http://app.vancouver.ca/RPS_Net/Default.aspx?num=1395&street=BEACH%20AVENUE
1019 pacific st,"",,1019 pacific st,"","",91,1985,,,,,,,,,,,Pacific Heights Co-op,Pacific Heights Co-op Housing Association,,
16 e hastings st,12 e hastings st,Downtown,16 e hastings st,007102160;007102259,"",90,1988,,,,,,PHS Community Services Society,PHS Community Services Society,"",Long-term Rental,Non-Profit Housing,Tellier Towers,PHS Community Services Society,6,http://app.vancouver.ca/RPS_Net/Default.aspx?num=16&street=E%20HASTINGS%20STREET
1250 comox st,"",West End,1250 comox st,018255973,607117360000,90,1966,,RM-5B,Residential,13314000,17464000,Tribe Rental Management,Baltic Title Ltd,"",Long-term Rental,"",,,,
180 switchmen st,"",Mount Pleasant,180 switchmen st,029432758,634186600000,90,2014,,CD-1 (516),Comprehensive Development,10706000,30356000,Bosa Properties (Lido) Inc,Bosa Properties (Lido) Inc,"",Long-term Rental,"",,,,
1655 haro st,"",West End,1655 haro st,015742997;015743004;015742971;015742989,603113370000,90,1969,,RM-5A,Residential,10651000,21211000,,,,,,,,,
415 nelson st,"",Downtown,415 nelson st,019046910,148604950000,90,1997,,DD,Comprehensive Development,2725000,8200000,127 Society for Housing,127 Society for Housing,The WellSpring,Long-term Rental,Non-Profit Housing,The Wellspring,The 127 Society for Housing,2,http://app.vancouver.ca/RPS_Net/Default.aspx?num=415&street=NELSON%20STREET
1825 haro st,"",West End,1825 haro st,015741745;015741729,603109710000,90,1964,RM-5B,RM-5B,Residential,13314000,17479000,Mayfair Properties LTD,Mayfair Properties LTD,"",Long-term Rental,"",,,,
1234 barclay st,1248 barclay st,West End,1234 barclay st,009929380;009929339;009929410,605117560000,90,1968,,RM-5B,Residential,13314000,19821000,Wesik Construction Ltd & J Sutt Construction Ltd,Wesik Construction Ltd & J Sutt Construction Ltd,"",Long-term Rental,"",,,1,http://app.vancouver.ca/RPS_Net/Default.aspx?num=1234&street=BARCLAY%20STREET
1202 harwood st,"",West End,1202 harwood st,015740307;015740315,615117940000,90,1968,RM-5A,RM-5A,Residential,10651000,21827000,,,,,,,,,
3111 ash st,"",Fairview,3111 ash st,007666969,165688150000,90,1975,,CD-1 (368),Comprehensive Development,14653000,13564000,,,,,,St. Mary's Ukrainian Gardens,St. Mary's Ukrainian Senior Citizens' Society,,
3183 pierview crescent,3161 pierview crescent;3163 pierview crescent;3169 pierview crescent;3173 pierview crescent;3177 pierview crescent;3181 pierview crescent;3185 pierview crescent;3189 pierview crescent;3191 pierview crescent;3193 pierview crescent;3195 pierview crescent;3197 pierview crescent;3199 pierview crescent,Killarney,3183 pierview crescent,030284767,"",89,2020,,,,,,,,,,,Kinship Housing Co-operative,Kinship Housing Co-operative,,
181 e 32nd av,4781 main st;4785 main st;4789 main st;4791 main st;4795 main st,Riley Park,181 e 32nd av,031440207,190724970000,89,2023,,CD-1 (786),Comprehensive Development,7832000,49215000,Riley Park Project Nominee Inc,Riley Park Project Nominee Inc,"",Long-term Rental,"",,,,
3355 e 5th av,"",Hastings-Sunrise,3355 e 5th av,026666502,634300520000,89,2008,,CD-1 (9),Comprehensive Development,7060000,13219000,Cedars Assisted Living at Hopehill Society,Cedars Assisted Living at Hopehill Society,The Cedars at Hopehill,Long-term Rental,Non-Profit Housing,The Cedars,Hopehill,,
8080 yukon st,"",,8080 yukon st,"","",89,1976,,,,,,Kiwanis-Soroptimist Senior Citizen Housing Society,Kiwanis-Soroptimist Senior Citizen Housing Society,"",Long-term Rental,Non-Profit Housing,Southwynd Place,Vancouver Kiwanis Housing Society,,
1307 harwood st,"",West End,1307 harwood st,015740595;015740579,615116950000,89,1969,,RM-5A,Residential,10651000,22088000,Middlegate Developments Ltd,Middlegate Developments Ltd,Oceanic,Long-term Rental,"",,,,
1750 davie st,1736 davie st;1738 davie st;1752 davie st;1754 davie st,West End,1750 davie st,019053029,612110660000,88,1964,,CD-1 (440),Comprehensive Development,16072000,27180000,Hollyburn Properties Ltd,Hollyburn Properties Limited,English Bay Towers,Long-term Rental,"",,,,
5455 balsam st,"",Arbutus Ridge,5455 balsam st,011989955;024424706;011989998;011989882;011989831;011989866;011989921,78739970000,88,1966,,RM-3,Residential,21269000,18917000,Balsam Holdings Ltd,Balsam Holdings Ltd,"",Long-term Rental,"",,,2,http://app.vancouver.ca/RPS_Net/Default.aspx?num=5455&street=BALSAM%20STREET
1254 pendrell st,"",West End,1254 pendrell st,015741010;015741001,609117440000,87,1973,,RM-5B,Residential,9986000,17792000,Pendrellis Society,Pendrellis Society,"",Long-term Rental,Non-Profit Housing,Pendrellis,Parish of St.Paul-Pendrellis Society,2,http://app.vancouver.ca/RPS_Net/Default.aspx?num=1254&street=PENDRELL%20STREET
3641 tuaq dr,"",,3641 tuaq dr,"","",87,1982,,,,,,,,,,,Alexander Laidlaw Co-op,Alexander Laidlaw Co-op Housing Association,,
1321 richards st,"",Downtown,1321 richards st,024969745,138614350000,87,2009,,DD,Comprehensive Development,1,1,City of Vancouver,City of Vancouver,"",Long-term Rental,Non-Profit Housing,Kindred Place,More Than a Roof Housing Society,,
550 w 12th av,"",Fairview,550 w 12th av,008591580;008591539;008591563;008591547,670165500000,86,1965,RM-3,R5-3,Residential,17062000,12850000,Hollyburn Properties Ltd,Hollyburn Properties Ltd,Hollyburn Court,Long-term Rental,"",,,,
540 e hastings st,542 e hastings st,Strathcona,540 e hastings st,015677141;015677133;015677206;015677184;015677168;015677176,590196340000,86,1987,,DEOD,Comprehensive Development,136001,338001,SCH' EYK HOUSING SOCIETY,SCH' EYK HOUSING SOCIETY,"",Long-term Rental,Non-Profit Housing,Jennie Pentland Place,Sch'eyk Housing Society,,
1161 granville st,1159 granville st;1163 granville st,Downtown,1161 granville st,012594237;012594229,130608630000,86,2007,,DD,Comprehensive Development,3239001,341001,PHS COMMUNITY SERVICES SOCIETY,PHS COMMUNITY SERVICES SOCIETY,"",Long-term Rental,Non-Profit Housing,St Helen's Hotel,Coast Mental Health,2,http://app.vancouver.ca/RPS_Net/Default.aspx?num=1161&street=GRANVILLE%20STREET
3707 w 7th av,"",West Point Grey,3707 w 7th av,011485183;011485167;011485141;011485108;011485078,646037930000,86,1970,,RM-4,Residential,10259000,21933000,Canaland Developments Ltd,Canaland Developments Ltd,"",Long-term Rental,"",,,,
2075 comox st,"",West End,2075 comox st,004601190,607107250000,86,1968,,RM-5B,Residential,21014000,23556000,Canadian International Properties Ltd,Canadian International Properties Ltd,"",Long-term Rental,"",,,,
1330 pendrell st,"",West End,1330 pendrell st,004351665;004351681;004351690,609116640000,86,1969,,RM-5,Residential,7262000,24963000,Chartwell Construction Ltd,Chartwell Construction Ltd,Clarion House,Long-term Rental,"",,,,
1770 barclay st,"",West End,1770 barclay st,015757765;015757722;015757625;015757811,605110340000,86,1970,,RM-5A,Residential,10651000,21521000,1770 Barclay Street Holding Ltd,1770 Barclay Street Holding Ltd,"",Long-term Rental,"",,,,
251 union st,"",Strathcona,251 union st,017737664,598190530000,86,1993,,HA-1A,Historical Area,1,1,SUCCESS Housing Society,SUCCESS Housing Society,"",Long-term Rental,Non-Profit Housing,Solheim Place,S.U.C.C.E.S.S.,,
1960 alberni st,"",West End,1960 alberni st,003199061;003202798;003198677,601108460000,86,1968,,RM-5B,Residential,11932000,20071000,Lost Lagoon Holdings Ltd,Lost Lagoon Holdings Ltd,Dysart Towers,Long-term Rental,"",,,,
1869 comox st,"",West End,1869 comox st,015736962;015736954,607109050000,86,1964,,RM-5B,Residential,13314000,18390000,1281693 BC Ltd,1281693 BC Ltd,"",Long-term Rental,"",,,,
1399 fountain w,1362 island park walk;1364 island park walk;1366 island park walk;1368 island park walk;1370 island park walk;1372 island park walk;1374 island park walk;1378 island park walk;1380 island park walk;1382 island park walk;1384 island park walk;1386 island park walk;1388 island park walk;1390 island park walk;1399 fountain w court,Fairview,1399 fountain w,007281285,637132580000,85,1980,,FCCDD,Comprehensive Development,18019000,15652000,Wellington Society,Wellington Society,"",Long-term Rental,Non-Profit Housing,Wellington Apartment,Wellington Society,,
2775 cooperative w,"",Renfrew-Collingwood,2775 cooperative w,017163056,"",85,1992,,,,,,,,,,,Kaslo Gardens Co-op,Kaslo Gardens Co-op Housing Association,,
596 e hastings st,588 e hastings st,Strathcona,596 e hastings st,025186086,590196940000,85,2007,,DEOD,Comprehensive Development,246001,499001,,,,,,Grace Mansion,Salvation Army,,
101 powell st,103 powell st;105 powell st;120 columbia st,Downtown,103 powell st,015702529;015702596;015702553;015702634;015702537,"",85,1986,,,,,,,,,,,Columbia House,Affordable Housing Societies,,
151 w 1st av,153 w 1st av;155 w 1st av;156 walter hardwick av;157 w 1st av;158 walter hardwick av;159 w 1st av;160 walter hardwick av;161 w 1st av;162 walter hardwick av;163 w 1st av,Mount Pleasant,151 w 1st av,BCS3905,"",84,2010,,,,,,,,,,,Athletes Village Co-op,Co-operative Housing Federation of BC,,
1122 haro st,"",West End,1122 haro st,015753221;015753239;015753247;015753255,603118760000,84,1964,,RM-5B,Residential,12306000,16655000,Arkhu Investment Ltd,Arkhu Investment Ltd,Cavalier Apartments,Long-term Rental,"",,,4,http://app.vancouver.ca/RPS_Net/Default.aspx?num=1122&street=HARO%20STREET
43 powell st,41 powell st;45 powell st;46 alexander st;49 powell st;51 powell st,Downtown,43 powell st,006926908,580178050000,84,1983,,HA-2,Historical Area,9633000,1551000,Affordable Housing Advisory Association,Affordable Housing Advisory Association,"",Long-term Rental,Non-Profit Housing,Europe Hotel,Affordable Housing Societies,,
1210 jervis st,"",West End,1210 jervis st,015740811;015740803,612117040000,84,1910,,C-5,Commercial,10984000,14478000,Wolverton Group,Pacific Investment Corporation Ltd,Holly Lodge,Long-term Rental,"",,,,
40 e hastings st,"",Downtown,40 e hastings st,024501867,"",84,2000,,,,,,,,,,,The Oasis,Neighbourhood Housing Society,,
1515 granville st,"",Downtown,1515 granville st,004736915,129617070000,84,1988,,BCPED,Comprehensive Development,3641000,5432000,Affordable Housing Advisory Association,Affordable Housing Advisory Association,"",Long-term Rental,Non-Profit Housing,Granville House,Affordable Housing Societies,,
2045 nelson st,"",West End,2045 nelson st,015738281;015738256;015069427,606107670000,84,1966,,RM-5B,Residential,17954000,17937000,Hollyburn Properties Ltd,Hollyburn Properties Limited,Emerald Terrace,Long-term Rental,"",,,,
1261 granville st,1259 granville st;1263 granville st,Downtown,1261 granville st,025774735,130612650000,83,2005,,DD,Comprehensive Development,5246000,5878000,City of Vancouver,City of Vancouver,Granville Residence,Long-term Rental,Non-Profit Housing,Granville Residence,City of Vancouver,,
1434 burnaby st,"",West End,1434 burnaby st,015745503;015745490,613115660000,83,1969,RM-5A,RM-5A,Residential,10651000,24080000,Hollyburn Properties Ltd,Hollyburn Properties Ltd,Crystal Courts Apartments,Long-term Rental,"",,,,
651 moberly rd,655 moberly rd,Fairview,651 moberly rd,007363311,638163950000,83,1977,,FCCDD,Comprehensive Development,20182000,12609000,Moberley Investments Ltd,Moberley Investments Ltd,Moberley 2,Long-term Rental,"",,,,
1175 haro st,"",West End,1175 haro st,015753646;015753654;015753662,603118150000,83,1967,,RM-5B,Residential,13314000,17023000,1175 Haro Apartments Ltd.,1175 Haro Apartments Ltd.,"",Long-term Rental,"",,,,
1516 davie st,"",West End,1516 davie st,015746879;015746895,612114960000,83,1965,,RM-5D,Residential,18537000,12998000,Itziar Management Ltd,Itziar Management Ltd,"",Long-term Rental,"",,,3,http://app.vancouver.ca/RPS_Net/Default.aspx?num=1516&street=DAVIE%20STREET
5815 yew st,"",Kerrisdale,5815 yew st,014059789;014059738;014059797;014059771;014059754;014059762;014059746;014059801,81752250000,83,1965,,RM-3,Residential,12270000,22818000,Starlight Investments,GF II 5815 Yew Apartments Ltd,"",Long-term Rental,"",,,,
808 nicola st,1408 robson st;1410 robson st;1418 robson st;1420 robson st;1428 robson st;1430 robson st;1438 robson st;1450 robson st;1458 robson st;1460 robson st;1468 robson st;1478 robson st;1482 robson st;807 broughton st,,1482 robson st,"","",83,2024,,,,,,City of Vancouver,City of Vancouver,Landmark Residence,Long-term Rental,Non-Profit Housing,808 Nicola,City of Vancouver,,
1120 barclay st,"",West End,1120 barclay st,007932979;007932995;007933029,605118680000,83,1964,,RM-5B,Residential,12709000,17689000,Tribe Rental Management,Greenbrier Holdings Ltd,Cameo Manor,Long-term Rental,"",,,,
711 millyard,703 millyard;705 millyard;747 sawyers lane;749 sawyers lane;751 sawyers lane;755 sawyers lane;757 sawyers lane;759 sawyers lane;761 sawyers lane;763 sawyers lane;765 sawyers lane;767 sawyers lane;769 sawyers lane;771 sawyers lane;773 sawyers lane;775 sawyers lane;777 sawyers lane;779 sawyers lane;781 sawyers lane;783 sawyers lane;785 sawyers lane;787 sawyers lane;789 sawyers lane;791 sawyers lane;793 sawyers lane;795 sawyers lane;797 sawyers lane;799 sawyers lane;871 sawyers lane;874 sawcut;875 sawyers lane;878 sawcut;879 sawyers lane;880 sawcut;881 sawyers lane;882 sawcut;883 sawyers lane;884 sawcut;885 sawyers lane;886 sawcut;887 sawyers lane;888 greenchain;889 sawyers lane;890 greenchain;891 sawyers lane;892 greenchain;893 sawyers lane;894 greenchain;895 sawyers lane;896 greenchain;897 sawyers lane;898 greenchain;899 sawyers lane,Fairview,888 greenchain,007592396,"",82,1977,,,,,,,,,,,False Creek Co-op,False Creek Co-op Housing Association,,
1850 w 8th av,"",Kitsilano,1850 w 8th av,017225981,648097740000,82,1992,,R5-3,Residential,14100000,4742000,ORR Development (1980) Corp,ORR Development (1980) Corp,"",Long-term Rental,"",,,,
1305 w 12th av,"",Fairview,1305 w 12th av,012714712;012714593;012714682;012714658;012714623,670134970000,82,1968,,R5-4,Residential,22394000,10169000,LIONS GATE COMMUNITIES CORP.,LIONS GATE COMMUNITIES CORP.,"",Long-term Rental,"",,,,
5233 joyce st,"",Renfrew-Collingwood,5233 joyce st,008721670,306720450000,82,1970,,CD-1 (54),Comprehensive Development,4473000,13536000,,,,,,Columbus Tower,Columbus Charities,,
349 e 6th av,"",Mount Pleasant,349 e 6th av,031317014,645194970000,82,2024,,CD-1 (795),Comprehensive Development,1199000,9942000,,,,,,The Aster,Brightside Community Homes Foundation,,
1845 comox st,"",West End,1845 comox st,013257625;013257641;013257668;013257692,607109450000,82,1965,,RM-5B,Residential,13314000,17126000,Ocean Bay Holdings Ltd,Ocean Bay Holdings Ltd,"",Long-term Rental,"",,,,
325 keefer st,"",Strathcona,325 keefer st,008706221,192592920000,82,1972,,CD-1 (52B),Comprehensive Development,3246000,13154000,,,,,,Chau Luen Tower,Chau Luen Kon Sol Society of Vancouver,,
1875 robson st,"",West End,1875 robson st,015747247;015747221,602109250000,81,1963,,RM-5B,Residential,13314000,15416000,Harvest Properties Ltd,Harvest Properties Ltd,"",Long-term Rental,"",,,,
768 prior st,"",Strathcona,768 prior st,007518331,600205660000,81,1989,,CD-1 (232),Comprehensive Development,3662000,2852000,,,,,,Chinese Freemason's Manor,Chinese Freemason's Housing Society of B.C.,,
176 alexander st,"",Downtown,176 alexander st,014028701,579186760000,81,1990,,HA-2,Historical Area,2023000,4283000,Affordable Housing Advisory Association,Affordable Housing Advisory Association,"",Long-term Rental,Non-Profit Housing,Alexander House,Affordable Housing Societies,,
177 e hastings st,179 e hastings st,Downtown,177 e hastings st,015685730,590186830000,81,1999,,DEOD,Comprehensive Development,1,1,PHS Community Services Society,PHS Community Services Society,Hotel Maple,Long-term Rental,Non-Profit Housing,Maple Hotel,PHS Community Services Society,6,http://app.vancouver.ca/RPS_Net/Default.aspx?num=177&street=E%20HASTINGS%20STREET
2691 e 49th av,2660 e 48th av,Victoria-Fraserview,2691 e 49th av,009361308,771270600000,81,1961,,CD-1 (7A),Comprehensive Development,12035000,16142000,Churchill Investments Ltd,Churchill Investments Ltd,"",Long-term Rental,"",,,,
1105 seymour st,1101 seymour st,Downtown,1105 seymour st,029321808,134608050000,81,2017,,CD-1 (570),Comprehensive Development,8348000,44163000,City of Vancouver,City of Vancouver,Seymour Residence,Long-term Rental,Non-Profit Housing,Seymour Residence,City of Vancouver,,
1050 harwood st,"",West End,1050 harwood st,012558851;012558915;012558885,615119320000,81,1969,,RM-5A,Residential,33265000,3978000,1050H Holdings Ltd,1050H Holdings Ltd,"",Long-term Rental,"",,,1,http://app.vancouver.ca/RPS_Net/Default.aspx?num=1050&street=HARWOOD%20STREET
361 heatley av,671 e hastings st,Strathcona,361 heatley av,024774995,590198930000,81,2002,,DEOD,Comprehensive Development,828001,2321001,Union Gospel (Heatley) Housing Society,Union Gospel (Heatley) Housing Society,"",Long-term Rental,Non-Profit Housing,Maurice McElrea Place,Union Gospel Mission,,
1701 powell st,"",Grandview-Woodland,1701 powell st,018914527,580250050000,80,1995,M-2,M-2,Industrial,7920000,18977000,,,,,,,,,
990 broughton st,"",West End,990 broughton st,008971510,606116050000,80,1966,RM-5,RM-5,Residential,7262000,27890000,Capreit Apartments Inc,Capreit Apartments Inc,Cap Reit,Long-term Rental,"",,,,
235 main st,"",Downtown,235 main st,015697266,190580670000,80,2018,,DEOD,Comprehensive Development,1,1,Raincity Housing and Support Society,Raincity Housing and Support Society,Jubilee Rooms,Long-term Rental,Non-Profit Housing,Jubilee Rooms,Raincity Housing and Support Society,9,http://app.vancouver.ca/RPS_Net/Default.aspx?num=235&street=MAIN%20STREET
4683 arbutus st,4701 arbutus st,Arbutus Ridge,4683 arbutus st,004923049,724087050000,80,1964,,CD-1 (26),Comprehensive Development,33870000,1689000,CRESSEY QUILCHENA HOLDINGS LTD.,CRESSEY QUILCHENA HOLDINGS LTD.,Cressey,Long-term Rental,"",,,,
2633 e broadway,"",Hastings-Sunrise,2633 e broadway,007711565,650274270000,80,1975,,CD-1 (86),Comprehensive Development,3420000,14863000,,,,,,Broadway Manor,Broadway Pentecostal Benevolent Association,,
53 w cordova st,"",,53 w cordova st,"","",80,2022,,,,,,PHS Community Services Society,PHS Community Services Society,The Stanley,Long-term Rental,Non-Profit Housing,The Stanley,PHS Community Services Society,,
2080 wall st,"",Grandview-Woodland,2080 wall st,008718393,255576040000,80,1969,,RM-3A,Residential,7321000,5296000,,,,,,Chimo Terrace,BC Housing,,
435 w pender st,437 w pender st,Downtown,435 w pender st,013192779;013192701,592138370000,80,2021,,DD,Comprehensive Development,1,1,Lu'ma Native BCH Housing Society,Lu'ma Native BCH Housing Society,"",Long-term Rental,Non-Profit Housing,Cow-aa,Lu'Ma Native Housing Society,9,http://app.vancouver.ca/RPS_Net/Default.aspx?num=435&street=W%20PENDER%20STREET
1005 station st,1008 main st,Strathcona,1005 station st,024940658,190603520000,80,2010,,FC-1,Commercial,1,1,PHS Community Services Society,PHS Community Services Society,Station Street Community,Long-term Rental,Non-Profit Housing,1005 Station Street,PHS Community Services Society,1,http://app.vancouver.ca/RPS_Net/Default.aspx?num=1005&street=STATION%20STREET
1250 bute st,"",West End,1250 bute st,006119301;006119239,613118070000,80,1968,,RM-5A,Residential,10651000,19984000,Hsus Enterprises Corporation,Hsus Enterprises Corporation,Bute Manor,Long-term Rental,"",,,,
1095 bute st,"",West End,1095 bute st,003427862;003427846,609117970000,80,1957,RM-5B,RM-5B,Residential,13314000,15789000,Telford Building Ltd,Telford Building Ltd,St James Court,Long-term Rental,"",,,,
527 commodore rd,"",Fairview,527 commodore rd,006974813,631165380000,79,1984,,FCCDD,Comprehensive Development,19316000,17455000,,,,,,Connaught Co-op,Connaught Co-op Housing Association,,
540 helmcken st,"",Downtown,540 helmcken st,009429689;009429697,134608040000,78,1989,,DD,Comprehensive Development,4964000,2347000,,,,,,Brookland Court,The 127 Society for Housing,,
303 columbia st,321 columbia st,Downtown,303 columbia st,015691241;015691276,589178940000,78,,,HA-2,Historical Area,9843000,847600,,,,,,Tawow,Atira Property Management Inc.,,
535 e cordova st,"",Strathcona,535 e cordova st,007584466,589196290000,78,1976,,DEOD,Comprehensive Development,1,1,City of Vancouver,City of Vancouver,Antoinette Lodge,Long-term Rental,Non-Profit Housing,Antoinette Lodge,City of Vancouver,,
5657 harold st,"",Killarney,5657 harold st,012282995;012283029;012282847;012282863;012282961;012282936,307770930000,78,1978,,CD-1 (121),Comprehensive Development,2444000,3386000,Brightside Community Homes Foundation,Brightside Community Homes Foundation,"",Long-term Rental,Non-Profit Housing,Collingwood Tower,Brightside Community Homes Foundation,,
1850 adanac st,"",Grandview-Woodland,1850 adanac st,002929473;002929431;002929538;002929929;002931192;002931443,598251480000,78,1969,,RM-4,Residential,7864000,13035000,Ashurwin Holdings Ltd,Ashurwin Holdings Ltd,"",Long-term Rental,"",,,,
1660 barclay st,"",West End,1660 barclay st,015757447;015757404,605113360000,78,1970,,RM-5A,Residential,10651000,18382000,EMV Holdings Corp,EMV Holdings Corp,"",Long-term Rental,"",,,,
2020 harrison dr,"",Victoria-Fraserview,2020 harrison dr,026250705,828251200000,77,2007,,CD-1 (434),Comprehensive Development,2808000,3047000,The Icelandic Care Home HOFN Society,The Icelandic Care Home HOFN Society,Icelandic Residence,Long-term Rental,Non-Profit Housing,Icelandic Residence,Icelandic Care Home Hofn Society,,
1425 e 3rd av,"",,1425 e 3rd av,"","",77,1990,,,,,,,,,,,Grandview Tower #2,Baptist Housing Society of B.C.,,
1025 granville st,1029 granville st,Downtown,1025 granville st,008091242;008091251,130606310000,77,2021,,DD,Comprehensive Development,5250000,9534000,Community Builders Benevolence Group,Community Builders Benevolence Group,"",Long-term Rental,Non-Profit Housing,Granville Villa,Community Builders Group,1,http://app.vancouver.ca/RPS_Net/Default.aspx?num=1025&street=GRANVILLE%20STREET
1949 comox st,"",West End,1949 comox st,015234771;015234738;015234819;015234711;015234746,607108570000,77,1963,,RM-5B,Residential,15937000,14111000,Radke Bros Construction Ltd,Radke Bros Construction Ltd,"",Long-term Rental,"",,,,
625 w 45th av,619 w 45th av,Oakridge,625 w 45th av,006937837,758163590000,77,1985,,CD-1 (713),Comprehensive Development,3987000,5752000,,,,,,Oakridge House,Chishaun Housing Society,,
375 main st,185 e hastings st;189 e hastings st;199 e hastings st,Downtown,375 main st,015685683;015685641,590186970000,76,1985,,DEOD,Comprehensive Development,3029000,14583000,Affordable Housing Advisory Association,Affordable Housing Advisory Association,"",Long-term Rental,Non-Profit Housing,Ford Building,Affordable Housing Societies,,
1260 bidwell st,"",West End,1260 bidwell st,015750795;015750779,113613040000,76,1964,,RM-5A,Residential,11717000,22339000,,,,,,,,,
1445 w 14th av,"",Fairview,1445 w 14th av,014671662;014671671;014671808;014671875;014671689;014671867,686130950000,75,1963,,R3-3,Residential,22394000,5563000,Judith Enterprises Ltd,Judith Enterprises Ltd,"",Long-term Rental,"",,,,
1160 broughton st,"",West End,1160 broughton st,003222373;003222489;003222543,609116040000,75,1969,,RM-5,Residential,5446000,20026000,Starlight Investments,GF II 1160 BROUGHTON APARTMENTS LTD,"",Long-term Rental,"",,,,
8777 hudson st,"",Marpole,8777 hudson st,007324278,144832990000,75,1978,,RM-3A,Residential,9820000,10310000,Bing Soon Leong & Florence Leong,Bing Soon Leong & Florence Leong,"",Long-term Rental,"",,,,
188 e 49th av,6501 main st;6509 main st;6517 main st;6525 main st;6533 main st;6549 main st,Sunset,188 e 49th av,030096855,"",75,2019,CD-1(659),,,,,,,,,,,,,
120 w cordova st,"",Downtown,120 w cordova st,027339181,589157920000,75,2010,,CD-1 (450),Comprehensive Development,6073000,5238000,Affordable Housing Advisory Association,Affordable Housing Advisory Association,"",Long-term Rental,Non-Profit Housing,Woodwards - One Twenty West,Affordable Housing Societies,,
183 drake st,"",Downtown,183 drake st,018960821,614157230000,74,1999,,CD-1 (297),Comprehensive Development,1398000,5728000,Society For Christian Care of Elderly,Society For Christian Care of Elderly,Sidney Manor,Long-term Rental,Non-Profit Housing,,,1,http://app.vancouver.ca/RPS_Net/Default.aspx?num=183&street=DRAKE%20STREET
6450 east boulevard,"",Kerrisdale,6450 east boulevard,011260785;011260769,91769040000,74,1959,,RM-3A,Residential,19057000,12390000,Hollyburn Properties Ltd,Hollyburn Properties (Alberta) Ltd,The Hollies Apartments,Long-term Rental,"",,,,
4660 w 10th av,"",West Point Grey,4660 w 10th av,005411297;005411262;005411246;005411289;005411301;005411271,670020460000,74,1990,,RM-3,Residential,8932300,17577100,Mason Investments Ltd,Mason Investments Ltd,The Southgate,Long-term Rental,"",,,1,http://app.vancouver.ca/RPS_Net/Default.aspx?num=4660&street=W%2010TH%20AVENUE
1110 cardero st,"",West End,1110 cardero st,015758770;015758761,609114050000,73,1965,,RM-5,Residential,7262000,19883000,Commonwealth Holdings Co Ltd,Commonwealth Holdings Co Ltd,"",Long-term Rental,"",,,,
525 w 13th av,"",Fairview,525 w 13th av,014672367;014672456;014672421;014672391,683165770000,73,1965,RM-3,R5-3,Residential,17062000,13504000,Camelia Court Ltd,Camelia Court Ltd,"",Long-term Rental,"",,,,
238 davie st,1231 pacific boulevard;1235 pacific boulevard;1239 pacific boulevard;1251 pacific boulevard;1253 pacific boulevard;1255 pacific boulevard;1263 pacific boulevard;1267 pacific boulevard;1283 pacific boulevard,Downtown,238 davie st,017854156;LMS1223,157612150000,72,1993,,CD-1 (266),Comprehensive Development,4429000,2635000,Brightside Community Homes Foundation,Brightside Community Homes Foundation,"",Long-term Rental,Non-Profit Housing,Bridgeview Place,Brightside Community Homes Foundation,5,http://app.vancouver.ca/RPS_Net/Default.aspx?num=238&street=DAVIE%20STREET
2324 w 1st av,"",Kitsilano,2324 w 1st av,014993082;014993121;014993091;014993104;014993112,634078940000,72,1968,RM-4,RM-4,Residential,10907000,15979000,Hollyburn Properties Ltd,Hollyburn Properties (Alberta) Ltd,Seaside Plaza,Long-term Rental,"",,,,
8675 french st,"",Marpole,8675 french st,014346168;014346150;014346176;014346133;014346117;014346184,132830950000,72,1965,,RM-3A,Residential,9747000,11712000,8675 French Street Holdings Inc,8675 French Street Holdings Inc,"",Long-term Rental,"",,,,
628 e hastings st,618 e hastings st;638 e hastings st,Strathcona,618 e hastings st,VAS2275,"",72,1988,,,,,,,,,,,Shon Yee Place,Shon Yee Benevolent Association of Canada,,
1220 cardero st,"",West End,1220 cardero st,004922123,612114060000,72,1959,,RM-5D,Residential,14468000,11466000,Tribe Rental Management,Broadway Properties Ltd,"",Long-term Rental,"",,,,
1058 nelson st,"",West End,1058 nelson st,015749851,606119240000,72,1911,RM-5B,RM-5B,Residential,12285000,11335000,Wolverton Group,Lord Nelson Suites Inc,"",Long-term Rental,"",,,,
145 e cordova st,"",Downtown,145 e cordova st,015697371;015697355;015697339;015697321,589186670000,71,1985,,HA-2,Historical Area,1517707,4434000,,,,,,Golden Age Court,Harry Lin Chin Foundation,,
2468 balaclava st,3055 w broadway;3075 w broadway;3089 w broadway;3095 w broadway,Kitsilano,2468 balaclava st,029832641,650058090000,71,2019,,CD-1 (637),Comprehensive Development,8085000,57676000,Orr Development (1980) Corp,Orr Development (1980) Corp,"",Long-term Rental,"",,,,
1955 haro st,"",West End,1955 haro st,009726888;009726896,603108350000,71,1964,,RM-5B,Residential,13314000,13619000,Mason Investments Ltd,Mason Investments Ltd,"",Long-term Rental,"",,,1,http://app.vancouver.ca/RPS_Net/Default.aspx?num=1955&street=HARO%20STREET
1033 haro st,"",West End,1033 haro st,024129496,603119670000,71,2002,,DD,Comprehensive Development,18428000,8015000,Hollyburn Properties Ltd,Hollyburn Properties (Alberta) Ltd,The Somerset,Long-term Rental,"",,,,
2025 w 1st av,"",Kitsilano,2025 w 1st av,013107992;013108000;013108077;013107950;013107925;013108026;013107917;013108051;013107941;013107984;013108107,634090970000,71,1969,,RM-4,Residential,13311000,13929000,Marsid Enterprises Ltd & Gerber Holdings Ltd,Marsid Enterprises Ltd & Gerber Holdings Ltd,"",Long-term Rental,"",,,,
2525 carnarvon st,3020 w broadway;3040 w broadway,Kitsilano,2525 carnarvon st,029176701,650058940000,70,2015,,CD-1 (558),Comprehensive Development,7688000,52633000,Orr Development (1980) Corp,Orr Development (1980) Corp,"",Long-term Rental,"",,,,
3608 se marine dr,"",,3608 se marine dr,"","",70,1993,,,,,,,,,,,City Edge Co-op,City Edge Co-op Housing Association,,
25 e hastings st,"",Downtown,25 e hastings st,015691357;015691331,590178290000,70,2013,,DEOD,Comprehensive Development,6528600,914000,Anhart Community Housing Society,Anhart Community Housing Society,"",Long-term Rental,Non-Profit Housing,The Dodson,Anhart Community Housing Society,3,http://app.vancouver.ca/RPS_Net/Default.aspx?num=25&street=E%20HASTINGS%20STREET
2020 comox st,"",West End,2020 comox st,010785949;010785973,607107960000,70,1968,,RM-5B,Residential,9986000,14798000,Siddoo Kashmir Holding Limited,Siddoo Kashmir Holdings Ltd,"",Long-term Rental,"",,,,
947 e hastings st,"",Strathcona,947 e hastings st,030450195,590217550000,70,2018,,CD-1 (561),Comprehensive Development,2918000,3755000,Lookout Housing and Health Society,Lookout Housing and Health Society,"",Long-term Rental,Non-Profit Housing,Belcourt Residence,Lookout Housing and Health Society,,
501 e hastings st,360 jackson av;370 jackson av;505 e hastings st;509 e hastings st,Strathcona,501 e hastings st,015584399;015584348;015584381;015584364;015584356,590196010000,70,1984,,DEOD,Comprehensive Development,1897601,459001,,,,,,Bill Hennessy Place,Sch'eyk Housing Society,,
901 jervis st,"",West End,901 jervis st,015743934;015743926,603116960000,70,1958,RM-5,RM-5,Residential,5529000,17016000,Evergreen Agencies Ltd & Brown Bros Holdings Ltd,Evergreen Agencies Ltd & Brown Bros Holdings Ltd,"",Long-term Rental,"",,,,
84 w hastings st,402 abbott st;404 abbott st;418 abbott st;420 abbott st,Downtown,404 abbott st,006854826;006854842;006854796,590172040000,70,1999,,DD,Comprehensive Development,6194000,910000,,,,,,Abbott Mansion,Central City Foundation,,
1298 w 10th av,"",Fairview,1298 w 10th av,015014908;015014843,654138040000,69,1912,,R5-3,Residential,4621000,19292000,Shaughnessy Lodge Inc,Shaughnessy Lodge Inc,"",Long-term Rental,"",,,2,http://app.vancouver.ca/RPS_Net/Default.aspx?num=1298&street=W%2010TH%20AVENUE
8001 curate wynd,"",,8001 curate wynd,"","",69,1983,,,,,,,,,,,Kinross Creek Co-op,Kinross Creek Co-op Housing Association,,
1155 pacific st,"",West End,1155 pacific st,015746488;015746461;015746445;015746496;015746437,616118350000,69,1978,,RM-5A,Residential,13314000,13906000,Intra Pacific Buildings Ltd,Intra Pacific Buildings Ltd,Pacific Horizon,Long-term Rental,"",,,,
531 sw marine dr,"",,531 sw marine dr,"","",69,1985,,,,,,,,,,,Vera Co-op,Vera Co-op Housing Association,,
205 kingsway,215 kingsway,Mount Pleasant,205 kingsway,015607674,770193050000,68,2021,,C-3A,Commercial,4551000,2675000,Coast Foundation Society (1974),Coast Foundation Society (1974),Coast Mental Health,Long-term Rental,Non-Profit Housing,Burnham Place,Coast Mental Health,,
619 moberly rd,620 millbank;627 moberly rd,Fairview,619 moberly rd,007363516,165632050000,68,1977,,FCCDD,Comprehensive Development,15565000,13190000,Whyte Investments Ltd,Whyte Investments Ltd,"",Long-term Rental,"",,,,
162 main st,156 main st,Strathcona,162 main st,031121381,190579540000,68,2023,,DEOD,Comprehensive Development,1,1,,,,,,162 Main St,MPA Society,,
5450 vine st,"",Arbutus Ridge,5450 vine st,011480181;011480092;011480106;011480173;011480050;011480131;011480203;011480157,79739660000,68,2011,,RM-3,Residential,11512000,13570000,(Jean Matheson),(Jean Matheson),"",Long-term Rental,"",,,3,http://app.vancouver.ca/RPS_Net/Default.aspx?num=5450&street=VINE%20STREET
1395 davie st,"",West End,1395 davie st,031419330,612116070000,68,2021,,RM-5D,Residential,3117000,6740000,,,,,,1395 Davie St,BC Indigenous Housing Society,,
733 w 14th av,773 w 14th av,Fairview,733 w 14th av,007043899,686159070000,67,2020,,CD-1 (656),Comprehensive Development,13206000,268000,,,,,,Heather Place Building A,Metro Vancouver Housing Corporation,,
3683 e hastings st,3663 e hastings st;3671 e hastings st;3673 e hastings st;3675 e hastings st;3685 e hastings st;369 boundary rd;3695 e hastings st;375 boundary rd,Hastings-Sunrise,3683 e hastings st,007260211,590312970000,67,1977,C-2C,C-2C,Commercial,11132000,17855000,353806 BC Ltd,353806 BC Ltd,"",Long-term Rental,"",,,5,http://app.vancouver.ca/RPS_Net/Default.aspx?num=3683&street=E%20HASTINGS%20STREET
80 walter hardwick av,68 walter hardwick av;70 walter hardwick av;72 walter hardwick av;74 walter hardwick av;76 walter hardwick av;78 walter hardwick av,Mount Pleasant,80 walter hardwick av,BCS3904,"",67,2010,,,,,,SUCCESS Housing Society,SUCCESS Affordable Housing Society,"",Long-term Rental,Non-Profit Housing,Olympic Village - Parcel 9,S.U.C.C.E.S.S.,,
3410 mcintyre dr,"",,3410 mcintyre dr,"","",66,1984,,,,,,,,,,,Arlington Grove Co-op,Arlington Grove Co-op Housing Association,,
368 e cordova st,"",Strathcona,368 e cordova st,007630671,589192700000,66,1998,,DEOD,Comprehensive Development,3273000,607000,The Bloom Group Community Services Society,The Bloom Group Community Services Society,Cordova House,Long-term Rental,Non-Profit Housing,Cordova House,The Bloom Group,,
6001 vine st,"",Kerrisdale,6001 vine st,011496746;011496843;011496711;011496665;011496797;011496827,79755350000,66,1964,RM-3,RM-3,Residential,9202000,11361000,Ludwig Schuster & Erna Schuster,Ludwig Schuster & Erna Schuster,"",Long-term Rental,"",,,,
1280 haro st,"",West End,1280 haro st,015743896;015743870;015743918,603117240000,66,1962,,RM-5B,Residential,9986000,14469000,REYAAN INVESTMENTS LTD,REYAAN INVESTMENTS LTD,"",Long-term Rental,"",,,,
415 alexander st,429 alexander st,Strathcona,415 alexander st,018084800,579194070000,66,1996,,CD-1 (270),Comprehensive Development,1,1,Lookout Housing and Health Society,Lookout Housing and Health Society,"",Long-term Rental,Non-Profit Housing,Jim Green Residence,Lookout Housing and Health Society,,
2425 w 4th av,"",Kitsilano,2425 w 4th av,018038107,640077450000,66,1994,RM-4,RM-4,Residential,11781000,15063000,Kits Court Apartments Inc,Kits Court Apartments Inc,"",Long-term Rental,"",,,,
1640 alberni st,1650 alberni st,West End,1640 alberni st,012357570;012357545;011520973,601113500000,66,1969,,RM-5C,Residential,44094000,219700,1650 Alberni Commercial Ltd,1650 Alberni Commercial Ltd,"",Long-term Rental,"",,,,
1360 hornby st,"",Downtown,1360 hornby st,015472159;015472175;015472141;015472183,124614600000,66,1983,,DD,Comprehensive Development,16500000,9410000,Starlight Investments,IMH 1360 Hornby Apartments Ltd,"",Long-term Rental,"",,,,
7401 talon square,"",,7401 talon square,"","",66,1978,,,,,,,,,,,La Petite Maison Co-op,La Petite Maison Co-op Housing Association,,
1088 w 12th av,"",Fairview,1088 w 12th av,011659335;011659491;011659467;011659378;011659416,670149080000,65,1969,,R3-3,Residential,22394000,1095000,Chow Yin Enterprises Ltd,Chow Yin Enterprises Ltd,"",Long-term Rental,"",,,1,http://app.vancouver.ca/RPS_Net/Default.aspx?num=1088&street=W%2012TH%20AVENUE
1260 howe st,"",Downtown,1260 howe st,009584331,126612620000,65,1989,,CD-1 (199),Comprehensive Development,1706000,5317000,Vancouver Jewish Building Society,Vancouver Jewish Building Society,"",Long-term Rental,Non-Profit Housing,Goodson Korsch Residence,Vancouver Jewish Building Society,,
2730 cooperative w,"",Renfrew-Collingwood,2730 cooperative w,017163048,"",65,1992,,,,,,,,,,,Still Creek Co-op,Still Creek Co-op Housing Association,,
2075 kingsway,"",Kensington-Cedar Cottage,2075 kingsway,010798072;010828273,770250950000,65,2023,,R1-1,Residential Inclusive,2873000,709000,Connective Support Society,Connective Support Society,CONNECTIVE,Long-term Rental,Non-Profit Housing,Kingsway Supportive Housing,Connective Supportive Society,1,http://app.vancouver.ca/RPS_Net/Default.aspx?num=2075&street=KINGSWAY
1306 haro st,"",West End,1306 haro st,005327369;005327326,603116760000,65,1965,,RM-5,Residential,5364000,19176000,Harob Holdings Ltd,Harob Holdings Ltd,"",Long-term Rental,"",,,,
1715 w 11th av,"",Fairview,1715 w 11th av,014182432;014182416;014182424;014182505,664120950000,65,1972,,R3-3,Residential,22394000,1863000,0971967 BC LTD,0971967 BC LTD,"",Long-term Rental,"",,,1,http://app.vancouver.ca/RPS_Net/Default.aspx?num=1715&street=W%2011TH%20AVENUE
42 e cordova st,"",Downtown,42 e cordova st,015691187;015691144,589178500000,65,2003,,HA-2,Historical Area,4470400,1214000,City of Vancouver,City of Vancouver,Central Residence,Long-term Rental,Non-Profit Housing,Central Residence,City of Vancouver,,
845 bute st,1233 haro st,West End,845 bute st,015744752;015744787;015744761;015744779,603117970000,64,1978,,RM-5B,Residential,26629000,2168000,,,,,,Haro Park Tower,Haro Park Center Society,,
1246 haro st,"",West End,1246 haro st,015743861;015743853,603117440000,64,1961,,RM-5B,Residential,9986000,12152000,Tribe Rental Management,Greenbrier Holdings Ltd,Haro Crest,Long-term Rental,"",,,,
6020 vine st,"",Kerrisdale,6020 vine st,012423840;012423793;012423807;012423831;012423874;012423785;012423858;012423823;012423815;012423866,79755540000,64,1964,,RM-3,Residential,15310000,9617000,Vine Enterprises Ltd,Vine Enterprises Ltd,"",Long-term Rental,"",,,,
1661 burnaby st,"",West End,1661 burnaby st,032030509,613113470000,64,1962,,RM-5A,Residential,8022000,15476000,,,,,,,,,
2475 w broadway,"",Kitsilano,2475 w broadway,018038115,650077050000,64,2012,,RM-4,Residential,11480000,15311000,bcIMC Realty Corporation / QuadReal Group,bcIMC Realty Corporation & Larchway Gardens Holdings Inc,Larchway Gardens,Long-term Rental,"",,,,
1590 w 1st av,"",Fairview,1590 w 1st av,007063237,632124020000,63,1983,,FCCDD,Comprehensive Development,15387000,11381000,,,,,,Marina Co-op,Marina Co-op Housing Association,,
1265 granville st,1267 granville st,Downtown,1267 granville st,024659801,130612710000,63,2002,,DD,Comprehensive Development,1,1,,,,,,Candela Place,More Than a Roof Housing Society,,
1170 harwood st,"",West End,1170 harwood st,015746372;015746364;015746381,615118320000,63,1969,,RM-5A,Residential,7988000,16673000,Harob Holdings Ltd,Harob Holdings Ltd,Seascape,Long-term Rental,"",,,,
2323 w 2nd av,"",Kitsilano,2323 w 2nd av,014993210;014993228;014993236;014993201,636078770000,63,1990,RM-4,RM-4,Residential,8726000,14693000,Siddoo Kashmir Holding Limited,Ajmer Singh Siddoo (Ajmer Siddoo),"",Long-term Rental,"",,,,
616 e cordova st,"",Strathcona,616 e cordova st,023179732,589198060000,63,2022,,DEOD,Comprehensive Development,915001,9663001,,,,,,Women & Families Centre (The Sanctuary),Union Gospel Mission,,
1906 haro st,"",West End,1906 haro st,015739317,603108960000,63,2020,,RM-5B,Residential,4836400,4836000,,,,,,Buchan Hotel,Atira Women’s Resource Society,,
210 abbott st,212 abbott st;214 abbott st;216 abbott st;92 water st,Downtown,210 abbott st,015713237,580172040000,63,2009,,HA-2,Historical Area,8714001,550001,PHS Community Services Society,PHS Community Services Society,"",Long-term Rental,Non-Profit Housing,Dominion Hotel,Atira Property Management Inc.,16,http://app.vancouver.ca/RPS_Net/Default.aspx?num=210&street=ABBOTT%20STREET
3525 w broadway,"",Kitsilano,3525 w broadway,017489695,650041070000,62,1994,,RM-4,Residential,12823000,13416000,Point Grey Manor Apartments Inc,Point Grey Manor Apartments Inc,"",Long-term Rental,"",,,,
1601 w 7th av,2275 fir st,Fairview,1601 w 7th av,026644321,646122930000,62,2012,,C-3A,Commercial,1,1,Sanford Housing Society,Sanford Housing Society,Sanford Apartments,Long-term Rental,Non-Profit Housing,Sanford Apartments,Sanford Housing Society,,
1772 comox st,"",West End,1772 comox st,011276207;011276193;015755321,607110240000,62,1963,,RM-5A,Residential,7988000,17030000,Commonwealth Holding Co Ltd,Commonwealth Holding Co Ltd,"",Long-term Rental,"",,,,
333 e pender st,"",Strathcona,333 e pender st,024560979,592192470000,62,2021,,CD-1 (396),Comprehensive Development,1,1,SUCCESS Housing Society,SUCCESS,"",Long-term Rental,Non-Profit Housing,SUCCESS Pender Residence,S.U.C.C.E.S.S.,,
5155 main st,175 e 36th av;195 e 36th av;5175 main st,Riley Park,5155 main st,032573171;030509874,190734910000;190734810000,62,2025,,CD-1 (704),Comprehensive Development,1104000,7756000,,,,,,Little Mountain,More Than A Roof Housing Society,,
1735 nelson st,"",West End,1735 nelson st,003221253;003220940;003221288,606110630000,62,1969,,RM-5A,Residential,7988000,14198000,,,,,,,,1,http://app.vancouver.ca/RPS_Net/Default.aspx?num=1735&street=NELSON%20STREET
1952 comox st,"",West End,1952 comox st,015736318;015735842,607108340000,61,1964,,RM-5B,Residential,9986000,14697000,Hollyburn Properties Ltd,Hollyburn Properties Ltd,"",Long-term Rental,"",,,,
1160 pendrell st,"",West End,1160 pendrell st,018240011,609118400000,61,1965,,RM-5B,Residential,9986000,12102000,Cardiff Estates Ltd,Cardiff Estates Ltd,Montana Apartments,Long-term Rental,"",,,,
2040 nelson st,"",West End,2040 nelson st,015737063;015736920,606107740000,61,1972,,RM-5B,Residential,9986000,15359000,Hollyburn Properties Ltd,Hollyburn Properties Ltd,Dogwood Plaza,Long-term Rental,"",,,,
321 princess av,570 e cordova st,Strathcona,321 princess av,016302401,589196980000,61,1991,,CD-1 (255),Comprehensive Development,2560000,3782000,Affordable Housing Advisory Association,Affordable Housing Advisory Association,"",Long-term Rental,Non-Profit Housing,Princess Place,Affordable Housing Societies,,
2476 york av,"",Kitsilano,2476 york av,015021319;015021301;015021271;015021289,631077040000,61,1966,,RM-4,Residential,8726000,13562000,York Avenue Investments Ltd,York Avenue Investments Ltd,"",Long-term Rental,"",,,,
1045 nelson st,"",West End,1045 nelson st,030663041,120605710000,61,2024,,CD-1 (445),Comprehensive Development,1092000,7760000,,,,,,The Rivendell,TPM Real Estate Management Ltd,,
1255 w 14th av,"",Fairview,1255 w 14th av,011299371;014669510;014669561;014669544,686138050000,61,1973,RM-3,R3-3,Residential,17062000,5553000,1312599 BC Limited Partnership,1312599 BC Limited Partnership,"",Long-term Rental,"",,,3,http://app.vancouver.ca/RPS_Net/Default.aspx?num=1255&street=W%2014TH%20AVENUE
633 bucketwheel,630 millbank;638 millbank,Fairview,633 bucketwheel,007363559,164632140000,61,1977,,FCCDD,Comprehensive Development,7504112,2167000,,,,,,Kiwanis Fairview Manor,Uptown Kiwanis Club,,
1580 haro st,"",West End,1580 haro st,015773477;015773523;015773400,603114060000,61,1969,,RM-5,Residential,5446000,17871000,1580 Haro Street Holdings Inc,1580 Haro Street Holdings Inc,"",Long-term Rental,"",,,,
668 powell st,"",Strathcona,668 powell st,024755362,580198620000,61,2001,,DEOD,Comprehensive Development,1,1,Main & Hastings Housing Society,Main & Hastings Housing Society,"",Long-term Rental,Non-Profit Housing,Bridget Moran Place,Neighbourhood Housing Society,,
1745 robson st,1747 robson st;1749 robson st;1755 robson st;1757 robson st,West End,1749 robson st,014052270;014052288,602110410000,60,1972,C-5A,C-5A,Commercial,21179200,6945000,,,,,,,,,
201 alvin narod mews,"",Downtown,201 alvin narod mews,017981646,157608150000,60,2001,,CD-1 (266),Comprehensive Development,3315000,396000,Affordable Housing Advisory Association - City of Vancouver,Affordable Housing Advisory Association - City of Vancouver,"",Long-term Rental,Non-Profit Housing,Yaletown Mews,Affordable Housing Societies,,
7349 rebekah dr,"",,7349 rebekah dr,"","",60,1984,,,,,,Affordable Housing Advisory Association,Affordable Housing Advisory Association,"",Long-term Rental,Non-Profit Housing,Three Links Plaza,Affordable Housing Societies,,
1730 pendrell st,1716 pendrell st,,1716 pendrell st,"","",60,1979,,,,,,,,,,,,,,
1465 w 12th av,"",Fairview,1465 w 12th av,010826467;010826432;010826416;010826505,670130530000,60,1965,,R5-3,Residential,15995000,8108000,Hollyburn Properties Ltd,Hollyburn Properties (Alberta) Ltd,Shaughnessy House,Long-term Rental,"",,,2,http://app.vancouver.ca/RPS_Net/Default.aspx?num=1465&street=W%2012TH%20AVENUE
497 w 40th av,494 w 39th av;495 w 40th av;5504 cambie st;5510 cambie st;5516 cambie st;5524 cambie st;5528 cambie st;5534 cambie st;5540 cambie st;5550 cambie st;5556 cambie st;5564 cambie st;5570 cambie st;5594 cambie st,Riley Park,5550 cambie st,010681540;010681485;010681566;010681574,"",60,1959,C-2,,,,,,,,,,,,,
675 e 5th av,"",Mount Pleasant,675 e 5th av,015265994;015265986;009402799;015265901;015265935;015265927;015265897;015265943;015265951;015265978;015265919;015265960,643206950000,60,1985,,R5-3,Residential,5494000,2645000,,,,,,Northern Way Co-op,Northern Way Co-op Housing Association,,
4875 heather st,4865 heather st;4885 heather st;4885 saint john paul ii,,4875 heather st,"","",60,2008,,,,,,,,,,,Honoria Conway,Providence Health Care Society,,
960 w 6th av,"",Fairview,960 w 6th av,004176499,640150060000,60,1987,,R4-1,Residential,14526000,16819000,,,,,,Charleston Terrace Co-op,Charleston Terrace Co-op Housing Association,,
951 e 8th av,"",Mount Pleasant,951 e 8th av,007756607,648214550000,60,1978,,R3-3,Residential,5137000,36900,,,,,,Anavets,Anavets Senior Citizens Housing Society,,
1777 frances st,"",Grandview-Woodland,1777 frances st,015164063;015164055;015164098;015164080;015164071,594250990000,59,1978,,RM-4,Residential,5837000,9154000,Louise Court Holdings Ltd,Louise Court Holdings Ltd,"",Long-term Rental,"",,,1,http://app.vancouver.ca/RPS_Net/Default.aspx?num=1777&street=FRANCES%20STREET
1726 w 11th av,"",Fairview,1726 w 11th av,032679327,664120980000,59,1971,,CD-1 (912),Comprehensive Development,22394000,487000,Jordan Development Corporation Ltd,Jordan Development Corporation Ltd,"",Long-term Rental,"",,,,
2255 pandora st,"",Grandview-Woodland,2255 pandora st,015676765;015677737;015677702;015677753,587265550000,59,1965,,RM-3A,Residential,5253000,10088000,Zen Family Holdings Inc.,Zen Family Holdings Inc.,"",Long-term Rental,"",,,,
700 chilco st,"",West End,700 chilco st,015747361,601108060000,59,1957,,RM-5B,Residential,8843000,20892000,Lost Lagoon Holdings Ltd,Lost Lagoon Holdings Ltd,The Glass Manor,Long-term Rental,"",,,,
2121 w 44th av,"",Kerrisdale,2121 w 44th av,004824008;004824041;004824032;004824016;004824024,757081850000,59,1964,,RM-3,Residential,9122000,12732000,2121 44th Avenue Holding Ltd,2121 44th Avenue Holding Ltd,"",Long-term Rental,"",,,,
1741 w 10th av,"",Fairview,1741 w 10th av,014191334;014191296;014191318;014191300;014191326,654120590000,59,1971,,R5-3,Residential,21328000,2760000,2042 TATLOW HOLDINGS LTD.,2042 TATLOW HOLDINGS LTD.,"",Long-term Rental,"",,,,
5748 rupert st,"",,5748 rupert st,"","",58,1991,,,,,,,,,,,Coleopy Park,Brightside Community Homes Foundation,,
1340 burnaby st,"",West End,1340 burnaby st,010805010,613116540000,58,1965,,RM-5A,Residential,6939000,14162000,Lost Lagoon Holdings Ltd,Lost Lagoon Holdings Ltd,The Princess,Long-term Rental,"",,,,
3598 copley st,"",Kensington-Cedar Cottage,3598 copley st,014559161;014559447;014559153;003616380;003616436;014559099;014559218;014559072,696269050000,58,2020,,CD-1 (310),Comprehensive Development,1,1,Community Builders Benevolence Group,Community Builders Benevolence Group,"",Long-term Rental,Non-Profit Housing,Naomi Place,Community Builders Group,,
710 e 19th av,3502 fraser st,Kensington-Cedar Cottage,710 e 19th av,028868218,210694080000,58,2023,,CD-1 (742),Comprehensive Development,1031000,4946000,,,,,,North Arm Housing Co-op,North Arm Housing Co-op,,
5849 berkeley st,"",Victoria-Fraserview,5849 berkeley st,009529756,261750960000,58,1958,CD-1 (3A),R1-1,Residential Inclusive,6124000,11088000,,,,,,,,,
33 water st,45 water st;47 water st,Downtown,33 water st,015790967,580172810000,58,2005,,HA-2,Historical Area,7447000,22883000,Reliance Properties Ltd,Reliance Properties Ltd,"",Long-term Rental,"",,,1,http://app.vancouver.ca/RPS_Net/Default.aspx?num=33&street=WATER%20STREET
1770 davie st,1210 denman st;1768 davie st;1778 davie st;1780 davie st,West End,1770 davie st,030757835,612110040000,58,1958,,C-5,Commercial,15168000,37173000,1770 Davie Holdings Ltd,1770 Davie Holdings Ltd,"",Long-term Rental,"",,,,
425 e 11th av,"",Mount Pleasant,425 e 11th av,007327111,665197010000,57,1977,,R3-3,Residential,18456000,180000,Kensington Court Apts Ltd,Kensington Court Apts Ltd,"",Long-term Rental,"",,,1,http://app.vancouver.ca/RPS_Net/Default.aspx?num=425&street=E%2011TH%20AVENUE
3475 e hastings st,"",Hastings-Sunrise,3475 e hastings st,010768645,590300650000,57,2014,,C-2,Commercial,7378000,100000,City of Vancouver,City of Vancouver,Skeena House,Long-term Rental,Non-Profit Housing,Skeena House,Community Builders Group,,
2228 franklin st,"",Grandview-Woodland,2228 franklin st,003673618;003673561;003673570;003673596,588265080000,57,1964,,RM-3A,Residential,5256000,9797000,Aquilini Investment Group Inc,Aquilini Investment Group Inc,"",Long-term Rental,"",,,,
1251 jervis st,"",West End,1251 jervis st,013256921,613116970000,57,1967,,RM-5A,Residential,6617000,16980000,LIONS GATE COMMUNITIES CORP.,LIONS GATE COMMUNITIES CORP.,"",Long-term Rental,"",,,,
3131 e 58th av,"",Killarney,3131 e 58th av,023766379,"",57,2007,,,,,,,,,,,Southview Heights,Salvation Army,,
1101 pacific st,"",West End,1101 pacific st,015105270;015105296,616118970000,57,1965,,RM-5A,Residential,7101000,24080000,Winson Estates Ltd,Winson Estates Ltd,Westland Towers,Long-term Rental,"",,,,
1047 barclay st,"",West End,1047 barclay st,006847111,605119430000,56,1985,,RM-5B,Residential,5047000,3407000,,,,,,Amicae Co-op.,Amicae Co-op Housing Association,,
143 dunlevy av,131 dunlevy av;135 dunlevy av;139 dunlevy av;399 powell st,Strathcona,143 dunlevy av,011948302;011948311,580192950000,56,2006,,DEOD,Comprehensive Development,1518668,109101,Atira Women's Resource Society,Atira Women's Resource Society,"",Long-term Rental,Non-Profit Housing,Sereena's Place,Atira Women’s Resource Society,11,http://app.vancouver.ca/RPS_Net/Default.aspx?num=143&street=DUNLEVY%20AVENUE
438 w king edward av,"",Riley Park,438 w king edward av,029783135;EPS3736,710170480000,56,2020,,CD-1 (625),Comprehensive Development,9605000,21609000,Opal Development Limited Partnership,Opal Development Limited Partnership,Opal by Element,Long-term Rental,"",,,,
1947 pendrell st,"",West End,1947 pendrell st,003871100;003871029,609108350000,56,1969,,RM-5B,Residential,9986000,10690000,Balay Management Ltd,Balay Management Ltd,Belmac Apartments,Long-term Rental,"",,,,
638 alexander st,"",Strathcona,638 alexander st,015598471;015598403;015598381;015598420,579198380000,56,1985,,DEOD,Comprehensive Development,1658000,1485000,,,,,,Alexander Street Co-op,Alexander Street Co-operative Housing Association,,
1380 jervis st,"",West End,1380 jervis st,018241565,616117050000,56,1959,,RM-5A,Residential,8602000,12593000,Pacific Beach Title Ltd,Pacific Beach Title Ltd,"",Long-term Rental,"",,,,
55 water st,53 water st;57 water st;65 water st,Downtown,55 water st,025189654,"",56,2002,HA-2,,,,,,,,,,,,,
2570 hemlock st,"",Fairview,2570 hemlock st,006952321,654134070000,56,1925,RM-3,R5-3,Residential,4625000,15463000,EMV Holdings Corp,EMV Holdings Corp,"",Long-term Rental,"",,,,
951 boundary rd,"",Hastings-Sunrise,951 boundary rd,024039420,320598150000,56,2014,,CD-1 (300),Comprehensive Development,3844000,590000,The Kettle Friendship Society,The Kettle Friendship Society,The Kettle Society - Taylor Manor,Long-term Rental,Non-Profit Housing,Taylor Manor,Kettle Society,,
1650 e 5th av,"",Grandview-Woodland,1650 e 5th av,010873112;010873104;010873121;010873058,638234680000,56,1969,,RM-4,Residential,5524000,9123000,George & Miriam & Theresa Winkler,George & Miriam & Theresa Winkler,"",Long-term Rental,"",,,3,http://app.vancouver.ca/RPS_Net/Default.aspx?num=1650&street=E%205TH%20AVENUE
6404 clarendon st,"",Victoria-Fraserview,6404 clarendon st,026038226,266772860000,56,2006,,CD-1 (13B),Comprehensive Development,4479000,6666000,,,,,,Clarendon Court,Baptist Housing Society of B.C.,,
1617 e 5th av,"",Grandview-Woodland,1617 e 5th av,015499308;015499251;015499278;015499286,638234710000,56,1969,,RM-4,Residential,5524000,9107000,George Rener & Alenka Rener,George Rener & Alenka Rener,"",Long-term Rental,"",,,,
2191 w 39th av,"",Arbutus Ridge,2191 w 39th av,009180168,744081030000,55,1963,,RM-3,Residential,10891000,12428000,Hollyburn Properties Ltd,Hollyburn Properties (Alberta) Limited,Kerrisdale Tower A,Long-term Rental,"",,,,
1498 harwood st,"",West End,1498 harwood st,011206292;011206403;011206489,115615060000,55,1965,,RM-5A,Residential,5831000,13162000,661574 BC Ltd,661574 BC Ltd,"",Long-term Rental,"",,,,
1420 e 2nd av,"",Grandview-Woodland,1420 e 2nd av,009116796,631232040000,55,1974,,RM-4,Residential,19678000,45010000,,,,,,Grandview Tower #3,Baptist Housing Society of B.C.,,
2151 w 39th av,"",Arbutus Ridge,2151 w 39th av,009180184,744081730000,55,1963,,RM-3,Residential,11018000,12326000,Hollyburn Properties Ltd,Hollyburn Properties (Alberta) Ltd,Kerrisdale Tower B,Long-term Rental,"",,,,
2990 quebec st,"",,2990 quebec st,"","",55,1989,,,,,,H Y Louie Co Ltd,H Y Louie Co Ltd,"",Long-term Rental,"",,,,
990 lagoon dr,"",West End,990 lagoon dr,010720723,605107050000,55,1953,,RM-5B,Residential,12620000,10358000,Chartwell Construction Ltd,Chartwell Construction Ltd,Willowstan Apartments,Long-term Rental,"",,,,
837 e 52nd av,6760 prince albert st;6770 prince albert st;6780 prince albert st;6790 prince albert st;839 e 52nd av;853 e 52nd av;855 e 52nd av;865 e 52nd av;873 e 52nd av;875 e 52nd av;885 e 52nd av;893 e 52nd av;895 e 52nd av;905 e 52nd av;913 e 52nd av;915 e 52nd av;925 e 52nd av;933 e 52nd av;935 e 52nd av;955 e 52nd av,Sunset,6760 prince albert st,023112948,"",55,1996,,,,,,,,,,,New Chelsea Gardens - Family,New Chelsea Society,,
1650 w 13th av,"",Fairview,1650 w 13th av,012759341;012759376;012761826;012759350;012759368,683122460000,55,1967,,R3-3,Residential,21328000,1486000,Marsid Ent Ltd & Gerber & Raphael Holdings Ltds,Marsid Ent Ltd & Gerber & Raphael Holdings Ltds,"",Long-term Rental,"",,,,
456 e hastings st,458 e hastings st,Strathcona,456 e hastings st,015578054,590194560000,55,2009,,DEOD,Comprehensive Development,49001,103001,Provincial Rental Housing Corporation,Provincial Rental Housing Corporation,Orwell Hotel,Long-term Rental,Non-Profit Housing,Orwell Hotel,BC Indigenous Housing Society,11,http://app.vancouver.ca/RPS_Net/Default.aspx?num=456&street=E%20HASTINGS%20STREET
1811 adanac st,"",Grandview-Woodland,1811 adanac st,007489153,598251070000,54,1978,,RM-4,Residential,5198000,13166000,1811 Adanac Street Ltd,1811 Adanac Street Ltd,"",Long-term Rental,"",,,,
1564 sw marine dr,"",Marpole,1564 sw marine dr,010112359,830124500000,54,1988,,RM-4,Residential,2249000,1975000,,,,,,Magyar Otthon,Canadian Hungarian Housing Society of BC,,
447 e 6th av,"",Mount Pleasant,447 e 6th av,012702269;012702579;012702480;012702366;012702404;012703222,645198450000,54,1968,,R5-3,Residential,16102142,173000,447 Development Inc,447 Development Inc,Essex House,Long-term Rental,"",,,,
2131 w 3rd av,"",Kitsilano,2131 w 3rd av,006740791;006741029;006741304;006740944;006741126;006740901;006740995,638087670000,54,1969,,R3-3,Residential,18386000,3272000,Ursula Vertone & Fred Vertone,Ursula Vertone & Fred Vertone,"",Long-term Rental,"",,,,
75 sw marine dr,"",Marpole,75 sw marine dr,030401551,830181710000,54,2022,,CD-1 (725),Comprehensive Development,2537000,4367000,,,,,,Chelsea Marine (Building 2),New Chelsea Society,,
1599 w 71st av,"",Marpole,1599 w 71st av,006937438,832123050000,54,1984,,RM-4,Residential,15426000,7225000,,,,,,Marine Court Co-op,Marine Court Co-op Housing Association,,
5603 balsam st,"",Arbutus Ridge,5603 balsam st,013530771;013530666;013530780;013530658;013530801;013530755;013530739,78744670000,54,1904,,RM-3,Residential,10736000,10756000,Austeville Properties Ltd,Austeville Properties Ltd,"",Long-term Rental,"",,,,
561 e hastings st,563 e hastings st,Strathcona,561 e hastings st,015584267,590196610000,54,2016,,DEOD,Comprehensive Development,4285000,244000,Pepple Enterprises Ltd,Pepple Enterprises Ltd,"",Long-term Rental,"",Patrick Anthony Residence,Atira Property Management Inc.,18,http://app.vancouver.ca/RPS_Net/Default.aspx?num=561&street=E%20HASTINGS%20STREET
1323 w 71st av,"",Marpole,1323 w 71st av,007328320,832138970000,54,1978,RM-3A,RM-3A,Residential,7294000,6393000,Lexus Properties West 71 Ltd,Lexus Properties West 71 Ltd,"",Long-term Rental,"",,,1,http://app.vancouver.ca/RPS_Net/Default.aspx?num=1323&street=W%2071ST%20AVENUE
102 main st,"",Strathcona,102 main st,010083146,190579020000,54,1989,,DEOD,Comprehensive Development,1155000,2134000,,,,,,Chinatown Lions Manor III,Vancouver Chinatown Housing Society,,
2040 york av,"",Kitsilano,2040 york av,014955334;014955342;014955288;014955369;014955237;014955270,631090320000,54,1969,,RM-4,Residential,9938000,11659000,2040 York Avenue Holdings Ltd,2040 York Avenue Holdings Ltd,"",Long-term Rental,"",,,,
233 e 14th av,"",Mount Pleasant,233 e 14th av,015607712;015607755;010981811;015607747;015607721,684191070000,54,1966,,R3-3,Residential,7135000,8404000,233 E 14th Av Holdings Ltd,233 E 14th Av Holdings Ltd,"",Long-term Rental,"",,,,
995 e 52nd av,"",Sunset,995 e 52nd av,023112964,795212950000,54,1996,,CD-1 (2),Comprehensive Development,534000,1635000,,,,,,New Chelsea Gardens - Seniors,New Chelsea Society,,
1445 w 13th av,"",Fairview,1445 w 13th av,005163595;005163587;005163609;005163579,683130770000,53,1968,RM-3,R5-3,Residential,17062000,3056000,BC Turf Ltd,BC Turf Ltd,"",Long-term Rental,"",,,,
1906 barclay st,"",West End,1906 barclay st,015738124;015738388,605108940000,53,1960,,RM-5B,Residential,8473000,11279000,Mason Investments Ltd,Mason Investments Ltd,"",Long-term Rental,"",,,,
118 alexander st,"",Downtown,118 alexander st,007418264,579186040000,53,1987,,HA-2,Historical Area,3068000,824000,,,,,,Four Sisters Co-op,Four Sisters Co-op Housing Association,,
2260 w 10th av,"",,2260 w 10th av,"","",53,1999,,,,,,,,,,,Arbutus Co-op,Arbutus Co-op Housing Association,,
396 e 2nd av,"",Mount Pleasant,396 e 2nd av,007473036,643195060000,53,1978,,R5-3,Residential,18949000,534000,396 East 2nd Avenue Holdings Ltd,396 East 2nd Avenue Holdings Ltd,Brunswick Apts,Long-term Rental,"",,,,
1929 w 3rd av,"",Kitsilano,1929 w 3rd av,015287211,638095650000,53,1973,,R3-3,Residential,18427000,4614000,West Third Investments Ltd,West Third Investments Ltd,"",Long-term Rental,"",,,,
853 e pender st,"",Strathcona,853 e pender st,015578402;015578411;015578461;015578453;015578429;015578437,592212530000,53,1982,,CD-1 (144),Comprehensive Development,8918000,883000,,,,,,Rose Garden Co-op,Rose Garden Co-op Housing Association,,
155 e 37th av,"",Riley Park,155 e 37th av,030509815,739188510000,53,2014,,CD-1 (704),Comprehensive Development,668000,4932000,,,,,,City Heights,More Than a Roof Housing Society,,
1540 davie st,"",West End,1540 davie st,004835921,612114460000,53,1959,,RM-5D,Residential,10813000,8017000,Robco Properties Ltd,Robco Properties Ltd,"",Long-term Rental,"",,,,
308 w hastings st,302 w hastings st,Downtown,308 w hastings st,029452201,590148920000,52,2016,RT-7,DD,Comprehensive Development,5568000,16810000,,,,,,,,,
1592 sw marine dr,"",Marpole,1592 sw marine dr,006540741;006540724;006540805,830123060000,52,1986,,RM-4,Residential,8014000,9642000,,,,,,Wits' End Co-op,Wits' End Co-op Housing Association,,
258 union st,"",,258 union st,"","",52,2019,,,,,,HOGAN'S ALLEY SOCIETY,HOGAN'S ALLEY SOCIETY,Nora Hendrix Place,Long-term Rental,Non-Profit Housing,Nora Hendrix Place,Atira Property Management Inc.,1,http://app.vancouver.ca/RPS_Net/Default.aspx?num=258&street=UNION%20STREET
4480 kaslo st,"",Renfrew-Collingwood,4480 kaslo st,007486570;008925631,710277030000,52,2018,,CD-1 (223),Comprehensive Development,1,1,Atira Women's Resource Society,Atira Women's Resource Society,"",Long-term Rental,Non-Profit Housing,Sarah Ross House,Atira Property Management Inc.,,
265 w 1st av,"",,265 w 1st av,"","",52,2019,,,,,,PHS Community Services Society,PHS Community Services Society,Hummingbird Place,Long-term Rental,Non-Profit Housing,Hummingbird Place,PHS Community Services Society,,
3645 charles st,3612 william st;3614 william st;3616 william st;3620 william st;3622 william st;3624 william st;3628 william st;3632 william st;3634 william st;3636 william st;3640 william st;3642 william st;3644 william st;3647 charles st;3648 william st;3649 charles st;3650 william st;3651 charles st;3652 william st;3655 charles st;3656 william st;3657 charles st;3658 william st;3659 charles st;3660 william st;3664 william st;3666 william st;3668 william st;3672 william st;3674 william st;3676 william st;3680 william st;3682 william st;3684 william st;3688 william st;3690 william st;3692 william st;3696 william st,Hastings-Sunrise,3645 charles st,015101762,607312070000,52,1990,,CD-1 (240),Comprehensive Development,9666000,11501000,Concert Properties Ltd,Concert Properties Ltd,"",Long-term Rental,"",,,,
475 e hastings st,"",Strathcona,475 e hastings st,025541528,590194950000,52,2005,,DEOD,Comprehensive Development,1,1,Sanford Housing Society,Sanford Housing Society,"",Long-term Rental,Non-Profit Housing,Smith -Yuen Apartments,Sanford Housing Society,,
2075 e 12th av,"",,2075 e 12th av,"","",52,1983,,,,,,,,,,,Lakewood Terrace Co-op,Lakewood Terrace Co-op Housing Assoc,,
2132 ash st,"",,2132 ash st,"","",52,2018,,,,,,PHS Community Services Society,PHS Community Services Society,"",Long-term Rental,Non-Profit Housing,Margaret Mitchell Place,PHS Community Services Society,,
350 e pender st,377 keefer st,Strathcona,350 e pender st,008706239,592192940000,52,1982,,CD-1 (52B),Comprehensive Development,3563000,1515000,Mau Dan Gardens Co-Op Housing Association,Mau Dan Gardens Co-Op Housing Association,"",Long-term Rental,Non-Profit Housing,Mau Dan Gardens Co-op,Mau Dan Gardens Co-op Housing Association,1,http://app.vancouver.ca/RPS_Net/Default.aspx?num=350&street=E%20PENDER%20STREET
4910 fraser st,4920 fraser st;4940 fraser st;4942 fraser st;4946 fraser st;4950 fraser st,Kensington-Cedar Cottage,4940 fraser st,009043161,"",52,1993,C-2,,,,,,,,,,,,,
2740 w king edward av,"",,2740 w king edward av,"","",52,1964,,,,,,,,,,,Parkdale Manor,Calling Ministries,,
1601 barclay st,"",West End,1601 barclay st,015742792,605113950000,51,1965,,RM-5A,Residential,4841000,11541000,EMV Holdings Corp,EMV Holdings Corp,"",Long-term Rental,"",,,,
1340 w 12th av,"",Fairview,1340 w 12th av,014681421;014681455;014681447;014681439,670134740000,51,1965,,R3-3,Residential,17062000,4189000,Del Morro Holdings Ltd,Del Morro Holdings Ltd,Del Morro Apartments,Long-term Rental,"",,,,
286 keefer st,290 keefer st;296 keefer st;609 gore av;611 gore av;617 gore av,Strathcona,609 gore av,015662217;015662225,"",51,1910,HA-1A,,,,,,,,,,,,,
1186 nicola st,1485 davie st,West End,1485 davie st,030726948,612115110000,51,1946,RM-5D,RM-5D,Residential,36498000,116000,,,,,,,,,
2333 oxford st,"",Grandview-Woodland,2333 oxford st,015692370;015692400;015692361;015692396;015692434;015692451,577267090000,51,1970,,RM-3A,Residential,5572000,8219000,2333 Oxford Holdings Ltd,2333 Oxford Holdings Ltd,"",Long-term Rental,"",,,,
288 w king edward av,4122 yukon st;4124 yukon st;4126 yukon st,Riley Park,288 w king edward av,EPS4442,"",51,2020,CD-1 (691),,,,,,,,,,,,,
2005 pendrell st,"",West End,2005 pendrell st,015736512,609107970000,51,1956,,RM-5B,Residential,8768000,10430000,Pendrell Properties Ltd,Pendrell Properties Ltd,Delwood Apartments,Long-term Rental,"",,,,
1420 w 11th av,"",Fairview,1420 w 11th av,003215393;003215199;003215440;003215423,664130700000,51,1964,,R5-3,Residential,12796000,5603000,,,,,,,,,
1454 pendrell st,"",West End,1454 pendrell st,011063564,609115260000,51,1968,,RM-5,Residential,4126000,12761000,Starlight Investments,IMH 1454 PENDRELL APARTMENTS LTD,"",Long-term Rental,"",,,,
44 e 13th av,"",Mount Pleasant,44 e 13th av,013724142;013724169;013724185;013724100,683184600000,51,1977,,R3-3,Residential,15277000,2018000,Van Center Management Inc,Van Center Management Inc,"",Long-term Rental,"",,,1,http://app.vancouver.ca/RPS_Net/Default.aspx?num=44&street=E%2013TH%20AVENUE
610 jervis st,"",Downtown,610 jervis st,015745384,597117040000,51,1910,,DD,Comprehensive Development,12172000,4769000,S A H Properties Ltd,S A H Properties Ltd,"",Long-term Rental,"",,,2,http://app.vancouver.ca/RPS_Net/Default.aspx?num=610&street=JERVIS%20STREET
2170 w 44th av,"",Kerrisdale,2170 w 44th av,012089567;012089575;011279842;012089583;012089559;011279851,757081460000,51,1964,RM-3,RM-3,Residential,10878000,9269000,E M V HOLDINGS CORP,E M V HOLDINGS CORP,SHERIDAN COURT,Long-term Rental,"",,,,
3245 pierview crescent,3219 pierview crescent;3229 pierview crescent;3231 pierview crescent;3233 pierview crescent;3253 pierview crescent;3255 pierview crescent;3257 pierview crescent;3259 pierview crescent,Killarney,3245 pierview crescent,030284775,"",51,2021,,,,,,,,,,,Kinship Housing Co-operative,Kinship Housing Co-operative,,
3595 w 17th av,3210 dunbar st;3228 dunbar st;3288 dunbar st,Dunbar-Southlands,3595 w 17th av,027488195,40690060000,51,2011,,C-2A,Commercial,1274001,3275001,Coast Foundation Society (1974),Coast Foundation Society (1974),Dunbar Apartments,Long-term Rental,Non-Profit Housing,Dunbar Apartments,Coast Mental Health,2,http://app.vancouver.ca/RPS_Net/Default.aspx?num=3595&street=W%2017TH%20AVENUE
2425 st catherines st,"",Mount Pleasant,2425 st catherines st,002549140,648212940000,51,2021,,CD-1 (710),Comprehensive Development,1513000,7749000,,,,,,Mi Casa,Red Door Housing Society,,
5411 vine st,"",Arbutus Ridge,5411 vine st,012214507;012214515;012214493;010720537,79739650000,51,1964,,RM-3,Residential,11180000,8561000,Basha Sales Co Ltd & Leibel Sales Co Ltd,Basha Sales Co Ltd & Leibel Sales Co Ltd,Belmont Properties,Long-term Rental,"",,,,
2527 pine st,1702 w broadway;1740 w broadway;1750 w broadway;1754 w broadway;1758 w broadway;1762 w broadway;1780 w broadway,Fairview,2527 pine st,024206300,650120920000,51,2000,,C-3A,Commercial,48241000,23993000,West Broadway Centre Ltd,West Broadway Centre Ltd,"",Long-term Rental,"",,,,
55 e 12th av,"",Mount Pleasant,55 e 12th av,008962154;015541096;015541088;015541100;015541053,670184970000,51,1965,,R5-3,Residential,20186619,105000,Fairview Court Holdings Ltd,Fairview Court Holdings Ltd,"",Long-term Rental,"",,,,
4453 main st,4423 main st;4433 main st;4435 main st;4445 main st;4475 main st,Riley Park,4453 main st,028045033,190717690000,51,2007,,C-2A,Commercial,12132000,44596000,Kevington Building Corporation Ltd,Kevington Building Corporation Ltd,"",Long-term Rental,"",,,1,http://app.vancouver.ca/RPS_Net/Default.aspx?num=4453&street=MAIN%20STREET
1080 barclay st,"",,1080 barclay st,"","",50,1956,,,,,,Bosa Developments,Bosa-Kingswood Properties (Barclay) Inc,"",Long-term Rental,"",,,,
917 w 7th av,"",Fairview,917 w 7th av,007339976,646150970000,50,1977,,R4-1,Residential,12164000,7708000,Johnston Allen Properties Ltd,Johnston Allen Properties Ltd,"",Long-term Rental,"",,,,
2121 franklin st,"",Grandview-Woodland,2121 franklin st,009411127;009426281;009426299;009411135;009426302,588259030000,50,1969,,RM-3A,Residential,5253000,7597000,1111874 BC Ltd,1111874 BC Ltd,Kingsley Manor,Long-term Rental,"",,,,
1155 haro st,"",West End,1155 haro st,010826157,603118250000,50,1968,,RM-5B,Residential,3631000,13013000,Jackson Lam & Yvonne Yee & Wan Lau,Jackson Lam & Yvonne Yee & Wan Lau,"",Long-term Rental,"",,,,
8790 sw marine dr,"",Marpole,8790 sw marine dr,008724482,125832840000,50,1970,,RM-3A,Residential,6609000,1980000,,,,,,Kiwanis Manor,Vancouver Kiwanis Senior Citizens Housing Society,,
1045 w 14th av,"",Fairview,1045 w 14th av,014667410,686149590000,50,1970,,R3-3,Residential,17062000,4282000,Wall & Redekop Corp Ltd,Wall & Redekop Corp Ltd,"",Long-term Rental,"",,,,
1600 franklin st,1610 franklin st;1612 franklin st;1616 franklin st;1622 franklin st,Grandview-Woodland,1610 franklin st,011157402,"",50,1970,RT-3,,,,,,,,,,,,,
1145 burnaby st,"",West End,1145 burnaby st,007979479,613118370000,50,1988,,RM-5A,Residential,3493000,1374000,Affordable Housing Advisory Association,Affordable Housing Advisory Association,West End Manor,Long-term Rental,Non-Profit Housing,West End Manor,Affordable Housing Societies,,
2131 pandora st,"",Grandview-Woodland,2131 pandora st,003021467;003022439;003021581;003021378;003021190;003022498,587259070000,50,1969,,RM-3A,Residential,5253000,10140000,406001 BC Ltd,406001 BC Ltd,Lakewood Hieghts,Long-term Rental,"",,,,
600 e 6th av,"",Mount Pleasant,600 e 6th av,015392619,645206060000,50,1970,,R5-4,Residential,28902000,83400,,,,,,Carolina Court,BC Housing,,
3300 oak st,"",South Cambie,3300 oak st,008809402,150691080000,50,1968,,RM-3A,Residential,8145000,10567000,609506 BC Ltd,609506 BC Ltd,"",Long-term Rental,"",,,,
300 e pender st,"",Strathcona,300 e pender st,008706212,192592040000,50,1971,,CD-1 (52B),Comprehensive Development,10134000,661000,Christ Church of China,Christ Church of China,China Villa Senior Citizens Home,Long-term Rental,Non-Profit Housing,China Villa,Christ Church of China,,
1289 hornby st,"",Downtown,1289 hornby st,031734065;EPS8296,124612850000,50,2023,,CD-1 (588),Comprehensive Development,7482000,15785000,Rattenbury Enterprises Ltd,Rattenbury Enterprises Ltd,"",Long-term Rental,"",,,,
522 e 8th av,"",Mount Pleasant,522 e 8th av,008173613,648201080000,50,1978,RM-4,R3-3,Residential,16486000,955000,Willow Lane Apartments Inc,Willow Lane Apartments Inc,"",Long-term Rental,"",,,,
1880 e pender st,"",Grandview-Woodland,1880 e pender st,005273501;005273471;005273463;005273455,592251940000,50,1969,,RM-4,Residential,4649000,8989000,Bloomsbury Properties Ltd,Bloomsbury Properties Ltd,"",Long-term Rental,"",,,5,http://app.vancouver.ca/RPS_Net/Default.aspx?num=1880&street=E%20PENDER%20STREET
3075 nanaimo st,"",Kensington-Cedar Cottage,3075 nanaimo st,010017712,270670950000,50,1962,,RM-2,Residential,3587700,6606800,New Chelsea Society,New Chelsea Society,"",Long-term Rental,Non-Profit Housing,Chelsea Lodge,New Chelsea Society,,
375 w 10th av,"",Mount Pleasant,375 w 10th av,007654570,654171050000,49,1977,,R5-3,Residential,4528000,9299000,Lutheran Manor Society of Vancouver BC,Lutheran Manor Society of Vancouver BC,"",Long-term Rental,Non-Profit Housing,Lutheran Manor,Lutheran Manor Society of Vancouver,,
1025 gilford st,"",West End,1025 gilford st,008013012;008012989,607108970000,49,1962,,RM-5B,Residential,13314000,11827000,Christopher Investments Ltd & The Corporate Advisory Group Inc,Christopher Investments Ltd & The Corporate Advisory Group Inc,"",Long-term Rental,"",,,,
1718 davie st,1209 bidwell st;1708 davie st;1722 davie st,West End,1209 bidwell st,EPS2049,"",49,2013,CD-1 (489),,,,,,,,,,,,,
175 e broadway,151 e broadway;177 e broadway;183 e broadway;189 e broadway,Mount Pleasant,175 e broadway,015539199;015539156,190648950000,49,1913,,C-3A,Commercial,8272600,15061000,175 Management Ltd,175 Management Ltd,"",Long-term Rental,"",,,1,http://app.vancouver.ca/RPS_Net/Default.aspx?num=175&street=E%20BROADWAY
1638 w 12th av,"",Fairview,1638 w 12th av,014176751;014176785;014176742,670122540000,49,1966,RM-3,R3-3,Residential,12796000,8914000,5470 Investments Ltd,5470 Investments Ltd,Granville Court Apt,Long-term Rental,"",,,,
1215 beach av,"",West End,1215 beach av,015739490;015739546;015739511,617117970000,49,1964,,RM-5A,Residential,9185000,12576000,Finimaan Investments Ltd,Finimaan Investments Ltd,Beach Terrace,Long-term Rental,"",,,,
893 bute st,"",West End,893 bute st,004314581,605117950000,49,1964,RM-5B,RM-5B,Residential,4841000,12661000,Artillery Enterprises Inc,Artillery Enterprises Inc,"",Long-term Rental,"",,,,
520 w 7th av,"",Fairview,520 w 7th av,015194442,646165840000,49,2001,,C-3A,Commercial,2026000,2761000,Brightside Community Homes Foundation,Brightside Community Homes Foundation,"",Long-term Rental,Non-Profit Housing,Glynn Manor,Brightside Community Homes Foundation,,
1686 w 12th av,"",Fairview,1686 w 12th av,013301659;013301721;013301691,670122040000,48,1968,,R3-3,Residential,13436000,4325000,EMV Holdings Corp,EMV Holdings Corp,"",Long-term Rental,"",,,,
2050 rupert st,"",Hastings-Sunrise,2050 rupert st,026666511,634300040000,48,1965,,CD-1 (9),Comprehensive Development,3105000,3149000,,,,,,Beulah Garden Homes,Hopehill,,
7440 fraser st,"",Sunset,7440 fraser st,002768119,210811060000,48,1967,CD-1 (40),CD-1 (40),Comprehensive Development,4172000,8561000,,,,,,,,,
355 e 15th av,"",Mount Pleasant,355 e 15th av,011876981;011877014;015608018;015608000;015608051;015608034,687194550000,48,1966,,R3-3,Residential,15701000,155000,John Dyck & Erna Dyck,John Dyck & Erna Dyck,"",Long-term Rental,"",,,,
2270 e 25th av,2271 e 27th av;2273 e 27th av;2274 e 25th av;2275 e 27th av;2276 e 25th av;2277 e 27th av;2278 e 25th av;2279 e 27th av;2280 e 25th av;2282 e 25th av;2283 e 27th av;2284 e 25th av;2285 e 27th av;2286 e 25th av;2287 e 27th av;2289 e 27th av;2291 e 27th av,Kensington-Cedar Cottage,2270 e 25th av,008023875,"",48,1971,,,,,,,,,,,Brant Villa,BC Housing,,
900 jervis st,"",West End,900 jervis st,011762284,603117040000,48,1964,,RM-5B,Residential,4841000,12293000,Oriental Investments Ltd,Oriental Investments Ltd,Jervis Towers Apartment,Long-term Rental,"",,,,
1710 cassiar st,"",Hastings-Sunrise,1710 cassiar st,007535619,630302060000,48,1991,CD-1 (261),CD-1 (261),Comprehensive Development,4672000,14495000,Concert Realty Group,Concert Realty Services Ltd,Cassiar Court,Long-term Rental,"",,,,
1999 nelson st,"",West End,1999 nelson st,013916815;013916823,606108050000,48,1951,,RM-5B,Residential,13314000,6079000,Belmont Park Strand Ltd,Belmont Park Strand Ltd,"",Long-term Rental,"",,,,
1436 graveley st,"",Grandview-Woodland,1436 graveley st,007249951,616232320000,48,1980,,RM-4,Residential,6121000,8788000,Cressey Development Group,Graveley Apts Ltd,"",Long-term Rental,"",,,,
2075 w 12th av,"",Kitsilano,2075 w 12th av,014181002,670090370000,48,2020,,CD-1 (716),Comprehensive Development,3991000,31556000,Strand Arbutus Development Limited,Strand Arbutus Development Limited,"",Long-term Rental,"",,,,
95 sw marine dr,"",Marpole,95 sw marine dr,030401640,830181490000,48,2022,,CD-1 (726),Comprehensive Development,2305000,4084000,,,,,,Chelsea Marine (Building 1),New Chelsea Society,,
1720 kingsway,1710 kingsway;1712 kingsway;1716 kingsway;1718 kingsway;1722 kingsway;1726 kingsway;1728 kingsway;1730 kingsway;1738 kingsway,Kensington-Cedar Cottage,1720 kingsway,028252462,770239060000,48,2017,,C-2A,Commercial,8602652,4257000,Sanford Affordable Housing Society,Sanford Affordable Housing Society,The Brice,Long-term Rental,Non-Profit Housing,Brice Apartments,Sanford Housing Society,,
3550 w broadway,"",Kitsilano,3550 w broadway,017152321,650041060000,48,1993,RM-4,RM-4,Residential,10444000,13028000,bcIMC Realty Corporation / QuadReal Group,bcIMC Realty Corporation & Dunway Court Holdings Inc,Dunway Court,Long-term Rental,"",,,,
1860 w 2nd av,"",Kitsilano,1860 w 2nd av,015287734;015287718;015287726;015287696,636097460000,48,1972,,R3-3,Residential,14332000,3499000,Damon Developments Ltd,Damon Developments Ltd,"",Long-term Rental,"",,,,
101 e hastings st,350 columbia st;370 columbia st;390 columbia st,Downtown,101 e hastings st,028998651,590186050000,48,1999,,DEOD,Comprehensive Development,1,1,PHS Community Services Society,PHS Community Services Society,Hotel Irving,Long-term Rental,Non-Profit Housing,Hotel Irving,PHS Community Services Society,,
855 jervis st,"",West End,855 jervis st,014965275;014965259,603116950000,48,1959,,RM-5,Residential,3961000,14818000,855 Jervis Street Holdings Inc,855 Jervis Street Holdings Inc,"",Long-term Rental,"",,,,
2310 w 2nd av,"",Kitsilano,2310 w 2nd av,014992949;014992931;014992957,636078940000,48,1968,,RM-4,Residential,6655000,10841000,Las Salinas Holdings Ltd,Las Salinas Holdings Ltd,Las Salinas,Long-term Rental,"",,,,
1265 beach av,"",West End,1265 beach av,008725306;008725349;008725331,617117070000,47,1965,,RM-5A,Residential,8131000,12696000,Tribe Rental Management,Broadway Properties Ltd,Penthouse Tower,Long-term Rental,"",,,,
2255 cypress st,"",Kitsilano,2255 cypress st,015231500;015231518;015231461;015231551;015231526,646095970000,47,1969,,R5-4,Residential,16009000,1149000,E M V Holdings Corp,E M V Holdings Corp,Cypress Gardens,Long-term Rental,"",,,,
2980 euclid av,"",,2980 euclid av,"","",47,1994,,,,,,,,,,,Lion's View - Building II,Brightside Community Homes Foundation,,
330 e 6th av,"",Mount Pleasant,330 e 6th av,007759002,645194320000,47,1975,,R5-3,Residential,3990000,7519000,New Chelsea Society,New Chelsea Society,Chelsea Tower - Project 7,Long-term Rental,Non-Profit Housing,Chelsea Tower - Project 7,New Chelsea Society,,
1349 e 2nd av,"",Grandview-Woodland,1349 e 2nd av,006454429,631230910000,47,1987,,RM-4,Residential,6968000,10052000,,,,,,Laura Jamieson Co-op,Laura Jamieson Co-op Housing Association,,
5562 balsam st,"",Arbutus Ridge,5562 balsam st,013084305;013084275;013084232,78744060000,47,1965,,RM-3,Residential,11297000,8766000,Basha Sales Co Ltd & Leibel Sales Co Ltd,Basha Sales Co Ltd & Leibel Sales Co Ltd,Belmont Properties,Long-term Rental,"",,,,
1275 w 15th av,"",Fairview,1275 w 15th av,014665271;014665298;014665263;014665280,688138070000,47,1972,,R3-3,Residential,17915000,1167000,Rei-Mar Investments Ltd & Manytree Holdings Ltd,Rei-Mar Investments Ltd & Manytree Holdings Ltd,"",Long-term Rental,"",,,,
5805 balsam st,"",Kerrisdale,5805 balsam st,011575255;011575182;011575174;011575263;011575212;011575247;011575191;011575280,78750450000,47,1963,,RM-3,Residential,10719000,11060000,Thomas Downie Holdings Ltd,Thomas Downie Holdings Ltd,Horizon House,Long-term Rental,"",,,,
2345 dundas st,"",Grandview-Woodland,2345 dundas st,003532356;003519716;003519660;003519732;003519686;003519759,580267050000,47,1966,,RM-3A,Residential,4727000,9177000,2345 Dundas Street Holdings Ltd,2345 Dundas Street Holdings Ltd,"",Long-term Rental,"",,,,
1556 charles st,"",Grandview-Woodland,1556 charles st,007874090;007874111;007874162;007874855;007874014;007874871;007874821,607234500000,47,1977,,RM-4,Residential,5492000,7067000,(Francis Ho),(Francis Ho),"",Long-term Rental,"",,,,
1218 burnaby st,"",West End,1218 burnaby st,011586931,613117840000,47,1969,RM-5A,RM-5A,Residential,6213000,10576000,Rosie L Tanco & Susana J Go,Rosie L Tanco & Susana J Go,Pat Rose Place,Long-term Rental,"",,,,
2225 w 8th av,"",Kitsilano,2225 w 8th av,015214206;015214168;015214214;015214184,648084790000,47,1967,,R5-3,Residential,16380000,1848000,Gary Manor Holdings Ltd,Gary Manor Holdings Ltd,"",Long-term Rental,"",,,,
1842 e 10th av,"",Kensington-Cedar Cottage,1842 e 10th av,012979155,655250780000,47,1989,,RM-4,Residential,2258000,1480000,Affordable Housing Charitable Association,Affordable Housing Charitable Association,"",Long-term Rental,Non-Profit Housing,Whiting Court,Affordable Housing Societies,,
2277 w 2nd av,"",Kitsilano,2277 w 2nd av,007514344;007514361;007514280;007514328;007514301;007514492,636084150000,47,1966,,R3-3,Residential,6211000,12304000,Siddoo Kashmir Holding Limited,Ajmer Singh Siddoo (Ajmer Siddoo),"",Long-term Rental,"",,,,
5750 larch st,"",Kerrisdale,5750 larch st,011575433;011575492;011575409;011575506;011575450;011575484;011575476,77750460000,47,1964,,RM-3,Residential,10719000,9105000,Basha Sales Co Ltd & Leibel Sales Co Ltd,Basha Sales Co Ltd & Leibel Sales Co Ltd,Belmont Properties,Long-term Rental,"",,,,
1075 w 14th av,"",Fairview,1075 w 14th av,014667347;014667355;014667363;014667321,686149050000,47,1966,RM-3,R3-3,Residential,17915000,161000,Eugene Trademan & Frank Baru,Eugene Trademan & Frank Baru,Manhattan Court,Long-term Rental,"",,,,
8770 granville st,"",Marpole,8770 granville st,014347962;014347911;014348004;014347725;014347776,130832960000,47,1962,,RM-3A,Residential,6242000,5623000,WELBEC 8700 GRANVILLE HOLDINGS LTD.,WELBEC 8700 GRANVILLE HOLDINGS LTD.,"",Long-term Rental,"",,,1,http://app.vancouver.ca/RPS_Net/Default.aspx?num=8770&street=GRANVILLE%20STREET
1745 w 12th av,"",Fairview,1745 w 12th av,014183773,670120490000,47,1971,,R3-3,Residential,17062000,1977000,0779710 BC Ltd,0779710 BC Ltd,"",Long-term Rental,"",,,,
1750 w 13th av,"",Fairview,1750 w 13th av,011151781,683120420000,47,1971,,R3-3,Residential,17062000,1834000,Concord Shaughnessy GP Ltd,Concord Shaughnessy GP Ltd,"",Long-term Rental,"",,,,
1370 davie st,"",West End,1370 davie st,007269285,612116100000,47,1979,RM-5D,RM-5D,Residential,36522000,103000,Broughton Place Apts Ltd,Broughton Place Apts Ltd,Broughton Place,Long-term Rental,"",,,,
2181 w 38th av,"",Arbutus Ridge,2181 w 38th av,011480904;011480831;011480980;011480777;011480947;011480866,742081070000,46,1963,,RM-3,Residential,9370000,11519000,(Anna Katrich),(Anna Katrich),Westwyn,Long-term Rental,"",,,,
1932 w 1st av,"",Kitsilano,1932 w 1st av,012801771;012801917;012801828;012801887;012801976;012801852;012801941,634095700000,46,1978,,C-2A,Commercial,2656000,15358000,Kitsilano Shores Holdings Inc,Kitsilano Shores Holdings Inc,"",Long-term Rental,"",,,,
107 e broadway,109 e broadway;111 e broadway,Mount Pleasant,107 e broadway,015539024;015539032,650186150000,46,1909,,C-3A,Commercial,3634000,12521000,Aishwarya Investments Ltd,Aishwarya Investments Ltd,Santa Rosa Apartment,Long-term Rental,"",,,,
5688 ash st,"",South Cambie,5688 ash st,030383978;030383960,750165370000;750165270000,46,2019,,CD-1 (665),Comprehensive Development,732000,2239000,Catalyst Community Developments Society;OLC Housing Society,Catalyst Community Developments Society;OLC Housing Society,"",Long-term Rental,Non-Profit Housing,Hannelore,Oakridge Lutheran Church Housing Society,1,http://app.vancouver.ca/RPS_Net/Default.aspx?num=5688&street=ASH%20STREET
8725 french st,"",Marpole,8725 french st,031553257,"",46,1964,,,,,,,,,,,The Hawthorne,Brightside Community Homes Foundation,,
650 bucketwheel,"",Fairview,650 bucketwheel,007363290,165633170000,46,1977,,FCCDD,Comprehensive Development,7244000,8314000,The Vancouver Broadway Housing Society,The Vancouver Broadway Housing Society,"",Long-term Rental,Non-Profit Housing,Clarke Manor,Vancouver Broadway Housing Society,1,http://app.vancouver.ca/RPS_Net/Default.aspx?num=650&street=BUCKETWHEEL
8643 logan st,"",Marpole,8643 logan st,004543653;004543670;011888091;004543637;004544552,155830550000,46,1969,,RM-3A,Residential,6575000,4944000,(Ralph Snell),(Ralph Snell),"",Long-term Rental,"",,,,
2244 w 6th av,"",Kitsilano,2244 w 6th av,015994741;015994716;015994759;015994686;015994767;015994724;015994775,643084740000,46,1969,,R5-4,Residential,16380000,1366000,2244 West 6th Avenue Holdings Inc,2244 West 6th Avenue Holdings Inc,"",Long-term Rental,"",,,8,http://app.vancouver.ca/RPS_Net/Default.aspx?num=2244&street=W%206TH%20AVENUE
179 main st,"",Downtown,179 main st,029288231;030705452,190579570000;190579670000,46,2020,DEOD,DEOD,Comprehensive Development,3690000,12165000,,,,,,179 Main Street,Anhart Community Housing Society,,
2120 w 44th av,"",Kerrisdale,2120 w 44th av,012089761;012089613;012089737;012089753;012089745;012089605;012089770;012089591,757081760000,46,1964,,RM-3,Residential,11594000,7961000,,,,,,,,1,http://app.vancouver.ca/RPS_Net/Default.aspx?num=2120&street=W%2044TH%20AVENUE
2345 w 5th av,"",Kitsilano,2345 w 5th av,014970490;014970554;014970503;014970589,642078530000,46,1968,,RM-4,Residential,8282000,8861000,Harkerson B C Wholesale Lumber Ltd,Harkerson B C Wholesale Lumber Ltd,"",Long-term Rental,"",,,,
860 jervis st,"",West End,860 jervis st,015744710;015744728,603117070000,46,1959,,RM-5B,Residential,4841000,11976000,Hyman Mitchner Myrna Mitchner & Arliss Miller,Hyman Mitchner Myrna Mitchner & Arliss Miller,"",Long-term Rental,"",,,,
1477 e broadway,"",Grandview-Woodland,1477 e broadway,007316836,650232930000,46,1978,,RM-4,Residential,5255000,7547000,,,,,,,,,
1165 w 13th av,"",Fairview,1165 w 13th av,014675072;014674882;014675013;014675021,683146410000,46,1965,,R3-3,Residential,16209000,829000,Ann Margaret Halicki (Ann Halicki),Ann Margaret Halicki (Ann Halicki),"",Long-term Rental,"",,,,
5976 tisdall st,"",Oakridge,5976 tisdall st,009611452,161752660000,45,1961,,CD-1 (713),Comprehensive Development,13505000,6682000,Hollyburn Properties Ltd,Hollyburn Properties Limited,Shannon Tower,Long-term Rental,"",,,,
5555 balsam st,"",Arbutus Ridge,5555 balsam st,013530909;013530861;013530887;013530828;013530852;013530836;013530879,78744070000,45,1965,,RM-3,Residential,10750000,8389000,Basha Sales Co Ltd & Leibel Sales Co Ltd,Basha Sales Co Ltd & Leibel Sales Co Ltd,Belmont Properties,Long-term Rental,"",,,,
1106 pendrell st,"",West End,1106 pendrell st,029568307;030585562,609118780000,45,2018,,CD-1 (607),Comprehensive Development,230000,5143000,,,,,,CentralPC Housing Society,CentralPC Housing Society,,
2304 w 8th av,2425 vine st,Kitsilano,2304 w 8th av,028112458,648078940000,45,2012,,CD-1 (490),Comprehensive Development,1,1,,,,,,Linden Tree Place,Kitsilano Neighbourhood House,,
788 richards st,"",Downtown,788 richards st,BCS2917;BCS2918;BCS2835,"",45,2008,,,,,,,,,,,Doug Storey Apartments,Coast Mental Health,12,http://app.vancouver.ca/RPS_Net/Default.aspx?num=788&street=RICHARDS%20STREET
343 e 8th av,"",Mount Pleasant,343 e 8th av,015551539;015551521;015551580;015551563;015551555,648194930000,45,1969,RM-4,RM-4,Residential,16486000,139000,MOLLENKOR HOLDINGS LTD.,MOLLENKOR HOLDINGS LTD.,Caesar Court Apartments,Long-term Rental,"",,,,
1189 main st,"",Downtown,1189 main st,017154235,190605650000,45,1992,,CD-1 (264),Comprehensive Development,2887000,2890000,Affordable Housing Charitable Association,Affordable Housing Charitable Association,"",Long-term Rental,Non-Profit Housing,Station Park I,Affordable Housing Societies,,
303 railway st,305 railway st;321 railway st,Strathcona,321 railway st,005862442,"",45,1998,CD-1 (354),,,,,,,,,,,,,
555 e 6th av,"",Mount Pleasant,555 e 6th av,005555744;005555612,645201950000,45,1962,,R5-3,Residential,16486000,158000,G&M Enterprises Ltd,G&M Enterprises Ltd,"",Long-term Rental,"",,,,
5250 rupert st,"",Renfrew-Collingwood,5250 rupert st,006577385,300726300000,45,1987,,CD-1 (171),Comprehensive Development,3360000,13445000,,,,,,Alberni Co-op,Alberni Co-op Housing Association,,
1209 jervis st,"",West End,1209 jervis st,018756808,612116960000,45,1910,RM-5D,RM-5D,Residential,24329000,478000,0811930 BC Ltd,0811930 BC Ltd,"",Long-term Rental,"",,,3,http://app.vancouver.ca/RPS_Net/Default.aspx?num=1209&street=JERVIS%20STREET
2929 nootka st,"",Renfrew-Collingwood,2929 nootka st,006906397,684280930000,45,1979,,CD-1 (130),Comprehensive Development,2721000,1305000,,,,,,Kelly Court,Metro Vancouver Housing Corporation,,
408 jackson av,502 e hastings st;504 e hastings st,Strathcona,504 e hastings st,015677117;015576019,"",45,1912,DEOD,,,,,,,,,,,,,
2045 barclay st,"",West End,2045 barclay st,010720740,605107350000,45,1957,,RM-5B,Residential,9560000,8021000,Konig Holdings Co Ltd,Konig Holdings Co Ltd,"",Long-term Rental,"",,,,
4665 w 10th av,"",West Point Grey,4665 w 10th av,011221976;011222026;011221852;011221933;011222123;011222212,670020250000,45,1965,,RM-3,Residential,8419000,9315000,Christopher Investments Ltd,Christopher Investments Ltd,Sasamat Towers,Long-term Rental,"",,,,
2950 euclid av,"",Renfrew-Collingwood,2950 euclid av,018710247,722283480000,45,1993,,CD-1 (291),Comprehensive Development,1651000,5660000,Brightside Community Homes Foundation,Brightside Community Homes Foundation,"",Long-term Rental,Non-Profit Housing,Lion's View - Building I,Brightside Community Homes Foundation,3,http://app.vancouver.ca/RPS_Net/Default.aspx?num=2950&street=EUCLID%20AVENUE
1680 e 6th av,"",Grandview-Woodland,1680 e 6th av,017487421,641234620000,45,1993,,RM-4,Residential,1071000,2737000,New Chelsea Society,New Chelsea Society,Chelsea Lane,Long-term Rental,Non-Profit Housing,Chelsea Lane,New Chelsea Society,,
2121 alma st,"",West Point Grey,2121 alma st,011483351;011483318;011483407,642037940000,44,1967,,RM-4,Residential,6334000,9543000,E M V Holdings Corp,E M V Holdings Corp,The Alma,Long-term Rental,"",,,,
375 princess av,335 princess av;573 e hastings st;577 e hastings st,Strathcona,375 princess av,015584232;015584241,"",44,2009,,,,,,,,,,,The Cornerstone,PHS Community Services Society,,
1416 harwood st,"",West End,1416 harwood st,005829623,615115740000,44,1964,,RM-5A,Residential,3631000,11310000,EMV Holdings Corp,EMV Holdings Corp,"",Long-term Rental,"",,,,
32 w pender st,"",Downtown,32 w pender st,023141522,592175520000,44,1998,,CD-1 (348),Comprehensive Development,2525000,2540000,,,,,,The CBA Manor,CBA Housing Society,,
2121 wall st,"",Grandview-Woodland,2121 wall st,015693813;015693821;015693830;015693805,255575270000,44,1970,RM-3A,RM-3A,Residential,5345000,5523000,Ludvik Rener & Anna Rener,Ludvik Rener & Anna Rener,"",Long-term Rental,"",,,4,http://app.vancouver.ca/RPS_Net/Default.aspx?num=2121&street=WALL%20STREET
1265 w 13th av,"",Fairview,1265 w 13th av,014678420;014678438;014678454;014678411,683138410000,44,1968,,R3-3,Residential,17062000,1042000,1233927 BC Ltd,1233927 BC Ltd,Balmoral Park Apartments,Long-term Rental,"",,,,
129 e cordova st,119 e cordova st,Downtown,119 e cordova st,005076251;005076561;005076200;005076196;005076285;005076404,589186350000,44,1987,,HA-2,Historical Area,11528000,20552000,,,,,,James McCready Residence,Salvation Army,,
412 carrall st,408 carrall st;428 carrall st,Downtown,412 carrall st,003545725,590178060000,44,2008,,HA-2,Historical Area,900001,226001,PHS Community Services Society,PHS Community Services Society,Pennsylvania Hotel,Long-term Rental,Non-Profit Housing,Pennsylvania Hotel,PHS Community Services Society,4,http://app.vancouver.ca/RPS_Net/Default.aspx?num=412&street=CARRALL%20STREET
1286 w 14th av,"",Fairview,1286 w 14th av,009182004;009181997;009182021;009181881,686138040000,44,1967,,R3-3,Residential,17915000,211000,No 33 Taurus Ventures Ltd,No 33 Taurus Ventures Ltd,The Midvale Apartments,Long-term Rental,"",,,,
1831 robson st,"",West End,1831 robson st,016072901;016072910,602109750000,44,1964,,RM-5B,Residential,3631000,12444000,Mee Hoi Bros Company Ltd,Mee Hoi Bros Company Ltd,"",Long-term Rental,"",,,,
1555 e 6th av,"",Grandview-Woodland,1555 e 6th av,007325231,641234230000,44,1977,,RM-4,Residential,4374000,8278000,ACACIA APTS. LTD.,ACACIA APTS. LTD.,"",Long-term Rental,"",,,,
1580 e 3rd av,"",Grandview-Woodland,1580 e 3rd av,007044259,633236220000,44,1985,,RM-4,Residential,2839000,1425000,,,,,,Paloma Co-op,Paloma Co-op Housing Association,,
8617 oak st,"",Marpole,8617 oak st,005162653,150830350000,44,1980,,RM-3A,Residential,5398000,6319000,John Chun Yin Wong  (John Wong),John Chun Yin Wong  (John Wong),"",Long-term Rental,"",,,,
1333 e broadway,"",Grandview-Woodland,1333 e broadway,015303438;015303381;015303462;015303403;015303411,650230070000,44,1967,,RM-4,Residential,5068000,6987000,Ho Lok Yung (Ho Yung),Ho Lok Yung (Ho Yung),"",Long-term Rental,"",,,,
2137 w 1st av,"",Kitsilano,2137 w 1st av,007130546,634087570000,44,1984,,RM-4,Residential,8721000,13313000,,,,,,Helen's Court Co-op,Helen's Court Co-op Housing Association,,
1234 w 14th av,"",Fairview,1234 w 14th av,014665255;014665239;014665221;014665247,686138700000,44,1965,RM-3,R3-3,Residential,17062000,1102000,0832554 BC Ltd,0832554 BC Ltd,"",Long-term Rental,"",,,3,http://app.vancouver.ca/RPS_Net/Default.aspx?num=1234&street=W%2014TH%20AVENUE
4639 w 10th av,"",West Point Grey,4639 w 10th av,011126086;011126060;011126108;011126043;011126078,670020450000,44,1964,,RM-3,Residential,7028000,9555000,Hollyburn Properties Ltd,Hollyburn (Alberta) Ltd,Bellevue Towers,Long-term Rental,"",,,,
998 thurlow st,"",West End,998 thurlow st,002420601,606119070000,44,1910,RM-5B,RM-5B,Residential,9653000,112000,,,,,,,,,
1417 e 8th av,"",Grandview-Woodland,1417 e 8th av,015387011;015386988;015386937;015386970;015386953;015386911,648232070000,44,1980,,RM-4,Residential,5784000,6442000,Mclean Apts Ltd,Mclean Apts Ltd,"",Long-term Rental,"",,,,
2280 w 6th av,"",Kitsilano,2280 w 6th av,015224571;015224562;015224554;015224589,643084360000,43,1970,,R5-4,Residential,14332000,3455000,2280 West 6th Avenue Holdings Ltd,2280 West 6th Avenue Holdings Ltd,"",Long-term Rental,"",,,,
2091 w 2nd av,"",Kitsilano,2091 w 2nd av,015232344;015232328;015232271;015232280;015232247;015232310;015232352;015232239,636090050000,43,1966,,R3-3,Residential,15049000,337000,Goran Holdings Ltd,Goran Holdings Ltd,"",Long-term Rental,"",,,,
1465 lameys mill rd,"",Fairview,1465 lameys mill rd,007190816,639132550000,43,1981,,FCCDD,Comprehensive Development,10586000,5276000,,,,,,Twin Rainbows Co-op,Twin Rainbows Co-op Housing Association,,
6060 balsam st,"",Kerrisdale,6060 balsam st,011498021;011498048;011498072;011497688;011498102;011498129,78755640000,43,1963,,RM-3,Residential,9202000,8313000,Coast Apartments Ltd,Coast Apartments Ltd,"",Long-term Rental,"",,,,
1846 nelson st,"",West End,1846 nelson st,015344932,606109500000,43,1964,,RM-5B,Residential,3631000,13412000,,,,,,,,,
1222 pendrell st,"",West End,1222 pendrell st,015740986;015740994,609117840000,43,1965,,RM-5B,Residential,3631000,8588000,1100604 BC LTD.,1100604 BC LTD.,"",Long-term Rental,"",,,,
1300 granville st,"",Downtown,1300 granville st,028190394,130614120000,43,2014,,CD-1 (482),Comprehensive Development,4886800,1571000,,,,,,The Yale,Community Builders Group,,
1235 comox st,"",West End,1235 comox st,015742121,607117550000,43,1957,,RM-5B,Residential,9986000,6802000,Hsus Enterprises Corporation,Hsus Enterprises Corporation,"",Long-term Rental,"",,,,
1415 lameys mill rd,"",Fairview,1415 lameys mill rd,007190808,639132950000,43,1981,,FCCDD,Comprehensive Development,10193000,5669000,,,,,,Twin Rainbows Co-op,Twin Rainbows Co-op Housing Association,,
1932 alberni st,"",West End,1932 alberni st,015747158,601108760000,43,1965,RM-5B,RM-5B,Residential,3631000,12757000,(Herta Field),(Herta Field),"",Long-term Rental,"",,,,
2680 blanche st,"",Killarney,2680 blanche st,016595718,"",43,1992,,,,,,,,,,,Fraser Lands Family Housing,Red Door Housing Society,,
2145 york av,"",Kitsilano,2145 york av,007273924,631087330000,43,1979,RM-4,RM-4,Residential,8721000,11437000,Yorkshire Place Apt Ltd,Yorkshire Place Apt Ltd,"",Long-term Rental,"",,,1,http://app.vancouver.ca/RPS_Net/Default.aspx?num=2145&street=YORK%20AVENUE
1521 burnaby st,"",West End,1521 burnaby st,015747557,613114670000,43,1965,,RM-5A,Residential,3631000,11454000,Simay Investments Ltd,Simay Investments Ltd,El Presidente,Long-term Rental,"",,,,
1445 pendrell st,"",West End,1445 pendrell st,015758788,609115370000,43,1964,,RM-5,Residential,3631000,10492000,Thomas Downie Holdings Ltd,Thomas Downie Holdings Ltd,Fremont,Long-term Rental,"",,,1,http://app.vancouver.ca/RPS_Net/Default.aspx?num=1445&street=PENDRELL%20STREET
2040 w 12th av,"",Kitsilano,2040 w 12th av,025747860,670090420000,43,2005,C-7,C-7,Commercial,14930000,11323000,,,,,,,,,
1958 barclay st,"",West End,1958 barclay st,015738159,605108240000,42,1962,,RM-5B,Residential,3631000,11147000,1958 Barclay Street Holdings Ltd,1958 Barclay Street Holdings Ltd,"",Long-term Rental,"",,,,
1235 nelson st,"",West End,1235 nelson st,016357884,606117670000,42,1931,RM-5B,RM-5B,Residential,9247000,6809000,1235 NELSON PROPERTIES LTD.,1235 NELSON PROPERTIES LTD.,"",Long-term Rental,"",,,,
245 powell st,"",Strathcona,245 powell st,016116836,580190350000,42,1991,,DEOD,Comprehensive Development,1523000,1332000,Shiloh Housing Society,Shiloh Housing Society,"",Long-term Rental,Non-Profit Housing,Shiloh Place,Shiloh Housing Society,,
1949 barclay st,"",West End,1949 barclay st,015739376,605108470000,42,1963,,RM-5B,Residential,3631000,12037000,614486 BC Ltd,614486 BC Ltd,The Edgemont Apts,Long-term Rental,"",,,,
29 w hastings st,31 w hastings st,Downtown,29 w hastings st,011882093,590172630000,42,2003,,DD,Comprehensive Development,3549000,260000,,,,,,Cosmopolitan Hotel,Central City Foundation,2,http://app.vancouver.ca/RPS_Net/Default.aspx?num=29&street=W%20HASTINGS%20STREET
850 bidwell st,"",West End,850 bidwell st,015742954,603113070000,42,1966,RM-5A,RM-5A,Residential,4841000,10708000,Unison Holdings Ltd,Unison Holdings Ltd,"",Long-term Rental,"",,,,
1924 barclay st,"",West End,1924 barclay st,004442806;004442709,605108840000,42,1965,,RM-5B,Residential,3631000,12989000,1924 Barclay Street Holdings Inc,1924 Barclay Street Holdings Inc,"",Long-term Rental,"",,,,
2225 triumph st,"",Grandview-Woodland,2225 triumph st,007472960,586265070000,42,1978,RM-3A,RM-3A,Residential,5257000,12210000,,,,,,,,,
1288 broughton st,"",West End,1288 broughton st,004422261,613116070000,42,1956,,RM-5A,Residential,6614000,12287000,Mason Investments Ltd,Mason Investments Ltd,"",Long-term Rental,"",,,,
4620 w 10th av,"",West Point Grey,4620 w 10th av,012891932;012891941;012891908;012891916;012891924,670020740000,42,1968,,RM-3,Residential,7437000,10218000,University Investments Ltd,University Investments Ltd,University Towers,Long-term Rental,"",,,,
1630 barclay st,"",West End,1630 barclay st,015757366,605113660000,42,1970,,RM-5A,Residential,3631000,9859000,Brightside Community Homes Foundation,Brightside Community Homes Foundation,"",Long-term Rental,Non-Profit Housing,Gordon Fahrni House,Brightside Community Homes Foundation,,
43 e 15th av,"",Mount Pleasant,43 e 15th av,015523101;015523063;015522571;015523179;015522628;015522997;015522920;015522881,687184570000,42,1967,,R3-3,Residential,17031000,3861000,Wall Financial Corp,Wall Financial Corporation,Alderwood Apartments,Long-term Rental,"",,,,
368 lakewood dr,2101 e hastings st;2103 e hastings st;2105 e hastings st,Grandview-Woodland,368 lakewood dr,030473241,590259050000,42,2022,,CD-1 (707),Comprehensive Development,3724000,20597000,Castlebrook Income Properties Ltd.,Castlebrook Income Properties Ltd.,"",Long-term Rental,"",,,,
677 e 7th av,"",Mount Pleasant,677 e 7th av,008541248;011267852;015391469;015391451;011267798;015391477;011267747,646206970000,42,1971,,R3-3,Residential,14438000,142000,MML Properties Ltd,MML Properties Ltd,"",Long-term Rental,"",,,1,http://app.vancouver.ca/RPS_Net/Default.aspx?num=677&street=E%207TH%20AVENUE
1450 burnaby st,"",West End,1450 burnaby st,005811911,613115360000,42,1964,,RM-5A,Residential,3631000,14099000,1450 Burnaby Street Holdings Ltd,1450 Burnaby Street Holdings Ltd,"",Long-term Rental,"",,,,
1408 e 41st av,1402 e 41st av;1410 e 41st av;1416 e 41st av;1418 e 41st av;5706 knight st;5708 knight st,Victoria-Fraserview,1408 e 41st av,029426791,750230040000,42,2020,,CD-1 (620),Comprehensive Development,3581000,20120000,Christa Vina Investment Ltd,Christa Vina Investment Ltd,"",Long-term Rental,"",,,1,http://app.vancouver.ca/RPS_Net/Default.aspx?num=1408&street=E%2041ST%20AVENUE
1415 e broadway,"",Grandview-Woodland,1415 e broadway,005009464;005009545;005009570;005009529,650232030000,42,1968,,RM-4,Residential,5253000,6430000,Penelope Apartments Ltd,Penelope Apartments Ltd,"",Long-term Rental,"",,,,
2122 oxford st,"",Grandview-Woodland,2122 oxford st,015684709;015684717;015684695,577259060000,42,1965,,RM-3A,Residential,3777000,5341000,,,,,,Gillard Manor,Vancouver East Lion's Housing Foundation,,
2275 oxford st,"",Grandview-Woodland,2275 oxford st,007369760,577265990000,42,1977,RM-3A,RM-3A,Residential,4598000,7339000,1100935 B.C. LTD.,1100935 B.C. LTD.,"",Long-term Rental,"",,,,
1419 harwood st,"",West End,1419 harwood st,015745660,615115770000,42,1959,RM-5A,RM-5A,Residential,3631000,10592000,374857 BC Ltd & Datchet Holdings Ltd,374857 BC Ltd & Datchet Holdings Ltd,Sunrise Court,Long-term Rental,"",,,,
990 e 8th av,"",Mount Pleasant,990 e 8th av,005029821;005029732;005029520;005029848;005029775,648214940000,42,1971,,R3-3,Residential,13738000,137000,Hythe Investment Corp,Hythe Investment Corp,"",Long-term Rental,"",,,,
1139 barclay st,"",West End,1139 barclay st,015753298,605118150000,42,1959,,RM-5B,Residential,3631000,12089000,Skyline Apartments Ltd,Skyline Apartments Ltd,"",Long-term Rental,"",,,,
1873 nelson st,"",West End,1873 nelson st,015738311,606109170000,42,1962,,RM-5B,Residential,3631000,12507000,Westwood Apartment Ltd,Westwood Apartment Ltd,"",Long-term Rental,"",,,,
1931 nelson st,"",West End,1931 nelson st,003221318,606108650000,42,1965,,RM-5B,Residential,6657000,8003000,Shelmarjay Holdings Ltd,Shelmarjay Holdings Ltd,Newport Towers,Long-term Rental,"",,,,
1914 robson st,"",West End,1914 robson st,015741648,602108740000,42,1963,,RM-5B,Residential,3631000,12378000,Harob Holdings Ltd,Harob Holdings Ltd,"",Long-term Rental,"",,,,
1823 e pender st,"",Grandview-Woodland,1823 e pender st,014899086,592251330000,42,1989,,RM-4,Residential,5683000,7682000,BC Indigenous Housing Society,BC Indigenous Housing Society,"",Long-term Rental,Non-Profit Housing,Vancouver Native (Pender St),BC Indigenous Housing Society,1,http://app.vancouver.ca/RPS_Net/Default.aspx?num=1823&street=E%20PENDER%20STREET
4830 rupert st,4832 rupert st;4834 rupert st;4836 rupert st;4840 rupert st;4842 rupert st;4844 rupert st;4846 rupert st;4850 rupert st;4854 rupert st,Renfrew-Collingwood,4830 rupert st,008489297,718300090000,42,1971,,CD-1 (56B),Comprehensive Development,3856000,9596000,,,,,,Rupert Lane,BC Housing,,
130 e 15th av,"",Mount Pleasant,130 e 15th av,007314710,687186420000,42,1978,,R3-3,Residential,14381000,394000,544792 British Columbia Ltd,544792 British Columbia Ltd,Terill Manor,Long-term Rental,"",,,1,http://app.vancouver.ca/RPS_Net/Default.aspx?num=130&street=E%2015TH%20AVENUE
1937 pendrell st,"",West End,1937 pendrell st,015735931,609108550000,42,1965,,RM-5B,Residential,3631000,10366000,Eclat Investment Ltd,Eclat Investment Ltd,La Carina,Long-term Rental,"",,,,
1345 nelson st,"",West End,1345 nelson st,015742491,606116450000,42,1963,,RM-5,Residential,3631000,11850000,Tribe Rental Management,Greenbrier Holdings Ltd,Nelson Suites,Long-term Rental,"",,,,
3637 cambie st,"",South Cambie,3637 cambie st,013275640;013275585;013275631;013275658;013275674;013275593;013275623,170697070000,42,1982,,RM-3A,Residential,10994000,8280000,,,,,,Eight Oaks Co-op,Eight Oaks Co-op Housing Association,,
1990 barclay st,"",West End,1990 barclay st,015738191,605108040000,41,1955,,RM-5B,Residential,4841000,8747000,Lotte & John Hecht Memorial Foundation,Lotte & John Hecht Memorial Foundation,"",Long-term Rental,"",,,,
717 w 8th av,"",Fairview,717 w 8th av,002526956,648159930000,41,1986,,FM-1,Residential,6970000,41600,,,,,,Heritage Co-op,Heritage Co-op Housing Association,,
1636 haro st,"",West End,1636 haro st,007944187;007944161,603113680000,41,1966,,RM-5A,Residential,3631000,11383000,Laurentian Towers Holdings Ltd,Laurentian Towers Holdings Ltd,"",Long-term Rental,"",,,,
1890 haro st,"",West End,1890 haro st,015739295,603109040000,41,1955,,RM-5B,Residential,4841000,8768000,Haro Street Holdings Ltd,Haro Street Holdings Ltd,"",Long-term Rental,"",,,,
1848 w 3rd av,"",Kitsilano,1848 w 3rd av,015260844;015260828;015259846;015259862,638097500000,41,1972,,R3-3,Residential,13175000,2443000,Hollyburn Properties Ltd,Hollyburn Properties (Alberta) Ltd,The Royale,Long-term Rental,"",,,,
8892 montcalm st,"",Marpole,8892 montcalm st,014353091,138833960000,41,1965,,RM-3A,Residential,7094000,5458000,Harob Holdings Ltd,Harob Holdings Ltd,"",Long-term Rental,"",,,,
825 e 8th av,"",Mount Pleasant,825 e 8th av,015280551;015280560;015280586;015280594;015280578,648212390000,41,1969,,R3-3,Residential,13051000,5842000,Bayvision Enterprise Ltd,Bayvision Enterprise Ltd,Manhattan Apartments,Long-term Rental,"",,,,
716 smithe st,722 smithe st;901 granville st,Downtown,716 smithe st,012849235;012849243,"",41,1993,,,,,,City of Vancouver,City of Vancouver,Gresham Residence,Long-term Rental,Non-Profit Housing,The Gresham,City of Vancouver,,
580 e 43rd av,"",Sunset,580 e 43rd av,013910744;013910761;013910817;013910752;013910809;013910787,755201420000,41,1970,,RM-2,Residential,4123000,6536000,0766422 BC Ltd,0766422 BC Ltd,"",Long-term Rental,"",,,2,http://app.vancouver.ca/RPS_Net/Default.aspx?num=580&street=E%2043RD%20AVENUE
2060 comox st,"",West End,2060 comox st,015735877,607107360000,41,1965,,RM-5B,Residential,3631000,12324000,ROSALIE HOLDINGS LTD.,ROSALIE HOLDINGS LTD.,"",Long-term Rental,"",,,,
612 e 7th av,"",Mount Pleasant,612 e 7th av,015408451;015408418;015408400;015408396,646206040000,41,1971,,R3-3,Residential,12332945,127000,George Rener & Alenka Rener,George Rener & Alenka Rener,"",Long-term Rental,"",,,,
4310 slocan st,"",Renfrew-Collingwood,4310 slocan st,005986273,275706020000,41,2017,CD-1 (557),C-1,Commercial,1091000,5000,,,,,,,,,
233 e 12th av,"",Mount Pleasant,233 e 12th av,015609553;015609987;015609995,670191350000,41,1969,RM-4N,R5-3,Residential,12260000,127000,Swallow Court Holdings Inc,Swallow Court Holdings Inc,"",Long-term Rental,"",,,,
2090 comox st,"",West End,2090 comox st,015735885;015735893,607107160000,41,1956,,RM-5B,Residential,9986000,7538000,Parkside Title Limited,Parkside Title Limited,"",Long-term Rental,"",,,,
11 e 11th av,"",Mount Pleasant,11 e 11th av,008804494,664184050000,41,1968,,R5-3,Residential,15540000,100000,,,,,,,,,
1009 w 10th av,"",Fairview,1009 w 10th av,015018873;015018881,654149950000,41,1927,RM-3,R5-3,Residential,4159000,11261000,Vallejo Court Ltd,Vallejo Court Ltd,"",Long-term Rental,"",,,,
8772 hudson st,"",Marpole,8772 hudson st,014352109;014351986;014352117;014352087,144832940000,41,1969,,RM-3A,Residential,6158000,4050000,Chartwell Construction Ltd,Chartwell Construction Ltd,"",Long-term Rental,"",,,,
1176 burnaby st,"",West End,1176 burnaby st,015746763,613118200000,41,1966,,RM-5A,Residential,3631000,18249000,CAPREIT APARTMENTS INC.,CAPREIT APARTMENTS INC.,"",Long-term Rental,"",,,,
4320 slocan st,4330 slocan st,Renfrew-Collingwood,4320 slocan st,029178941,275706260000,41,2017,,CD-1 (557),Comprehensive Development,2519000,15591000,CAPREIT APARTMENTS INC,CAPREIT APARTMENTS INC,43Twenty,Long-term Rental,"",,,4,http://app.vancouver.ca/RPS_Net/Default.aspx?num=4320&street=SLOCAN%20STREET
1620 e 6th av,"",Grandview-Woodland,1620 e 6th av,014877261;014875829,"",41,1965,,,,,,Brightside Community Homes Foundation,Brightside Community Homes Foundation,"",Long-term Rental,Non-Profit Housing,Wallace Wilson House,Brightside Community Homes Foundation,1,http://app.vancouver.ca/RPS_Net/Default.aspx?num=1620&street=E%206TH%20AVENUE
950 jervis st,"",West End,950 jervis st,007158947,605117050000,41,1974,,RM-5B,Residential,4841000,9816000,EMV Holdings Corp,EMV Holdings Corp,"",Long-term Rental,"",,,,
1990 haro st,"",West End,1990 haro st,015213951,603108060000,41,1955,,RM-5B,Residential,4841000,8737000,Lotte & John Hecht Memorial Foundation,Lotte & John Hecht Memorial Foundation,Brentwood Apts,Long-term Rental,"",,,,
1555 harwood st,"",West End,1555 harwood st,015745619,615114550000,41,1965,RM-5A,RM-5A,Residential,3631000,12029000,West Banf Holdings Ltd,West Banf Holdings Ltd,"",Long-term Rental,"",,,,
2950 heather st,667 w 14th av;669 w 14th av;671 w 14th av;673 w 14th av;675 w 14th av,Fairview,2950 heather st,002604434,684163070000,41,1986,,R3-3,Residential,17607000,4864000,,,,,,Domego Co-op,Domego Co-op Housing Association,,
3510 se marine dr,"",Killarney,3510 se marine dr,015966020,828315260000,41,1992,,CD-1 (139),Comprehensive Development,1853000,3258000,Entre Nous Femmes Housing Society,Entre Nous Femmes Housing Society,"",Long-term Rental,Non-Profit Housing,Natalia Terrace,Entre Nous Femmes Housing Society,,
1010 gilford st,"",West End,1010 gilford st,015736911,606109040000,41,1966,,RM-5B,Residential,4841000,12041000,EMK Properties Ltd,EMK Properties Ltd,Park Bay Apartments,Long-term Rental,"",,,1,http://app.vancouver.ca/RPS_Net/Default.aspx?num=1010&street=GILFORD%20STREET
1885 barclay st,"",West End,1885 barclay st,015739414,605109050000,41,1955,,RM-5B,Residential,4841000,10910000,1885 Barclay Street Holdings Inc,1885 Barclay Street Holdings Inc,"",Long-term Rental,"",,,,
1240 w 10th av,"",Fairview,1240 w 10th av,015015254;015015360;015015238;015015297,654138700000,41,1964,,R3-3,Residential,13479000,170000,Forbes Apartments Ltd,Forbes Apartments Ltd,"",Long-term Rental,"",,,1,http://app.vancouver.ca/RPS_Net/Default.aspx?num=1240&street=W%2010TH%20AVENUE
3450 se marine dr,"",Killarney,3450 se marine dr,015965988,828315040000,40,1992,,CD-1 (139),Comprehensive Development,1406000,3245000,,,,,,Sunbridge Co-op,Sunbridge Co-op Housing Association,,
1865 barclay st,"",West End,1865 barclay st,015739431,605109330000,40,1968,RM-5B,RM-5B,Residential,3631000,11282000,Tang Realty Development Corp,Tang Realty Development Corp,"",Long-term Rental,"",,,1,http://app.vancouver.ca/RPS_Net/Default.aspx?num=1865&street=BARCLAY%20STREET
1220 w 13th av,"",Fairview,1220 w 13th av,004376943;004377001;004376994;004376986,683138940000,40,1967,,R3-3,Residential,17826000,78500,0759829 BC Ltd,0759829 BC Ltd,Woodcroffte Apartments,Long-term Rental,"",,,,
1201 w georgia st,"",Downtown,1201 w georgia st,015745333,600117950000,40,1911,,DD,Comprehensive Development,11643000,2396000,,,,,,,,,
1091 broughton st,"",West End,1091 broughton st,015758753,607115960000,40,1912,,RM-5,Residential,3631000,8902000,S A H Properties Ltd,S A H Properties Ltd,The Gainsborough,Long-term Rental,"",,,2,http://app.vancouver.ca/RPS_Net/Default.aspx?num=1091&street=BROUGHTON%20STREET
346 alexander st,"",Strathcona,346 alexander st,015605507;015605523;015605515;015605531,579192480000,40,1981,,DEOD,Comprehensive Development,1875001,993001,Lookout Housing and Health Society,Lookout Housing and Health Society,"",Long-term Rental,Non-Profit Housing,Hazelton Residence,Lookout Housing and Health Society,,
5614 balsam st,"",Arbutus Ridge,5614 balsam st,012238155;012238104;012238139;012238121;012238112;012238163;012238171,78744660000,40,1965,,RM-3,Residential,10071000,7621000,Tribe Rental Management,Dorset Place Apartment Ltd,"",Long-term Rental,"",,,2,http://app.vancouver.ca/RPS_Net/Default.aspx?num=5614&street=BALSAM%20STREET
1725 e pender st,"",Grandview-Woodland,1725 e pender st,018234062,592250050000,40,1994,,CD-1 (309),Comprehensive Development,1608000,3230000,BC Indigenous Housing Society,BC Indigenous Housing Society,"",Long-term Rental,Non-Profit Housing,Vancouver Native (Pender St),BC Indigenous Housing Society,,
220 terminal av,"",Strathcona,220 terminal av,011086947;011086980;011086963;011086971;011086998,"",40,2017,,,,,,City of Vancouver,City of Vancouver,Modular Residence,Long-term Rental,Non-Profit Housing,220 Terminal,City of Vancouver,,
5711 rhodes st,2722 e 41st av;2728 e 41st av;2730 e 41st av;2732 e 41st av;2736 e 41st av,Victoria-Fraserview,5711 rhodes st,028814941,750278980000,40,2014,CD-1 (530),CD-1 (530),Comprehensive Development,3394000,15071000,,,,,,,,,
1530 graveley st,"",Grandview-Woodland,1530 graveley st,007323581,616234440000,40,1978,,RM-4,Residential,4378000,6143000,1530 Graveley Holdings Ltd,1530 Graveley Holdings Ltd,"",Long-term Rental,"",,,,
1771 e georgia st,"",Grandview-Woodland,1771 e georgia st,007364351,596250750000,40,1978,,RM-4,Residential,4381000,6714000,Rener Holdings Ltd,Rener Holdings Ltd,"",Long-term Rental,"",,,,
245 e georgia st,247 e georgia st,Strathcona,245 e georgia st,015662195,596190470000,40,2018,,HA-1A,Historical Area,1793900,12530000,245 E Georgia Holdings Inc,245 E Georgia Holdings Inc,"",Long-term Rental,"",,,1,http://app.vancouver.ca/RPS_Net/Default.aspx?num=245&street=E%20GEORGIA%20STREET
747 e 8th av,"",Mount Pleasant,747 e 8th av,007324197,648210550000,40,1978,,R3-3,Residential,13172233,144000,(Lum Lai),(Lum Lai),"",Long-term Rental,"",,,,
166 e hastings st,168 e hastings st,Downtown,166 e hastings st,004568273,590186780000,40,2007,,DEOD,Comprehensive Development,472001,103001,Provincial Rental Housing Corporation,Provincial Rental Housing Corporation,Roosevelt Hotel,Long-term Rental,Non-Profit Housing,Molson's Bank (Formerly the Roosevelt),PHS Community Services Society,,
1050 bidwell st,"",West End,1050 bidwell st,015755690,607113050000,40,1961,RM-5A,RM-5A,Residential,4841000,9679000,Seville Management and Leasing Ltd,Seville Management and Leasing Ltd,Bidwell Court,Long-term Rental,"",,,,
125 w 10th av,"",Mount Pleasant,125 w 10th av,008965749,654179570000,40,1965,,R5-3,Residential,13708000,117000,Royal View Manor Ltd,Royal View Manor Ltd,"",Long-term Rental,"",,,,
1531 beach av,"",West End,1531 beach av,015745015,617114570000,40,1964,,RM-5A,Residential,5083000,11015000,Harob Holdings Ltd,Harob Holdings Ltd,"",Long-term Rental,"",,,,
2053 w 8th av,2055 w 8th av;2057 w 8th av;2061 w 8th av;2063 w 8th av;2065 w 8th av;2067 w 8th av;2069 w 8th av;2071 w 8th av;2075 w 8th av;2077 w 8th av;2079 w 8th av;2081 w 8th av;2083 w 8th av;2085 w 8th av,Kitsilano,2053 w 8th av,006647316,648090490000,40,1986,,R5-3,Residential,5995000,44000,,,,,,Maple Creek Co-op,Maple Creek Co-op Housing Association,,
1350 haro st,"",West End,1350 haro st,015743942;015743951,603116460000,40,1958,,RM-5,Residential,5281000,10050000,Westcott Middlegate Rental Agency Ltd,Westcott Middlegate Rental Agency Ltd,The Caribbean,Long-term Rental,"",,,,
3433 renfrew st,"",Renfrew-Collingwood,3433 renfrew st,007627246,280692070000,40,1976,,CD-1 (93),Comprehensive Development,2344000,6753000,East Enders Amherst Lions Housing Society Inc,East Enders Amherst Lions Housing Society Inc,"",Long-term Rental,Non-Profit Housing,Renfrew Park Manor,East Enders Amherst Lions Society,,
1629 haro st,"",West End,1629 haro st,003222535;003222357,603113670000,40,1969,,RM-5A,Residential,3631000,12875000,Starlight Investments,IMH 1629 Haro Apartments Ltd,"",Long-term Rental,"",,,1,http://app.vancouver.ca/RPS_Net/Default.aspx?num=1629&street=HARO%20STREET
1203 broughton st,"",West End,1203 broughton st,003664546,612115940000,40,1968,,RM-5D,Residential,8689000,11789000,GMH 1203 Broughton Ltd,GMH 1203 Broughton Ltd,Empire Towers Inn,Long-term Rental,"",,,2,http://app.vancouver.ca/RPS_Net/Default.aspx?num=1203&street=BROUGHTON%20STREET
3090 kingsway,"",Renfrew-Collingwood,3090 kingsway,003125297,770301980000,40,1987,,CD-1 (176),Comprehensive Development,4996000,12408000,,,,,,Synala Co-op,Synala Co-op Housing Association,,
1350 broughton st,"",West End,1350 broughton st,015740412,615116060000,40,1963,,RM-5A,Residential,4841000,11852000,,,,,,,,,
1040 barclay st,"",,1040 barclay st,"","",40,1962,,,,,,Bosa Developments,1040 Barclay Street Enterprises Inc,Barclay Mansions,Long-term Rental,"",,,,
146 w hastings st,148 w hastings st,Downtown,146 w hastings st,011587121,590157420000,40,2000,,DD,Comprehensive Development,1,1,PHS Community Services Society,PHS Community Services Society,The Regal Hotel,Long-term Rental,Non-Profit Housing,Regal Place Hotel,PHS Community Services Society,,
1141 burnaby st,"",West End,1141 burnaby st,015748065;015748057,613118490000,40,1969,,RM-5A,Residential,3631000,11042000,John Rusko & Regina Rusko & Robert Rusko,John Rusko & Regina Rusko & Robert Rusko,MONICA,Long-term Rental,"",,,,
1529 w 71st av,"",Marpole,1529 w 71st av,006625266,832125070000,40,1985,,RM-4,Residential,7530000,5302000,,,,,,David Wetherow Co-op,David Wetherow Co-op Housing Association,,
1347 nicola st,"",West End,1347 nicola st,003221440,615114960000,40,1957,,RM-5A,Residential,4841000,10244000,,,,,,,,,
8738 french st,"",Marpole,8738 french st,009419209,132832520000,39,1986,,RM-3A,Residential,5892000,5528000,Kenneth Wong & Sandra Wong & Cheuk Wong & Melody Lam & Deborah Lau & Alice Wong & Jacqueline Wong & Nuen Wong,Kenneth Wong & Sandra Wong & Cheuk Wong & Melody Lam & Deborah Lau & Alice Wong & Jacqueline Wong & Nuen Wong,"",Long-term Rental,"",,,,
1315 bute st,"",West End,1315 bute st,004339142,615117970000,39,1958,,RM-5A,Residential,4841000,9355000,Lamsons Enterprises Ltd,Lamsons Enterprises Ltd,"",Long-term Rental,"",,,,
2626 watson st,"",Mount Pleasant,2626 watson st,009453989,654191060000,39,2001,,C-3A,Commercial,1219000,2289000,Kitsotkwa Le'lum' Housing Society,Kitsotkwa Le'lum' Housing Society,"",Long-term Rental,Non-Profit Housing,Claude Douglas Place,BC Indigenous Housing Society,,
8695 sw marine dr,1551 w 71st av;1555 w 71st av;1559 w 71st av;1563 w 71st av;1571 w 71st av;1575 w 71st av;1579 w 71st av,Marpole,8695 sw marine dr,011081261;011081252;011081287,125831950000,39,1986,,RM-4,Residential,1577000,2113000,,,,,,Marpole Terrace Co-op,Marpole Terrace Co-op Housing Association,,
2539 main st,191 e 10th av;2541 main st;2543 main st;2545 main st;2549 main st,Mount Pleasant,2545 main st,014910837;014910829;014910811,190650970000,39,1912,C-3A,C-3A,Commercial,2962000,11910000,,,,,,,,,
3655 clark dr,"",Kensington-Cedar Cottage,3655 clark dr,023565713,696225960000,39,1999,,CD-1 (76),Comprehensive Development,1087000,2738000,,,,,,Lions Millenium Place,Lions Paraplegic Lodge Society,,
1690 nelson st,"",West End,1690 nelson st,008762406;008762431;008762414;008762457,606113020000,39,1979,,RM-5A,Residential,10651000,9865000,356406 British Columbia Ltd,356406 British Columbia Ltd,Chelsea Square,Long-term Rental,"",,,,
843 cardero st,"",West End,843 cardero st,015743047,603113970000,39,1910,,RM-5A,Residential,4841000,8224000,Derik Ventures Ltd,Derik Ventures Ltd,"",Long-term Rental,"",,,3,http://app.vancouver.ca/RPS_Net/Default.aspx?num=843&street=CARDERO%20STREET
1528 e 5th av,"",Grandview-Woodland,1528 e 5th av,005961777;005962145;005961637;005962030;005961441;005961521,638234040000,39,1987,,RM-4,Residential,5301000,8400000,,,,,,Sunrise Co-op,Sunrise Co-op Housing Association,,
404 e 8th av,"",Mount Pleasant,404 e 8th av,011117681,648197980000,39,1969,,RM-4,Residential,13595094,65700,Golden Fortune Enterprises Ltd,Golden Fortune Enterprises Ltd,"",Long-term Rental,"",,,,
1131 franklin st,"",Strathcona,1131 franklin st,007945051;007945078;029581664,588222310000,39,2018,,M-2,Industrial,1,1,PHS Community Services Society,PHS Community Services Society,Chartrand Place,Long-term Rental,Non-Profit Housing,Chartrand Place,PHS Community Services Society,,
2898 e 22nd av,"",Renfrew-Collingwood,2898 e 22nd av,007188048,700277980000,39,1982,,CD-1 (145),Comprehensive Development,1457001,268001,The Three Links Care Society,The Three Links Care Society,Three Links Manor,Long-term Rental,Non-Profit Housing,Three Links Manor,Three Links Care Society,,
1374 grant st,"",Grandview-Woodland,1374 grant st,005751888;005751926;005751896;005751900;005751870,612230980000,39,1978,,RM-4,Residential,4378000,6388000,Karmel Manor Ltd,Karmel Manor Ltd,"",Long-term Rental,"",,,,
2010 barclay st,"",West End,2010 barclay st,010043471,605107960000,39,1952,,RM-5B,Residential,9986000,4561000,Razgul Holdings Ltd,Razgul Holdings Ltd,"",Long-term Rental,"",,,,
2060 w 10th av,"",Kitsilano,2060 w 10th av,014978016,654090460000,39,1990,,CD-1 (234),Comprehensive Development,1713000,3051000,,,,,,Blair Court,Vancouver Resource Society for the Physically Disabled,,
1122 harwood st,"",West End,1122 harwood st,007270704,615118820000,39,1979,RM-5A,RM-5A,Residential,11548000,5301000,Harwood Place Apartments Limited,Harwood Place Apartments Limited,Harwood Apartment,Long-term Rental,"",,,,
8787 fremlin st,"",Marpole,8787 fremlin st,010195947,152832970000,39,1966,,RM-3A,Residential,5097000,5170000,FREMLIN APARTMENTS LTD.,FREMLIN APARTMENTS LTD.,"",Long-term Rental,"",,,,
2352 w broadway,"",Kitsilano,2352 w broadway,014862689;014862638;014862701;014862662,650078640000,39,1968,,RM-4,Residential,6239000,7324000,Yang's Enterprises Ltd,Yang's Enterprises Ltd,"",Long-term Rental,"",,,,
1450 creekside dr,1440 creekside dr,Fairview,1450 creekside dr,015877167,"",39,1987,FCCDD,,,,,,,,,,,,1,http://app.vancouver.ca/RPS_Net/Default.aspx?num=1450&street=CREEKSIDE%20DRIVE
1875 w 7th av,1885 w 7th av,Kitsilano,1875 w 7th av,004284399,646097070000,39,1964,,R3-3,Residential,15765000,57900,Dorchester Properties (No 2) Ltd,Dorchester Properties (No 2) Ltd,"",Long-term Rental,"",,,,
1987 w 7th av,"",Kitsilano,1987 w 7th av,007667752,646095070000,38,1975,,R5-4,Residential,11268000,1605000,,,,,,Seven Maples,BC Housing,,
404 hawks av,800 e hastings st;802 e hastings st,Strathcona,404 hawks av,028958586,590212060000,38,2007,,M-1,Industrial,1,1,Provincial Rental Housing Corporation,Provincial Rental Housing Corporation,The Rice Block,Long-term Rental,Non-Profit Housing,The Rice Block,Atira Women’s Resource Society,,
2061 beach av,"",West End,2061 beach av,015728561,611107670000,38,1967,,RM-5B,Residential,13980000,6347000,,,,,,,,,
950 gilford st,"",West End,950 gilford st,014660181,605109060000,38,1959,,RM-5B,Residential,4841000,11046000,610366 BC Ltd,610366 BC Ltd,Diplomat Apartments,Long-term Rental,"",,,,
5850 larch st,"",Kerrisdale,5850 larch st,011575301;011575352;011575344;011575328;011575531;011575387,77750960000,38,1963,,RM-3,Residential,10719000,8294000,Thomas Downie Holdings Ltd,Thomas Downie Holdings Ltd,"",Long-term Rental,"",,,,
928 main st,926 main st,Strathcona,928 main st,014568853;014568845;014568888,190601160000,38,2020,,FC-1,Commercial,8190000,468000,,,,,,The American Hotel,BC Housing,,
401 keefer st,403 keefer st;405 keefer st;407 keefer st;411 keefer st;413 keefer st;415 keefer st;417 keefer st;423 keefer st;425 keefer st;431 keefer st;433 keefer st;435 keefer st;437 keefer st;443 keefer st;445 keefer st;447 keefer st;451 keefer st;453 keefer st;455 keefer st;457 keefer st;463 keefer st;465 keefer st;467 keefer st;471 keefer st;473 keefer st;475 keefer st;483 keefer st;485 keefer st;487 keefer st;509 jackson av;511 jackson av;513 jackson av;515 jackson av,Strathcona,401 keefer st,007138431,594194070000,38,1982,,CD-1 (52B),Comprehensive Development,2784000,1742000,,,,,,Mau Dan Gardens Co-op,Mau Dan Gardens Co-op Housing Association,,
1855 w 8th av,"",Kitsilano,1855 w 8th av,015209997,648097550000,38,1968,RM-4,R3-3,Residential,12285000,1384000,,,,,,,,,
1461 harwood st,"",West End,1461 harwood st,012686603;012686638;012686573,115613940000,38,1962,,RM-5A,Residential,5281000,10736000,1461 Harwood Street Holdings Inc,1461 Harwood Street Holdings Inc,"",Long-term Rental,"",,,27,http://app.vancouver.ca/RPS_Net/Default.aspx?num=1461&street=HARWOOD%20STREET
1460 w 73rd av,"",Marpole,1460 w 73rd av,014354926;014354896;014355116;014354934,835132540000,38,1966,,RM-3A,Residential,5904000,4012000,Jordan Enterprises Ltd,Jordan Enterprises Ltd,"",Long-term Rental,"",,,,
414 e 10th av,"",Mount Pleasant,414 e 10th av,007327242,655197500000,38,1978,RM-4,R3-3,Residential,10642000,10000,,,,,,,,,
727 e 7th av,"",Mount Pleasant,727 e 7th av,012089851;012089877;015456510;012089869,646210190000,38,1972,,R3-3,Residential,4401000,7235000,Joseph Seccia & Mario Seccia,Joseph Seccia & Mario Seccia,"",Long-term Rental,"",,,2,http://app.vancouver.ca/RPS_Net/Default.aspx?num=727&street=E%207TH%20AVENUE
376 powell st,374 powell st,Strathcona,376 powell st,015602001;015602176,"",38,1978,,,,,,Lookout Housing and Health Society,Lookout Housing and Health Society,"",Long-term Rental,Non-Profit Housing,Sakura-So,Lookout Housing and Health Society,,
270 e 13th av,"",Mount Pleasant,270 e 13th av,015607658;012076198;015607682,683191960000,38,1961,,R3-3,Residential,4492000,7456000,Alexander Manor Holdings Ltd,Alexander Manor Holdings Ltd,Alexander Manor,Long-term Rental,"",,,,
8750 osler st,"",Marpole,8750 osler st,013954181;013954199;013954172;012812684;013954202,148832540000,38,1967,,RM-3A,Residential,6221000,3810000,(Sally Flader),(Sally Flader),"",Long-term Rental,"",,,,
884 bute st,"",West End,884 bute st,015753271,603118060000,38,1909,,RM-5B,Residential,4841000,12996000,Wolverton Group,Huntly Investments Ltd,"",Long-term Rental,"",,,,
175 w 10th av,"",Mount Pleasant,175 w 10th av,003057186;015550826;015550818,654179270000,38,1966,,R5-3,Residential,13708000,115000,607452 BC Ltd,607452 BC Ltd,Wedgewood Manor,Long-term Rental,"",,,1,http://app.vancouver.ca/RPS_Net/Default.aspx?num=175&street=W%2010TH%20AVENUE
730 e 8th av,"",Mount Pleasant,730 e 8th av,015455548;015455572;015455513;015455564;015455521,648210320000,38,1969,,R3-3,Residential,13051000,135000,Gene Lee & Shirley Lee,Gene Lee & Shirley Lee,"",Long-term Rental,"",,,,
941 w 13th av,"",Fairview,941 w 13th av,007778759,683150650000,38,1972,,R5-3,Residential,12796000,1985000,613319 BC Ltd,613319 BC Ltd,"",Long-term Rental,"",,,,
1928 w 2nd av,1938 w 2nd av,Kitsilano,1928 w 2nd av,008291926;008291942;006586236;008291900;006586112;006585701;008291934,636095720000,38,1968,,R3-3,Residential,12285000,1406000,328764 BC Ltd,328764 BC Ltd,"",Long-term Rental,"",,,,
919 w 13th av,"",Fairview,919 w 13th av,007778791,683150950000,38,1972,,R5-3,Residential,13436000,1746000,LAUREL PLACE HOLDINGS LTD.,LAUREL PLACE HOLDINGS LTD.,"",Long-term Rental,"",,,,
8667 hudson st,"",Marpole,8667 hudson st,009763732;009763783;009763635,144830610000,37,1969,,RM-3A,Residential,5744000,3332000,Gene Lee & Shirley Lee,Gene Lee & Shirley Lee,"",Long-term Rental,"",,,,
2088 yukon st,"",Mount Pleasant,2088 yukon st,024973629,644171070000,37,2002,,CD-1 (405),Comprehensive Development,1,1,Lookout Housing and Health Society,Lookout Housing and Health Society,"",Long-term Rental,Non-Profit Housing,Lookout - Yukon,Lookout Housing and Health Society,,
2065 w 5th av,"",Kitsilano,2065 w 5th av,015247015;015247023;015247031;015247058;015247091;015247040;015246990;015247007,642090270000,37,1965,,R3-3,Residential,13377000,1395000,Skyline Developments Ltd Care Of John Dyck,Skyline Developments Ltd Care Of John Dyck,"",Long-term Rental,"",,,,
3640 victoria dr,"",,3640 victoria dr,"","",37,2004,,,,,,New Chelsea Society,New Chelsea Society,Chelsea Manor,Long-term Rental,Non-Profit Housing,Chelsea Manor,New Chelsea Society,,
1333 jervis st,"",West End,1333 jervis st,029270154,117615950000,37,2014,,RM-5A,Residential,7248000,10669000,Belacosta Investments Ltd,Belacosta Investments Ltd,"",Long-term Rental,"",,,1,http://app.vancouver.ca/RPS_Net/Default.aspx?num=1333&street=JERVIS%20STREET
857 beatty st,849 beatty st;851 beatty st;863 beatty st,Downtown,857 beatty st,018242847,160602550000,37,1910,,DD,Comprehensive Development,8239000,8393000,447689 BC Ltd,447689 BC Ltd,"",Long-term Rental,"",,,,
2155 triumph st,"",Grandview-Woodland,2155 triumph st,007316216,586259710000,37,1978,,RM-3A,Residential,3776000,6126000,No 88 Taurus Ventures Ltd,No 88 Taurus Ventures Ltd,"",Long-term Rental,"",,,,
55 e 14th av,"",Mount Pleasant,55 e 14th av,009886940;009888527;009875182;009888454,684184570000,37,1966,,R3-3,Residential,14309000,123000,676082 BC Ltd,676082 BC Ltd,"",Long-term Rental,"",,,,
1075 jervis st,"",West End,1075 jervis st,008694613,607116970000,37,1958,RM-5,RM-5,Residential,3631000,10577000,Zoro Holdings Ltd,Zoro Holdings Ltd,"",Long-term Rental,"",,,1,http://app.vancouver.ca/RPS_Net/Default.aspx?num=1075&street=JERVIS%20STREET
1209 e broadway,"",Mount Pleasant,1209 e broadway,015031853;015031837;015031811;015031845;015031829,650222470000,37,1969,RM-4N,R5-3,Residential,13051000,126000,Cameo Concepts Corp,Cameo Concepts Corp,"",Long-term Rental,"",,,1,http://app.vancouver.ca/RPS_Net/Default.aspx?num=1209&street=E%20BROADWAY
1906 nelson st,"",West End,1906 nelson st,015737012,109606050000,37,1959,,RM-5B,Residential,5135000,11409000,Four Winds Apartments Ltd,Four Winds Apartments Ltd,"",Long-term Rental,"",,,,
601 e hastings st,380 princess av;611 e hastings st,Strathcona,601 e hastings st,027423841,590198050000,37,2011,,DEOD,Comprehensive Development,973201,470001,Union Gospel Mission,Union Gospel Mission,"",Long-term Rental,Non-Profit Housing,Union Gospel Project,Union Gospel Mission,,
2829 e 8th av,2801 e 8th av;2803 e 8th av;2805 e 8th av;2807 e 8th av;2809 e 8th av;2811 e 8th av;2821 e 8th av;2823 e 8th av;2825 e 8th av;2827 e 8th av;2831 e 8th av,Hastings-Sunrise,2801 e 8th av,006997929,648277030000,37,1983,,CD-1 (151),Comprehensive Development,1045000,496000,,,,,,Access Co-op South,Access Co-op Housing Association,,
3859 w 2nd av,3869 w 2nd av;3871 w 2nd av;3875 w 2nd av;3879 w 2nd av;3881 w 2nd av;3883 w 2nd av,West Point Grey,3859 w 2nd av,007331851,637035950000,37,1980,,CD-1 (120),Comprehensive Development,4957000,1049000,,,,,,Habitat Villa,Metro Vancouver Housing Corporation,,
2155 w 5th av,"",Kitsilano,2155 w 5th av,015248194;015247970;015247953;015248020;015248046;015247996;015247937,642087410000,37,1969,,R3-3,Residential,13377000,304000,(Gurmeet Sandhu),(Gurmeet Sandhu),"",Long-term Rental,"",,,,
1130 e broadway,"",Mount Pleasant,1130 e broadway,030165580,650222280000,37,2019,,R3-3,Residential,3603000,13941000,1130 East Broadway Holdings Inc,1130 East Broadway Holdings Inc,"",Long-term Rental,"",,,,
3390 school av,"",Killarney,3390 school av,007695039,751309920000,37,1984,,CD-1 (157),Comprehensive Development,4762000,11363000,,,,,,Chilean Co-op,Chilean Co-op Housing Association,,
510 alexander st,"",Strathcona,510 alexander st,017786851,579196220000,37,1993,,DEOD,Comprehensive Development,1,1,Lookout Housing and Health Society,Lookout Housing and Health Society,"",Long-term Rental,Non-Profit Housing,Jeffrey Ross Residence,Lookout Housing and Health Society,,
1860 haro st,1864 haro st,West End,1860 haro st,004403762,603109240000,37,1944,,RM-5B,Residential,11857000,55100,636458 BC Ltd,636458 BC Ltd,Shaunavon Apartments,Long-term Rental,"",,,,
1233 w 11th av,"",Fairview,1233 w 11th av,015015041;015015068;015015106,664138570000,37,1969,,R3-3,Residential,12796000,2189000,(Bernard Reed),(Bernard Reed),"",Long-term Rental,"",,,,
1260 e broadway,"",Mount Pleasant,1260 e broadway,014849038;014849020;014849054;014849046;014849062,650222800000,37,1967,,RM-4,Residential,13051000,114000,ASAP Enterprises Inc,ASAP Enterprises Inc,"",Long-term Rental,"",,,,
1270 nicola st,"",West End,1270 nicola st,006261884,613115060000,37,1958,,RM-5A,Residential,4841000,11210000,1270 Nicola Street Holdings Inc,1270 Nicola Street Holdings Inc,"",Long-term Rental,"",,,,
6001 yew st,"",Kerrisdale,6001 yew st,012424129;012424099;012424102;012424111;012424081,81757470000,36,1964,,RM-3,Residential,7650000,6695000,Vine Enterprises Ltd,Vine Enterprises Ltd,"",Long-term Rental,"",,,,
2033 beach av,"",West End,2033 beach av,007036957,611107770000,36,1965,,RM-5B,Residential,5083000,11720000,0848373 BC Ltd,0848373 BC Ltd,"",Long-term Rental,"",,,,
2320 woodland dr,"",Grandview-Woodland,2320 woodland dr,009140395,234646200000,36,1964,,RM-4,Residential,7271000,4375000,Pacific Cove Properties,1079817 BC Ltd,"",Long-term Rental,"",,,,
8828 hudson st,"",Marpole,8828 hudson st,004059581,144833060000,36,1988,,RM-4,Residential,6733000,5404000,,,,,,Eburne Landing Co-op,Eburne Landing Co-op Housing Association,,
1555 charles st,"",Grandview-Woodland,1555 charles st,006607331,607234910000,36,1987,,RM-4,Residential,4378000,7291000,,,,,,Charles Square Co-op,Charles Square Co-op Housing Association,,
1555 graveley st,"",Grandview-Woodland,1555 graveley st,015313328;015313301;015313310;015313298;015313336,616234510000,36,1978,RM-4,RM-4,Residential,3940000,5838000,Concord International Lands Ltd,Concord International Lands Ltd,"",Long-term Rental,"",,,,
2183 w 44th av,"",Kerrisdale,2183 w 44th av,011365374;011365340;011365412;011365293;011365501;011365463,757081330000,36,1964,,RM-3,Residential,6680000,7835000,2183 W 44th Avenue Holdings Inc,2183 W 44th Avenue Holdings Inc,"",Long-term Rental,"",,,,
2975 oak st,"",Fairview,2975 oak st,029317380,150683970000,36,2017,,R3-3,Residential,5328000,22585000,2975 Oak Street Inc,2975 Oak Street Inc,"",Long-term Rental,"",,,,
1325 w 70th av,"",Marpole,1325 w 70th av,031633811,830138050000,36,1970,RM-3A,CD-1 (811),Comprehensive Development,5117000,1760000,,,,,,,,,
1330 e 8th av,"",Grandview-Woodland,1330 e 8th av,006559042,648230460000,36,1985,,RM-4,Residential,5779000,5610000,BC Indigenous Housing Society,BC Indigenous Housing Society,"",Long-term Rental,Non-Profit Housing,Vancouver Native (8th Ave),BC Indigenous Housing Society,1,http://app.vancouver.ca/RPS_Net/Default.aspx?num=1330&street=E%208TH%20AVENUE
1855 w 2nd av,"",Kitsilano,1855 w 2nd av,015227243;015227260;015227227;015227235;015227201;015227219,636097510000,36,1972,,R3-3,Residential,12285000,1775000,Cypress Apartments Ltd,Cypress Apartments Ltd,"",Long-term Rental,"",,,,
100 e cordova st,302 columbia st,Downtown,100 e cordova st,024756989,589186020000,36,2001,,HA-2,Historical Area,1,1,ATIRA WOMEN'S RESOURCE SOCIETY,ATIRA WOMEN'S RESOURCE SOCIETY,"",Long-term Rental,Non-Profit Housing,Bridge Housing,Bridge Housing Society for Women,1,http://app.vancouver.ca/RPS_Net/Default.aspx?num=100&street=E%20CORDOVA%20STREET
990 bute st,"",West End,990 bute st,005535816,606118050000,36,1913,,RM-5B,Residential,4841000,10661000,Belmont Bute 990 Holdings Inc,Belmont Bute 990 Holdings Inc,"",Long-term Rental,"",,,1,http://app.vancouver.ca/RPS_Net/Default.aspx?num=990&street=BUTE%20STREET
3348 w broadway,3360 w broadway,Kitsilano,3360 w broadway,018270361;023297867,"",36,1994,,,,,,,,,,,WISHS Co-op,WISHS Co-op Housing Association,,
1414 davie st,"",West End,1414 davie st,003613909,612115740000,36,1965,,RM-5D,Residential,7495000,6439000,Hollyburn Properties Ltd,Hollyburn Properties Limited,Crest View Terrace,Long-term Rental,"",,,,
7007 kerr st,"",Killarney,7007 kerr st,009127682,300810950000,36,1970,,CD-1 (19),Comprehensive Development,2153000,6542000,,,,,,Ukrainian Manor,Ukrainian Senior Citizens Association,,
229 lakewood dr,"",Grandview-Woodland,229 lakewood dr,007584458,588255970000,36,1978,,RM-3A,Residential,3771000,5858000,Dynasty Projects Ltd,Dynasty Projects Ltd,"",Long-term Rental,"",,,,
1386 w 71st av,"",Marpole,1386 w 71st av,014348659;014348594;014348624,832135500000,36,1965,,RM-3A,Residential,5471000,3630000,Dietrich Krause & Peter Krause,Dietrich Krause & Peter Krause,"",Long-term Rental,"",,,,
2910 alder st,"",Fairview,2910 alder st,004644808;004644794,683146060000,36,1961,,R3-3,Residential,4621000,9082000,Alder Apartments Ltd,Alder Apartments Ltd,"",Long-term Rental,"",,,,
1373 w 73rd av,"",Marpole,1373 w 73rd av,007824661,835135050000,36,1972,,RM-3A,Residential,5695000,5292000,1373 West 73rd Avenue Holdings Ltd,1373 West 73rd Avenue Holdings Ltd,"",Long-term Rental,"",,,,
1339 graveley st,"",Grandview-Woodland,1339 graveley st,011265892,616230350000,36,1988,,RM-4,Residential,5253000,8314000,BC Indigenous Housing Society,BC Indigenous Housing Society,"",Long-term Rental,Non-Profit Housing,Vancouver Native (Graveley St),BC Indigenous Housing Society,1,http://app.vancouver.ca/RPS_Net/Default.aspx?num=1339&street=GRAVELEY%20STREET
8686 selkirk st,"",Marpole,8686 selkirk st,014215951;014215942;014215985;014215926,145830740000,36,1965,,RM-3A,Residential,6162000,3499000,(Sala Zimmerman),(Sala Zimmerman),"",Long-term Rental,"",,,,
1720 balsam st,"",Kitsilano,1720 balsam st,014993066;014993058,634078040000,36,1965,,RM-4,Residential,4437000,7313000,Tribe Rental Management,Andrew Raab & Magda Raab,Hawaiian Villa,Long-term Rental,"",,,,
2830 hemlock st,"",Fairview,2830 hemlock st,014681412;014681404,670134040000,36,1924,,R5-4,Residential,4159000,9331000,665636 BC Ltd,665636 BC Ltd,"",Long-term Rental,"",,,,
325 e 6th av,"",Mount Pleasant,325 e 6th av,012145564,645194470000,36,1969,,R5-3,Residential,4492000,4550000,W.F.C. PROPERTIES (BRUNSWICK) INC.,W.F.C. PROPERTIES (BRUNSWICK) INC.,"",Long-term Rental,"",Mount Pleasant Lions Manor,Brightside Community Homes Foundation,,
90 e 11th av,"",Mount Pleasant,90 e 11th av,004926188;004927192;004926412,664184960000,36,1968,,R5-3,Residential,4639000,7455000,Premier Pacific Properties (E 11th) Ltd,Premier Pacific Properties (E 11th) Ltd,Rie Don Apartments,Long-term Rental,"",,,,
2260 w 8th av,"",Kitsilano,2260 w 8th av,015193381;015193390;015193373,648084460000,35,1966,,R5-3,Residential,12796000,327000,Ludwig Schuster & Erna Schuster,Ludwig Schuster & Erna Schuster,"",Long-term Rental,"",,,,
324 e 13th av,"",Mount Pleasant,324 e 13th av,015613381;015613275;015613364,683194360000,35,1968,,R3-3,Residential,4492000,6448000,Esther Brandt,Esther Brandt,Ron Manor,Long-term Rental,"",,,,
380 main st,382 main st;384 main st,Strathcona,380 main st,023520884,190589800000,35,1998,,DEOD,Comprehensive Development,1291000,2497000,Neighbourhood Housing Society,Neighbourhood Housing Society,Bruce Eriksen Place,Long-term Rental,Non-Profit Housing,Bruce Eriksen Place,Neighbourhood Housing Society,,
8790 cartier st,"",Marpole,8790 cartier st,007892811,135832940000,35,1972,,RM-3A,Residential,4906000,5427000,8790 Cartier Street Holdings Ltd,8790 Cartier Street Holdings Ltd,"",Long-term Rental,"",,,,
680 e 8th av,"",Mount Pleasant,680 e 8th av,004931424;004931408;004931459,648206960000,35,1969,RM-4,R3-3,Residential,4492000,6212000,(John Koenig),(John Koenig),"",Long-term Rental,"",,,,
2121 dundas st,"",Grandview-Woodland,2121 dundas st,009298304;009298282;009298274,580259090000,35,1972,,RM-3A,Residential,3399000,6806000,1313 Ventures Inc,1313 Ventures Inc,"",Long-term Rental,"",,,3,http://app.vancouver.ca/RPS_Net/Default.aspx?num=2121&street=DUNDAS%20STREET
1763 e pender st,"",Grandview-Woodland,1763 e pender st,006767559,592250970000,35,1985,,RM-4,Residential,4670000,6307000,,,,,,Leveller's Co-op,Leveller's Co-op Housing Association,,
1341 e 3rd av,"",Grandview-Woodland,1341 e 3rd av,005753830;005753945;005752990;005754054;005753902,633230370000,35,1978,,RM-4,Residential,4378000,5536000,(Kathy Plese),(Kathy Plese),"",Long-term Rental,"",,,,
1230 e 8th av,"",Mount Pleasant,1230 e 8th av,007280335;007280360;002955113;007280351;007280343;003169430,648225080000,35,1987,,R5-3,Residential,14741095,116000,,,,,,China Creek Co-op,China Creek Co-op Housing Association,,
254 e 12th av,"",Mount Pleasant,254 e 12th av,015612970;015612929;015612945,670191540000,35,1969,,R5-3,Residential,3564000,11489000,254 E 12th Holdings Ltd,254 E 12th Holdings Ltd,"",Long-term Rental,"",,,,
2175 w 7th av,"",Kitsilano,2175 w 7th av,032573430,646087150000,35,1970,,CD-1 (906),Comprehensive Development,12261000,1311000,,,,,,,,,
2170 w 3rd av,"",Kitsilano,2170 w 3rd av,015364305;015364259;015364241;015364267;015364291;015364046,638087260000,35,1973,,R3-3,Residential,12285000,1628000,Romana Investments Ltd & Westcoast Planners Ltd,Romana Investments Ltd & Westcoast Planners Ltd,"",Long-term Rental,"",,,,
1680 balsam st,"",Kitsilano,1680 balsam st,006880231;006879977;006879748,634078070000,35,1968,,RM-4,Residential,6655000,6655000,Kentrol Investment Inc,Kentrol Investment Inc,"",Long-term Rental,"",,,,
2254 mcgill st,"",Grandview-Woodland,2254 mcgill st,015694119;015694151;015694127,570255560000,35,1970,,RM-3A,Residential,3777000,6801000,Naimark Developments Ltd,Naimark Developments Ltd,"",Long-term Rental,"",,,,
6055 balsam st,"",Kerrisdale,6055 balsam st,006756212;006756239;006756221;006756204;006756247,78755750000,35,1964,,RM-3,Residential,7540000,6258000,Coast Apartments Ltd,Coast Apartments Ltd,"",Long-term Rental,"",,,,
8635 shaughnessy st,"",Marpole,8635 shaughnessy st,013323211;013323253;013323270;013323881;013323318,151830270000,35,1966,,RM-3A,Residential,4954000,4590000,0930991 BC Ltd,0930991 BC Ltd,"",Long-term Rental,"",,,,
8620 heather st,"",Marpole,8620 heather st,009719610;010788581;010788573,156830060000,35,1965,RM-3A,RM-3A,Residential,4863000,4467000,Hardy Enterprises Ltd,Hardy Enterprises Ltd,"",Long-term Rental,"",,,,
2001 beach av,"",West End,2001 beach av,015728447,611107970000,35,2009,,RM-5B,Residential,6778000,11055000,Dreamz 100 Holdings Inc,Dreamz 100 Holdings Inc,"",Long-term Rental,"",,,,
1765 pendrell st,"",West End,1765 pendrell st,015755347;015755339,609110370000,35,1965,,RM-5A,Residential,3631000,9581000,Starlight Investments,IMH 1765 Pendrell Apartments Ltd,"",Long-term Rental,"",,,,
2178 triumph st,"",Grandview-Woodland,2178 triumph st,015500110;015500063;015500098,586259580000,35,1968,,RM-3A,Residential,3777000,5721000,537070 BC LTD,537070 BC LTD,Villa Marco Polo,Long-term Rental,"",,,,
110 w 10th av,"",Mount Pleasant,110 w 10th av,012519138;012519006;012519332;012519251,654179960000,35,1971,,R3-3,Residential,4492000,5649000,GLR PROPERTIES LTD,GLR PROPERTIES LTD,"",Long-term Rental,"",,,1,http://app.vancouver.ca/RPS_Net/Default.aspx?num=110&street=W%2010TH%20AVENUE
1315 broughton st,"",West End,1315 broughton st,015745678,615115970000,35,1956,RM-5A,RM-5A,Residential,4841000,9158000,CAPRIET APARTMENTS INC,CAPRIET APARTMENTS INC,Stephen Court,Long-term Rental,"",,,,
317 e 8th av,"",Mount Pleasant,317 e 8th av,015551628,648194190000,35,1969,,R5-3,Residential,4492000,6212000,Raymar Realty Ltd,Raymar Realty Ltd,"",Long-term Rental,"",,,,
1190 w 10th av,"",Fairview,1190 w 10th av,015014754;015014711;015014509,654146040000,35,1969,,R3-3,Residential,13436000,120000,Beverly Manor Ltd,Beverly Manor Ltd,"",Long-term Rental,"",,,,
1815 cornwall av,"",Kitsilano,1815 cornwall av,004289226,630097970000,35,1965,,RM-4,Residential,6405000,7233000,Tribe Rental Management,Alpha Sigma Investments Ltd,"",Long-term Rental,"",,,,
2090 w 1st av,"",Kitsilano,2090 w 1st av,011692979;011692910;011692995;011692936;011692880;011692952;011692961,634090020000,35,1967,,R3-3,Residential,12899000,318000,TKT Holdings (Canada) Ltd,TKT Holdings (Canada) Ltd,The Terrace,Long-term Rental,"",,,,
2336 york av,"",Kitsilano,2336 york av,015097676,631078840000,35,1967,,RM-4,Residential,6655000,7850000,Wall Financial Corp,Wall Financial Corporation,"",Long-term Rental,"",,,,
1960 w 7th av,"",Kitsilano,1960 w 7th av,032573413,646095360000,35,1965,,CD-1 (907),Comprehensive Development,11239000,1786000,,,,,,,,,
324 w 10th av,"",Mount Pleasant,324 w 10th av,014564734;014564726;014564742,654171700000,35,1968,RM-4,R5-3,Residential,12157000,779000,,,,,,,,,
8665 shaughnessy st,"",Marpole,8665 shaughnessy st,013324039;013324101;013324063;013323954;013324144,151830570000,35,1965,,RM-3A,Residential,5573000,3766000,Shaughnessy Management Inc,Shaughnessy Management Inc,"",Long-term Rental,"",,,,
1433 harwood st,"",West End,1433 harwood st,015745643,615115570000,35,1959,RM-5A,RM-5A,Residential,3301000,9708000,Ursula Vertone & Fred Vertone,Frederick D Vertone & Ursula H Vertone,Sunset Court,Long-term Rental,"",,,,
1872 nelson st,"",West End,1872 nelson st,015736903,606109200000,35,1959,,RM-5B,Residential,3631000,9673000,EMK Properties Ltd,EMK Properties Ltd,"",Long-term Rental,"",,,,
1371 harwood st,"",West End,1371 harwood st,006511759,615116050000,35,1956,RM-5A,RM-5A,Residential,4841000,10815000,Starlight Investments,IMH 1371 Harwood Apartments Ltd,"",Long-term Rental,"",,,,
1433 beach av,"",West End,1433 beach av,010903712,617115550000,35,1965,,RM-5A,Residential,5083000,10094000,Ka Wah Estates Ltd,Ka Wah Estates Ltd,Beachview,Long-term Rental,"",,,,
325 e 13th av,"",Mount Pleasant,325 e 13th av,011499028;011499036;012634930;011499010,683194070000,35,1970,,R3-3,Residential,4492000,6113000,,,,,,,,,
8740 cartier st,"",Marpole,8740 cartier st,007892802,135832260000,35,1972,,RM-3A,Residential,4906000,5698000,8740 Cartier Street Holdings Ltd,8740 Cartier Street Holdings Ltd,"",Long-term Rental,"",,,,
2335 w 3rd av,"",Kitsilano,2335 w 3rd av,014992981;014992973;014992990,638078710000,35,1968,,RM-4,Residential,6655000,6501000,Rosalie Holdings Ltd,Rosalie Holdings Ltd,"",Long-term Rental,"",,,,
2226 w 8th av,"",Kitsilano,2226 w 8th av,015193454;015193411;015193438;015193446,648084860000,35,1967,,R5-3,Residential,12796000,371000,EIGHTH AND YEW NOMINEE LTD.,EIGHTH AND YEW NOMINEE LTD.,"",Long-term Rental,"",,,,
2200 dundas st,"",Grandview-Woodland,2200 dundas st,015684172;015684156;015684164,580265040000,35,1969,,RM-3A,Residential,3399000,5989000,442746 BC Ltd,442746 BC Ltd,"",Long-term Rental,"",,,3,http://app.vancouver.ca/RPS_Net/Default.aspx?num=2200&street=DUNDAS%20STREET
1910 w 6th av,"",Kitsilano,1910 w 6th av,015231445;015231453;015231429,643095960000,35,1972,RM-4,R5-4,Residential,12039000,756000,Whitehall Investments Ltd,Whitehall Investments Ltd,"",Long-term Rental,"",,,2,http://app.vancouver.ca/RPS_Net/Default.aspx?num=1910&street=W%206TH%20AVENUE
1016 e 8th av,"",Mount Pleasant,1016 e 8th av,007316208,648217060000,35,1978,,R5-3,Residential,3992000,8135000,0894374 B.C. LTD.,0894374 B.C. LTD.,ARLA MANOR,Long-term Rental,"",,,,
1111 jervis st,"",West End,1111 jervis st,015741541,609116950000,35,1928,,RM-5,Residential,3631000,5261000,S A H Properties Ltd,S A H Properties Ltd,THE MARLBOROUGH,Long-term Rental,"",,,,
2070 cornwall av,"",Kitsilano,2070 cornwall av,014957167;014957159;014957523;014957400,630090440000,35,1968,RM-4,RM-4,Residential,6655000,7028000,1100935 BC LTD.,1100935 BC LTD.,"",Long-term Rental,"",,,,
2637 quebec st,2649 quebec st,Mount Pleasant,2637 quebec st,015105563;015105571;015105521,186654970000,34,1912,,R5-3,Residential,2008000,9705000,Frontenac Holdings Ltd,Frontenac Holdings Ltd,"",Long-term Rental,"",,,,
400 e pender st,402 e pender st;404 e pender st;406 e pender st;410 e pender st;412 e pender st;414 e pender st;416 e pender st;422 e pender st;424 e pender st;426 e pender st;430 e pender st;432 e pender st;434 e pender st;436 e pender st;442 e pender st;444 e pender st;450 e pender st;452 e pender st;454 e pender st;462 e pender st;464 e pender st;466 e pender st;470 e pender st;472 e pender st;474 e pender st;476 e pender st;482 e pender st;484 e pender st;486 e pender st;501 jackson av;503 jackson av;505 jackson av;507 jackson av,Strathcona,400 e pender st,VAS1068,"",34,1982,,,,,,,,,,,Mau Dan Gardens Co-op,Mau Dan Gardens Co-op Housing Association,,
8635 heather st,"",Marpole,8635 heather st,007343591;007343582;007343558,156830370000,34,1965,,RM-3A,Residential,5117000,3463000,Cheuk S Yee & Wendy Y Yee,Cheuk S Yee & Wendy Y Yee,"",Long-term Rental,"",,,,
430 e cordova st,"",Strathcona,430 e cordova st,007533365,589194360000,34,1988,,DEOD,Comprehensive Development,639000,1793000,Mavis McMullen Housing Society,Mavis McMullen Housing Society,"",Long-term Rental,Non-Profit Housing,Mavis McMullen Place,Mavis McMullen Housing Society,,
2455 w 2nd av,"",Kitsilano,2455 w 2nd av,005330734;005330670;005330700,636077350000,34,1961,,RM-4,Residential,6655000,6518000,Climar Development Co Ltd,Climar Development Co Ltd,"",Long-term Rental,"",,,,
1661 frances st,"",Grandview-Woodland,1661 frances st,012193372,594235690000,34,1989,,RM-4,Residential,1,1,Coast Foundation Society (1974),Coast Foundation Society (1974),Frances Court,Long-term Rental,Non-Profit Housing,Frances Court,Coast Mental Health,,
7101 kerr st,"",Killarney,7101 kerr st,009127691,300811050000,34,1969,,CD-1 (19),Comprehensive Development,2022000,6006000,,,,,,Scottish Manor,Vancouver Kiwanis Senior Citizens Housing Society,,
335 e 14th av,"",Mount Pleasant,335 e 14th av,005376891;005378583;005378796;005380219,684194430000,34,1967,,R3-3,Residential,12142000,97300,Prime Fidelity Land Corp,Prime Fidelity Land Corp,"",Long-term Rental,"",,,,
150 e 14th av,"",Mount Pleasant,150 e 14th av,007317476,684186660000,34,1978,,R3-3,Residential,4189000,6261000,Concord International Lands Ltd,Concord International Lands Ltd,"",Long-term Rental,"",,,,
2975 horley st,"",Renfrew-Collingwood,2975 horley st,018710255,726282630000,34,1995,,CD-1 (291),Comprehensive Development,4075000,5290000,Brightside Community Homes Foundation,Brightside Community Homes Foundation,"",Long-term Rental,Non-Profit Housing,Lion's View - Building III,Brightside Community Homes Foundation,,
859 thurlow st,"",West End,859 thurlow st,015754251,119602970000,34,1912,,RM-5B,Residential,1634000,9502000,Bushouse Capital Corporation,Bushouse Capital Corporation,"",Long-term Rental,"",,,,
2518 e hastings st,2510 e hastings st,Hastings-Sunrise,2518 e hastings st,LMS183,"",34,1992,,,,,,Entre Nous Femmes Housing Society,Entre Nous Femmes Housing Society,"",Long-term Rental,Non-Profit Housing,Constance Court,Entre Nous Femmes Housing Society,,
1869 frances st,"",Grandview-Woodland,1869 frances st,007721340;007721421;007721382,594251950000,34,1967,,RM-4,Residential,3434000,5742000,1114766 BC Ltd,1114766 BC Ltd,"",Long-term Rental,"",,,,
50 e 16th av,"",Riley Park,50 e 16th av,015159167;015159175;015159141;015159159;015159116,690184500000,34,1966,,RM-4,Residential,4991000,5763000,Seto Investments Inc,Seto Investments Inc,"",Long-term Rental,"",,,,
2588 nanaimo st,"",Renfrew-Collingwood,2588 nanaimo st,018159176,655270050000,34,1998,,CD-1 (167),Comprehensive Development,434000,3052000,Brightside Community Homes Foundation,Brightside Community Homes Foundation,"",Long-term Rental,Non-Profit Housing,Muir Manor,Brightside Community Homes Foundation,,
1812 greer av,"",Kitsilano,1812 greer av,013930044;013930036;013930052;013930028,629097960000,34,1967,,RM-4,Residential,7204000,7708000,Karl Stein & Ben Tessler,Karl Stein & Ben Tessler,"",Long-term Rental,"",,,,
490 columbia st,101 e pender st;103 e pender st;105 e pender st;107 e pender st;430 columbia st;432 columbia st;434 columbia st;436 columbia st,Downtown,490 columbia st,015670643;015670651;015670660,"",34,1981,,,,,,DART COON CLUB,DART COON CLUB,"",Long-term Rental,Non-Profit Housing,Dart Coon Club,Chinese Freemasons of Canada,4,http://app.vancouver.ca/RPS_Net/Default.aspx?num=490&street=COLUMBIA%20STREET
1880 greer av,"",Kitsilano,1880 greer av,004608810;004608798;004608780;004608801,629097060000,34,1967,,RM-4,Residential,7137000,7775000,Ursula Vertone & Fred Vertone,Ursula Vertone & Fred Vertone,"",Long-term Rental,"",,,,
2492 victoria dr,1907 e broadway;1923 e broadway;2496 victoria dr,Grandview-Woodland,2492 victoria dr,024445487,650253010000,34,2002,,C-2,Commercial,4142000,6466000,Tung Lin Kok Yuen Canada Society,Tung Lin Kok Yuen Canada Society,"",Long-term Rental,Non-Profit Housing,,,,
1689 graveley st,"",Grandview-Woodland,1689 graveley st,011444363;011444347;011444371;011444355,616236890000,34,1965,,RM-4,Residential,3502000,5332000,George Rener & Alenka Rener,George Rener & Alenka Rener,"",Long-term Rental,"",,,,
1065 w 11th av,"",Fairview,1065 w 11th av,015014258;015014266;015014274,664149370000,34,1960,,R5-3,Residential,12796000,68800,Paul M Kwang & Josephine K Hwang,Paul M Kwang & Josephine K Hwang,"",Long-term Rental,"",,,,
8607 osler st,"",Marpole,8607 osler st,008744041,148830070000,34,1968,,RM-3A,Residential,5152000,3552000,Hudson Pacific Property Ltd,Hudson Pacific Property Ltd,"",Long-term Rental,"",,,,
2778 e hastings st,2788 e hastings st,Hastings-Sunrise,2778 e hastings st,008470049,590275880000,34,2014,,C-2A,Commercial,3463000,14344000,East Village Place Corp,East Village Place Corp,"",Long-term Rental,"",,,,
1556 e 5th av,"",Grandview-Woodland,1556 e 5th av,002697921,638234480000,33,1986,,RM-4,Residential,1228000,2066000,,,,,,Rising Star Co-op,Rising Star Co-op Housing Association,,
25 e 13th av,"",Mount Pleasant,25 e 13th av,015530752;015530647;015530485,683184050000,33,1968,,R3-3,Residential,4528000,5433000,Chu Chi Por (Chu Por),Chu Chi Por (Chu Por),Gary Manor,Long-term Rental,"",,,,
3520 euclid av,3540 euclid av;3560 euclid av;3580 euclid av,Renfrew-Collingwood,3520 euclid av,007327463,"",33,1979,,,,,,,,,,,Euclid Square,Metro Vancouver Housing Corporation,,
1550 w 10th av,"",Fairview,1550 w 10th av,004153006;004153022,654124400000,33,1964,,R5-3,Residential,4621000,9254000,1550 West 10th Holdings Ltd,1550 West 10th Holdings Ltd,"",Long-term Rental,"",,,,
2320 franklin st,"",Grandview-Woodland,2320 franklin st,024619540,588267080000,33,2001,,RM-3A,Residential,1829000,2796000,,,,,,Norah Davis Gardens,Kiwassa Housing Society,,
5454 balsam st,"",Arbutus-Ridge,5454 balsam st,008987131,78739920000,33,1965,RM-3,RM-3,Residential,6591000,832000,,,,,,,,,
1421 e 2nd av,"",Grandview-Woodland,1421 e 2nd av,015272061;015272044;011789794,631232050000,33,1977,,RM-4,Residential,3502000,5326000,Yin Wan Enterprises Ltd,Yin Wan Enterprises Ltd,Cedar Heights,Long-term Rental,"",,,1,http://app.vancouver.ca/RPS_Net/Default.aspx?num=1421&street=E%202ND%20AVENUE
1650 e 3rd av,"",Grandview-Woodland,1650 e 3rd av,007264518,633236480000,33,1980,,RM-4,Residential,1,1,Coast Foundation Society (1974),Coast Foundation Society (1974),Coastview Apartment,Long-term Rental,Non-Profit Housing,Coastview Apartments,Coast Mental Health,,
580 shanghai alley,35 keefer place;37 keefer place;39 keefer place;47 keefer place;49 keefer place;51 keefer place;550 taylor st;558 taylor st,Downtown,550 taylor st,BCS1559,"",33,2006,,,,,,,,,,,Harmony House,Vancouver Coastal Health,,
1245 nicola st,"",West End,1245 nicola st,007969988,613114970000,33,1955,,RM-5A,Residential,4841000,6367000,Telford Building Ltd,Telford Building Ltd,Alandra Apartments,Long-term Rental,"",,,,
8833 montcalm st,"",Marpole,8833 montcalm st,014353431;014353440;014353423,138833050000,33,1965,,RM-3A,Residential,5892000,2661000,,,,,,,,,
1545 e broadway,"",Grandview-Woodland,1545 e broadway,007691793,650234350000,33,1987,,RM-4,Residential,6415000,3574000,BC Indigenous Housing Society,BC Indigenous Housing Society,"",Long-term Rental,Non-Profit Housing,Wilp-Bilah,BC Indigenous Housing Society,,
1432 w 10th av,"",Fairview,1432 w 10th av,004618211;004618190;004618220,654130680000,33,1960,RM-3,R5-3,Residential,5777000,6659000,,,,,,,,,
1835 mclean dr,"",Grandview-Woodland,1835 mclean dr,003634027;003634001;003634051;003634043;003634060,631230940000,33,1971,,RM-4,Residential,4450000,4960000,Sha Enterprises Ltd,Sha Enterprises Ltd,"",Long-term Rental,"",,,,
5410 balsam st,"",Arbutus Ridge,5410 balsam st,008987114,78739640000,33,1966,,RM-3,Residential,7666000,6896000,1107013 BC Ltd,1107013 BC Ltd,"",Long-term Rental,"",,,5,http://app.vancouver.ca/RPS_Net/Default.aspx?num=5410&street=BALSAM%20STREET
1875 powell st,1879 powell st;1889 powell st;1895 powell st;1897 powell st,Grandview-Woodland,1895 powell st,011224843;011224878;011224827,"",33,1908,DEOD,,,,,,,,,,,,,
8616 oak st,"",Marpole,8616 oak st,014010313;014010305;014010291,150830080000,33,1978,,RM-3A,Residential,3980000,4489000,Starlight Investments,GF II 8616 Oak Apartments Ltd,"",Long-term Rental,"",,,,
2425 brunswick st,"",Mount Pleasant,2425 brunswick st,007621604,648194960000,33,1988,,CD-1 (191),Comprehensive Development,3903000,39500,SCH' EYK HOUSING SOCIETY,SCH' EYK HOUSING SOCIETY,"",Long-term Rental,Non-Profit Housing,Ledingham Place,Sch'eyk Housing Society,,
525 w 14th av,"",Fairview,525 w 14th av,007265280,684165750000,33,1978,,R3-3,Residential,10056000,4332000,Kruthaups Holding Ltd,Kruthaups Holding Ltd,"",Long-term Rental,"",,,,
1975 haro st,"",West End,1975 haro st,011992611,603108050000,33,1954,,RM-5B,Residential,4841000,6352000,Lotte & John Hecht Memorial Foundation,Lotte & John Hecht Memorial Foundation,"",Long-term Rental,"",,,,
2424 maple st,"",Kitsilano,2424 maple st,007044445,648095060000,33,1984,,R5-3,Residential,12386000,1301000,,,,,,Phoenix Court Co-op,Phoenix Court Co-op Housing Association,,
8755 laurel st,"",Marpole,8755 laurel st,014255057;014255332;014255201,153832050000,33,1967,,RM-3A,Residential,4514000,3939000,Lugano Apartments Ltd,Lugano Apartments Ltd,"",Long-term Rental,"",,,,
1137 bute st,"",West End,1137 bute st,015740960;015740951,609117960000,33,1956,,RM-5B,Residential,4841000,6933000,1004905 BC Ltd,1004905 BC Ltd,"",Long-term Rental,"",,,,
590 w 12th av,"",Fairview,590 w 12th av,014672286;014672294;014672332,670165060000,33,1968,,R5-3,Residential,13436000,108000,Sansui Sheng & Xiao Sheng,Sansui Sheng & Xiao Sheng,"",Long-term Rental,"",,,,
16 nanaimo st,"",Hastings-Sunrise,16 nanaimo st,008082901,270580980000,32,1987,,RM-3A,Residential,2615281,1816000,Affordable Housing Advisory Association,Affordable Housing Advisory Association,"",Long-term Rental,Non-Profit Housing,Nanaimo Lane,Affordable Housing Societies,,
1855 e georgia st,"",Grandview-Woodland,1855 e georgia st,009198989;009199004;009198997,596251550000,32,1966,,RM-4,Residential,3905000,4975000,George & Alenka Rener,George & Alenka Rener,"",Long-term Rental,"",,,,
1460 nelson st,1004 nicola st;1008 nicola st;1014 nicola st;1026 nicola st,West End,1460 nelson st,015761444,606115040000,32,1910,,RM-5,Residential,3631000,7751000,J F Lum Holdings Ltd,J F Lum Holdings Ltd,"",Long-term Rental,"",,,,
1721 franklin st,1719 franklin st;1723 franklin st,Grandview-Woodland,1719 franklin st,015164811,588250230000,32,1982,,M-2,Industrial,2520000,26100,BC Indigenous Housing Society,BC Indigenous Housing Society,"",Long-term Rental,Non-Profit Housing,Franklin House,BC Indigenous Housing Society,,
1925 woodland dr,"",Grandview-Woodland,1925 woodland dr,029409811,234633010000,32,2014,,RM-4,Residential,3511000,10678000,0993786 BC Ltd,0993786 BC Ltd,"",Long-term Rental,"",,,,
2180 w 38th av,"",Arbutus Ridge,2180 w 38th av,013022989;013022946;013022997;013022938,742081240000,32,1964,,RM-3,Residential,5047000,6895000,Alpine Towers Property Ltd,Alpine Towers Property Ltd,"",Long-term Rental,"",,,,
8655 selkirk st,"",Marpole,8655 selkirk st,004385942;004385934;004385926,145830610000,32,1964,RM-3A,RM-3A,Residential,4839000,3158000,,,,,,,,,
2625 hemlock st,"",Fairview,2625 hemlock st,015017311;015017303,654130960000,32,1927,,R5-3,Residential,4621000,6822000,Tribe Rental Management,Hemlock And West 10 Holdings Ltd,"",Long-term Rental,"",,,,
4620 yew st,4676 yew st,Arbutus-Ridge,4620 yew st,008999023,87722060000,32,1981,CD-1 (26),CD-1 (26),Comprehensive Development,10500000,3383000,,,,,,,,,
2168 w 2nd av,"",Kitsilano,2168 w 2nd av,015282457;015282309;015282317;015282325;015282295;015282333,636087260000,32,1968,,R3-3,Residential,5989000,5936000,Ludwig Schuster & Erna Schuster,Ludwig Schuster & Erna Schuster,"",Long-term Rental,"",,,,
1090 granville st,649 helmcken st,Downtown,1090 granville st,017288959,"",32,1991,,,,,,,,,,,Helmcken House,McLaren Housing Society of BC,,
2150 w 39th av,"",Arbutus Ridge,2150 w 39th av,009441603;009441581;011156147,744081640000,32,1959,,RM-3,Residential,7247000,6242000,Josephine Westwood Investments Ltd,Josephine Westwood Investments Ltd,"",Long-term Rental,"",,,,
2425 cypress st,"",Kitsilano,2425 cypress st,015189945;015189881;015189899;015190005;015189872,648095920000,32,1976,,R5-3,Residential,15353000,56600,,,,,,Cypress Walk,BC Housing,,
1685 w 13th av,"",Fairview,1685 w 13th av,014176891;014176874;014176840,683122050000,32,1968,,R3-3,Residential,13436000,56500,Joseph R Kapp (Joseph Kapp),Joseph R Kapp (Joseph Kapp),"",Long-term Rental,"",,,,
1136 w 10th av,"",Fairview,1136 w 10th av,015014584;015014568;015014576,654146600000,32,1965,,R5-3,Residential,12796000,66900,SEEGMOR HOLDINGS INC.,SEEGMOR HOLDINGS INC.,Sumac,Long-term Rental,"",,,,
1410 w 13th av,"",Fairview,1410 w 13th av,011278226,683130940000,32,1961,,R3-3,Residential,4621000,5544000,Judith Enterprises Ltd,Judith Enterprises Ltd,"",Long-term Rental,"",,,,
372 e 8th av,"",Mount Pleasant,372 e 8th av,015536106;015536122;015536092,648195060000,32,1969,,RM-4,Residential,4492000,10663000,Norton Holdings Inc,Norton Holdings Inc,"",Long-term Rental,"",,,,
101 e 7th av,"",Mount Pleasant,101 e 7th av,006833969,646186090000,32,1982,,I-1,Industrial,11424000,2775000,,,,,,Quebec Manor Co-op,Quebec Manor Co-op Housing Association,,
1107 w 14th av,"",Fairview,1107 w 14th av,011837489;011837454;011837527,686146970000,32,1967,,R3-3,Residential,12796000,67800,Wimming Canada Ltd,Wimming Canada Ltd,"",Long-term Rental,"",,,2,http://app.vancouver.ca/RPS_Net/Default.aspx?num=1107&street=W%2014TH%20AVENUE
1050 w 10th av,"",Fairview,1050 w 10th av,015014207;015014193;015014215,654149560000,32,1965,,R5-3,Residential,12796000,62000,(Severin Hoch),(Severin Hoch),El Mirador,Long-term Rental,"",,,,
1030 w 14th av,"",Fairview,1030 w 14th av,014662965;014662981;014662973,686149640000,32,1966,,R3-3,Residential,12796000,62500,Mark Elle Holdings Ltd,Mark Elle Holdings Ltd,"",Long-term Rental,"",,,,
8655 cartier st,"",Marpole,8655 cartier st,014344467;014344441;014344459,135830570000,32,1966,,RM-3A,Residential,5892000,2677000,Jordan Development Corporation Ltd,Jordan Development Corporation Ltd,"",Long-term Rental,"",,,1,http://app.vancouver.ca/RPS_Net/Default.aspx?num=8655&street=CARTIER%20STREET
310 e 14th av,"",Mount Pleasant,310 e 14th av,032186347,684194040000,32,1969,,R3-3,Residential,4029000,5609000,632668 BC Ltd,632668 BC Ltd,"",Long-term Rental,"",,,,
485 dunlevy av,"",Strathcona,485 dunlevy av,018627935,"",32,1984,,,,,,ATIRA WOMEN'S RESOURCE SOCIETY,ATIRA WOMEN'S RESOURCE SOCIETY,"",Long-term Rental,Non-Profit Housing,Sisele Housing,Atira Women’s Resource Society,,
955 thurlow st,"",West End,955 thurlow st,010526480;010526510,605118940000,32,1928,,RM-5B,Residential,9986000,1198000,JKL Holdings Ltd,JKL Holdings Ltd,The Biltmore Apartments,Long-term Rental,"",,,,
1947 w 7th av,"",Kitsilano,1947 w 7th av,008183333;008183210;008183236,646095350000,32,1958,RM-4,R5-4,Residential,11466000,153000,Whitehall Investments Ltd,Whitehall Investments Ltd,"",Long-term Rental,"",,,,
449 e 44th av,"",Sunset,449 e 44th av,006551289,757197550000,32,1986,,RM-2,Residential,4482000,5953000,,,,,,Griffin's Walk Co-op,Griffin's Walk Co-op Housing Association,,
12 w 10th av,"",,12 w 10th av,"","",32,1981,,,,,,,,,,,View Court Co-op,View Court Co-op Housing Association,,
1010 hornby st,1015 howe st;1025 howe st;808 nelson st;888 nelson st,Downtown,808 nelson st,007274238,606124080000,32,1982,DD,DD,Comprehensive Development,61373000,31746000,,,,,,,,,
5075 boundary rd,"",Renfrew-Collingwood,5075 boundary rd,017687837,320714850000,32,1993,,CD-1 (241),Comprehensive Development,903000,2887000,,,,,,Lu'Ma Housing (Boundary Rd),Lu'Ma Native Housing Society,,
1376 bute st,"",West End,1376 bute st,011942355,616118070000,32,1910,,RM-5A,Residential,4841000,6693000,Royal Mansions Investment Ltd,Royal Mansions Investment Ltd,Royal Mansion,Long-term Rental,"",,,,
1075 gilford st,"",West End,1075 gilford st,013483749,607108940000,32,1926,,RM-5B,Residential,4841000,4983000,491296 BC Ltd,491296 BC Ltd,Kenmore Apartments,Long-term Rental,"",,,,
362 alexander st,"",Strathcona,362 alexander st,015605540,579192640000,32,2013,,DEOD,Comprehensive Development,2163000,199000,Atira Women's Resource Society,Atira Women's Resource Society,The Empress Rooms,Long-term Rental,Non-Profit Housing,Empress Rooms,Atira Women’s Resource Society,1,http://app.vancouver.ca/RPS_Net/Default.aspx?num=362&street=ALEXANDER%20STREET
2265 eton st,"",Grandview-Woodland,2265 eton st,015694208;015694259;015694224,575265930000,32,1968,,RM-3A,Residential,3446000,5100000,Vancouver Pacific Enterprises Corp,Vancouver Pacific Enterprises Corp,"",Long-term Rental,"",,,1,http://app.vancouver.ca/RPS_Net/Default.aspx?num=2265&street=ETON%20STREET
1560 e 4th av,"",Grandview-Woodland,1560 e 4th av,012811173,634234460000,31,1989,,RM-4,Residential,4431000,6428000,BC Indigenous Housing Society,BC Indigenous Housing Society,"",Long-term Rental,Non-Profit Housing,Vancouver Native (4th Ave),BC Indigenous Housing Society,,
1133 barclay st,"",West End,1133 barclay st,015753310,605118330000,31,2009,,RM-5B,Residential,3631000,7686000,0811933 BC Ltd,0811933 BC Ltd,"",Long-term Rental,"",,,,
1012 main st,1014 main st,Strathcona,1012 main st,015642488,190603680000,31,2021,,FC-1,Commercial,5373400,318500,,,,,,1012 Main,BC Housing,,
1281 broughton st,"",West End,1281 broughton st,015745431,613115960000,31,1959,,RM-5A,Residential,4841000,8648000,CAPREIT APARTMENTS INC.,CAPREIT APARTMENTS INC.,TWELVE81,Long-term Rental,"",,,,
3375 oak st,"",Shaughnessy,3375 oak st,011532742;011532734,150692750000,31,1930,,RM-3A,Residential,4871000,6486000,Marvin Ross & Vincent Storrow Et Al,Marvin Ross & Vincent Storrow Et Al,"",Long-term Rental,"",,,,
1575 e 5th av,"",Grandview-Woodland,1575 e 5th av,003563693,638234510000,31,1986,,RM-4,Residential,3980000,6246000,BC Indigenous Housing Society,BC Indigenous Housing Society,"",Long-term Rental,Non-Profit Housing,Vancouver Native (5th Ave),BC Indigenous Housing Society,,
1880 w 2nd av,"",Kitsilano,1880 w 2nd av,007659644,636097020000,31,1975,,R3-3,Residential,5440000,4590000,,,,,,Woodcroft,BC Housing,,
1188 pendrell st,"",West End,1188 pendrell st,023200006,118609060000,31,1997,,RM-5B,Residential,1,1,Coast Foundation Society (1974),Coast Foundation Society (1974),Hooper Apartment,Long-term Rental,Non-Profit Housing,Hooper Apartments,Coast Mental Health,1,http://app.vancouver.ca/RPS_Net/Default.aspx?num=1188&street=PENDRELL%20STREET
2233 w 3rd av,"",Kitsilano,2233 w 3rd av,015281191;015281027;015281043;015281221;015281035;015281019,638084710000,31,1968,,R3-3,Residential,5546000,6074000,Siddoo Kashmir Holding Limited,Ajmer Singh Siddoo (Ajmer Siddoo),"",Long-term Rental,"",,,,
2495 w 3rd av,"",Kitsilano,2495 w 3rd av,007987072,638077070000,31,1974,,RM-4,Residential,4358000,5682000,Brightside Community Homes Foundation,Brightside Community Homes Foundation,"",Long-term Rental,Non-Profit Housing,Moreland Kennedy House,Brightside Community Homes Foundation,,
825 salsbury dr,"",Grandview-Woodland,825 salsbury dr,007067364,598250940000,31,1986,,RM-4,Residential,2192000,1430000,,,,,,Grace MacInnis Co-op,Grace MacInnis Co-op Housing Association,,
3274 findlay st,"",Kensington-Cedar Cottage,3274 findlay st,009648321,251687460000,31,1988,,R1-1,Residential Inclusive,7895000,4284000,,,,,,Trout Lake Co-op,Trout Lake Co-op Housing Association,,
8623 selkirk st,"",Marpole,8623 selkirk st,014341468;014341484;014341506,145830270000,31,1965,,RM-3A,Residential,4839000,2960000,Maicaic Enterprise Ltd,Maicaic Enterprise Ltd,"",Long-term Rental,"",,,1,http://app.vancouver.ca/RPS_Net/Default.aspx?num=8623&street=SELKIRK%20STREET
1676 w 11th av,"",Fairview,1676 w 11th av,013453521;013453556;013453505,664122260000,31,1964,,R5-4,Residential,12796000,64000,Villa Capri Enterprises Ltd,Villa Capri Enterprises Ltd,Southwing Apartments,Long-term Rental,"",,,,
3090 e 54th av,7001 kerr st,Killarney,3090 e 54th av,009127666,810288980000,31,2019,,CD-1 (634),Comprehensive Development,2902000,6031000,,,,,,Pacific Spirit Terrace,YWCA Vancouver,,
1049 chilco st,"",West End,1049 chilco st,015736938,607107950000,31,1957,,RM-5B,Residential,4841000,8889000,Tribe Rental Management,Greenbrier Holdings Ltd,The Residency,Long-term Rental,"",,,,
2180 w 6th av,"",,2180 w 6th av,"","",31,1968,,,,,,Hollybush Holdings Ltd,Hollybush Holdings Ltd,"",Long-term Rental,"",,,,
2630 york av,"",Kitsilano,2630 york av,"","",31,1926,RT-8,,,,,,,,,,,,,
3691 vanness av,"",Renfrew-Collingwood,3691 vanness av,018912788,717316950000,31,1996,,CD-1 (241),Comprehensive Development,498000,2808000,,,,,,Chelsea Crossing,New Chelsea Society,,
8739 osler st,"",Marpole,8739 osler st,013953818;013953834;013953796;015055311,148832470000,31,1966,,RM-3A,Residential,5825000,3856000,Sterum Properties Ltd,Sterum Properties Ltd,"",Long-term Rental,"",,,,
5350 vine st,"",Arbutus Ridge,5350 vine st,007134932;007134878;007135084;007135165;007135203,79739360000,31,1964,,RM-3,Residential,7674000,7251000,Kenmark Investments Ltd,Kenmark Investments Ltd,"",Long-term Rental,"",,,,
460 e 6th av,"",Mount Pleasant,460 e 6th av,015256154;015256146;015256162;015256308,645198720000,31,1969,,R5-4,Residential,3992000,5012000,,,,,,,,,
1617 graveley st,"",Grandview-Woodland,1617 graveley st,011894539;011894547;011894512;011894491,616236190000,31,1967,,RM-4,Residential,3502000,5572000,Zenith Apartments Ltd,Zenith Apartments Ltd,"",Long-term Rental,"",,,,
275 alexander st,15 gore av;245 alexander st;25 gore av;253 alexander st;259 alexander st;265 alexander st;281 alexander st;287 alexander st;289 alexander st;299 alexander st;35 gore av;55 gore av;85 gore av;89 gore av,Strathcona,289 alexander st,LMS3818,"",30,1999,,,,,,,,,,,The Edge,The Core Artists Co-op,,
1216 e 7th av,"",Mount Pleasant,1216 e 7th av,007158815,646225080000,30,1981,,R5-3,Residential,1,1,Coast Foundation Society (1974),Coast Foundation Society (1974),China Creek Apartment,Long-term Rental,Non-Profit Housing,China Creek Apartments,Coast Mental Health,,
1345 w 13th av,"",Fairview,1345 w 13th av,014681510;014681501,683134610000,30,1964,RM-3,R3-3,Residential,4621000,6182000,Monty Jang & Raymond Jang,Monty Jang & Raymond Jang,"",Long-term Rental,"",,,,
1041 comox st,"",West End,1041 comox st,002412462,607119550000,30,1998,,RM-5B,Residential,1,1,Wings Housing Society,Wings Housing Society,"",Long-term Rental,Non-Profit Housing,The Bonaventure Apartments,Wings Housing Society,3,http://app.vancouver.ca/RPS_Net/Default.aspx?num=1041&street=COMOX%20STREET
590 sw marine dr,"",Marpole,590 sw marine dr,010227385;007118252;007118228,830166040000,30,1982,,RT-2,Residential,14182000,123000,,,,,,Ashdown Gardens,Metro Vancouver Housing Corporation,,
1025 chilco st,"",West End,1025 chilco st,015212238;015212211,606107940000,30,1952,,RM-5B,Residential,9986000,1281000,RAND REID VENTURES INC.,RAND REID VENTURES INC.,ERWILL APARTMENTS,Long-term Rental,"",,,,
1326 w 13th av,"",Fairview,1326 w 13th av,014670151;014670160,683134700000,30,1964,,R3-3,Residential,4621000,7435000,1326 West 13th Avenue Holdings Inc,1326 West 13th Avenue Holdings Inc,"",Long-term Rental,"",,,,
1823 e 11th av,"",Kensington-Cedar Cottage,1823 e 11th av,012159069,"",30,1990,,,,,,,,,,,Victoria Gardens Co-op,Victoria Gardens Co-op Housing Assoc,,
1877 haro st,"",West End,1877 haro st,015741869,603109170000,30,1938,,RM-5B,Residential,3301000,5751000,Lotte & John Hecht Memorial Foundation,Lotte & John Hecht Memorial Foundation,"",Long-term Rental,"",,,,
1366 w 12th av,"",Fairview,1366 w 12th av,013490893;013490877;013490885,670134340000,30,1959,RM-3,R3-3,Residential,12796000,66600,1366W12 Properties Ltd,1366W12 Properties Ltd,"",Long-term Rental,"",,,,
2689 w broadway,2488 stephens st;2490 stephens st;2691 w broadway;2693 w broadway;2695 w broadway;2697 w broadway;2699 w broadway,Kitsilano,2490 stephens st,015122239,"",30,1993,C-2C1,,,,,,,,,,,,,
2799 granville st,1507 w 12th av;1509 w 12th av,Fairview,1507 w 12th av,015014118;015014100,"",30,1912,C-3A,,,,,,,,,,,,,
1030 harwood st,"",West End,1030 harwood st,008558833;008558850;008558868,615119640000,30,1963,,RM-5A,Residential,14706000,55400,KYV Holdings Ltd,KYV Holdings Ltd,The Catalina,Long-term Rental,"",,,,
1344 e 1st av,"",Grandview-Woodland,1344 e 1st av,005392641;005392667;005392624;005392691,630230260000,30,1970,,RM-4,Residential,3074000,4304000,GLR PROPERTIES LTD,GLR PROPERTIES LTD,"",Long-term Rental,"",,,2,http://app.vancouver.ca/RPS_Net/Default.aspx?num=1344&street=E%201ST%20AVENUE
1433 burnaby st,"",West End,1433 burnaby st,015747603,613115550000,30,1969,,RM-5A,Residential,3631000,7853000,Starlight Investments,IMH 1433 Burnaby Apartments Ltd,"",Long-term Rental,"",,,,
1364 w 11th av,"",Fairview,1364 w 11th av,013256777;013256769;013256793,664134360000,30,1960,RM-3,R5-4,Residential,12796000,66300,Wimming Canada Ltd,Wimming Canada Ltd,"",Long-term Rental,"",,,,
1763 nelson st,"",West End,1763 nelson st,007087454,606110350000,30,1983,,RM-5A,Residential,7988000,5391000,,,,,,Sojourn Co-op,Sojourn Co-op Housing Association,,
54 e cordova st,56 e cordova st,Downtown,54 e cordova st,015691217,589178660000,30,2009,,HA-2,Historical Area,722801,112001,Lookout Housing And Health Society,Lookout Housing And Health Society,Cordova Residence,Long-term Rental,Non-Profit Housing,Cordova Residence,Atira Property Management Inc.,,
2266 w 1st av,"",Kitsilano,2266 w 1st av,007716028;007715889;007715978;007715919;007720793;007715994,634084260000,30,1966,,R3-3,Residential,6078000,5603000,Sandy Yee Sun Chow & Cecillia Siu Hing Chow,Sandy Yee Sun Chow & Cecillia Siu Hing Chow,Pacific View Manor,Long-term Rental,"",,,,
18 w hastings st,16 w hastings st,Downtown,18 w hastings st,015650944,590172780000,30,2021,,HA-2,Historical Area,1,1,Atira Women's Resource Society,Atira Women's Resource Society,Veronica Block,Long-term Rental,Non-Profit Housing,Burns Block,Atira Women’s Resource Society,1,http://app.vancouver.ca/RPS_Net/Default.aspx?num=18&street=W%20HASTINGS%20STREET
5616 fraser st,"",Kensington-Cedar Cottage,5616 fraser st,025328808,210744740000,30,2007,,C-2A,Commercial,1,1,Raincity Housing and Support Society,Raincity Housing and Support Society,Fraser Street Transitional Housing,Long-term Rental,Non-Profit Housing,Fraser Place,Raincity Housing and Support Society,,
8775 osler st,"",Marpole,8775 osler st,015055370,148832970000,30,1963,,RM-3A,Residential,5330000,2869000,Fleischer Holdings Ltd,Fleischer Holdings Ltd,"",Long-term Rental,"",,,,
1970 w 41st av,"",Kerrisdale,1970 w 41st av,011115157;011115122;011115092,750092660000,30,1960,,RM-3A,Residential,7082000,4555000,Lovete Ventures Inc,Lovete Ventures Inc,"",Long-term Rental,"",,,,
1901 barclay st,"",West End,1901 barclay st,004712404,605108970000,30,1954,,RM-5B,Residential,4841000,4063000,1368874 BC Ltd,1368874 BC Ltd,"",Long-term Rental,"",,,6,http://app.vancouver.ca/RPS_Net/Default.aspx?num=1901&street=BARCLAY%20STREET
8610 montcalm st,"",Marpole,8610 montcalm st,006748473;006748490;006748562,138830060000,30,1965,,RM-3A,Residential,4643000,3456000,,,,,,,,,
187 e 3rd av,"",Mount Pleasant,187 e 3rd av,031500498,641186950000,30,2021,,CD-1 (684),Comprehensive Development,795000,2722000,,,,,,Second + Main,221a Artist Housing Society,,
1065 pacific st,"",West End,1065 pacific st,031982956,616119250000,30,1963,,CD-1 (873),Comprehensive Development,14769000,44300,,,,,,,,,
8715 osler st,"",Marpole,8715 osler st,012835293;013954008;013953974,148832070000,30,1964,,RM-3A,Residential,4546000,3097000,1228393 BC Ltd,1228393 BC Ltd,"",Long-term Rental,"",,,2,http://app.vancouver.ca/RPS_Net/Default.aspx?num=8715&street=OSLER%20STREET
420 w 16th av,"",Riley Park,420 w 16th av,010897895;014215021;014215071;010897887;014215047,690170960000,30,1976,,RT-5,Residential,14241000,1084000,,,,,,Redwood Mews,BC Housing,,
1383 e broadway,"",Grandview-Woodland,1383 e broadway,010562567;010562575;010562559,650230950000,30,1969,,RM-4,Residential,3499000,5422000,1383 E Broadway Homes Limited,1383 E Broadway Homes Limited,"",Long-term Rental,"",,,3,http://app.vancouver.ca/RPS_Net/Default.aspx?num=1383&street=E%20BROADWAY
2339 main st,2341 main st;2343 main st,Mount Pleasant,2339 main st,011397055,190646810000,30,1910,RT-5,C-3A,Commercial,1537000,3291000,ThePorter Residences Development Limited Partnership,ThePorter Residences Development Limited Partnership,"",Long-term Rental,"",,,1,http://app.vancouver.ca/RPS_Net/Default.aspx?num=2339&street=MAIN%20STREET
2260 w 2nd av,"",Kitsilano,2260 w 2nd av,010264566;010264680;010264621;010264655;010264591,636084500000,29,1965,,R3-3,Residential,5546000,5791000,,,,,,,,,
4210 kamloops st,"",,4210 kamloops st,"","",29,1990,,,,,,,,,,,Chelsea Green,New Chelsea Society,,
1357 barclay st,"",West End,1357 barclay st,004684311,605116270000,29,1906,,RM-5,Residential,2751000,4140000,T&P Marketing Ltd,T&P Marketing Ltd,"",Long-term Rental,"",,,,
1424 comox st,"",West End,1424 comox st,007531478,607115600000,29,1977,,RM-5,Residential,7257000,5747000,,,,,,Comox Street Development,BC Housing,,
1243 thurlow st,"",West End,1243 thurlow st,015748669,613118970000,29,1911,RM-5A,RM-5A,Residential,2751000,7154000,S A H Properties Ltd,S A H Properties Ltd,Hampton Court,Long-term Rental,"",,,,
5774 balsam st,"",Kerrisdale,5774 balsam st,013674544;013674501;013674471;013674528,78750320000,29,1964,,RM-3,Residential,5359000,4886000,Cheryl Company Ltd,Cheryl Company Ltd,"",Long-term Rental,"",,,,
3479 kingsway,3483 kingsway;3485 kingsway;3487 kingsway;3489 kingsway;3491 kingsway;3493 kingsway;3495 kingsway;3497 kingsway;3499 kingsway,Renfrew-Collingwood,3479 kingsway,005625157,770313970000,29,1970,C-2,C-2A,Commercial,7325000,4638000,,,,,,,,1,http://app.vancouver.ca/RPS_Net/Default.aspx?num=3479&street=KINGSWAY
30 e 15th av,"",Mount Pleasant,30 e 15th av,015240631;015240665;015240673;015240657,687184340000,29,1966,,R3-3,Residential,3992000,6433000,Halla Manor Holdings Ltd,Halla Manor Holdings Ltd,"",Long-term Rental,"",,,,
1219 e 8th av,"",Mount Pleasant,1219 e 8th av,006628648,648225070000,29,1984,,R5-3,Residential,2570000,675000,,,,,,Lu'Ma Housing (8th Ave),Lu'Ma Native Housing Society,,
1430 maple st,"",Kitsilano,1430 maple st,012832243;012832251;012832227;012832219;012832235,95627580000,29,1949,,RM-4,Residential,6885000,4692000,(Lawrence Brown),(Lawrence Brown),"",Long-term Rental,"",,,2,http://app.vancouver.ca/RPS_Net/Default.aspx?num=1430&street=MAPLE%20STREET
2148 w 38th av,"",Arbutus Ridge,2148 w 38th av,017311314,742081440000,29,1991,,CD-1 (267),Comprehensive Development,5185000,5307000,400491 B C Ltd,400491 B C Ltd,King's Court,Long-term Rental,"",,,,
514 e 5th av,"",Mount Pleasant,514 e 5th av,013379101;013379119;013379062;013379089,643201060000,29,1970,,R5-3,Residential,3992000,5071000,Cantake Investment Consultants Ltd,Cantake Investment Consultants Ltd,"",Long-term Rental,"",,,,
3691 w 6th av,"",Kitsilano,3691 w 6th av,015406601;015406628;015406580;015406598,643040050000,29,1966,,RM-4,Residential,5372000,4818000,(Joe Wicki),(Joe Wicki),"",Long-term Rental,"",,,,
322 woodland dr,326 woodland dr,Grandview-Woodland,322 woodland dr,011157429,235588260000,29,1913,M-2,M-2,Industrial,2177000,42400,,,,,,,,,
1129 main st,"",Downtown,1129 main st,017319251,190605050000,29,1992,,CD-1 (264),Comprehensive Development,2081000,1900000,Affordable Housing Charitable Association,Affordable Housing Charitable Association,"",Long-term Rental,Non-Profit Housing,Station Park II,Affordable Housing Societies,1,http://app.vancouver.ca/RPS_Net/Default.aspx?num=1129&street=MAIN%20STREET
1057 barclay st,"",West End,1057 barclay st,015751155,605119290000,29,1954,,RM-5B,Residential,12285000,40900,1149365 BC Ltd,1149365 BC Ltd,"",Long-term Rental,"",,,,
8675 laurel st,"",Marpole,8675 laurel st,014254867;014254948;014254794,153830970000,29,1965,,RM-3A,Residential,4600000,3054000,Landrise Management Ltd,Landrise Management Ltd,Laurel Apartment,Long-term Rental,"",,,,
1400 e 11th av,"",Kensington-Cedar Cottage,1400 e 11th av,009226885,665230680000,29,1973,,RT-5,Residential,4615000,2358000,Brightside Community Homes Foundation,Brightside Community Homes Foundation,"",Long-term Rental,Non-Profit Housing,King's Daughter Manor,Brightside Community Homes Foundation,,
1650 barclay st,"",West End,1650 barclay st,004422040,605113560000,29,1956,,RM-5A,Residential,3631000,5716000,Hampton Royale Apts Ltd,Hampton Royale Apts Ltd,"",Long-term Rental,"",,,,
1528 comox st,"",West End,1528 comox st,007518765,607114600000,29,1977,,RM-5,Residential,7279000,10369000,,,,,,Comox Street Development,BC Housing,,
8725 oak st,"",Marpole,8725 oak st,032415532,150832070000,29,1969,RM-3A,RM-3A,Residential,4076000,2128000,,,,,,,,,
1310 w 10th av,"",Fairview,1310 w 10th av,002453959;002453967,654134940000,29,1959,,R5-3,Residential,4621000,6211000,Wing Yip Enterprises Ltd,Wing Yip Enterprises Ltd,"",Long-term Rental,"",,,,
430 dunlevy av,"",Strathcona,430 dunlevy av,017309743,592194050000,29,1993,,CD-1 (286),Comprehensive Development,1147000,1158000,,,,,,Chinese United Church Lodge,Chinese United Church,,
930 chilco st,"",West End,930 chilco st,005048311,605108070000,29,1940,,RM-5B,Residential,7060000,3255000,EMV Holdings Corp,EMV Holdings Corp,"",Long-term Rental,"",,,1,http://app.vancouver.ca/RPS_Net/Default.aspx?num=930&street=CHILCO%20STREET
2255 w 1st av,2265 w 1st av,Kitsilano,2255 w 1st av,015097340;015097366;015097358,634084350000,29,1964,,RM-4,Residential,5901000,5315000,Wiedmayer Holdings Ltd,Wiedmayer Holdings Ltd,"",Long-term Rental,"",,,,
360 e 14th av,"",Mount Pleasant,360 e 14th av,009014799,684194600000,28,1965,,R3-3,Residential,3645000,8784000,CZB Apartments Ltd,CZB Apartments Ltd,"",Long-term Rental,"",,,,
2020 w 2nd av,"",Kitsilano,2020 w 2nd av,029797144,636090780000,28,1969,,R3-3,Residential,5452000,6340000,Hardy Enterprises Ltd,Hardy Enterprises Ltd,Fern Holdings,Long-term Rental,"",,,,
1170 barclay st,"",West End,1170 barclay st,004753143,605118260000,28,2022,,RM-5B,Residential,3631000,9281000,Plan A Real Estate Services Ltd,Plan A - 1170 Barclay Street Ltd,"",Long-term Rental,"",,,,
340 e 14th av,"",Mount Pleasant,340 e 14th av,009014781,684194400000,28,1965,,R3-3,Residential,3648000,4459000,Maintweal Enterprises Ltd,Maintweal Enterprises Ltd,"",Long-term Rental,"",,,,
2110 w 5th av,"",Kitsilano,2110 w 5th av,032805021,642087940000,28,1967,,CD-1 (925),Comprehensive Development,,,W5 ARBUTUS HOLDINGS LTD.,W5 ARBUTUS HOLDINGS LTD.,"",Long-term Rental,"",,,,
1421 burnaby st,"",West End,1421 burnaby st,013027824,613115750000,28,1956,RM-5A,RM-5A,Residential,3631000,4592000,440363 B C Ltd,440363 B C Ltd,"",Long-term Rental,"",,,,
2116 w 6th av,"",Kitsilano,2116 w 6th av,005218021;005218039;005218012,643087960000,28,1967,RM-4,R5-3,Residential,12720804,53000,Coast Apartments Ltd,Coast Apartments Ltd,"",Long-term Rental,"",,,,
3455 w 4th av,"",Kitsilano,3455 w 4th av,007677111;007677146,640042250000,28,1958,,RM-4,Residential,4959000,5819000,Whitehall Investments Ltd,Whitehall Investments Ltd,"",Long-term Rental,"",,,,
1975 e 12th av,"",Kensington-Cedar Cottage,1975 e 12th av,018552803,670253910000,28,1995,,RM-4,Residential,386000,2384000,YWCA,YWCA,Semlin Gardens,Long-term Rental,Non-Profit Housing,Semlin Gardens,YWCA Vancouver,2,http://app.vancouver.ca/RPS_Net/Default.aspx?num=1975&street=E%2012TH%20AVENUE
3196 heather st,"",Fairview,3196 heather st,007626401,163688940000,28,1976,,C-2A,Commercial,11200000,302000,,,,,,"Co-op Demers ""La Bruyere""","Co-op Demers ""La Bruyere"" Co-op Hsg Assoc.",,
2171 w 2nd av,"",Kitsilano,2171 w 2nd av,015234096;015234070;015234053;015234061,636087290000,28,1965,,R3-3,Residential,5546000,5084000,Alric Holdings Ltd,Alric Holdings Ltd,"",Long-term Rental,"",,,,
2199 wall st,"",Grandview-Woodland,2199 wall st,009510231,255570110000,28,1967,,RM-3A,Residential,2789000,4834000,Wall Street Holdings Ltd,Wall Street Holdings Ltd,"",Long-term Rental,"",,,,
2328 galt st,"",Kensington-Cedar Cottage,2328 galt st,029774608,725267220000,28,2019,,CD-1 (632),Comprehensive Development,2650000,12910000,2328 Galt St (BC) Properties Ltd,2328 Galt St (BC) Properties Ltd,"",Long-term Rental,"",,,,
2155 w 38th av,"",Arbutus Ridge,2155 w 38th av,008295573;008295557;008295603;008295484;008295522;008295476,742081490000,28,1963,,RM-3,Residential,9041000,6240000,Manet Investments Limited,Manet Investments Limited,Hampton Apartments,Long-term Rental,"",,,3,http://app.vancouver.ca/RPS_Net/Default.aspx?num=2155&street=W%2038TH%20AVENUE
2101 southside dr,2103 southside dr;2105 southside dr;2107 southside dr;2109 southside dr;2111 southside dr;2113 southside dr;2115 southside dr;2119 southside dr;2121 southside dr;2123 southside dr;2125 southside dr;2127 southside dr;2129 southside dr;2131 southside dr,Victoria-Fraserview,2101 southside dr,006850723,830252080000,28,1985,,CD-1 (156),Comprehensive Development,1098000,672000,,,,,,Marin Vista,Affordable Housing Societies,,
1131 barclay st,"",West End,1131 barclay st,015753328,605118390000,28,1941,,RM-5B,Residential,3631000,7282000,1096105 BC Ltd,1096105 BC Ltd,"",Long-term Rental,"",,,,
1101 harwood st,"",West End,1101 harwood st,014570637,615118950000,28,1955,,RM-5A,Residential,4841000,6056000,Jordan Holdings Ltd,Jordan Holdings Ltd,Stanley Manor,Long-term Rental,"",,,,
1325 w 14th av,"",Fairview,1325 w 14th av,014670224;014670232,686134710000,28,1964,,R3-3,Residential,4621000,4132000,,,,,,,,,
2086 w 2nd av,"",Kitsilano,2086 w 2nd av,011287811;015285995;011287799;011287802,636090260000,28,1970,,R3-3,Residential,5550000,5764000,E ALSILMI & GROUP LTD,E ALSILMI & GROUP LTD,"",Long-term Rental,"",,,,
2230 harrison dr,"",Victoria-Fraserview,2230 harrison dr,031159923,828258020000,28,1962,CD-1 (13A),CD-1 (13A),Comprehensive Development,1809000,20600,,,,,,,,,
1168 pendrell st,"",West End,1168 pendrell st,008794863,609118240000,28,2021,,RM-5B,Residential,3631000,12053000,Plan A Real Estate Services Ltd,Plan A - 1168 Pendrell St Ltd,"",Long-term Rental,"",,,,
3548 victoria dr,"",Kensington-Cedar Cottage,3548 victoria dr,015857476,253693040000,28,1991,,CD-1 (207),Comprehensive Development,853000,2755000,New Chelsea Society,New Chelsea Society,Chelsea Corner,Long-term Rental,Non-Profit Housing,Chelsea Corner,New Chelsea Society,,
1059 nelson st,1083 nelson st,West End,1059 nelson st,031725953,"",28,1955,,,,,,Nelson Street Residences Ltd,Nelson Street Residences Ltd,"",Long-term Rental,"",,,,
2570 spruce st,"",Fairview,2570 spruce st,008596689;008596654,654149050000,28,1923,,R5-3,Residential,4621000,5866000,Commonwealth Holding Co Ltd,Commonwealth Holding Co Ltd,"",Long-term Rental,"",,,,
8680 laurel st,"",Marpole,8680 laurel st,014249979;014249910;014250039,153830840000,28,1966,,RM-3A,Residential,4587000,2669000,David Hsing Sheng Hsu (David Hsu),David Hsing Sheng Hsu (David Hsu),"",Long-term Rental,"",,,4,http://app.vancouver.ca/RPS_Net/Default.aspx?num=8680&street=LAUREL%20STREET
2035 barclay st,"",West End,2035 barclay st,015739686,605107650000,28,1959,,RM-5B,Residential,2662000,10211000,Starlight Investments,Danbar 2035 Barclay Apartments Ltd,"",Long-term Rental,"",,,,
1355 w 14th av,"",Fairview,1355 w 14th av,009264248;009264264,686134410000,28,1965,,R3-3,Residential,4621000,7335000,1355 West 14th Avenue Holdings Inc,1355 West 14th Avenue Holdings Inc,"",Long-term Rental,"",,,,
2092 w 2nd av,"",Kitsilano,2092 w 2nd av,013271881;013271865;013271903;013271911,636090040000,27,1962,,R3-3,Residential,4437000,5570000,Donald A Ference (Donald Ference),Donald A Ference (Donald Ference),Palm Breeze Apartment,Long-term Rental,"",,,,
1710 e pender st,"",Grandview-Woodland,1710 e pender st,032788207,592250100000,27,1986,,RM-4,Residential,,,,,,,,Lu'Ma Housing (Pender St),Lu'Ma Native Housing Society,,
8636 laurel st,"",Marpole,8636 laurel st,008988145;008988072;008988218,153830440000,27,1966,RM-3A,RM-3A,Residential,4600000,2310000,Reya Investment Corp,Reya Investment Corp,"",Long-term Rental,"",,,,
1570 w 15th av,"",Fairview,1570 w 15th av,002494299;002494434,688124300000,27,1948,,R3-3,Residential,4621000,5834000,Lotte & John Hecht Memorial Foundation,Lotte & John Hecht Memorial Foundation,"",Long-term Rental,"",,,,
1065 bute st,1085 bute st,West End,1065 bute st,004712374,607117960000,27,1937,RM-5B,RM-5B,Residential,4841000,2993000,Telford Building Ltd,Telford Building Ltd,"",Long-term Rental,"",,,,
775 e 7th av,"",Mount Pleasant,775 e 7th av,006935052,646210930000,27,1984,,R3-3,Residential,2139000,1406000,,,,,,Jasmine Place Co-op,Jasmine Place Co-op Housing Association,,
1856 frances st,"",Grandview-Woodland,1856 frances st,007385960,594251500000,27,1978,,RM-4,Residential,3846000,4100000,Frances St Aparts Ltd,Frances St Aparts Ltd,"",Long-term Rental,"",,,,
1070 barclay st,"",,1070 barclay st,"","",27,1955,,,,,,Bosa Developments,Bosa-Kingswood Properties (Barclay) Inc,"",Long-term Rental,"",,,,
1591 w 16th av,"",Fairview,1591 w 16th av,012751804;012751766,690124050000,27,1927,,R3-3,Residential,4139000,5676000,Lotte & John Hecht Memorial Foundation,Lotte & John Hecht Memorial Foundation,"",Long-term Rental,"",,,,
2475 st catherines st,"",Mount Pleasant,2475 st catherines st,003573648;003573656;003573664,214648950000,27,1966,,R3-3,Residential,2695000,3443000,Yun Feng Holdings Ltd,Yun Feng Holdings Ltd,Regina Manor,Long-term Rental,"",,,,
1125 jervis st,"",West End,1125 jervis st,015741052,609116940000,27,1956,RM-5,RM-5,Residential,3631000,4903000,Telford Building Ltd,Telford Building Ltd,Grovenor Court,Long-term Rental,"",,,,
5960 balsam st,"",Kerrisdale,5960 balsam st,011498234;011498161;011498200;011498188,78755240000,27,1963,,RM-3,Residential,6134000,4064000,P & Y Lok's Investment Ltd,P & Y Lok's Investment Ltd,"",Long-term Rental,"",,,1,http://app.vancouver.ca/RPS_Net/Default.aspx?num=5960&street=BALSAM%20STREET
341 gore av,289 e hastings st;297 e hastings st;329 gore av;333 gore av;337 gore av,Strathcona,341 gore av,028998669,590190990000,27,2007,,DEOD,Comprehensive Development,1402334,64901,Provincial Rental Housing Corporation,Provincial Rental Housing Corporation,"",Long-term Rental,Non-Profit Housing,Orange Hall,S.U.C.C.E.S.S.,2,http://app.vancouver.ca/RPS_Net/Default.aspx?num=341&street=GORE%20AVENUE
5343 yew st,"",Arbutus Ridge,5343 yew st,011479922;011479965;011479949,81739350000,27,1964,,RM-3,Residential,6100000,4383000,1076803 BC Ltd,1076803 BC Ltd,"",Long-term Rental,"",,,,
8630 shaughnessy st,"",Marpole,8630 shaughnessy st,013321811;013321862;013322290;013321889,151830040000,27,1964,,RM-3A,Residential,3993000,3226000,Shaughnessy Management Inc,Shaughnessy Management Inc,"",Long-term Rental,"",,,,
1620 barclay st,"",West End,1620 barclay st,006188214,605113860000,27,1956,,RM-5A,Residential,3631000,5004000,No 65 Seabright Holdings Ltd,No 65 Seabright Holdings Ltd,"",Long-term Rental,"",,,,
8750 selkirk st,"",Marpole,8750 selkirk st,013202961;013203037;013202901,145832540000,27,1963,,RM-3A,Residential,4697000,2223000,Marco Apartments Ltd,Marco Apartments Ltd,"",Long-term Rental,"",,,,
1031 burnaby st,"",West End,1031 burnaby st,015749355,613119590000,27,1956,,RM-5A,Residential,6951000,735000,Radio City Investments Ltd,Radio City Investments Ltd,Radio City Apts,Long-term Rental,"",,,,
1965 w 8th av,"",Kitsilano,1965 w 8th av,015210481;015210537;015210456,648095310000,27,1966,RM-4,R5-3,Residential,5546000,4745000,(Brian Wong),(Brian Wong),"",Long-term Rental,"",,,,
1856 e georgia st,"",Grandview-Woodland,1856 e georgia st,006193056,596251640000,27,1987,,RM-4,Residential,3874000,6569000,BC Indigenous Housing Society,BC Indigenous Housing Society,"",Long-term Rental,Non-Profit Housing,Vancouver Native (Georgia St),BC Indigenous Housing Society,,
75 e 8th av,"",Mount Pleasant,75 e 8th av,015161714;015161684;015161706,648184970000,27,1961,,I-1,Industrial,7240000,2445000,MacGyver Manor Holdings Ltd,MacGyver Manor Holdings Ltd,"",Long-term Rental,"",,,,
8740 selkirk st,"",Marpole,8740 selkirk st,014216213;014216272;014216221,145832300000,27,1963,RM-3A,RM-3A,Residential,4697000,2261000,,,,,,,,,
150 e 16th av,"",Riley Park,150 e 16th av,010184465;010184449;010184422,690186560000,27,1967,,RM-4,Residential,4320000,4103000,150 East 16 Ave Inc,150 East 16 Ave Inc,"",Long-term Rental,"",,,,
1215 comox st,"",West End,1215 comox st,003716571,607117750000,27,1956,RM-5B,RM-5B,Residential,3449000,5084000,Tang Realty Development Corp,Tang Realty Development Corp,"",Long-term Rental,"",,,,
1205 comox st,"",West End,1205 comox st,004762983,607117950000,27,1955,RM-5B,RM-5B,Residential,4599000,3488000,(Gordon Gooch),(Gordon Gooch),"",Long-term Rental,"",,,,
144 heatley av,707 powell st,Strathcona,707 powell st,017777372,580205070000,27,1993,,CD-1 (282),Comprehensive Development,711001,800001,,,,,,Windchimes Apartments,Raincity Housing and Support Society,,
1078 harwood st,"",West End,1078 harwood st,"","",27,1957,RM-5A,,,,,,,,,,,,,
551 e georgia st,"",Strathcona,551 e georgia st,015565645;015565637;015565653;015565611;015565572;015565602;015565599,596196490000,27,1979,,RT-3,Residential,9152000,37200,,,,,,Happy Manor,Vancouver Chinese Kung Kao Foundation,,
1171 jervis st,"",West End,1171 jervis st,EPS4184,"",27,2018,,,,,,,,,,,1315 Davie St,BC Indigenous Housing Society,,
962 jervis st,"",West End,962 jervis st,013729918,605117060000,27,1925,,RM-5B,Residential,2861000,8078000,John J Pink & Karin A Fredrich,John J Pink & Karin A Fredrich,"",Long-term Rental,"",,,,
8430 aqua dr,2135 waterside av;2137 waterside av;2139 waterside av;2145 waterside av;2147 waterside av;2149 waterside av;2151 waterside av;2153 waterside av;2155 waterside av;2157 waterside av;8434 aqua dr;8442 aqua dr;8446 aqua dr;8450 aqua dr;8452 duff st;8456 duff st;8458 aqua dr;8460 duff st;8461 aqua dr;8462 aqua dr;8464 duff st;8465 aqua dr;8469 aqua dr;8470 aqua dr;8472 duff st;8474 aqua dr;8476 duff st;8477 aqua dr;8478 aqua dr;8481 aqua dr;8484 duff st;8486 aqua dr;8488 duff st;8489 aqua dr;8490 aqua dr;8492 duff st;8493 aqua dr;8497 aqua dr,Victoria-Fraserview,8430 aqua dr,006850774,"",27,1985,,,,,,,,,,,Marin Vista,Affordable Housing Societies,,
2616 w broadway,2618 w broadway;2620 w broadway;2622 w broadway,Kitsilano,2616 w broadway,VAS1357,"",27,1984,,,,,,,,,,,Kitsilano Terrace Co-op,Kitsilano Terrace Co-op Housing Association,,
1550 w 11th av,"",Fairview,1550 w 11th av,015013961;015013944;015013995;015013936,664124500000,27,1965,,R5-3,Residential,5777000,4712000,Westwind 1550 Investments Ltd,Westwind 1550 Investments Ltd,"",Long-term Rental,"",,,,
1375 nicola st,"",West End,1375 nicola st,015745066,617114970000,27,1958,,RM-5A,Residential,6778000,7272000,Winson Estates Ltd,Winson Estates Ltd,"",Long-term Rental,"",,,,
2170 w 1st av,"",Kitsilano,2170 w 1st av,032833857,634087240000,27,1964,,CD-1 (928),Comprehensive Development,,,,,,,,,,,
540 victoria dr,1909 turner st;544 victoria dr;548 victoria dr;550 victoria dr;558 victoria dr;562 victoria dr,Grandview-Woodland,540 victoria dr,029449707,"",27,2017,C-2,,,,,,,,,,,,,
3718 w broadway,2505 alma st;2515 alma st;2535 alma st,West Point Grey,3718 w broadway,024379034,650037960000,27,2000,C-2,C-2A,Commercial,4377000,12309000,,,,,,,,,
1540 haro st,"",West End,1540 haro st,029879876,603114460000,27,1957,,RM-5,Residential,3636000,6299000,Plan A Real Estate Services Ltd,Plan A - 1540 Haro Street Ltd,"",Long-term Rental,"",,,,
340 e cordova st,"",Strathcona,340 e cordova st,023723734,589192420000,27,1999,,DEOD,Comprehensive Development,718478,1584000,ST. LUKE'S HOME,ST. LUKE'S HOME,"",Long-term Rental,Non-Profit Housing,St. James Place,St. Luke's Home Society,,
8686 shaughnessy st,"",Marpole,8686 shaughnessy st,013322737;013322621;011287977;013322591,151830960000,27,1964,,RM-3A,Residential,4651000,2397000,Shaughnessy Management Inc,Shaughnessy Management Inc,"",Long-term Rental,"",,,,
796 main st,205 union st;730 main st;780 main st,Strathcona,796 main st,031746713,190596940000,27,,,CD-1 (845),Comprehensive Development,9494000,34200,HOGAN'S ALLEY SOCIETY,HOGAN'S ALLEY SOCIETY,"",Long-term Rental,Non-Profit Housing,Creekside Students Residences,Hogan's Alley Society,1,http://app.vancouver.ca/RPS_Net/Default.aspx?num=796&street=MAIN%20STREET
20 e 12th av,"",Mount Pleasant,20 e 12th av,015053156;015053148,670184040000,26,1959,,R5-4,Residential,2717000,5335000,PMF Investments Ltd,PMF Investments Ltd,Beverley Apt,Long-term Rental,"",,,,
2050 w 1st av,"",Kitsilano,2050 w 1st av,015232069;015232018;015232000;015232026;015232042,634090380000,26,1965,,R3-3,Residential,5546000,4516000,(Dionyssios Stassinopoulos),(Dionyssios Stassinopoulos),"",Long-term Rental,"",,,,
1255 broughton st,"",West End,1255 broughton st,015747638,613115950000,26,1955,,RM-5A,Residential,4841000,5132000,607497 BC Ltd,607497 BC Ltd,Hatton Manor,Long-term Rental,"",,,,
2155 w 44th av,"",Kerrisdale,2155 w 44th av,013830872;013830929;013830911;013830988;013830945,757081470000,26,1966,,RM-3,Residential,6725000,5758000,Herta Field & Thomas Cubric,Herta Field & Thomas Cubric,"",Long-term Rental,"",,,,
660 jackson av,501 e georgia st;505 e georgia st,Strathcona,660 jackson av,015566013;015566005,596196010000,26,1909,,RT-3,Residential,2905000,4232000,660 Jackson Holdings Ltd,660 Jackson Holdings Ltd,"",Long-term Rental,"",,,,
8625 logan st,"",Marpole,8625 logan st,014250489;014250454;014250497,155830050000,26,1969,,RM-3A,Residential,4040000,3850000,(Irena Czerna-Put),(Irena Czerna-Put),Loganville Manor,Long-term Rental,"",,,,
925 cardero st,"",West End,925 cardero st,006188184,605113960000,26,1927,,RM-5A,Residential,4841000,3197000,Allan Wong & Mui Chai Wong,Allan Wong & Mui Chai Wong,"",Long-term Rental,"",,,,
1530 adanac st,"",Grandview-Woodland,1530 adanac st,003486681,598233420000,26,1987,,RM-4,Residential,3508000,4924000,,,,,,Lu'Ma Housing (Adanac St),Lu'Ma Native Housing Society,,
1020 w 12th av,"",Fairview,1020 w 12th av,002981262;002981459,670149700000,26,1959,,R5-3,Residential,4159000,6029000,111 Oakview Inc,111 Oakview Inc,"",Long-term Rental,"",,,2,http://app.vancouver.ca/RPS_Net/Default.aspx?num=1020&street=W%2012TH%20AVENUE
8650 osler st,"",Marpole,8650 osler st,013440543;013440535;013440527;013440551,148830540000,26,1965,,RM-3A,Residential,4562000,2111000,1080824 BC Ltd,1080824 BC Ltd,"",Long-term Rental,"",,,,
325 e 14th av,"",Mount Pleasant,325 e 14th av,015613704;015613658,684194250000,26,1959,,R3-3,Residential,2994000,5247000,John Michas & Helen Michas,John Michas & Helen Michas,"",Long-term Rental,"",,,,
663 w 13th av,"",Fairview,663 w 13th av,002600323;007750242,683163310000,26,1988,RM-4,R3-3,Residential,4621000,5512000,Sunbright Investment Inc,Sunbright Investment Inc,"",Long-term Rental,"",,,,
3670 w 5th av,"",Kitsilano,3670 w 5th av,015405818;015405745;015405656,642040080000,26,1969,,RM-4,Residential,5088000,4701000,Posthouse Properties Ltd,Posthouse Properties Ltd,"",Long-term Rental,"",,,1,http://app.vancouver.ca/RPS_Net/Default.aspx?num=3670&street=W%205TH%20AVENUE
1723 victoria dr,"",Grandview-Woodland,1723 victoria dr,029383960,253630050000,26,2018,,CD-1 (583),Comprehensive Development,185001,850001,,,,,,co:here housing,Salsbury Community Society,,
1475 laburnum st,"",Kitsilano,1475 laburnum st,009251588;009251332;009251405;009251511,92627970000,26,1950,,RM-4,Residential,6540000,5616000,A M R Investments Ltd,A M R Investments Ltd,"",Long-term Rental,"",,,,
990 w 12th av,"",Fairview,990 w 12th av,014674564;014674602,670150060000,26,1958,RM-3,RM-3,Residential,4159000,5590000,,,,,,,,,
330 n nanaimo st,"",Hastings-Sunrise,330 n nanaimo st,010911901;010911880,570270060000,26,1961,,RM-3A,Residential,2435000,4385000,George Rener & Alenka Rener,George Rener & Alenka Rener,Seaview Apartments,Long-term Rental,"",,,,
1550 woodland dr,1503 graveley st;1511 graveley st;1517 graveley st;1523 graveley st,Grandview-Woodland,1550 woodland dr,002734869,616234050000,26,1986,,RM-4,Residential,3502000,5384000,,,,,,Sitka Co-op,Sitka Co-op Housing Association,,
25 e 12th av,"",Mount Pleasant,25 e 12th av,015541151;015541428;015541266;015541185,670184270000,26,1959,,R5-3,Residential,3064000,5090000,Trevor Court Apartments Ltd,Trevor Court Apartments Ltd,"",Long-term Rental,"",,,,
601 bute st,645 bute st;649 bute st,Downtown,601 bute st,015745261,597117940000,26,1909,,DD,Comprehensive Development,11643000,52900,Wolverton Group,Huntly Investments Ltd,"",Long-term Rental,"",,,20,http://app.vancouver.ca/RPS_Net/Default.aspx?num=601&street=BUTE%20STREET
1515 charles st,"",Grandview-Woodland,1515 charles st,006694411,607234030000,26,1986,,RM-4,Residential,1114000,1549000,More Than A Roof Mennonite Housing Society,More Than A Roof Mennonite Housing Society,"",Long-term Rental,Non-Profit Housing,Charleswood Court,More Than a Roof Housing Society,,
2130 york av,"",Kitsilano,2130 york av,014993520;014993589;014993571;014993538,631087740000,26,1965,RM-4,RM-4,Residential,5901000,4232000,(David Balfour),(David Balfour),"",Long-term Rental,"",,,,
8770 selkirk st,"",Marpole,8770 selkirk st,014216175;014216191;014216159,145832960000,26,1964,,RM-3A,Residential,4791000,1910000,Great Development Ltd,Great Development Ltd,"",Long-term Rental,"",,,,
404 e 43rd av,"",Sunset,404 e 43rd av,004246691,755197040000,26,1986,,RM-2,Residential,3750000,4741000,,,,,,Crossroads Co-op,Crossroads Co-op Housing Association,,
1150 w 12th av,"",Fairview,1150 w 12th av,014674980;014674998,670146600000,26,1959,,R3-3,Residential,4159000,5689000,Wenzel Enterprises Ltd,Wenzel Enterprises Ltd,"",Long-term Rental,"",,,,
827 e pender st,"",Strathcona,827 e pender st,004221109;015578500;009960210;015578488,592212190000,26,1988,,CD-1 (197),Comprehensive Development,2088000,3730000,Association of United Ukranian Canadians,Association of United Ukranian Canadians,Lesya Ukranian Manor,Long-term Rental,Non-Profit Housing,Lesya Ukrainka Manor,Lesya Ukrainka Housing Society,1,http://app.vancouver.ca/RPS_Net/Default.aspx?num=827&street=E%20PENDER%20STREET
95 e 14th av,"",Mount Pleasant,95 e 14th av,010748873;010748857,186683950000,26,1968,,R3-3,Residential,3862000,5774000,Q-14 HOLDINGS LTD,Q-14 HOLDINGS LTD,"",Long-term Rental,"",,,,
1601 comox st,"",West End,1601 comox st,"","",26,1912,RM-5A,,,,,Grace Court Holdings Ltd,Grace Court Holdings Ltd,Grace Court Holdings,Long-term Rental,"",,,,
1250 nicola st,"",West End,1250 nicola st,009273433,613115050000,26,1955,RM-5A,RM-5A,Residential,4841000,5343000,Dranly Holdings Ltd,Dranly Holdings Ltd,"",Long-term Rental,"",,,3,http://app.vancouver.ca/RPS_Net/Default.aspx?num=1250&street=NICOLA%20STREET
639 e 8th av,"",Mount Pleasant,639 e 8th av,015408442;015408434,648206390000,26,1960,,R3-3,Residential,2994000,5019000,Shelmar Credit Acceptance Ltd,Shelmar Credit Acceptance Ltd,"",Long-term Rental,"",,,,
671 w 8th av,2368 heather st;2372 heather st;2376 heather st;2378 heather st;2382 heather st;2386 heather st;2388 heather st;2390 heather st;2392 heather st;2396 heather st;2398 heather st;673 w 8th av;675 w 8th av;677 w 8th av;679 w 8th av;681 w 8th av;683 w 8th av;685 w 8th av;687 w 8th av;689 w 8th av;691 w 8th av;693 w 8th av;695 w 8th av;697 w 8th av;699 w 8th av,Fairview,671 w 8th av,008003424,"",26,1998,,,,,,,,,,,City Vista,Affordable Housing Societies,,
8668 shaughnessy st,"",Marpole,8668 shaughnessy st,013322583;013322443;013322460;013322508,151830600000,26,1964,,RM-3A,Residential,4459000,2424000,Shaughnessy Management Inc,Shaughnessy Management Inc,"",Long-term Rental,"",,,,
310 e 13th av,"",Mount Pleasant,310 e 13th av,011893249;011893265,683194040000,26,1960,,R3-3,Residential,2994000,6581000,310 E 13th Holdings Ltd,310 E 13th Holdings Ltd,"",Long-term Rental,"",,,,
1222 harwood st,"",West End,1222 harwood st,007817126,615117740000,25,1953,,RM-5A,Residential,3631000,3964000,Brightside Community Homes Foundation,Brightside Community Homes Foundation,"",Long-term Rental,Non-Profit Housing,Harwood Manor,Brightside Community Homes Foundation,,
1125 w 10th av,"",Fairview,1125 w 10th av,007717881;007717873,654146710000,25,1964,,R5-3,Residential,4621000,4274000,AMR Investments Ltd,AMR Investments Ltd,"",Long-term Rental,"",,,,
878 gilford st,"",West End,878 gilford st,015741818,603109070000,25,1952,,RM-5B,Residential,7262000,4392000,Lotte and John Hecht Memorial Foundation,Lotte and John Hecht Memorial Foundation,Park Towers Apartments,Long-term Rental,"",,,,
3777 cambie st,"",South Cambie,3777 cambie st,013275941;013276042;013275933,170702950000,25,1945,,RM-3A,Residential,4357000,5448000,Sason Malky & Tamar Malky,Sason Malky & Tamar Malky,Sason Malky and Tamar Malky,Long-term Rental,"",,,,
1225 nelson st,"",West End,1225 nelson st,012831638,606117870000,25,1925,,RM-5B,Residential,3631000,5146000,641700 BC Ltd,641700 BC Ltd,"",Long-term Rental,"",,,,
1110 odlum dr,"",Grandview-Woodland,1110 odlum dr,007009151,231604060000,25,1983,,RM-4,Residential,4082000,5314000,,,,,,Tidal Flats Co-op,Tidal Flats Co-op Housing Association,,
1131 burnaby st,"",West End,1131 burnaby st,012097730,613118610000,25,1955,RM-5A,RM-5A,Residential,3631000,4781000,Centennial Park Apartments Inc,Centennial Park Apartments Inc,"",Long-term Rental,"",,,,
1054 w 11th av,"",Fairview,1054 w 11th av,014684233;014684241,664149500000,25,1959,RM-3,R5-3,Residential,4621000,4520000,(Arthur Dodek),(Arthur Dodek),"",Long-term Rental,"",,,,
4242 fraser st,4250 fraser st,Kensington-Cedar Cottage,4250 fraser st,024293326,"",25,2000,C-2,,,,,,,,,,,,,
3293 w 4th av,3285 w 4th av,Kitsilano,3285 w 4th av,014116006;014116014,640050090000,25,1980,RM-4,C-2A,Commercial,3259000,13053000,,,,,,,,,
2778 w broadway,2520 macdonald st;2782 w broadway;2786 w broadway;2790 w broadway;2798 w broadway,Kitsilano,2520 macdonald st,013329294,"",25,1991,C-2C,,,,,,,,,,,,,
1263 nicola st,"",West End,1263 nicola st,004324862,613114940000,25,1957,,RM-5A,Residential,4841000,4019000,Unicam Developments Ltd,Unicam Developments Ltd,"",Long-term Rental,"",,,,
1265 cardero st,"",West End,1265 cardero st,015750655,613113960000,25,1956,,RM-5A,Residential,4841000,7467000,Starlight Investments,D D 1265 Cardero Apartments Ltd,"",Long-term Rental,"",,,,
2115 cypress st,"",Kitsilano,2115 cypress st,006558003,97642050000,25,1955,,R3-3,Residential,6322000,5445000,Fifth Avenue Apartments Ltd,Fifth Avenue Apartments Ltd,"",Long-term Rental,"",,,,
1195 w 13th av,"",Fairview,1195 w 13th av,014674891;014674904,683146050000,25,1960,RM-3,R3-3,Residential,5084000,4097000,Dorset Properties Ltd,Dorset Properties Ltd,"",Long-term Rental,"",,,,
1833 yew st,"",Kitsilano,1833 yew st,015280985;015280993;015281001,638084950000,25,1929,,R3-3,Residential,3327000,10157000,1875 Yew Street Nominee Ltd,1875 Yew Street Nominee Ltd,"",Long-term Rental,"",,,,
210 nanaimo st,"",Hastings-Sunrise,210 nanaimo st,010718788;010718753,270587060000,25,1962,,RM-3A,Residential,2635000,4019000,(Victor Debonis),(Victor Debonis),"",Long-term Rental,"",,,,
1835 comox st,"",West End,1835 comox st,003636518,607109650000,25,1956,,RM-5B,Residential,3631000,5939000,Derlan Holdings Ltd,Derlan Holdings Ltd,"",Long-term Rental,"",,,,
1865 e 10th av,"",Kensington-Cedar Cottage,1865 e 10th av,018280846,655250650000,25,1994,,RM-4,Residential,542000,2146000,,,,,,Burlington Heights Co-op,Burlington Heights Co-op Housing Assoc,,
229 e 13th av,"",Mount Pleasant,229 e 13th av,007465904;007529635;007465939,683191290000,25,1965,,R5-3,Residential,3750000,3903000,Glen Gordon Holdings Ltd,Glen Gordon Holdings Ltd,"",Long-term Rental,"",,,,
1444 e 13th av,"",Kensington-Cedar Cottage,1444 e 13th av,008003408,683230820000,25,1972,,RT-5,Residential,6478000,27700,Brightside Community Homes Foundation,Brightside Community Homes Foundation,"",Long-term Rental,Non-Profit Housing,Soroptimist Lions Manor,Brightside Community Homes Foundation,,
1800 e 5th av,"",Grandview-Woodland,1800 e 5th av,007626720,638250580000,25,1976,,RT-5,Residential,8100000,28100,,,,,,Bauer Villa,BC Housing,,
1123 burnaby st,"",West End,1123 burnaby st,012097837,613118670000,25,1955,,RM-5A,Residential,3631000,5976000,Centennial Park Apartments Inc,Centennial Park Apartments Inc,"",Long-term Rental,"",,,,
1333 e 7th av,"",Grandview-Woodland,1333 e 7th av,006561187,646230350000,25,1985,,RM-4,Residential,3843000,3998000,BC Indigenous Housing Society,BC Indigenous Housing Society,"",Long-term Rental,Non-Profit Housing,Vancouver Native (7th Ave),BC Indigenous Housing Society,,
1455 w 8th av,"",Fairview,1455 w 8th av,004712331,648130450000,25,1912,,C-3A,Commercial,3098000,10277000,1079798 BC Ltd,1079798 BC Ltd,"",Long-term Rental,"",,,1,http://app.vancouver.ca/RPS_Net/Default.aspx?num=1455&street=W%208TH%20AVENUE
2747 alder st,"",Fairview,2747 alder st,014687216;014687241;014687151,670138950000,25,1964,,R3-3,Residential,4159000,4379000,(Ronald Chu),(Ronald Chu),"",Long-term Rental,"",,,,
232 e 12th av,"",Mount Pleasant,232 e 12th av,015610799;015611086;015611124,670191380000,25,1969,,R5-3,Residential,2824000,4734000,Taryn Court Apartments Ltd,Taryn Court Apartments Ltd,"",Long-term Rental,"",,,,
1972 york av,"",Kitsilano,1972 york av,014954711;014954729,631095160000,25,1958,,RM-4,Residential,4437000,4990000,Lougheed Enterprises Ltd,Lougheed Enterprises Ltd,"",Long-term Rental,"",,,,
1037 e 8th av,"",Mount Pleasant,1037 e 8th av,014939169,648217350000,25,1971,,R5-3,Residential,2994000,5172000,5STACK HOLDINGS LTD.,5STACK HOLDINGS LTD.,"",Long-term Rental,"",,,,
1885 mclean dr,"",Grandview-Woodland,1885 mclean dr,003138861;003121968;003247023,633230930000,25,1986,,RM-4,Residential,1,1,Coast Foundation Society (1974),Coast Foundation Society (1974),"",Long-term Rental,Non-Profit Housing,McLean Apartment,Coast Mental Health,,
258 e hastings st,260 e hastings st,Strathcona,258 e hastings st,015679926,590190600000,25,2009,,DEOD,Comprehensive Development,1,1,Lookout Housing and Health Society,Lookout Housing and Health Society,Savoy Hotel,Long-term Rental,Non-Profit Housing,Savoy Hotel,MPA Society,,
1915 w broadway,"",Kitsilano,1915 w broadway,011162457,650095850000,25,1913,,C-3A,Commercial,3223000,5562000,E Alsilmi & Group Ltd,E Alsilmi & Group Ltd,"",Long-term Rental,"",,,1,http://app.vancouver.ca/RPS_Net/Default.aspx?num=1915&street=W%20BROADWAY
1160 w 13th av,"",Fairview,1160 w 13th av,014669374;014669382,683146300000,24,1959,,R3-3,Residential,4621000,4602000,North America Vanstar Investments Ltd,North America Vanstar Investments Ltd,"",Long-term Rental,"",,,,
31 w pender st,29 w pender st,Downtown,31 w pender st,009432736,592172570000,24,2012,,DD,Comprehensive Development,2324001,2203001,Vancouver Native Housing Society,Vancouver Native Housing Society,"",Long-term Rental,Non-Profit Housing,Skwachays Healing Lodge and Residence,BC Indigenous Housing Society,,
313 alexander st,"",Strathcona,313 alexander st,015818551,579192130000,24,2019,,I-4,Industrial,1895000,121000,ATIRA DEVELOPMENT SOCIETY,ATIRA DEVELOPMENT SOCIETY,Aoki Ross House,Long-term Rental,Non-Profit Housing,Aoki-Ross House,Atira Women’s Resource Society,8,http://app.vancouver.ca/RPS_Net/Default.aspx?num=313&street=ALEXANDER%20STREET
1295 w 12th av,"",Fairview,1295 w 12th av,014687119;014687071,670138050000,24,1962,,R3-3,Residential,4159000,4534000,University Investments Ltd,University Investments Ltd,"",Long-term Rental,"",,,,
851 bidwell st,"",West End,851 bidwell st,014384604;014384591,603110950000,24,1930,,RM-5A,Residential,5971000,3071000,Fan-Frazer Holdings Ltd,Fan-Frazer Holdings Ltd,"",Long-term Rental,"",,,,
2170 cornwall av,"",Kitsilano,2170 cornwall av,014993741;014993716,630087200000,24,1957,,RM-4,Residential,5324000,8491000,,,,,,,,,
1141 harwood st,"",West End,1141 harwood st,007811624,615118570000,24,1954,,RM-5A,Residential,3631000,3900000,(P Cooperberg),(P Cooperberg),Harwood Manor,Long-term Rental,"",,,,
8860 montcalm st,"",Marpole,8860 montcalm st,014353083;014353075,138833500000,24,1964,,RM-3A,Residential,3928000,3019000,8860 Montcalm Street Holdings Ltd,8860 Montcalm Street Holdings Ltd,"",Long-term Rental,"",,,1,http://app.vancouver.ca/RPS_Net/Default.aspx?num=8860&street=MONTCALM%20STREET
1440 w 70th av,"",Marpole,1440 w 70th av,014344424;014344416,132830060000,24,1966,,RM-3A,Residential,3491000,2562000,(Lisa Wong),(Lisa Wong),"",Long-term Rental,"",,,,
1275 comox st,"",West End,1275 comox st,015742083,607117150000,24,1956,,RM-5B,Residential,3631000,4501000,Sintra Properties Inc,Sintra Properties Inc,"",Long-term Rental,"",,,,
1847 barclay st,"",West End,1847 barclay st,015739457,605109490000,24,1953,,RM-5B,Residential,3631000,5193000,Reliance Holdings Ltd,Reliance Holdings Ltd,"",Long-term Rental,"",,,,
1898 balsam st,"",Kitsilano,1898 balsam st,014993023;014993007,638078050000,24,1961,,RM-4,Residential,4437000,4668000,Tribe Rental Management,Shapiro Holdings Ltd,"",Long-term Rental,"",,,,
1371 w 13th av,"",Fairview,1371 w 13th av,014681536;014681528,683134310000,24,1963,,R3-3,Residential,4621000,3858000,Tribe Rental Management,Shapiro Holdings Ltd,"",Long-term Rental,"",,,,
6055 vine st,"",Kerrisdale,6055 vine st,011497033;011496991;011497041;011497017,79755650000,24,1964,,RM-3,Residential,6134000,3738000,Coast Apartments Ltd,Coast Apartments Ltd,"",Long-term Rental,"",,,,
2450 penticton st,2617 e broadway,Hastings-Sunrise,2617 e broadway,012947709,650274010000,24,1985,,RM-4,Residential,3709000,3073000,Alexandra Housing Society,Alexandra Housing Society,"",Long-term Rental,Non-Profit Housing,Alexandra Place,Sch'eyk Housing Society,,
1065 harwood st,"",West End,1065 harwood st,"","",24,1954,RM-5A,,,,,,,,,,,,,
1860 nelson st,"",West End,1860 nelson st,015736890,606109340000,24,1956,,RM-5B,Residential,3631000,5841000,Urban Pacific Holdings Ltd,Urban Pacific Holdings Ltd,"",Long-term Rental,"",,,,
767 w 70th av,"",Marpole,767 w 70th av,007474580,830156330000,24,1978,,RM-3A,Residential,3020000,3028000,Panda Holdings Co Ltd,Panda Holdings Co Ltd,"",Long-term Rental,"",,,,
3108 oak st,3102 oak st;3122 oak st;3136 oak st;3150 oak st;3168 oak st;3170 oak st;3182 oak st;3192 oak st;980 w 15th av,Fairview,3108 oak st,013426117;013426141;009174893;013426168;013426109,150688040000,24,1920,,C-2A,Commercial,9522000,9842000,,,,,,,,4,http://app.vancouver.ca/RPS_Net/Default.aspx?num=3108&street=OAK%20STREET
3505 kingsway,"",Renfrew-Collingwood,3505 kingsway,013360981,770314050000,24,2022,,C-2A,Commercial,1,1,,,,,,Sch'eyk,Sch'eyk Housing Society,,
1968 w 2nd av,"",Kitsilano,1968 w 2nd av,015287238;015287271;015287246;015287254,636095280000,24,1968,,R3-3,Residential,4437000,7426000,1029927 BC Ltd,1029927 BC Ltd,"",Long-term Rental,"",,,,
5860 tisdall st,"",Oakridge,5860 tisdall st,006704212,161752420000,24,1962,CD-1 (15B),CD-1 (15B),Comprehensive Development,4443000,3752000,5826 & 5860 Tisdall Holding Ltd,5826 & 5860 Tisdall Holding Ltd,The Crescent,Long-term Rental,"",,,,
740 commercial dr,"",Grandview-Woodland,740 commercial dr,015163512;015163539;010924281,596250040000,24,1958,,CD-1 (97),Comprehensive Development,1959000,3469000,Vancouver East Lions Foundation,Vancouver East Lions Foundation,"",Long-term Rental,Non-Profit Housing,Lions Manor,Vancouver East Lion's Housing Foundation,,
2555 hemlock st,"",Fairview,2555 hemlock st,010315217,134650930000,24,1978,,R5-3,Residential,4621000,5172000,(Mona Lee),(Mona Lee),"",Long-term Rental,"",,,3,http://app.vancouver.ca/RPS_Net/Default.aspx?num=2555&street=HEMLOCK%20STREET
8820 cartier st,"",Marpole,8820 cartier st,003128008;003127761,135833040000,24,1961,,RM-3A,Residential,3092000,746000,Lookout Housing and Health Society,Lookout Housing and Health Society,"",Long-term Rental,Non-Profit Housing,Camelot Apartments,Lookout Housing and Health Society,,
1310 burnaby st,"",West End,1310 burnaby st,015740641,613116740000,24,1954,,RM-5A,Residential,3631000,5559000,0899015 BC Ltd,0899015 BC Ltd,"",Long-term Rental,"",,,,
2425 york av,"",Kitsilano,2425 york av,005216664;005216656,631077790000,24,1965,,RM-4,Residential,4437000,7930000,2425 York Nominee Ltd,2425 York Nominee Ltd,"",Long-term Rental,"",,,2,http://app.vancouver.ca/RPS_Net/Default.aspx?num=2425&street=YORK%20AVENUE
1720 larch st,"",Kitsilano,1720 larch st,014830116;014830141,634077020000,24,1959,,RM-4,Residential,4437000,4646000,Tribe Rental Management,Shapiro Holdings Ltd,"",Long-term Rental,"",,,,
985 nicola st,"",West End,985 nicola st,013615793;013615777;013615769,606114950000,24,1953,,RM-5,Residential,5281000,2783000,Sterum Properties Ltd,Sterum Properties Ltd,"",Long-term Rental,"",,,,
512 e cordova st,"",Strathcona,512 e cordova st,015584216,589196120000,24,2007,,DEOD,Comprehensive Development,1,1,Raincity Housing And Support Society,Raincity Housing And Support Society,The Vivian,Long-term Rental,Non-Profit Housing,The Vivian,Lookout Housing and Health Society,,
2280 cornwall av,"",Kitsilano,2280 cornwall av,003410307,630084380000,24,1973,RM-4,RM-4,Residential,5324000,9751000,Fan-Frazer Holdings Ltd,Fan-Frazer Holdings Ltd,"",Long-term Rental,"",,,,
291 e pender st,293 e pender st;299 e pender st;433 gore av;437 gore av;441 gore av;445 gore av,Strathcona,445 gore av,003797180;003796973;003797007,"",24,1986,HA-1,,,,,,,,,,,,,
1623 haro st,"",West End,1623 haro st,015743039;015743012,603113870000,24,1956,,RM-5A,Residential,3631000,4623000,1623 Haro Apartments Limited,1623 Haro Apartments Limited,"",Long-term Rental,"",,,,
333 powell st,329 powell st;331 powell st,Strathcona,329 powell st,029386080,580192350000,24,1990,,DEOD,Comprehensive Development,1,1,The Bloom Group Community Services Society,The Bloom Group Community Services Society,Santiago Lodge,Long-term Rental,Non-Profit Housing,Santiago Lodge,The Bloom Group,,
1710 barclay st,"",West End,1710 barclay st,013377876;013377884,605110940000,24,1957,,RM-5A,Residential,4841000,2900000,Kunsun Holdings Ltd,Kunsun Holdings Ltd,"",Long-term Rental,"",,,,
76 n nanaimo st,"",Hastings-Sunrise,76 n nanaimo st,003238750,270577080000,24,1987,,RM-3A,Residential,1006000,1299000,,,,,,Nanaimo Place,Affordable Housing Societies,,
1717 comox st,"",West End,1717 comox st,013367374;013367404,607110970000,24,1956,,RM-5A,Residential,4841000,3810000,Daysgoneby.org Land Stewards Ltd,Daysgoneby.org Land Stewards Ltd,"",Long-term Rental,"",,,1,http://app.vancouver.ca/RPS_Net/Default.aspx?num=1717&street=COMOX%20STREET
2480 w broadway,"",Kitsilano,2480 w broadway,014863006;014863022,650077160000,24,1948,,RM-4,Residential,4159000,5219000,GMCW Investments Ltd,GMCW Investments Ltd,"",Long-term Rental,"",,,,
8830 montcalm st,"",Marpole,8830 montcalm st,014353059;014353067,138833260000,24,1964,,RM-3A,Residential,3928000,1864000,8830 Montcalm St Inc,8830 Montcalm St Inc,"",Long-term Rental,"",,,,
2875 e 6th av,"",Hastings-Sunrise,2875 e 6th av,017970857,641277990000,23,1990,,CD-1 (151),Comprehensive Development,1081000,1637000,,,,,,George Whiten Place,Sch'eyk Housing Society,,
1110 w 10th av,"",Fairview,1110 w 10th av,010497676;010497641,654146940000,23,1960,,R5-3,Residential,4621000,4012000,1152528 BC Ltd,1152528 BC Ltd,"",Long-term Rental,"",,,,
1332 thurlow st,"",West End,1332 thurlow st,"","",23,1955,RM-5A,,,,,,,,,,,,,
40 e 11th av,"",Mount Pleasant,40 e 11th av,015540952;015540936,664184320000,23,1968,,R5-3,Residential,3092000,3905000,Bing Foon Leong & Wing Sun Leong,Bing Foon Leong & Wing Sun Leong,"",Long-term Rental,"",,,,
1516 burnaby st,"",West End,1516 burnaby st,015745589,613114740000,23,1956,,RM-5A,Residential,3631000,4603000,1035412 BC Ltd,1035412 BC Ltd,"",Long-term Rental,"",,,,
1620 burnaby st,"",West End,1620 burnaby st,002981718,613113800000,23,1957,,RM-5A,Residential,3631000,3990000,Chu Chi Por (Chu Por),Chu Chi Por (Chu Por),"",Long-term Rental,"",,,,
8620 laurel st,"",Marpole,8620 laurel st,010532528;010532412;010532471,153830040000,23,1968,,RM-3A,Residential,3478000,2362000,Laurel Street Apartments Inc,Laurel Street Apartments Inc,"",Long-term Rental,"",,,,
145 e 15th av,"",Mount Pleasant,145 e 15th av,010008845;010008802,687186510000,23,1968,,R3-3,Residential,2994000,4361000,FASTMARK ACQUISITIONS CORP.,FASTMARK ACQUISITIONS CORP.,"",Long-term Rental,"",,,,
1122 burnaby st,"",West End,1122 burnaby st,004712382,613118740000,23,1956,,RM-5A,Residential,3631000,5856000,Dranly Holdings Ltd,Dranly Holdings Ltd,"",Long-term Rental,"",,,,
1151 haro st,"",West End,1151 haro st,010159631,603118350000,23,1954,,RM-5B,Residential,3631000,3990000,Haro Towers Ltd,Haro Towers Ltd,"",Long-term Rental,"",,,,
230 jackson av,501 e cordova st,Strathcona,230 jackson av,015586189;015586219,589196010000,23,2007,,DEOD,Comprehensive Development,1938000,341000,,,,,,Jackson Avenue Co-op,Jackson Ave Co-op Hsg Assoc,,
3730 cambie st,"",Riley Park,3730 cambie st,013351125;013351168;013351141;013351109,170702080000,23,1945,,RM-3A,Residential,5132000,3502000,Lotte & John Hecht Memorial Foundation,Lotte & John Hecht Memorial Foundation,"",Long-term Rental,"",,,,
925 bute st,"",West End,925 bute st,015995526,605117960000,23,1927,RM-5B,RM-5B,Residential,4841000,2507000,,,,,,,,,
1225 w 12th av,"",Fairview,1225 w 12th av,004769627;004769597,670138710000,23,1969,,R3-3,Residential,4159000,3603000,Dorset Properties Ltd,Dorset Properties Ltd,"",Long-term Rental,"",,,,
234 e 15th av,"",Mount Pleasant,234 e 15th av,011252138;011252081;011252111,687191320000,23,1986,,R3-3,Residential,3496000,6256000,,,,,,Robson Park Co-op (Phase III),Robson Park Co-op Housing Association,,
8488 cornish st,8450 cornish st;8460 cornish st;8470 cornish st;8478 cornish st;8480 cornish st;8490 cornish st;8492 cornish st;8498 cornish st;8502 cornish st;8508 cornish st;8518 cornish st;8528 cornish st;8538 cornish st,Marpole,8488 cornish st,EPS2354;029385008,"",23,2014,,,,,,1476258 BC Ltd,1476258 BC Ltd,"",Long-term Rental,"",,,,
2130 cambridge st,"",Grandview-Woodland,2130 cambridge st,015692132;015692141,576255320000,23,1970,,RM-3A,Residential,2042000,4200000,Kanco 2130 Cambridge Apartments Ltd,Kanco 2130 Cambridge Apartments Ltd,"",Long-term Rental,"",,,,
1080 gilford st,"",West End,1080 gilford st,007748841,607109060000,23,1928,,RM-5B,Residential,4841000,4177000,Daysgoneby.org Land Stewards Ltd,Daysgoneby.org Land Stewards Ltd,"",Long-term Rental,"",,,,
5003 boundary rd,"",Renfrew-Collingwood,5003 boundary rd,018670601,320714030000,23,1996,,CD-1 (241),Comprehensive Development,636000,1687000,,,,,,Anita Lewis Co-op,Anita Lewis Co-op Housing Association,,
3819 boundary rd,"",Renfrew-Collingwood,3819 boundary rd,029691346,320700030000,23,2021,,CD-1 (624),Comprehensive Development,712000,1968000,,,,,,3819 Boundary,Lu'Ma Native Housing Society,,
1305 jervis st,"",West End,1305 jervis st,015740552,613116940000,23,1954,,RM-5A,Residential,4841000,3963000,1413960 BC LTD,1413960 BC LTD,"",Long-term Rental,"",,,,
128 n nanaimo st,"",Hastings-Sunrise,128 n nanaimo st,017351219,"",23,1992,,,,,,,,,,,May MacLean Place,Kiwassa Housing Society,,
1068 burnaby st,"",,1068 burnaby st,"","",23,1955,,,,,,Thurlow Street Project Nominee Inc,Thurlow Street Project Nominee Inc,"",Long-term Rental,"",,,,
1330 w 71st av,"",Marpole,1330 w 71st av,010264043,832138460000,23,1970,,RM-3A,Residential,3647000,2193000,The Blue Goat Enterprises Ltd,The Blue Goat Enterprises Ltd,"",Long-term Rental,"",,,6,http://app.vancouver.ca/RPS_Net/Default.aspx?num=1330&street=W%2071ST%20AVENUE
8656 fremlin st,"",Marpole,8656 fremlin st,008461091;008461074,152830500000,23,1962,RM-3A,RM-3A,Residential,3086000,2597000,Remcan Holdings (No.2) Ltd,Remcan Holdings (No.2) Ltd,"",Long-term Rental,"",,,,
1121 harwood st,"",West End,1121 harwood st,005217539,615118730000,23,1954,,RM-5A,Residential,3631000,3575000,1229767 BC Ltd,1229767 BC Ltd,"",Long-term Rental,"",,,,
45 e 16th av,"",Mount Pleasant,45 e 16th av,004565282;004565363;004565240;004565321,690184550000,23,1966,,R3-3,Residential,3992000,3693000,45 E 16th Holdings Ltd,45 E 16th Holdings Ltd,"",Long-term Rental,"",,,,
1742 pendrell st,"",West End,1742 pendrell st,015753824,609110540000,23,1956,,RM-5A,Residential,3631000,3346000,HH Maple Investments Ltd,HH Maple Investments Ltd,"",Long-term Rental,"",,,,
2054 comox st,"",West End,2054 comox st,013394240,607107560000,23,1954,,RM-5B,Residential,3631000,4516000,2054 Comox Street Holdings Inc,2054 Comox Street Holdings Inc,"",Long-term Rental,"",,,,
1310 w 13th av,"",Fairview,1310 w 13th av,014670186;014670178,683134960000,23,1936,,R3-3,Residential,4621000,5065000,Lotte & John Hecht Memorial Foundation,Lotte & John Hecht Memorial Foundation,"",Long-term Rental,"",,,,
1531 barclay st,"",West End,1531 barclay st,015773612,605114450000,23,1962,,RM-5,Residential,3631000,4113000,1081976 BC Ltd,1081976 BC Ltd,"",Long-term Rental,"",,,1,http://app.vancouver.ca/RPS_Net/Default.aspx?num=1531&street=BARCLAY%20STREET
1510 e broadway,"",Kensington-Cedar Cottage,1510 e broadway,015518698;015518736,234650060000,23,1971,,RM-4,Residential,2486000,4038000,Joseph Seccia & Mario Seccia,Joseph Seccia & Mario Seccia,"",Long-term Rental,"",,,,
1645 comox st,"",West End,1645 comox st,015755711,607113410000,23,1957,,RM-5A,Residential,3631000,4306000,Tony David & David M David,Tony David & David M David,Marigold Place,Long-term Rental,"",,,,
1721 comox st,"",West End,1721 comox st,004603702,607110870000,23,1956,,RM-5A,Residential,3631000,3931000,Tribe Rental Management,Morris Faigen & Bertha Cohen,Palomar Apartments,Long-term Rental,"",,,,
1190 w 12th av,"",Fairview,1190 w 12th av,005570182;005570204,670146040000,23,1923,,R3-3,Residential,4159000,4239000,1190 West 12th Holding Ltd,1190 West 12th Holding Ltd,"",Long-term Rental,"",,,,
1290 w 13th av,"",Fairview,1290 w 13th av,014560666;014560658,683138040000,23,1960,,R3-3,Residential,4621000,4012000,1290 West 13th Ave Inc,1290 West 13th Ave Inc,"",Long-term Rental,"",,,,
1445 w 72nd av,"",Marpole,1445 w 72nd av,010195823;010195793,132832940000,23,1965,,RM-3A,Residential,3928000,1947000,K Tang Enterprises Inc,K Tang Enterprises Inc,"",Long-term Rental,"",,,,
2404 w broadway,2525 balsam st,Kitsilano,2525 balsam st,014863081;014863090,"",23,1950,RM-4,,,,,,,,,,,,,
1309 w 14th av,"",Fairview,1309 w 14th av,014670194;014670208,686134970000,23,1959,,R3-3,Residential,4621000,5926000,Wan Hing Holdings Ltd,Wan Hing Holdings Ltd,"",Long-term Rental,"",,,,
223 e 16th av,"",Mount Pleasant,223 e 16th av,010327878;010327886,689191250000,23,1973,,R3-3,Residential,2845000,4860000,East 16th Avenue Holdings Ltd,East 16th Avenue Holdings Ltd,"",Long-term Rental,"",,,1,http://app.vancouver.ca/RPS_Net/Default.aspx?num=223&street=E%2016TH%20AVENUE
1842 e pender st,"",Grandview-Woodland,1842 e pender st,015658538;015658546,592251480000,23,1969,,RM-4,Residential,2583000,3560000,Yun Feng Holdings Ltd,Yun Feng Holdings Ltd,Pender Apartment,Long-term Rental,"",,,,
1175 pacific st,"",West End,1175 pacific st,015746399,616118150000,23,1956,,RM-5A,Residential,3631000,4298000,Telford Building Ltd,Telford Building Ltd,"",Long-term Rental,"",,,,
8669 heather st,"",Marpole,8669 heather st,014245191;014245272,156830770000,23,1966,RM-3A,RM-3A,Residential,3411000,2372000,Fairbridge Enterprises Ltd,Fairbridge Enterprises Ltd,"",Long-term Rental,"",,,,
1744 barclay st,"",West End,1744 barclay st,015757480,605110540000,23,1956,,RM-5A,Residential,3631000,4143000,Maria A Amoruso & Franco Amoruso,Maria A Amoruso & Franco Amoruso,Maglern Manor,Long-term Rental,"",,,,
955 w 10th av,"",Fairview,955 w 10th av,010225102;010225137,654150510000,23,1953,,CD-1 (137),Comprehensive Development,4781000,3584000,Mattan Holdings Ltd,Mattan Holdings Ltd,"",Long-term Rental,"",,,5,http://app.vancouver.ca/RPS_Net/Default.aspx?num=955&street=W%2010TH%20AVENUE
1056 burnaby st,"",West End,1056 burnaby st,015749100,613119240000,23,1956,,RM-5A,Residential,7703000,47600,The Wellington Society,The Wellington Society,Caldon Apartments,Long-term Rental,Non-Profit Housing,,,,
116 e 16th av,"",Riley Park,116 e 16th av,015255336;015255344,186690060000,23,1960,,RM-4,Residential,2880000,3935000,Kanmon Holdings Co Ltd,Kanmon Holdings Co Ltd,"",Long-term Rental,"",,,,
275 e 13th av,"",Mount Pleasant,275 e 13th av,010490108;010490094;010490116,683191570000,23,1969,,R5-3,Residential,2994000,5066000,Tracys Properties Ltd,Tracys Properties Ltd,"",Long-term Rental,"",,,1,http://app.vancouver.ca/RPS_Net/Default.aspx?num=275&street=E%2013TH%20AVENUE
704 w 69th av,"",Marpole,704 w 69th av,012025585,830162950000,23,1990,,CD-1 (202),Comprehensive Development,1932069,1739000,Columbus Long Term Care Society,Columbus Long Term Care Society,Columbus Residence,Long-term Rental,Non-Profit Housing,Columbus Residence,Columbus Long Term Care Society,,
1290 w 11th av,"",Fairview,1290 w 11th av,014688638,664138040000,23,1959,,R3-3,Residential,4621000,5214000,Brother Properties Ltd,Brother Properties Ltd,"",Long-term Rental,"",,,,
1169 pacific st,"",West End,1169 pacific st,015746429,616118210000,23,1954,,RM-5A,Residential,3631000,5477000,HWP 1169 Pacific Street Ltd,HWP 1169 Pacific Street Ltd,"",Long-term Rental,"",,,,
4037 oak st,"",Shaughnessy,4037 oak st,011525126,150706610000,23,1951,,C-2A,Commercial,7227000,1939000,Tribe Rental Management,(Morris Faigen),Los Angeles Holdings,Long-term Rental,"",,,,
1066 harwood st,"",West End,1066 harwood st,031955690,"",23,1957,RM-5A,,,,,,,,,,,,,
2133 w 42nd av,"",Kerrisdale,2133 w 42nd av,012768456;012768448,752081710000,23,1959,,RM-3,Residential,4962000,3606000,Mivida Holdings Inc,Mivida Holdings Inc,"",Long-term Rental,"",,,3,http://app.vancouver.ca/RPS_Net/Default.aspx?num=2133&street=W%2042ND%20AVENUE
1306 cardero st,"",West End,1306 cardero st,009180371,615114050000,23,1957,,RM-5A,Residential,4841000,2894000,Fairbridge Enterprises Ltd,Fairbridge Enterprises Ltd,Henry Manor,Long-term Rental,"",,,,
2250 cambridge st,"",Grandview-Woodland,2250 cambridge st,011847158;011847166,576265480000,23,1969,,RM-3A,Residential,2300000,3799000,Victor Wong & Robetti Wong,Victor Wong & Robetti Wong,"",Long-term Rental,"",,,,
3080 heather st,"",Fairview,3080 heather st,003419355,163688840000,23,1986,,RT-2,Residential,19975400,64000,Societe De Habitation Laverendrye,Societe De Habitation Laverendrye,"",Long-term Rental,Non-Profit Housing,La Cour I,Societe d'Habitation La Verendrye,,
1537 burnaby st,"",West End,1537 burnaby st,015746933,613114470000,23,1956,RM-5A,RM-5A,Residential,3631000,6421000,,,,,,,,,
1075 nelson st,"",West End,1075 nelson st,"","",23,1953,RM-5B,,,,,Nelson Street Residences Ltd,Nelson Street Residences Ltd,"",Long-term Rental,"",,,,
8666 heather st,"",Marpole,8666 heather st,010788522;010788557,156830960000,23,1966,,RM-3A,Residential,3095000,2564000,Fairbridge Enterprises Ltd,Fairbridge Enterprises Ltd,"",Long-term Rental,"",,,5,http://app.vancouver.ca/RPS_Net/Default.aspx?num=8666&street=HEATHER%20STREET
2040 barclay st,"",West End,2040 barclay st,015443680,605107560000,23,1954,,RM-5B,Residential,3631000,3392000,Dasar Holdings Ltd Et Al,Dasar Holdings Ltd Et Al,"",Long-term Rental,"",,,,
1230 burnaby st,"",West End,1230 burnaby st,015740544,613117700000,23,1960,,RM-5A,Residential,3631000,3986000,1230 Burnaby Street Holdings Ltd,1230 Burnaby Street Holdings Ltd,"",Long-term Rental,"",,,,
2365 w 2nd av,"",Kitsilano,2365 w 2nd av,008416745;008416788,636078370000,22,1965,,RM-4,Residential,4437000,3979000,Christine Chin & Vai Fong Chin & Gordi Chin,Christine Chin & Vai Fong Chin & Gordi Chin,"",Long-term Rental,"",,,,
5810 vine st,"",Kerrisdale,5810 vine st,010852221;010852255;010852247,79750500000,22,1958,,RM-3,Residential,4601000,3245000,Daco Developments Ltd,Daco Developments Ltd,"",Long-term Rental,"",,,,
2270 w 5th av,"",Kitsilano,2270 w 5th av,015227880;015227871,642084320000,22,1971,,R3-3,Residential,4437000,4171000,(Esther Brandt),(Esther Brandt),"",Long-term Rental,"",,,,
2130 w 3rd av,"",Kitsilano,2130 w 3rd av,015364330;015364313;015364356;015364348,638087720000,22,1958,,R3-3,Residential,4437000,3864000,Obion Holdings Ltd,Obion Holdings Ltd,"",Long-term Rental,"",,,,
975 w 70th av,"",Marpole,975 w 70th av,014113171;014113163;014113180;014113198,151826960000,22,1970,RM-3A,RM-3A,Residential,3438000,1985000,Foresthaze Holdings Ltd,Foresthaze Holdings Ltd,"",Long-term Rental,"",,,,
1022 kingsway,3538 windsor st,Kensington-Cedar Cottage,3538 windsor st,008860530;008851263,"",22,1989,C-2,,,,,,,,,,,,,
3520 w broadway,"",Kitsilano,3520 w broadway,015443841;015443850,650041960000,22,1946,,RM-4,Residential,5222000,3572000,Collingwood Street Property Ltd,Collingwood Street Property Ltd,Collingwood Manor,Long-term Rental,"",,,,
1540 burnaby st,"",West End,1540 burnaby st,008601330,613114540000,22,1968,,RM-5A,Residential,3631000,4650000,0985369 BC Ltd,0985369 BC Ltd,"",Long-term Rental,"",,,,
1305 w 13th av,"",Fairview,1305 w 13th av,014681480;014681471,683134950000,22,1959,,R3-3,Residential,4621000,3597000,Sylton Holding & Management Ltd,Sylton Holding & Management Ltd,"",Long-term Rental,"",,,,
2950 cambie st,485 w 14th av,Mount Pleasant,485 w 14th av,014569582;014569574,684170070000,22,1928,C-2C,C-2A,Commercial,3830000,4197000,,,,,,,,,
3630 cambie st,"",Riley Park,3630 cambie st,013361244;013361252;013361210;013361201,170697020000,22,1944,,RM-3A,Residential,4788000,3579000,Walann Investment Ltd,Walann Investment Ltd,"",Long-term Rental,"",,,,
2485 balaclava st,3105 w broadway;3113 w broadway;3117 w broadway;3121 w broadway,Kitsilano,2485 balaclava st,006767940,650053930000,22,1986,C-2C,C-2A,Commercial,4132000,14137000,Locarno Legacy Corporation,Locarno Legacy Corporation,Hollywood Court,Long-term Rental,"",,,,
956 main st,958 main st,Strathcona,956 main st,004284968,190603400000,22,2021,,FC-1,Commercial,3607400,206700,,,,,,Thornton Hotel,BC Housing,,
1441 w 70th av,"",Marpole,1441 w 70th av,008683352,830132050000,22,1969,,RM-3A,Residential,3023000,2471000,Metro Maywood Holdings Ltd,Metro Maywood Holdings Ltd,"",Long-term Rental,"",,,2,http://app.vancouver.ca/RPS_Net/Default.aspx?num=1441&street=W%2070TH%20AVENUE
5955 yew st,"",Kerrisdale,5955 yew st,011705175,81755750000,22,1965,,RM-3,Residential,4599000,4129000,685202 BC Ltd,685202 BC Ltd,"",Long-term Rental,"",,,7,http://app.vancouver.ca/RPS_Net/Default.aspx?num=5955&street=YEW%20STREET
5550 yew st,"",Arbutus Ridge,5550 yew st,011280093;011280107,81744360000,22,2008,,RM-3,Residential,2471000,383000,Brightside Community Homes Foundation,Brightside Community Homes Foundation,"",Long-term Rental,Non-Profit Housing,The Londonderry,Brightside Community Homes Foundation,,
1475 kitchener st,"",Grandview-Woodland,1475 kitchener st,011656719;011656701;011656735;011656697,611233070000,22,1982,,RM-4,Residential,1671000,632000,,,,,,Lu'Ma Housing (Kitchener St),Lu'Ma Native Housing Society,,
1306 bidwell st,"",West End,1306 bidwell st,007276761;007276729;007276826,113613540000,22,1910,,RM-5A,Residential,3515000,5343000,Ronald Wasko Greg Wasko Mike Wasko & Nick Wasko,Ronald Wasko Greg Wasko Mike Wasko & Nick Wasko,"",Long-term Rental,"",,,,
1046 w 13th av,"",Fairview,1046 w 13th av,010630872,683149600000,22,1959,,R3-3,Residential,4621000,3805000,Kwai Hung Realty Co (Canada) Ltd,Kwai Hung Realty Co (Canada) Ltd,"",Long-term Rental,"",,,,
1535 w 12th av,"",Fairview,1535 w 12th av,009422226;009422196,670124750000,22,1944,,R5-3,Residential,3119000,4660000,Vandy Developments Ltd,Vandy Developments Ltd,Larry Lodge,Long-term Rental,"",,,,
2140 w 5th av,"",Kitsilano,2140 w 5th av,010059881;010059911,642087720000,22,1972,,R5-3,Residential,4437000,4138000,Harkerson B C Wholesale Lumber Ltd,Harkerson B C Wholesale Lumber Ltd,"",Long-term Rental,"",,,,
1150 w 13th av,"",Fairview,1150 w 13th av,014669471;014669391,683146500000,22,1960,,R3-3,Residential,4159000,4185000,,,,,,,,3,http://app.vancouver.ca/RPS_Net/Default.aspx?num=1150&street=W%2013TH%20AVENUE
1395 w 14th av,"",Fairview,1395 w 14th av,014670267;014670259,686134070000,22,1932,,R3-3,Residential,4621000,4973000,1395 West 14th Avenue Holdings Ltd,1395 West 14th Avenue Holdings Ltd,"",Long-term Rental,"",,,,
1457 e 8th av,"",Grandview-Woodland,1457 e 8th av,011676558;011676612;011676591,648232510000,22,1978,,RM-4,Residential,2629000,3395000,Lawrence Lenard Te (Lawrence Te),Lawrence Lenard Te (Lawrence Te),LTJ Associates,Long-term Rental,"",,,,
1675 harwood st,"",West End,1675 harwood st,007276648,615113170000,22,1954,,RM-5A,Residential,3631000,2989000,Ronald Wasko Gregory Wasko Mike Wasko & Nick Wasko,Ronald Wasko Gregory Wasko Mike Wasko & Nick Wasko,"",Long-term Rental,"",,,,
1171 w 12th av,"",Fairview,1171 w 12th av,014684608;014684594,670146310000,22,1954,,R3-3,Residential,4159000,4991000,Queensgate Apartment Ltd,Queensgate Apartment Ltd,"",Long-term Rental,"",,,,
1112 broughton st,"",West End,1112 broughton st,015741486;015741478,609116050000,22,1953,,RM-5,Residential,4511000,2863000,1112 Broughton Holdings Ltd,1112 Broughton Holdings Ltd,"",Long-term Rental,"",,,3,http://app.vancouver.ca/RPS_Net/Default.aspx?num=1112&street=BROUGHTON%20STREET
234 e 14th av,"",Mount Pleasant,234 e 14th av,015607895;015607887,684191360000,22,1967,,R3-3,Residential,3194000,6625000,(David Balfour),(David Balfour),"",Long-term Rental,"",,,,
2228 triumph st,"",Grandview-Woodland,2228 triumph st,015676552;015676544,586265280000,22,1966,,RM-3A,Residential,2300000,4742000,2228 Triumph Holdings Ltd,2228 Triumph Holdings Ltd,"",Long-term Rental,"",,,,
2265 w 3rd av,"",Kitsilano,2265 w 3rd av,015281094;015281167;015281060;015281086;015281078,638084470000,22,1968,RM-4,R3-3,Residential,4991000,3380000,M A Cedar Place Properties Ltd,M A Cedar Place Properties Ltd,"",Long-term Rental,"",,,,
1949 w 5th av,"",Kitsilano,1949 w 5th av,015245861;015245870;015245896;015245888,642095450000,22,1965,,R3-3,Residential,4141000,4203000,John Dyck & Erna Dyck,John Dyck & Erna Dyck,"",Long-term Rental,"",,,,
1851 haro st,"",West End,1851 haro st,010157298,603109470000,22,1940,,RM-5B,Residential,3631000,4167000,Lotte and John Hecht Memorial Foundation,Lotte and John Hecht Memorial Foundation,"",Long-term Rental,"",,,,
8708 french st,"",Marpole,8708 french st,012655228;012655236,832132060000,22,1961,RM-3A,RM-3A,Residential,3647000,2208000,,,,,,,,,
3780 cambie st,"",Riley Park,3780 cambie st,013358278;013358286;013358260;013358308,170702980000,22,1945,,RM-3A,Residential,5094000,3305000,Lotte & John Hecht Memorial Foundation,Lotte & John Hecht Memorial Foundation,"",Long-term Rental,"",,,,
5863 vine st,"",Kerrisdale,5863 vine st,004439741;004452232;004439716,79750750000,22,1958,,RM-3,Residential,4594000,3734000,Vine (Queens) Holdings Ltd,Vine (Queens) Holdings Ltd,"",Long-term Rental,"",,,,
2056 franklin st,"",Grandview-Woodland,2056 franklin st,015670104;015670091,588255780000,22,1967,,RM-3A,Residential,2300000,4735000,2056 Franklin Holdings Ltd,2056 Franklin Holdings Ltd,"",Long-term Rental,"",,,,
1270 burnaby st,"",West End,1270 burnaby st,005156203,613117200000,22,1959,,RM-5A,Residential,3631000,3873000,1270 Burnaby Street Holdings Ltd,1270 Burnaby Street Holdings Ltd,"",Long-term Rental,"",,,,
1254 e 8th av,"",Mount Pleasant,1254 e 8th av,024931853,648225920000,22,2004,,R5-3,Residential,1474316,1995000,,,,,,Lu'Ma Housing,Lu'Ma Native Housing Society,,
975 chilco st,"",West End,975 chilco st,012748129,606107970000,22,1931,RM-5B,RM-5B,Residential,4841000,6733000,Parklane Apartments Ltd,Parklane Apartments Ltd,"",Long-term Rental,"",,,,
8735 selkirk st,"",Marpole,8735 selkirk st,014351951;014351960,832144960000,22,1959,,RM-3A,Residential,3647000,3068000,8735 Selkirk Street Holdings Inc,8735 Selkirk Street Holdings Inc,"",Long-term Rental,"",,,,
1451 burnaby st,"",West End,1451 burnaby st,007761414,613115350000,22,1956,,RM-5A,Residential,3631000,4124000,Derlan Holdings Ltd,Derlan Holdings Ltd,Steven Manor,Long-term Rental,"",,,,
3660 cambie st,"",Riley Park,3660 cambie st,013361287;013361279;013361295;013361309,170697920000,22,1944,,RM-3A,Residential,4788000,3612000,Lotte & John Hecht Memorial Foundation,Lotte & John Hecht Memorial Foundation,"",Long-term Rental,"",,,,
1609 harwood st,"",West End,1609 harwood st,009309381,615113770000,22,1958,,RM-5A,Residential,3631000,3454000,Ka Wah Estates Ltd,Ka Wah Estates Ltd,"",Long-term Rental,"",,,,
5840 east boulevard,"",Kerrisdale,5840 east boulevard,012238856,91752460000,22,1958,,RM-3A,Residential,4806000,3823000,Kok Wong & Grace Wong,Kok Wong & Grace Wong,"",Long-term Rental,"",,,,
922 w 7th av,924 w 7th av,Fairview,922 w 7th av,007264992,646150720000,22,1980,,R5-3,Residential,5774000,4609000,Laurel Oak Holdings Inc,Laurel Oak Holdings Inc,"",Long-term Rental,"",,,,
3819 cambie st,3821 cambie st,South Cambie,3819 cambie st,013273728;013273710;013273736,170703050000,22,1945,,RM-3A,Residential,4113000,4724000,1326976 BC Ltd,1326976 BC Ltd,"",Long-term Rental,"",,,,
3301 w broadway,3307 w broadway;3309 w broadway;3313 w broadway,Kitsilano,3301 w broadway,003094189,"",22,1985,C-2C1,,,,,,,,,,,,,
1390 w 14th av,"",Fairview,1390 w 14th av,014665344;014665352,686134060000,21,1938,,R3-3,Residential,4621000,4387000,Mrs W Gutmann & Estate Of Dr Gutmann (W Gutmann),Mrs W Gutmann & Estate Of Dr Gutmann (W Gutmann),Dr Guntard Gutmann,Long-term Rental,"",,,,
730 e hastings st,720 e hastings st,Strathcona,720 e hastings st,028859022,590205260000,21,2017,,CD-1 (581),Comprehensive Development,2705000,7910000,,,,,,YWCA Cause we Care House,YWCA Vancouver,,
8650 selkirk st,"",Marpole,8650 selkirk st,014216001;014216027,145830460000,21,1960,,RM-3A,Residential,2833000,2315000,Esteem Investments Ltd,Esteem Investments Ltd,"",Long-term Rental,"",,,,
1411 e 17th av,"",Kensington-Cedar Cottage,1411 e 17th av,006847234,230689960000,21,1984,,RT-2,Residential,7072000,1346000,,,,,,Hemlock Court,Metro Vancouver Housing Corporation,,
770 e 7th av,"",Mount Pleasant,770 e 7th av,015390993;015391019;015390985;015391001,646210940000,21,1964,,R3-3,Residential,3086000,3126000,(Ludvik Rener),(Ludvik Rener),"",Long-term Rental,"",,,,
1885 w 16th av,"",Kitsilano,1885 w 16th av,008098000;008098018;008098026,690097070000,21,1958,,R3-2,Residential,7941000,261000,Macaw Investments Inc,Macaw Investments Inc,"",Long-term Rental,"",,,,
1675 comox st,"",West End,1675 comox st,007704607,607113170000,21,1961,,RM-5A,Residential,3631000,3373000,Milip Investment Company (Vancouver) Limited,Milip Investment Company (Vancouver) Limited,"",Long-term Rental,"",,,,
8770 montcalm st,"",Marpole,8770 montcalm st,003651321;003651304,138832640000,21,1963,,RM-3A,Residential,3928000,1772000,675000 BC Ltd,675000 BC Ltd,"",Long-term Rental,"",,,,
8741 montcalm st,"",Marpole,8741 montcalm st,011857234;011857242,138832470000,21,1963,,RM-3A,Residential,3928000,1696000,Mita Holdings Ltd,Mita Holdings Ltd,"",Long-term Rental,"",,,,
1455 w 71st av,"",Marpole,1455 w 71st av,007731019;007730985,832132370000,21,1965,,RM-3A,Residential,3647000,1915000,Monarch Properties Ltd,Monarch Properties Ltd,"",Long-term Rental,"",,,,
2085 w 5th av,"",Kitsilano,2085 w 5th av,011780908;011780924;011780894;011780941,642090070000,21,1964,RM-4,R5-4,Residential,4141000,3716000,Brightside Community Homes Foundation,Brightside Community Homes Foundation,"",Long-term Rental,Non-Profit Housing,Arbutus Court,Brightside Community Homes Foundation,,
1435 pendrell st,"",West End,1435 pendrell st,015758796,609115570000,21,1959,,RM-5,Residential,3631000,3251000,,,,,,,,,
1630 burnaby st,"",West End,1630 burnaby st,003682366,613113640000,21,1958,RM-5A,RM-5A,Residential,3631000,6389000,FZN Burnaby Apartments Ltd,FZN Burnaby Apartments Ltd,"",Long-term Rental,"",,,,
1683 adanac st,"",Grandview-Woodland,1683 adanac st,017370531,598235950000,21,1994,,RM-4,Residential,2840000,4371000,0730235 BC Ltd,0730235 BC Ltd,Fontana Gardens,Long-term Rental,"",,,7,http://app.vancouver.ca/RPS_Net/Default.aspx?num=1683&street=ADANAC%20STREET
7008 balmoral st,"",Victoria-Fraserview,7008 balmoral st,010113606,244805960000,21,1973,,CD-1 (79),Comprehensive Development,1189000,224000,South Amherst Housing Society,South Amherst Housing Society,"",Long-term Rental,Non-Profit Housing,Lions Argyle Manor,South Amherst Housing Society,,
2603 kingsway,2607 kingsway;2611 kingsway;2615 kingsway;2621 kingsway;2625 kingsway;2629 kingsway;4956 duchess st,Renfrew-Collingwood,4956 duchess st,013520598;013520555;013520610;013520547;013520571,770276010000,21,1976,C-2,C-2A,Commercial,5822000,6010000,,,,,,,,,
1750 e georgia st,"",Grandview-Woodland,1750 e georgia st,006708030,596250460000,21,1985,,RM-4,Residential,3112000,3645000,,,,,,Lu'Ma Housing (Georgia St),Lu'Ma Native Housing Society,,
1872 barclay st,"",West End,1872 barclay st,015738086,605109260000,21,1959,,RM-5B,Residential,3631000,4106000,610366 BC Ltd,610366 BC Ltd,Evergreen Apartments,Long-term Rental,"",,,,
1918 haro st,"",West End,1918 haro st,015739333,603108760000,21,1958,,RM-5B,Residential,3631000,3180000,1918 Haro Street Holdings Inc,1918 Haro Street Holdings Inc,"",Long-term Rental,"",,,,
1010 salsbury dr,"",Grandview-Woodland,1010 salsbury dr,014991292;014991331,601252040000,21,1911,RT-5,RT-5,Residential,3642000,3536000,Kenneth Horne & Margaret Horne,Kenneth Horne & Margaret Horne,"",Long-term Rental,"",,,,
1339 barclay st,"",West End,1339 barclay st,007979835,605116570000,21,1958,,RM-5,Residential,3631000,3160000,(Kayoko Shimizu),(Kayoko Shimizu),"",Long-term Rental,"",,,,
2310 cornwall av,"",Kitsilano,2310 cornwall av,VAS1236,"",21,1982,,,,,,,,,,,Melton Court Co-op,Melton Court Co-op Housing Association,,
1134 burnaby st,"",West End,1134 burnaby st,015746691;015746666,613118680000,21,1965,,RM-5A,Residential,3631000,2644000,(Charles Hudson),(Charles Hudson),"",Long-term Rental,"",,,,
8635 hudson st,"",Marpole,8635 hudson st,014343380;014343321,144830310000,21,1964,,RM-3A,Residential,3731000,1892000,Hudson Manor Holdings Ltd,Hudson Manor Holdings Ltd,"",Long-term Rental,"",,,,
2184 wall st,"",Grandview-Woodland,2184 wall st,015694089;015694097,255570360000,21,1965,,RM-3A,Residential,2286000,3472000,600342 BC Ltd,600342 BC Ltd,Wall Management,Long-term Rental,"",,,,
1039 burnaby st,"",West End,1039 burnaby st,015749347,613119510000,21,1953,,RM-5A,Residential,6951000,40600,Francis Drake Holdings Ltd,Francis Drake Holdings Ltd,"",Long-term Rental,"",,,,
8668 french st,"",Marpole,8668 french st,014344360;014344378,132830740000,21,1964,,RM-3A,Residential,3928000,1990000,669489 BC Ltd,669489 BC Ltd,"",Long-term Rental,"",,,,
1671 haro st,"",West End,1671 haro st,015742946,603113170000,21,1960,,RM-5A,Residential,3631000,3731000,238 SSK Investments Ltd,238 SSK Investments Ltd,"",Long-term Rental,"",,,,
1925 nelson st,"",West End,1925 nelson st,015738302,606108850000,21,1956,,RM-5B,Residential,3631000,3754000,Plan A-1925 Nelson St Ltd,Plan A-1925 Nelson St Ltd,"",Long-term Rental,"",,,7,http://app.vancouver.ca/RPS_Net/Default.aspx?num=1925&street=NELSON%20STREET
8630 osler st,"",Marpole,8630 osler st,013440578;013440560;013440586,148830340000,21,1965,,RM-3A,Residential,3422000,1669000,MOLLENKOR HOLDINGS LTD.,MOLLENKOR HOLDINGS LTD.,Rim Rock Manor Apartments,Long-term Rental,"",,,,
1865 haro st,"",West End,1865 haro st,010157271,603109270000,21,1955,RM-5B,RM-5B,Residential,3631000,2909000,Lotte & John Hecht Memorial Foundation,Lotte & John Hecht Memorial Foundation,"",Long-term Rental,"",,,,
1425 w 71st av,"",Marpole,1425 w 71st av,014344327;014344343,832132570000,21,1964,,RM-3A,Residential,3647000,1867000,Horst Dammholz & James H Traill,Horst Dammholz & James H Traill,"",Long-term Rental,"",,,,
730 w 6th av,"",Fairview,730 w 6th av,013541161,640162680000,21,1992,,R4-1,Residential,5775000,3371000,,,,,,Stan Stronge Noble House,Stan Stronge Noble House Co-op Housing Association,,
2182 w 39th av,"",Arbutus Ridge,2182 w 39th av,011280158;011280131,744081340000,21,1959,,RM-3,Residential,4381000,4386000,0921370 BC Ltd,0921370 BC Ltd,"",Long-term Rental,"",,,,
1225 w 11th av,"",Fairview,1225 w 11th av,011991305,664138770000,21,1960,,R3-3,Residential,3836000,3385000,Ronald J Schuss Et Al,Ronald J Schuss Et Al,"",Long-term Rental,"",,,,
1817 yew st,"",Kitsilano,1817 yew st,015280951;015280969;015280942;015280934,636084960000,21,1969,,R3-3,Residential,4437000,3717000,585657 B C Ltd,585657 B C Ltd,Ocean Crest Manor,Long-term Rental,"",,,,
8710 montcalm st,"",Marpole,8710 montcalm st,014351544;014351552,832138060000,21,1964,RM-3A,RM-3A,Residential,3647000,1649000,Kranz Investments Ltd,Kranz Investments Ltd,"",Long-term Rental,"",,,,
1821 barclay st,"",West End,1821 barclay st,015739465,605109810000,21,1958,,RM-5B,Residential,3752000,3059000,Dr Kenneth E Korek (Kenneth Korek),Dr Kenneth E Korek (Kenneth Korek),"",Long-term Rental,"",,,,
880 w 71st av,"",Marpole,880 w 71st av,014254204;014254280;014254247,152832040000,21,1964,,RM-3A,Residential,4135000,1094000,Brash Enterprises Ltd,Brash Enterprises Ltd,"",Long-term Rental,"",,,,
1255 comox st,"",West End,1255 comox st,009468081,607117350000,21,1953,RM-5B,RM-5B,Residential,9986000,54100,Ka Wah Estates Ltd,Ka Wah Estates Ltd,Delroy Place,Long-term Rental,"",,,,
1609 comox st,"",West End,1609 comox st,015755789;015755762,607113830000,21,1962,,RM-5A,Residential,3631000,3261000,Bau Tsun Yin & Lawrence Ho Lok Yung,Bau Tsun Yin & Lawrence Ho Lok Yung,"",Long-term Rental,"",,,,
1536 w 14th av,"",Fairview,1536 w 14th av,010119302;010119272,686124700000,21,1928,,R3-3,Residential,3466000,4561000,C B T Holdings Ltd,C B T Holdings Ltd,"",Long-term Rental,"",,,,
1549 barclay st,"",West End,1549 barclay st,015773604,605114250000,21,1958,,RM-5,Residential,3631000,4320000,YHY Enterprises Ltd,YHY Enterprises Ltd,"",Long-term Rental,"",,,,
1956 haro st,"",West End,1956 haro st,011105127,603108460000,21,1954,,RM-5B,Residential,3631000,3679000,534680 BC Ltd (in trust),534680 BC Ltd (in trust),"",Long-term Rental,"",,,,
1231 barclay st,"",West End,1231 barclay st,012175111,605117650000,21,1962,,RM-5B,Residential,3631000,4514000,Darfo Investments Corp,Darfo Investments Corp,Hilltop Apartments,Long-term Rental,"",,,,
2272 w 7th av,"",Kitsilano,2272 w 7th av,030195276,646084400000,21,1964,RM-4,R5-3,Residential,4437000,6728000,22722016 Holding Ltd,22722016 Holding Ltd,"",Long-term Rental,"",,,,
1534 e 4th av,"",Grandview-Woodland,1534 e 4th av,010406247,634234180000,21,1988,,RM-4,Residential,3330000,4286000,Entre Nous Femmes Housing Society,Entre Nous Femmes Housing Society,"",Long-term Rental,Non-Profit Housing,Antkiw Court,Entre Nous Femmes Housing Society,,
2233 w 2nd av,"",Kitsilano,2233 w 2nd av,009875034;009874992;009875093;009874925,636084550000,21,1968,,R3-3,Residential,4437000,3717000,Margarete E Reimer & Gunther W Lukaschus,Margarete E Reimer & Gunther W Lukaschus,"",Long-term Rental,"",,,,
1030 w 11th av,"",Fairview,1030 w 11th av,005786011;005786045,664149700000,21,1964,,R5-3,Residential,4390000,3061000,Shun Cheung Chiu (Shun Chiu),Shun Cheung Chiu (Shun Chiu),Townline Apartments,Long-term Rental,"",,,,
8625 osler st,"",Marpole,8625 osler st,013440608;013440624;013440632,148830450000,21,1962,,RM-3A,Residential,3877000,1732000,,,,,,,,,
8726 montcalm st,"",Marpole,8726 montcalm st,008342903;008342890,138832240000,21,1963,,RM-3A,Residential,3928000,1705000,0708306 BC Ltd,0708306 BC Ltd,"",Long-term Rental,"",,,,
1515 w 1st av,1450 pennyfarthing dr;1470 pennyfarthing dr;1490 pennyfarthing dr,Fairview,1450 pennyfarthing dr,VAS1291,"",21,1986,,,,,,,,,,,Harbour Cove Co-op,Harbour Cove Co-op Housing Association,,
8685 shaughnessy st,"",Marpole,8685 shaughnessy st,013324195;013324217,151830810000,21,1964,,RM-3A,Residential,3344000,1605000,Shaughnessy Management Inc,Shaughnessy Management Inc,"",Long-term Rental,"",,,,
5850 vine st,"",Kerrisdale,5850 vine st,002836793;002836807;002836785,79750680000,21,1959,,RM-3,Residential,4601000,3727000,1092800 BC Ltd,1092800 BC Ltd,"",Long-term Rental,"",,,,
1180 broughton st,1365 davie st,West End,1180 broughton st,EPS7359,"",21,1951,,,,,,,,,,,,,,
1876 w broadway,"",Kitsilano,1876 w broadway,012345377,650097260000,21,1928,,C-3A,Commercial,3554000,5148000,0877494 BC Ltd,0877494 BC Ltd,"",Long-term Rental,"",,,,
3719 w 8th av,"",West Point Grey,3719 w 8th av,011487747;011487755,648037830000,21,1959,RM-4,RM-4,Residential,4215000,3818000,0193914 BC Ltd,0193914 BC Ltd,"",Long-term Rental,"",,,,
2050 w 2nd av,"",Kitsilano,2050 w 2nd av,015286037;015286061;015286029;015286002,636090540000,21,1966,,R3-3,Residential,4437000,3815000,1181706 BC Ltd,1181706 BC Ltd,"",Long-term Rental,"",,,,
212 e 28th av,218 e 28th av,Riley Park,212 e 28th av,030552753,190717060000,21,2022,,C-2A,Commercial,3307000,13107000,M28 Holdings Ltd,M28 Holdings Ltd,"",Long-term Rental,"",,,,
1165 w 10th av,"",Fairview,1165 w 10th av,007178581;007178557,654146310000,21,1963,,R5-3,Residential,4390000,3396000,Gudari Holdings Ltd,Gudari Holdings Ltd,"",Long-term Rental,"",,,,
1021 burnaby st,"",West End,1021 burnaby st,EPS5765,"",21,2020,,,,,,,,,,,,,,
8575 heather st,"",Marpole,8575 heather st,013649507;013649540;013649485,830155950000,21,1963,,RM-3A,Residential,3702000,1536000,(Netty Prosterman),(Netty Prosterman),"",Long-term Rental,"",,,4,http://app.vancouver.ca/RPS_Net/Default.aspx?num=8575&street=HEATHER%20STREET
8665 osler st,"",Marpole,8665 osler st,013440659;013440667;013440683,148830750000,21,1962,,RM-3A,Residential,3875000,1450000,(Bernard Reed),(Bernard Reed),"",Long-term Rental,"",,,,
177 lakewood dr,"",Grandview-Woodland,177 lakewood dr,012522104;012522082,259586930000,21,1967,,RM-3A,Residential,2300000,3122000,Roger Visona & Antonieta Visona & Carmine Paradiso,Roger Visona & Antonieta Visona & Carmine Paradiso,"",Long-term Rental,"",,,,
2908 oak st,"",Fairview,2908 oak st,007917562;007913231,683150040000,20,1937,,R3-3,Residential,4159000,3836000,George Cheng Holdings Inc,George Cheng Holdings Inc,"",Long-term Rental,"",,,,
8643 montcalm st,"",Marpole,8643 montcalm st,014344246;014344262,138830370000,20,1961,,RM-3A,Residential,2946000,2327000,Monarch Properties Ltd,Monarch Properties Ltd,"",Long-term Rental,"",,,2,http://app.vancouver.ca/RPS_Net/Default.aspx?num=8643&street=MONTCALM%20STREET
1351 continental st,1305 continental st;1311 continental st;1317 continental st;1323 continental st;1329 continental st;1335 continental st;788 drake st,Downtown,1351 continental st,EPS1290,"",20,2014,,,,,,,,,,,,,,
1635 w 12th av,"",Fairview,1635 w 12th av,014183625;014183633,670122710000,20,1967,,R5-4,Residential,4159000,3408000,1219851 BC Ltd,1219851 BC Ltd,"",Long-term Rental,"",,,,
1990 w 41st av,"",Kerrisdale,1990 w 41st av,011115050;011115076,750092460000,20,1961,,RM-3A,Residential,4721000,3269000,Tikva Housing Society,Tikva Housing Society,"",Long-term Rental,Non-Profit Housing,,,,
124 powell st,122 powell st,Downtown,124 powell st,015697461;015697452;015697568,580186420000,20,,,HA-2,Historical Area,1811000,300,MPA Motivation Power & Achievement Society,MPA Motivation Power & Achievement Society,"",Long-term Rental,Non-Profit Housing,Hampton Hotel,MPA Society,,
3680 w 8th av,"",Kitsilano,3680 w 8th av,015399095;015399117,648040140000,20,1961,,RM-4,Residential,3741000,3442000,,,,,,,,,
2155 w 7th av,"",Kitsilano,2155 w 7th av,015223957;015223949,646087770000,20,1965,,R5-3,Residential,4437000,3345000,Fan-Frazer Holdings Ltd,Fan-Frazer Holdings Ltd,"",Long-term Rental,"",,,,
1215 w 13th av,"",Fairview,1215 w 13th av,011303123,683138970000,20,1958,,R3-3,Residential,4621000,3664000,Golden Cheer Holding Ltd,Golden Cheer Holding Ltd,"",Long-term Rental,"",,,,
1230 w 12th av,"",Fairview,1230 w 12th av,014678349;014678373,670138720000,20,1964,,R3-3,Residential,4159000,3195000,1220570 BC Ltd,1220570 BC Ltd,"",Long-term Rental,"",,,,
2185 w 8th av,"",Kitsilano,2185 w 8th av,015212629;015212602,648087270000,20,1966,,R5-3,Residential,4437000,3334000,364796 BC Ltd,364796 BC Ltd,"",Long-term Rental,"",,,,
450 n nanaimo st,"",Hastings-Sunrise,450 n nanaimo st,015728536;015728552,568270080000,20,1969,,RM-3A,Residential,2604000,2868000,Brixia Investments Inc,Brixia Investments Inc,"",Long-term Rental,"",,,,
2611 victoria dr,"",Kensington-Cedar Cottage,2611 victoria dr,015496619;015496490;015496635,253655050000,20,1964,RM-4,RM-4,Residential,3648000,3858000,,,,,,,,,
1221 burnaby st,"",West End,1221 burnaby st,010333738,613117750000,20,1970,,RM-5A,Residential,3631000,3354000,M & N Holdings Ltd,M & N Holdings Ltd,"",Long-term Rental,"",,,,
242 e 14th av,"",Mount Pleasant,242 e 14th av,010215158;010215786,684191420000,20,1965,RM-4,R3-3,Residential,2795000,5905000,HWP 242 14th Avenue Ltd,HWP 242 14th Avenue Ltd,"",Long-term Rental,"",,,1,http://app.vancouver.ca/RPS_Net/Default.aspx?num=242&street=E%2014TH%20AVENUE
329 powell st,331 powell st;333 powell st,Strathcona,329 powell st,029386080,580192350000,20,1986,DEOD,DEOD,Comprehensive Development,1,1,The Bloom Group Community Services Society,The Bloom Group Community Services Society,Powell Place Emergency Shelter,Long-term Rental,Non-Profit Housing,,,1,http://app.vancouver.ca/RPS_Net/Default.aspx?num=329&street=POWELL%20STREET
1265 howe st,"",Downtown,1265 howe st,030783542,126612990000,20,2020,CD-1 (551),CD-1 (551),Comprehensive Development,961000,2272000,,,,,,,,,
1851 e pender st,"",Grandview-Woodland,1851 e pender st,015216799;015216811,592251530000,20,1980,,RM-4,Residential,2560000,3067000,(Salvatore Cois),(Salvatore Cois),"",Long-term Rental,"",,,,
2495 w 2nd av,1740 larch st,Kitsilano,2495 w 2nd av,015020096;015020100,636077050000,20,1965,,RM-4,Residential,4437000,3296000,Jasvir Siddoo & Rajbir Siddoo,Jasvir Siddoo & Rajbir Siddoo,"",Long-term Rental,"",,,,
8710 hudson st,"",Marpole,8710 hudson st,014352133,832144060000,20,1969,RM-3A,RM-3A,Residential,3392000,1800000,,,,,,,,3,http://app.vancouver.ca/RPS_Net/Default.aspx?num=8710&street=HUDSON%20STREET
2267 w 7th av,"",Kitsilano,2267 w 7th av,015224708;015224775;015224759;015224783,646084430000,20,1966,,R5-4,Residential,4437000,3290000,West 7th Avenue Holdings Ltd,West 7th Avenue Holdings Ltd,"",Long-term Rental,"",,,,
2820 heather st,"",Fairview,2820 heather st,013654721;013654713,670163040000,20,1964,,R3-3,Residential,4621000,2255000,Otrun Kneifel & Walter Kneifel,Otrun Kneifel & Walter Kneifel,"",Long-term Rental,"",,,1,http://app.vancouver.ca/RPS_Net/Default.aspx?num=2820&street=HEATHER%20STREET
1395 w 12th av,"",Fairview,1395 w 12th av,009277986,670134070000,20,1923,,R5-4,Residential,1721000,7382000,Premier Pacific Properties (12th Ave) Ltd,Premier Pacific Properties (12th Ave) Ltd,"",Long-term Rental,"",,,,
1707 wallace st,"",,1707 wallace st,"","",20,1978,,,,,,,,,,,Penta Co-op,Penta Co-op Housing Association,,
43 e 11th av,"",Mount Pleasant,43 e 11th av,015549381;015549372,664184850000,20,1964,,R5-3,Residential,2997000,3244000,Birch Holdings Ltd,Birch Holdings Ltd,Birch Manor,Long-term Rental,"",,,,
1516 w 71st av,"",Marpole,1516 w 71st av,008497435,832125560000,20,1988,,RM-4,Residential,3425000,3138000,,,,,,Rishon Co-op,Rishon Co-op Housing Association,,
3017 oak st,"",Fairview,3017 oak st,011225475,686149940000,20,1964,,R3-3,Residential,4159000,2038000,0834629 BC Ltd,0834629 BC Ltd,Coral Manor Apartment,Long-term Rental,"",,,,
2394 cornwall av,"",Kitsilano,2394 cornwall av,012962881,630078040000,20,1926,,RM-4,Residential,2928000,7339000,M A Cedar Place Properties Ltd,M A Cedar Place Properties Ltd,"",Long-term Rental,"",,,,
3075 prince edward st,"",Mount Pleasant,3075 prince edward st,015607992,197684950000,20,1966,,R3-3,Residential,3121000,2885000,Donald Yoke Sam & Jim Sam & Loretta Sam,Donald Yoke Sam & Jim Sam & Loretta Sam,Prince Edward Manor,Long-term Rental,"",,,,
35 e 16th av,"",Mount Pleasant,35 e 16th av,015240711;015240738;015240720,690184310000,20,1965,,R3-3,Residential,2994000,3178000,Robert Brommer & Ronald Brommer,Robert Brommer & Ronald Brommer,"",Long-term Rental,"",,,,
3598 e hastings st,3590 e hastings st;3594 e hastings st;3596 e hastings st;405 kootenay st,Hastings-Sunrise,405 kootenay st,011707674;011707666;011707691,"",20,1977,C-2C,,,,,,,,,,,,,
1012 richelieu av,"",Shaughnessy,1012 richelieu av,011532726,150692050000,20,1950,,RM-3A,Residential,3225000,4929000,Stormwell Enterprises Ltd,Stormwell Enterprises Ltd,Richelieu Manor,Long-term Rental,"",,,,
10 e 11th av,"",Mount Pleasant,10 e 11th av,015630285;015630307,664184060000,20,1964,RM-4,R5-3,Residential,3092000,3167000,,,,,,,,,
8938 montcalm st,"",Marpole,8938 montcalm st,014355400;014355426,835138060000,20,1968,,RM-3A,Residential,3355000,1694000,Metro Maywood Holdings Ltd,Metro Maywood Holdings Ltd,"",Long-term Rental,"",,,9,http://app.vancouver.ca/RPS_Net/Default.aspx?num=8938&street=MONTCALM%20STREET
1065 w 12th av,"",Fairview,1065 w 12th av,014684314;014684306,670149310000,20,1963,,R5-3,Residential,4159000,3238000,1452585 BC Ltd,1452585 BC Ltd,"",Long-term Rental,"",,,,
2012 cornwall av,"",Kitsilano,2012 cornwall av,003160939;003160980,630092920000,20,1954,,RM-4,Residential,4363000,4027000,1288462 BC Ltd,1288462 BC Ltd,"",Long-term Rental,"",,,,
756 e 6th av,"",Mount Pleasant,756 e 6th av,003324087,645210460000,20,1986,,R3-3,Residential,2994000,4911000,,,,,,Lu'Ma Housing (6th Ave),Lu'Ma Native Housing Society,,
8625 fremlin st,"",Marpole,8625 fremlin st,014246643;014246651,152830210000,20,1959,,RM-3A,Residential,3086000,2068000,Heather Moore & Allan Moore,Heather Moore & Allan Moore,"",Long-term Rental,"",,,,
520 n nanaimo st,"",Hastings-Sunrise,520 n nanaimo st,015728323;015728331,568270070000,20,1969,RM-3A,RM-3A,Residential,2674000,2526000,,,,,,,,,
360 e 13th av,"",Mount Pleasant,360 e 13th av,015613747,683194600000,20,1965,,R3-3,Residential,2997000,4445000,0789976 BC Ltd,0789976 BC Ltd,"",Long-term Rental,"",,,,
2575 windsor st,"",Mount Pleasant,2575 windsor st,010795936,217650950000,20,1967,,R3-3,Residential,2994000,3070000,1529969 B.C. LTD,1529969 B.C. LTD,"",Long-term Rental,"",,,,
2136 w 1st av,"",Kitsilano,2136 w 1st av,015233910;015233880;015233898;015233871;015233901,634087720000,20,1966,,R3-3,Residential,4437000,3279000,(Raymond Eng),(Raymond Eng),"",Long-term Rental,"",,,,
1538 e 22nd av,1530 e 22nd av,Kensington-Cedar Cottage,1530 e 22nd av,015505146,701235060000,20,1995,,CD-1 (292),Comprehensive Development,783001,507501,Coast Foundation Society (1974),Coast Foundation Society (1974),"",Long-term Rental,Non-Profit Housing,St. Margarets,Coast Mental Health,,
225 n nanaimo st,"",Grandview-Woodland,225 n nanaimo st,011121548;011121599;011121513,576267950000,20,1964,,RM-3A,Residential,2389000,3090000,Yeow-Lee Chan & Alan Yiu,Yeow-Lee Chan & Alan Yiu,"",Long-term Rental,"",,,,
2235 w 6th av,"",Kitsilano,2235 w 6th av,014118009;014118017,643084610000,20,1968,,R5-4,Residential,4437000,3663000,Bartizan Holdings Ltd,Bartizan Holdings Ltd,Monarch Apartments,Long-term Rental,"",,,3,http://app.vancouver.ca/RPS_Net/Default.aspx?num=2235&street=W%206TH%20AVENUE
1070 w 10th av,"",Fairview,1070 w 10th av,015014185;015014177,654149300000,20,1968,,R5-3,Residential,4621000,2584000,Goran Holdings Ltd,Goran Holdings Ltd,"",Long-term Rental,"",,,,
2035 trafalgar st,2027 trafalgar st;2029 trafalgar st;2031 trafalgar st;2033 trafalgar st;2037 trafalgar st;2039 trafalgar st;2041 trafalgar st;2043 trafalgar st;2045 trafalgar st;2047 trafalgar st,Kitsilano,2027 trafalgar st,015124827,642072910000,20,1981,,RT-8,Residential,3426000,5385000,,,,,,Trafalgar Co-op,Trafalgar Co-op Housing Association,,
1610 w 12th av,"",Fairview,1610 w 12th av,010119370;010119396,670122940000,20,1950,,R5-4,Residential,4159000,4406000,Huntington Enterprise Ltd,Huntington Enterprise Ltd,"",Long-term Rental,"",,,2,http://app.vancouver.ca/RPS_Net/Default.aspx?num=1610&street=W%2012TH%20AVENUE
2775 pine st,"",Fairview,2775 pine st,007270747,670120950000,20,1979,RM-3,R3-3,Residential,4156000,5030000,Fan-Frazer Holdings Ltd,Fan-Frazer Holdings Ltd,"",Long-term Rental,"",,,,
1980 w 1st av,"",Kitsilano,1980 w 1st av,011019492;011019387;011019565;011019603;011019468,634095280000,20,1966,,R3-3,Residential,4418000,3161000,Herbert Wolfsohn & Francoise Wolfsohn,Herbert Wolfsohn & Francoise Wolfsohn,"",Long-term Rental,"",,,,
1225 w 14th av,"",Fairview,1225 w 14th av,012998541;012998567,686138810000,20,1966,,R3-3,Residential,4390000,2695000,EL& EL Investments Ltd,EL& EL Investments Ltd,Eden Rock Villa,Long-term Rental,"",,,,
609 heatley av,"",Strathcona,609 heatley av,029480621,594198960000,20,2017,,RT-3,Residential,2049000,9361000,0983997 B.C. LTD.,0983997 B.C. LTD.,"",Long-term Rental,"",,,,
1962 w 1st av,"",Kitsilano,1962 w 1st av,015227413;015227430;015227448;015227405,634095520000,20,2002,,R3-3,Residential,4437000,22600,Coast Foundation Society (1974),Coast Foundation Society (1974),"",Long-term Rental,Non-Profit Housing,Alumnae Manor,Coast Mental Health,,
1547 comox st,"",West End,1547 comox st,015761452,607114270000,20,1958,,RM-5,Residential,3631000,2875000,(Richard Wong),(Richard Wong),"",Long-term Rental,"",,,,
3265 heather st,717 w 17th av,South Cambie,717 w 17th av,EPS6717,"",20,1965,C-2,,,,,,,,,,,,,
3030 spruce st,1089 w 15th av;3034 spruce st;3048 spruce st,Fairview,3030 spruce st,014663040;014663058,688149050000,20,1910,,R3-2,Residential,4522000,4347000,YWL Global Investment Consulting & Education (Canada) Inc,YWL Global Investment Consulting & Education (Canada) Inc,"",Long-term Rental,"",,,,
1006 w 12th av,"",Fairview,1006 w 12th av,014674785,670149960000,20,1922,,R5-3,Residential,1721000,5523000,650005 BC Ltd,650005 BC Ltd,Charlotte Court,Long-term Rental,"",,,,
1675 cypress st,1901 w 1st av;1905 w 1st av;1909 w 1st av,Kitsilano,1675 cypress st,VAS1727,"",20,1986,,,,,,,,,,,Inti Co-op,Inti Co-op Housing Association,,
2222 cornwall av,"",Kitsilano,2222 cornwall av,004204832,630084840000,20,2010,,RM-4,Residential,2662000,4099000,Graceway Properties Ltd,Graceway Properties Ltd,"",Long-term Rental,"",,,,
780 e 6th av,"",Mount Pleasant,780 e 6th av,005816751;005816734,645210760000,20,1969,,R3-3,Residential,2994000,4013000,Chung Sham Li (Chung Li),Chung Sham Li (Chung Li),Karmel Apts,Long-term Rental,"",,,,
3170 quebec st,"",Mount Pleasant,3170 quebec st,009871314;009871411;009871543,690186070000,20,1966,,R3-3,Residential,3240000,2947000,Gropollux Investments Inc,Gropollux Investments Inc,"",Long-term Rental,"",,,,
1590 w 15th av,"",Fairview,1590 w 15th av,012749991;012749729,688124040000,20,1927,,R3-3,Residential,4155000,3341000,Lotte & John Hecht Memorial Foundation,Lotte & John Hecht Memorial Foundation,"",Long-term Rental,"",,,,
3601 w 16th av,"",West Point Grey,3601 w 16th av,"","",20,1965,C-2,,,,,,,,,,,,,
2285 w 6th av,"",Kitsilano,2285 w 6th av,015189376;015189368,643084130000,20,1965,,R3-3,Residential,4437000,3268000,Rio Lane Holdings Ltd,Rio Lane Holdings Ltd,"",Long-term Rental,"",,,1,http://app.vancouver.ca/RPS_Net/Default.aspx?num=2285&street=W%206TH%20AVENUE
1355 w 71st av,"",Marpole,1355 w 71st av,014344033;014344068,832135970000,20,1962,,RM-3A,Residential,3647000,1331000,Fred West Holdings Ltd,Fred West Holdings Ltd,"",Long-term Rental,"",,,,
1396 w 11th av,"",Fairview,1396 w 11th av,013546848;013546741,664134060000,20,1925,,R5-4,Residential,1912000,5250000,Ideal Holdings 1386 Ltd,Ideal Holdings 1386 Ltd,"",Long-term Rental,"",,,,
3030 oak st,"",Fairview,3030 oak st,014031256;014031213,686150060000,20,1969,,R3-3,Residential,4159000,3480000,Kenson Investments Inc,Kenson Investments Inc,Seven Oaks Apartments,Long-term Rental,"",,,1,http://app.vancouver.ca/RPS_Net/Default.aspx?num=3030&street=OAK%20STREET
1075 burnaby st,"",West End,1075 burnaby st,028581946,613119030000,20,2012,,RM-5A,Residential,13052000,7308000,0864564 BC Ltd,0864564 BC Ltd,Concord International Lands C/O TPMG Capital,Long-term Rental,"",,,,
2232 w 5th av,"",Kitsilano,2232 w 5th av,015227898;015227910,642084620000,20,1904,,R3-3,Residential,4437000,2895000,5th Avenue Investments Ltd,5th Avenue Investments Ltd,"",Long-term Rental,"",,,,
1310 bute st,"",West End,1310 bute st,013256882,613118040000,20,1950,,RM-5A,Residential,4841000,2799000,Daysgoneby.org Land Stewards Ltd,Daysgoneby.org Land Stewards Ltd,Schenley Apartment,Long-term Rental,"",,,2,http://app.vancouver.ca/RPS_Net/Default.aspx?num=1310&street=BUTE%20STREET
980 jervis st,"",West End,980 jervis st,015742504,606117070000,20,1945,,RM-5B,Residential,4841000,1706000,Pontiac Holdings Ltd,Pontiac Holdings Ltd,"",Long-term Rental,"",,,,
1919 w 8th av,"",Kitsilano,1919 w 8th av,015210421;015210405,648095750000,20,1966,RM-4,R5-3,Residential,4437000,3285000,1100935 BC LTD,1100935 BC LTD,"",Long-term Rental,"",,,,
2266 trinity st,"",Grandview-Woodland,2266 trinity st,015695301;015695280,568255940000,20,1968,,RM-3A,Residential,2300000,3267000,1199248 BC Ltd,1199248 BC Ltd,"",Long-term Rental,"",,,1,http://app.vancouver.ca/RPS_Net/Default.aspx?num=2266&street=TRINITY%20STREET
238 e 13th av,"",Mount Pleasant,238 e 13th av,015607569;015607585,683191400000,20,1968,,R3-3,Residential,2495000,3848000,Jone Yin Wong Et Al (Jone Wong),Jone Yin Wong Et Al (Jone Wong),"",Long-term Rental,"",,,,
2170 w 5th av,"",Kitsilano,2170 w 5th av,013716301;013716310,642087380000,20,1965,,R5-3,Residential,4437000,3082000,Ikbal K Virji (Ikbal Virji),Ikbal K Virji (Ikbal Virji),"",Long-term Rental,"",,,,
1666 w 6th av,"",Fairview,1666 w 6th av,009450408,643122260000,20,1912,,C-3A,Commercial,3029000,4495000,Tang Lim Holdings Co Ltd,Tang Lim Holdings Co Ltd,"",Long-term Rental,"",,,,
1855 balsam st,"",Kitsilano,1855 balsam st,009405844,636077960000,20,1960,,RM-4,Residential,3662000,3879000,0988957 BC Ltd,0988957 BC Ltd,"",Long-term Rental,"",,,,
3333 commercial dr,"",Kensington-Cedar Cottage,3333 commercial dr,015103846,250687730000,20,1971,,R1-1,Residential Inclusive,4417000,1378000,3333 COMMERCIAL INVESTMENTS INC.,3333 COMMERCIAL INVESTMENTS INC.,"",Long-term Rental,"",,,3,http://app.vancouver.ca/RPS_Net/Default.aspx?num=3333&street=COMMERCIAL%20DRIVE
8635 laurel st,"",Marpole,8635 laurel st,014254760;014254727,153830410000,19,1965,,RM-3A,Residential,3030000,2757000,(David Balfour),(David Balfour),"",Long-term Rental,"",,,,
230 w 10th av,"",Mount Pleasant,230 w 10th av,014560615;014560569,654173660000,19,1967,,R5-3,Residential,3077000,3520000,Sheng Jin Hua Investments Inc,Sheng Jin Hua Investments Inc,"",Long-term Rental,"",,,,
1430 w 13th av,"",Fairview,1430 w 13th av,014671727;014671735,683130700000,19,1951,,R3-3,Residential,4621000,2980000,0759456 BC Ltd,0759456 BC Ltd,"",Long-term Rental,"",,,,
2930 spruce st,"",Fairview,2930 spruce st,014667258;014667240,683149040000,19,1958,,R3-3,Residential,4621000,3084000,Quong Holdings Ltd & Glenn W Quong,Quong Holdings Ltd & Glenn W Quong,"",Long-term Rental,"",,,1,http://app.vancouver.ca/RPS_Net/Default.aspx?num=2930&street=SPRUCE%20STREET
2726 alder st,"",Fairview,2726 alder st,014684543;014684551,664146060000,19,1957,,R3-3,Residential,4621000,3194000,(Ronald Chu),(Ronald Chu),"",Long-term Rental,"",,,,
1507 e 2nd av,"",Grandview-Woodland,1507 e 2nd av,014953421;014953404;014953293,631234050000,19,1984,,RM-4,Residential,2626000,3174000,,,,,,Westerdale Co-op,Westerdale Co-op Housing Association,,
3023 quebec st,"",Mount Pleasant,3023 quebec st,006854711,186684570000,19,1985,,R3-3,Residential,2793000,4953000,(Ronald Chu),(Ronald Chu),"",Long-term Rental,"",,,,
152 e 11th av,156 e 11th av;158 e 11th av;164 e 11th av;166 e 11th av;2703 main st;2705 main st;2707 main st,Mount Pleasant,166 e 11th av,013638823;013638777;013638793,190664070000,19,1915,C-3A,C-3A,Commercial,3130000,11062000,,,,,,,,,
8777 montcalm st,"",Marpole,8777 montcalm st,008081051;008081042,138832970000,19,1964,,RM-3A,Residential,3928000,1213000,1285977 BC Ltd,1285977 BC Ltd,"",Long-term Rental,"",,,,
131 e 16th av,135 e 16th av,Mount Pleasant,131 e 16th av,015517705;015517730,690186470000,19,1964,,R3-3,Residential,3469000,2392000,(William Wong),(William Wong),Hillcrest Apartment,Long-term Rental,"",,,,
1707 e 4th av,1938 commercial dr,Grandview-Woodland,1707 e 4th av,015185893;015185877,250633960000,19,1911,,C-2C1,Commercial,1579000,4931000,Palmar Properties Inc,Palmar Properties Inc,"",Long-term Rental,"",,,,
2066 w 8th av,"",Kitsilano,2066 w 8th av,011739118,648090560000,19,1989,,R5-3,Residential,3189000,5303000,647594 BC Ltd,647594 BC Ltd,"",Long-term Rental,"",,,,
5826 tisdall st,"",Oakridge,5826 tisdall st,009309748,161752300000,19,1969,,CD-1 (18),Comprehensive Development,4621000,3613000,5826 & 5860 Tisdall Holding Ltd,5826 & 5860 Tisdall Holding Ltd,The Mark,Long-term Rental,"",,,,
2256 brunswick st,"",Mount Pleasant,2256 brunswick st,008753776;008753768,195645920000,19,1965,,R5-3,Residential,2994000,3129000,BW Apartments LTD,BW Apartments LTD,"",Long-term Rental,"",,,,
815 sw marine dr,"",Marpole,815 sw marine dr,014245388,840155050000,19,1964,RM-3A,RM-3A,Residential,3396000,7784000,1179241 B.C. LTD.,1179241 B.C. LTD.,"",Long-term Rental,"",,,1,http://app.vancouver.ca/RPS_Net/Default.aspx?num=815&street=SW%20MARINE%20DRIVE
2280 mcgill st,"",Grandview-Woodland,2280 mcgill st,015694178;015694160,570255800000,19,1966,,RM-3A,Residential,2300000,3203000,,,,,,,,,
1365 w 12th av,"",Fairview,1365 w 12th av,006267351;006267408,670134310000,19,1966,,R5-4,Residential,4159000,2954000,1343153 BC Ltd,1343153 BC Ltd,"",Long-term Rental,"",,,1,http://app.vancouver.ca/RPS_Net/Default.aspx?num=1365&street=W%2012TH%20AVENUE
2938 laurel st,2950 laurel st,Fairview,2938 laurel st,023153393,686153070000,19,1999,,CD-1 (353),Comprehensive Development,817600,2331000,,,,,,St. George's Place,St. George's Place Housing Society,,
2014 w 5th av,"",Kitsilano,2014 w 5th av,015224007;015223990,642090940000,19,1958,RM-4,R5-3,Residential,4215000,3469000,Whitehall Investments Ltd,Whitehall Investments Ltd,"",Long-term Rental,"",,,,
8475 duff st,8479 duff st;8483 duff st;8487 duff st;8491 duff st;8495 duff st;8499 duff st,Victoria-Fraserview,8475 duff st,006850685,252831870000,19,1985,,CD-1 (156),Comprehensive Development,565000,378000,,,,,,Marin Vista,Affordable Housing Societies,,
935 jervis st,"",West End,935 jervis st,012461652,605116970000,19,1926,,RM-5,Residential,3631000,3554000,Plan A Real Estate Services Ltd,Plan A - 935 Jervis St Ltd,"",Long-term Rental,"",,,,
3720 w 7th av,3730 w 7th av,West Point Grey,3720 w 7th av,011485655;011485621,646037820000,19,1964,,RM-4,Residential,4215000,3475000,Eugene Marks & Perry Trester,Eugene Marks & Perry Trester,"",Long-term Rental,"",,,,
918 e 8th av,"",Mount Pleasant,918 e 8th av,012521663;012521639;012521647,648214180000,19,1967,,R3-3,Residential,2994000,2723000,Bien Shin Yip & Keping Chang,Bien Shin Yip & Keping Chang,"",Long-term Rental,"",,,,
2101 w 5th av,"",Kitsilano,2101 w 5th av,015247821;015247872;015247830;015247856,642087950000,19,1963,,R5-4,Residential,4141000,3170000,Nuova Investments Inc,Nuova Investments Inc,"",Long-term Rental,"",,,,
859 w 16th av,"",Fairview,859 w 16th av,007893035,690153470000,19,1988,,R3-3,Residential,2120000,836000,Societe De Habitation Laverendrye,Societe De Habitation Laverendrye,"",Long-term Rental,Non-Profit Housing,Le Normand,Societe d'Habitation La Verendrye,4,http://app.vancouver.ca/RPS_Net/Default.aspx?num=859&street=W%2016TH%20AVENUE
1455 napier st,"",Grandview-Woodland,1455 napier st,007273070,604231990000,19,1980,,RM-4,Residential,3752000,3300000,,,,,,Grandview Co-op,Grandview Co-op Housing Association,,
1346 pendrell st,"",West End,1346 pendrell st,006077366;006077480,609116340000,19,1951,,RM-5,Residential,5446000,1020000,Derik Ventures Ltd,Derik Ventures Ltd,Dorset Apartments,Long-term Rental,"",,,,
1385 w 15th av,"",Fairview,1385 w 15th av,009930787,690134070000,19,1965,,R3-3,Residential,3798000,6375000,654147 BC Ltd,654147 BC Ltd,"",Long-term Rental,"",,,,
1775 pendrell st,"",West End,1775 pendrell st,005468515,609110250000,19,1953,,RM-5A,Residential,3631000,3644000,(Elisabeth Yee),(Elisabeth Yee),Baystar Apartments,Long-term Rental,"",,,7,http://app.vancouver.ca/RPS_Net/Default.aspx?num=1775&street=PENDRELL%20STREET
1104 haro st,"",West End,1104 haro st,029513316,603118980000,19,1927,RM-5B,RM-5B,Residential,9280000,35800,,,,,,,,,
2290 wall st,"",Grandview-Woodland,2290 wall st,008223734;008223751,255568040000,19,1963,RM-3A,RM-3A,Residential,2431000,2786000,Victor Wong & Robetti Wong,Victor Wong & Robetti Wong,"",Long-term Rental,"",,,,
1090 jervis st,"",West End,1090 jervis st,015741460,607117060000,19,1953,,RM-5B,Residential,4841000,7753000,1090 Jervis Rental Ltd,1090 Jervis Rental Ltd,"",Long-term Rental,"",,,,
376 n garden dr,"",Grandview-Woodland,376 n garden dr,015694739;015694721;015694747,570267060000,19,1959,RM-3A,RM-3A,Residential,1886000,3180000,PREMIER PACIFIC PROPERTIES (NORTH GARDEN) LTD.,PREMIER PACIFIC PROPERTIES (NORTH GARDEN) LTD.,"",Long-term Rental,"",,,,
800 mclean dr,"",Grandview-Woodland,800 mclean dr,009740821,598233060000,19,1976,,RM-4,Residential,1,1,,,,,,Bauer & Garden Villa,BC Housing,,
1357 w 10th av,"",Fairview,1357 w 10th av,015019641;015019659,654134370000,19,1963,,R5-3,Residential,3836000,3135000,(Amy Wong),(Amy Wong),"",Long-term Rental,"",,,,
3219 kingsway,3223 kingsway;3229 kingsway;3231 kingsway;5487 cecil st,Renfrew-Collingwood,5487 cecil st,023781386,"",19,1999,C-2,,,,,,,,,,,,,
5709 wales st,"",,5709 wales st,"","",19,1994,,,,,,,,,,,First Lutheran Court,Brightside Community Homes Foundation,,
2154 dundas st,"",Grandview-Woodland,2154 dundas st,007702043;007702001,580259760000,18,1964,,RM-3A,Residential,1921000,3613000,Orr Development Corp.,Orr Development Corp.,"",Long-term Rental,"",,,,
3870 cambie st,"",Riley Park,3870 cambie st,013374052;013374010;013374001,170703760000,18,1945,,RM-3A,Residential,3556000,3120000,Dorset Realty Group Canada Ltd,Dorset Realty Group Canada Ltd,"",Long-term Rental,"",,,,
8675 fremlin st,"",Marpole,8675 fremlin st,014246520;014246571,152830710000,18,1964,RM-3A,RM-3A,Residential,3086000,2388000,346628 BC LTD,346628 BC LTD,"",Long-term Rental,"",,,,
2280 vine st,"",Kitsilano,2280 vine st,011497181;011497131;011497157;011497084,646084070000,18,1968,,R5-4,Residential,4437000,2349000,(Wai Lau),(Wai Lau),"",Long-term Rental,"",,,,
8264 hudson st,1275 w 67th av,Marpole,8264 hudson st,017711991,144825940000,18,1993,,CD-1 (283),Comprehensive Development,1599000,1667000,Abbeyfield Houses Of Vancouver Society,Abbeyfield Houses Of Vancouver Society,"",Long-term Rental,Non-Profit Housing,Abbeyfield,Abbeyfield Houses of Vancouver Society,,
3820 cambie st,"",Riley Park,3820 cambie st,013373951;013373935,170703020000,18,1945,,RM-3A,Residential,2626000,4362000,Lotte & John Hecht Memorial Foundation,Lotte & John Hecht Memorial Foundation,"",Long-term Rental,"",,,,
8660 hudson st,"",Marpole,8660 hudson st,014341310;014341344,144830680000,18,1965,,RM-3A,Residential,3128000,1420000,SEEGMOR HOLDINGS INC.,SEEGMOR HOLDINGS INC.,Hudson Villa,Long-term Rental,"",,,,
3585 cambie st,"",South Cambie,3585 cambie st,013785231;013785249;013785222,170694950000,18,1945,,RM-3A,Residential,3886000,3174000,Shoyle Holdings Ltd,Shoyle Holdings Ltd,"",Long-term Rental,"",,,,
2256 franklin st,"",Grandview-Woodland,2256 franklin st,013845365;013845373,588265560000,18,1959,,RM-3A,Residential,2300000,2573000,Castle Harbour Holdings Ltd,Castle Harbour Holdings Ltd,"",Long-term Rental,"",,,,
2250 dundas st,"",Grandview-Woodland,2250 dundas st,015684199;015684181,580265560000,18,1965,,RM-3A,Residential,2070000,2819000,0779258 BC Ltd,0779258 BC Ltd,"",Long-term Rental,"",,,,
1534 balsam st,"",Kitsilano,1534 balsam st,015098583,631078070000,18,1912,,RM-4,Residential,2218000,4573000,Hillary Ling & Stella Ling,Hillary Ling & Stella Ling,"",Long-term Rental,"",,,,
5311 balsam st,"",Arbutus Ridge,5311 balsam st,006816690,739077980000,18,1988,,CD-1 (188),Comprehensive Development,3020000,3837000,,,,,,St. Mary's Mews,St. Mary's Kerrisdale Housing Society,,
8655 laurel st,"",Marpole,8655 laurel st,007625812;007625821,153830610000,18,1964,,RM-3A,Residential,3030000,1499000,Brash Enterprises Ltd,Brash Enterprises Ltd,"",Long-term Rental,"",,,,
3080 e 54th av,"",Killarney,3080 e 54th av,009127658,810288180000,18,1972,,CD-1 (19),Comprehensive Development,1662000,3728000,1256235 BC LTD,1256235 BC LTD,"",Long-term Rental,"",,,,
2772 spruce st,"",Fairview,2772 spruce st,014684322;014684331,670149050000,18,1956,,R5-3,Residential,4159000,4824000,Spruce & 12th Apartments Inc,Spruce & 12th Apartments Inc,"",Long-term Rental,"",,,,
1600 e 8th av,"",Grandview-Woodland,1600 e 8th av,023201274,648234580000,18,1998,,RM-4,Residential,1,1,The Kettle Friendship Society,The Kettle Friendship Society,The Kettle Society - Friendship Court,Long-term Rental,Non-Profit Housing,Friendship Court,Kettle Society,,
1416 haro st,"",,1416 haro st,"","",18,1985,,,,,,City of Vancouver,City of Vancouver,Barclay Heritage Square,Long-term Rental,Non-Profit Housing,Barclay Heritage Square,City of Vancouver,,
830 campbell av,"",Strathcona,830 campbell av,007584393,598217060000,18,1984,,RM-3A,Residential,3461000,886000,,,,,,Chinatown Lions Manor II,Vancouver Chinatown Housing Society,,
3939 cambie st,"",South Cambie,3939 cambie st,013273809;013273817;013273833,170703750000,18,1945,,RM-3A,Residential,4061000,3113000,3939 Cambie Street Holdings Ltd,3939 Cambie Street Holdings Ltd,"",Long-term Rental,"",,,,
275 e 14th av,2979 sophia st,Mount Pleasant,275 e 14th av,029584035,684191970000,18,1967,,R3-3,Residential,2994000,5464000,Sophia Street Limited Partnership,Sophia Street Limited Partnership,"",Long-term Rental,"",,,,
750 w 16th av,726 w 16th av;736 w 16th av,South Cambie,750 w 16th av,014750830;014750805;014750821,690159560000,18,1966,,C-2A,Commercial,5823000,2995000,Sason Malky & Tamar Malky,Sason Malky & Tamar Malky,Sason Malky and Tamar Malky,Long-term Rental,"",,,,
1425 haro st,"",West End,1425 haro st,015775747,603115770000,18,1927,,RM-5,Residential,3271000,6730000,Plan A Real Estate Services Ltd,Plan A 1425 Haro Street Ltd,"",Long-term Rental,"",,,,
224 e 13th av,"",Mount Pleasant,224 e 13th av,003406296;003406300,683191280000,18,1968,RM-4,R3-3,Residential,2994000,2853000,Amber Place Apartments Ltd,Amber Place Apartments Ltd,"",Long-term Rental,"",,,,
3535 kingsway,3543 kingsway;3549 kingsway;5698 aberdeen st,Renfrew-Collingwood,5698 aberdeen st,018049699,"",18,1998,CD-1 (302),,,,,,,,,,,,,
626 e 44th av,"",Sunset,626 e 44th av,013909452;013909487;013909509,757201620000,18,1972,,RM-2,Residential,2067000,2778000,Matara Investments Inc,Matara Investments Inc,"",Long-term Rental,"",,,,
2144 oxford st,"",Grandview-Woodland,2144 oxford st,015684725;015684733,577259440000,18,1964,,RM-3A,Residential,2300000,2578000,(Anthony Haughian),(Anthony Haughian),"",Long-term Rental,"",,,,
925 w 70th av,"",Marpole,925 w 70th av,013649116;013649141;013649124,152826970000,18,1969,,RM-3A,Residential,3034000,1362000,Fremlin Investments Ltd,Fremlin Investments Ltd,"",Long-term Rental,"",,,,
225 n garden dr,"",Grandview-Woodland,225 n garden dr,015693082;015693091,576265950000,18,1965,,RM-3A,Residential,2300000,2838000,225 North Garden Holdings Ltd,225 North Garden Holdings Ltd,"",Long-term Rental,"",,,,
1877 e georgia st,"",Grandview-Woodland,1877 e georgia st,008064351,596251750000,18,1988,,RM-4,Residential,2580000,4820000,Entre Nous Femmes Housing Society,Entre Nous Femmes Housing Society,"",Long-term Rental,Non-Profit Housing,Beatrice Terrace,Entre Nous Femmes Housing Society,,
1040 e 7th av,"",Mount Pleasant,1040 e 7th av,014939118;014939126;014939096,646217340000,18,1974,,RM-4,Residential,2994000,2461000,,,,,,China Creek Place,BC Housing,,
225 n templeton dr,235 n templeton dr;245 n templeton dr,Grandview-Woodland,225 n templeton dr,011924101;011923946,575255940000,18,1984,,RM-3A,Residential,1568000,3904000,,,,,,Lu'Ma Housing (Templeton Dr),Lu'Ma Native Housing Society,,
1545 w 15th av,"",Fairview,1545 w 15th av,014174375,688124570000,18,1940,,R3-3,Residential,1912000,3870000,Lotte & John Hecht Memorial Foundation,Lotte & John Hecht Memorial Foundation,"",Long-term Rental,"",,,,
336 e 7th av,"",Mount Pleasant,336 e 7th av,015551504;015551491,646194360000,18,1966,,R5-3,Residential,2994000,2769000,GWK Holding Corp,GWK Holding Corp,"",Long-term Rental,"",,,,
2115 triumph st,"",Grandview-Woodland,2115 triumph st,015683362;015683346,586259150000,18,1964,,RM-3A,Residential,2300000,2528000,Orr Development Corp,Orr Development Corp,"",Long-term Rental,"",,,,
249 e georgia st,251 e georgia st,Strathcona,249 e georgia st,010820442,596190510000,18,1980,,HA-1A,Historical Area,1794000,5422000,249 East Georgia Street Holdings Ltd,249 East Georgia Street Holdings Ltd,"",Long-term Rental,"",,,6,http://app.vancouver.ca/RPS_Net/Default.aspx?num=249&street=E%20GEORGIA%20STREET
860 e 7th av,"",Mount Pleasant,860 e 7th av,007969279,646212740000,18,1987,,R3-3,Residential,2994000,4765000,BC Indigenous Housing Society,BC Indigenous Housing Society,"",Long-term Rental,Non-Profit Housing,Wilp-Lo-Ama-Gaut,BC Indigenous Housing Society,,
2167 w 38th av,"",Arbutus-Ridge,2167 w 38th av,011480734;011480726,742081310000,18,1965,RM-3,RM-3,Residential,2989000,3331000,Gordon R Diamond (Gordon Diamond),Gordon R Diamond (Gordon Diamond),"",Long-term Rental,"",,,,
1340 w 70th av,"",Marpole,1340 w 70th av,014344211;014344190,138830050000,18,1966,,RM-3A,Residential,3491000,2040000,Chun Wong & Yin Wong & Michael Wong & Bental Wong,Chun Wong & Yin Wong & Michael Wong & Bental Wong,"",Long-term Rental,"",,,,
2132 dundas st,"",Grandview-Woodland,2132 dundas st,015683249;015683214,580259560000,18,1963,,RM-3A,Residential,1921000,3246000,Treaty Developments Ltd,Treaty Developments Ltd,"",Long-term Rental,"",,,,
1640 graveley st,"",Grandview-Woodland,1640 graveley st,023703806,616236560000,18,1998,,RM-4,Residential,138000,1766000,,,,,,The Marjorie White Building,Lu'Ma Native Housing Society,,
1610 haro st,"",West End,1610 haro st,011723262,603113940000,18,1954,RM-5A,RM-5A,Residential,4841000,1152000,Home Case Holdings Ltd,Home Case Holdings Ltd,"",Long-term Rental,"",,,,
561 e 16th av,"",Mount Pleasant,561 e 16th av,024290831,689199830000,18,2000,,R3-3,Residential,1,1,PHS Community Services Society,PHS Community Services Society,Enhanced Living Supports (ELS),Long-term Rental,Non-Profit Housing,East 16th Apartments,Sanford Housing Society,,
120 jackson av,"",,120 jackson av,"","",18,2013,,,,,,ATIRA WOMEN'S RESOURCE SOCIETY,ATIRA WOMEN'S RESOURCE SOCIETY,Supportive Housing,Long-term Rental,Non-Profit Housing,Imouto House,Atira Women’s Resource Society,,
1620 haro st,"",West End,1620 haro st,015742784,603113860000,18,1953,,RM-5A,Residential,3631000,2362000,YFC Holdings Ltd,YFC Holdings Ltd,"",Long-term Rental,"",,,,
138 e hastings st,134 e hastings st;136 e hastings st;140 e hastings st;142 e hastings st;144 e hastings st;146 e hastings st;148 e hastings st,Downtown,138 e hastings st,EPS3084,"",18,2015,,,,,,,,,,,Sequel 138,FJL Housing Society,,
306 e 6th av,"",Mount Pleasant,306 e 6th av,008160597;008160619,645194060000,18,1968,,R5-3,Residential,2994000,2549000,1308441 BC Ltd,1308441 BC Ltd,"",Long-term Rental,"",,,,
5940 balsam st,"",Kerrisdale,5940 balsam st,011456663;011456680;011456655;011456671,755078060000,18,1964,,RM-3,Residential,4596000,2392000,5940 Balsam Investment Ltd,5940 Balsam Investment Ltd,"",Long-term Rental,"",,,,
322 e 8th av,"",Mount Pleasant,322 e 8th av,015537617;015537587;015537561,648194220000,18,1968,,R5-3,Residential,2746000,2675000,Marlborough Holdings Ltd,Marlborough Holdings Ltd,"",Long-term Rental,"",,,,
1403 commercial dr,1407 commercial dr;1409 commercial dr;1411 commercial dr,Grandview-Woodland,1411 commercial dr,002799421;002799553;002799499,"",18,1909,C-2C,,,,,,,,,,,,,
356 e 6th av,"",Mount Pleasant,356 e 6th av,015552985;015552748,645194960000,18,1967,,R5-3,Residential,2994000,2549000,Bak Won Huey (Bak Huey),Bak Won Huey (Bak Huey),El Graco Apartments,Long-term Rental,"",,,,
1195 w 11th av,"",Fairview,1195 w 11th av,010497102;010497081;010497137,146654920000,18,1978,,R3-3,Residential,4614000,3052000,Man Chun Lam & Lai Ming Choi,Man Chun Lam & Lai Ming Choi,"",Long-term Rental,"",,,,
2225 w 7th av,"",Kitsilano,2225 w 7th av,015224686;015224643,646084850000,18,1966,,R5-4,Residential,4437000,2601000,(Charles Hudson),(Charles Hudson),"",Long-term Rental,"",,,,
8642 selkirk st,"",Marpole,8642 selkirk st,007280386;007280408,145830360000,18,1958,,RM-3A,Residential,2833000,1862000,Bakonyi Holdings Ltd,Bakonyi Holdings Ltd,Ellsmar Apts,Long-term Rental,"",,,,
8741 selkirk st,"",Marpole,8741 selkirk st,011782145;011782153,145832350000,18,1958,,RM-3A,Residential,3226000,1668000,Fred West Holdings Ltd,Fred West Holdings Ltd,"",Long-term Rental,"",,,3,http://app.vancouver.ca/RPS_Net/Default.aspx?num=8741&street=SELKIRK%20STREET
1969 waterloo st,1967 waterloo st;1971 waterloo st;1973 waterloo st;1979 waterloo st;1981 waterloo st;1983 waterloo st;1989 waterloo st;1991 waterloo st;3417 w 4th av;3419 w 4th av;3421 w 4th av;3423 w 4th av,Kitsilano,1979 waterloo st,029631050,"",17,2018,RM-4,,,,,,,,,,,,,
2250 fraser st,"",Mount Pleasant,2250 fraser st,006561373,210645920000,17,1984,,R3-3,Residential,2729000,3570000,,,,,,Emma G. Co-op,Emma G. Co-op Housing Association,,
1517 comox st,"",West End,1517 comox st,015761185,607114870000,17,1905,RM-5,RM-5,Residential,2613000,256000,,,,,,,,,
339 e 7th av,"",Mount Pleasant,339 e 7th av,015553019;015553027,646194390000,17,1965,,R5-3,Residential,2994000,4682000,0955531 BC Ltd,0955531 BC Ltd,"",Long-term Rental,"",,,,
2025 cornwall av,1485 maple st,Kitsilano,2025 cornwall av,012835021;012835030,95627950000,17,1913,,RM-4,Residential,2452000,3885000,(Lawrence Brown),(Lawrence Brown),"",Long-term Rental,"",,,,
1855 arbutus st,"",Kitsilano,1855 arbutus st,015282341;015282481;015282350,638087970000,17,1961,,R3-3,Residential,2884000,3612000,G. JANG & SONS LTD,G. JANG & SONS LTD,"",Long-term Rental,"",,,,
1395 w 13th av,"",Fairview,1395 w 13th av,008194491;008194513,683134050000,17,1937,,R3-3,Residential,4621000,2938000,WV Falcus & Associates (1997) Ltd,WV Falcus & Associates (1997) Ltd,"",Long-term Rental,"",,,,
2355 w 1st av,"",Kitsilano,2355 w 1st av,015097633;015097668,634078550000,17,1956,RM-4,RM-4,Residential,4437000,3019000,,,,,,,,,
1534 henshaw lane,"",West End,1534 henshaw lane,"","",17,2020,RM-5,,,,,,,,,,,,,
970 gilford st,1893 nelson st;1895 nelson st;980 gilford st;990 gilford st,West End,970 gilford st,011992719,606109070000,17,1940,RM-5B,RM-5B,Residential,6359000,28900,Lotte & John Hecht Memorial Foundation,Lotte & John Hecht Memorial Foundation,"",Long-term Rental,"",,,,
2145 w 2nd av,"",Kitsilano,2145 w 2nd av,015234045;015234037;015234029,636087370000,17,1960,,R3-3,Residential,3327000,3607000,Cottwald Investments Ltd,Cottwald Investments Ltd,"",Long-term Rental,"",,,,
3040 nanaimo st,"",Renfrew-Collingwood,3040 nanaimo st,006913652,270670320000,17,1959,RM-3A,RM-3A,Residential,2004000,2628000,,,,,,,,,
2975 prince edward st,"",Mount Pleasant,2975 prince edward st,015613461,684194950000,17,2009,,R3-3,Residential,1917000,5668000,581909 BC Ltd,581909 BC Ltd,"",Long-term Rental,"",,,,
1468 w 73rd av,"",Marpole,1468 w 73rd av,005175682,835132380000,17,1964,RM-3A,RM-3A,Residential,3226000,1256000,(Charlotte Berman),(Charlotte Berman),Amber Place Apartments,Long-term Rental,"",,,,
203 e 6th av,209 e 6th av;2180 main st;2190 main st,Mount Pleasant,203 e 6th av,007933681,645190030000,17,1910,,IC-1,Industrial,3933000,6225000,Mighty Atom Holdings Inc,Mighty Atom Holdings Inc,"",Long-term Rental,"",,,1,http://app.vancouver.ca/RPS_Net/Default.aspx?num=203&street=E%206TH%20AVENUE
2675 alder st,"",Fairview,2675 alder st,015017095;015017044,664138970000,17,1959,,R3-3,Residential,2562700,4733900,Brightside Community Homes Foundation,Brightside Community Homes Foundation,"",Long-term Rental,Non-Profit Housing,Magnolo Manor,Brightside Community Homes Foundation,,
1535 w 13th av,"",Fairview,1535 w 13th av,014176491;014176475,683124670000,17,1941,,R5-3,Residential,3466000,3025000,Banek Investments Ltd,Banek Investments Ltd,"",Long-term Rental,"",,,,
2820 birch st,"",Fairview,2820 birch st,014497425;014497417,670138060000,17,1956,,R3-3,Residential,4159000,2331000,Opulence Investments Ltd,Opulence Investments Ltd,"",Long-term Rental,"",,,,
5825 vine st,"",Kerrisdale,5825 vine st,006751857;006751920;006751725,79750510000,17,1957,,RM-3,Residential,4594000,2972000,Rose Quong & Jack Hoy,Rose Quong & Jack Hoy,"",Long-term Rental,"",,,,
3985 cambie st,"",South Cambie,3985 cambie st,013273850;013273876;013273884,170703950000,17,1945,,RM-3A,Residential,3107000,4069000,Leopold Holdings Ltd,Leopold Holdings Ltd,"",Long-term Rental,"",,,,
1435 e 14th av,"",Kensington-Cedar Cottage,1435 e 14th av,029263166,684230890000,17,1977,,RT-5,Residential,1,1,Coast Foundation Society (1974),Coast Foundation Society (1974),"",Long-term Rental,Non-Profit Housing,Clark Street Apartment,Coast Mental Health,,
975 w 10th av,"",Fairview,975 w 10th av,015018849,654150270000,17,1912,,CD-1 (137),Comprehensive Development,2390000,3574000,Bakonyi Holdings Ltd,Bakonyi Holdings Ltd,"",Long-term Rental,"",,,,
2177 wall st,"",Grandview-Woodland,2177 wall st,015693961;015693945,255570290000,17,1968,RM-3A,RM-3A,Residential,1896000,4644000,MME PROPERTIES LTD.,MME PROPERTIES LTD.,"",Long-term Rental,"",,,,
88 e 13th av,"",Mount Pleasant,88 e 13th av,015525325;015525350,683184960000,17,1967,RM-4,R3-3,Residential,3117000,2123000,,,,,,,,,
825 sw marine dr,"",Marpole,825 sw marine dr,014250683;014250624,155830950000,17,1963,,RM-3A,Residential,3058000,1215000,Leo Wong Holdings Ltd,Leo Wong Holdings Ltd,"",Long-term Rental,"",,,,
596 n nanaimo st,"",Hastings-Sunrise,596 n nanaimo st,008372683;008372632,566270040000,17,1969,,RM-3A,Residential,2383000,2248000,Ludwig Schuster & Erna Schuster,Ludwig Schuster & Erna Schuster,"",Long-term Rental,"",,,,
8757 selkirk st,"",Marpole,8757 selkirk st,003206165;003205967,145832650000,17,1965,,RM-3A,Residential,3226000,1256000,CR2 Holdings Ltd,CR2 Holdings Ltd,"",Long-term Rental,"",,,,
1585 w 11th av,"",Fairview,1585 w 11th av,015017605;015017591;015017583,664124190000,17,1969,RM-3,R5-3,Residential,3466000,3271000,Norsan Holdings Ltd,Norsan Holdings Ltd,"",Long-term Rental,"",,,,
1575 w 15th av,"",Fairview,1575 w 15th av,010981195,688124350000,17,1929,,R3-3,Residential,2601000,4038000,Lotte & John Hecht Memorial Foundation,Lotte & John Hecht Memorial Foundation,"",Long-term Rental,"",,,,
148 e 6th av,"",Mount Pleasant,148 e 6th av,005872812,645186800000,17,1912,,I-1,Industrial,1963000,2733000,1000A Holdings Inc,1000A Holdings Inc,"",Long-term Rental,"",,,,
1615 vine st,"",Kitsilano,1615 vine st,015097528;015097510,631078940000,17,1955,RM-4,RM-4,Residential,4437000,3282000,Jordan Holdings Ltd,Jordan Holdings Ltd,"",Long-term Rental,"",,,,
2525 birch st,"",Fairview,2525 birch st,003675998;003675980,138650670000,17,1989,,R5-3,Residential,2448000,4746000,1350932 BC Ltd,1350932 BC Ltd,"",Long-term Rental,"",,,,
2620 hemlock st,"",Fairview,2620 hemlock st,015018466,654134040000,17,1925,,R5-3,Residential,1912000,5077000,Premier Pacific Properties (Hemlock) Ltd,Premier Pacific Properties (Hemlock) Ltd,"",Long-term Rental,"",,,,
8580 oak st,"",Marpole,8580 oak st,014111144;014111306;014111233,150826940000,17,1969,RM-3A,RM-3A,Residential,2663000,3183000,1109867 BC Ltd,1109867 BC Ltd,"",Long-term Rental,"",,,,
1689 robson st,"",West End,1689 robson st,009180362,113601960000,17,1911,,C-5A,Commercial,4160000,1646000,J&J Nada Holdings Inc,J&J Nada Holdings Inc,"",Long-term Rental,"",,,,
1831 e georgia st,"",Grandview-Woodland,1831 e georgia st,010976485;010976451,596251310000,17,1967,,RM-4,Residential,2200000,2438000,Robetti Wong & Victor Wong,Robetti Wong & Victor Wong,"",Long-term Rental,"",,,,
2425 prince albert st,"",Mount Pleasant,2425 prince albert st,002863073;002863243,212648050000,17,1962,,R3-3,Residential,1996000,3038000,(Joe Plese),(Joe Plese),"",Long-term Rental,"",,,,
3416 oak st,"",South Cambie,3416 oak st,009160264;009160396;009160353,150693020000,17,1945,,RM-3A,Residential,2310000,4054000,Charles B Balfour Jr (Charles Balfour),Charles B Balfour Jr (Charles Balfour),"",Long-term Rental,"",,,,
1946 york av,"",Kitsilano,1946 york av,014954885,631095560000,17,1957,RM-4,RM-4,Residential,4161000,3513000,Lougheed Enterprises Ltd,Lougheed Enterprises Ltd,"",Long-term Rental,"",,,1,http://app.vancouver.ca/RPS_Net/Default.aspx?num=1946&street=YORK%20AVENUE
2105 w 7th av,"",Kitsilano,2105 w 7th av,015223914;015223906,646087970000,17,1964,,R5-3,Residential,4215000,2939000,(Allan Nortman),(Allan Nortman),Millers Court,Long-term Rental,"",,,,
1624 e broadway,"",Kensington-Cedar Cottage,1624 e broadway,012707538;012707554,650234680000,17,1965,,RM-4,Residential,2388000,2395000,Lori-Gay Holdings Ltd,Lori-Gay Holdings Ltd,"",Long-term Rental,"",,,,
1331 nelson st,"",West End,1331 nelson st,009309471,606116650000,17,1978,RM-5,RM-5,Residential,3631000,3352000,Goodhope Holdings Ltd,Goodhope Holdings Ltd,"",Long-term Rental,"",,,,
2431 vine st,2305 w broadway;2307 w broadway;2309 w broadway;2311 w broadway;2313 w broadway;2439 vine st;2441 vine st,Kitsilano,2431 vine st,014864169;014864207,"",17,1979,,,,,,,,,,,Kitsun Co-op,Kiwassa Housing Society,,
1455 w 15th av,"",Fairview,1455 w 15th av,003615901,688130450000,17,1928,,R3-3,Residential,1912000,4556000,336688 Holding Ltd,336688 Holding Ltd,"",Long-term Rental,"",,,,
1325 pendrell st,"",West End,1325 pendrell st,015741532,609116750000,17,1927,,RM-5,Residential,3631000,2476000,,,,,,,,,
1360 burnaby st,"",West End,1360 burnaby st,010805036,613116340000,17,1946,RM-5A,RM-5A,Residential,5487000,195000,Telford Building Ltd,Telford Building Ltd,Luisa Court,Long-term Rental,"",,,,
2525 waterloo st,3416 w broadway;3420 w broadway;3422 w broadway,Kitsilano,2525 waterloo st,015438872,"",17,1984,,,,,,,,,,,Broadview Co-op,Broadview Co-op Housing Association,,
2065 w 1st av,"",Kitsilano,2065 w 1st av,014955393;014955831,634090230000,17,1965,,RM-4,Residential,3993000,2580000,Siddoo Kashmir Holding Limited,Siddoo Kashmir Holdings Ltd,"",Long-term Rental,"",,,1,http://app.vancouver.ca/RPS_Net/Default.aspx?num=2065&street=W%201ST%20AVENUE
658 alexander st,"",Strathcona,658 alexander st,015598501,579198580000,17,2023,,DEOD,Comprehensive Development,1766000,142000,CIRCLE OF EAGLES LODGE SOCIETY,CIRCLE OF EAGLES LODGE SOCIETY,"",Long-term Rental,Non-Profit Housing,Star Beach Haven,Circle of Eagles Lodge Society,,
66 e 15th av,"",Mount Pleasant,66 e 15th av,015240681;015240690,687184660000,16,1961,,R3-3,Residential,1996000,3152000,Browningham House Ltd,Browningham House Ltd,Browningham House,Long-term Rental,"",,,,
3003 granville st,1504 w 14th av;1510 w 14th av;1512 w 14th av;3007 granville st,Fairview,1504 w 14th av,014174278;014174243,"",16,1912,C-3A,,,,,,,,,,,,,
852 nicola st,"",West End,852 nicola st,015775771,115602940000,16,1913,,RM-5,Residential,1980000,4051000,HWP 852 Nicola Ltd,HWP 852 Nicola Ltd,"",Long-term Rental,"",,,1,http://app.vancouver.ca/RPS_Net/Default.aspx?num=852&street=NICOLA%20STREET
4325 w 10th av,4327 w 10th av;4329 w 10th av,West Point Grey,4325 w 10th av,007038755,670026850000,16,1992,C-2,C-2A,Commercial,3320000,7796000,Harold Holdings Ltd,Harold Holdings Ltd,"",Long-term Rental,"",,,,
3841 cambie st,"",South Cambie,3841 cambie st,010498575;010498559,170703350000,16,1945,,RM-3A,Residential,2766000,3336000,(David Everet),(David Everet),"",Long-term Rental,"",,,,
1485 w 13th av,"",Fairview,1485 w 13th av,005163561;005163552,683130370000,16,1939,,RM-3,Residential,3466000,3524000,BC Turf Ltd,BC Turf Ltd,"",Long-term Rental,"",,,,
8707 montcalm st,"",Marpole,8707 montcalm st,014348586;014348551,832135940000,16,1957,RM-3A,RM-3A,Residential,3647000,1041000,(Bill Henderson),(Bill Henderson),"",Long-term Rental,"",,,,
1675 e 14th av,1685 e 14th av;2991 commercial dr;2995 commercial dr,Kensington-Cedar Cottage,1675 e 14th av,024208451,250683990000,16,1964,,C-2A,Commercial,2089000,4035000,1346211 BC Ltd,1346211 BC Ltd,"",Long-term Rental,"",,,,
1585 w 15th av,"",Fairview,1585 w 15th av,010981187,688124210000,16,1929,,R3-3,Residential,2562000,4054000,Lotte & John Hecht Memorial Foundation,Lotte & John Hecht Memorial Foundation,"",Long-term Rental,"",,,,
8722 selkirk st,"",Marpole,8722 selkirk st,014216299,145832140000,16,1958,,RM-3A,Residential,2159000,1516000,Sure Win Holdings Ltd,Sure Win Holdings Ltd,"",Long-term Rental,"",,,,
1977 w 3rd av,"",Kitsilano,1977 w 3rd av,015287378;015287360;015287386,638095210000,16,1965,RM-4,R3-3,Residential,3327000,2797000,,,,,,,,,
825 gilford st,"",West End,825 gilford st,015741621,602108940000,16,1946,,RM-5B,Residential,4841000,1114000,Milian Kaiser & Elizabeth Forgach,Milian Kaiser & Elizabeth Forgach,"",Long-term Rental,"",,,,
1434 davie st,"",West End,1434 davie st,010002286,612115540000,16,1952,,RM-5D,Residential,8724000,33000,Canalia Holdings Ltd,Canalia Holdings Ltd,Malibu Apartments,Long-term Rental,"",,,,
1116 pendrell st,1130 pendrell st,West End,1116 pendrell st,031528317,"",16,1937,,,,,,,,,,,,,,
2014 w 3rd av,"",Kitsilano,2014 w 3rd av,015343651;015343642;015343669;015343618,638090860000,16,1968,,R3-3,Residential,3327000,2928000,Gooch Investments Ltd,Gooch Investments Ltd,"",Long-term Rental,"",,,,
3150 ontario st,"",Mount Pleasant,3150 ontario st,015240762;015240754;014560852,690184050000,16,1960,,R3-3,Residential,1996000,3104000,X L Properties Inc,X L Properties Inc,"",Long-term Rental,"",,,,
2330 balsam st,"",Kitsilano,2330 balsam st,015014860;015014878,648078050000,16,1967,,RT-8,Residential,5492000,18300,Brightside Community Homes Foundation,Brightside Community Homes Foundation,"",Long-term Rental,Non-Profit Housing,Burrard Manor,Brightside Community Homes Foundation,,
5170 victoria dr,2001 e 36th av;2007 e 36th av;5174 victoria dr;5178 victoria dr;5182 victoria dr;5186 victoria dr;5190 victoria dr,Kensington-Cedar Cottage,2001 e 36th av,027937321,"",16,2012,C-2,,,,,,,,,,,,,
408 e 44th av,6008 prince edward st;6010 prince edward st;6020 prince edward st;6030 prince edward st;6038 prince edward st,Sunset,6008 prince edward st,EPS1171,"",16,1988,RM-2,,,,,,,,,,,,,
2115 oxford st,"",Grandview-Woodland,2115 oxford st,010137190;010137203,577259170000,16,1968,,RM-3A,Residential,1934000,2445000,1336823 B.C. LTD.,1336823 B.C. LTD.,"",Long-term Rental,"",,,,
2191 w 1st av,"",Kitsilano,2191 w 1st av,010947426,634087050000,16,1931,,C-2A,Commercial,4239000,1501000,Gica Holdings Ltd,Gica Holdings Ltd,"",Long-term Rental,"",,,,
1405 w 11th av,"",Fairview,1405 w 11th av,007917163,664130970000,16,1929,RM-3,R5-3,Residential,1912000,4141000,Pak Lyn Holdings Ltd,Pak Lyn Holdings Ltd,"",Long-term Rental,"",,,,
2019 dundas st,2008 wall st;2012 wall st;2014 wall st;2016 wall st;2017 dundas st;2018 wall st,Grandview-Woodland,2019 dundas st,007745125,255577960000,16,2011,,C-2A,Commercial,1793001,250301,,,,,,Under 1 Roof Project,Lu'Ma Native Housing Society,,
1462 w 11th av,"",Fairview,1462 w 11th av,015011666;015011674,664130340000,16,1966,,RM-3,Residential,3466000,2713000,Edmund Hensel & Maria Hensel,Edmund Hensel & Maria Hensel,"",Long-term Rental,"",,,,
2285 triumph st,"",Grandview-Woodland,2285 triumph st,015684211;015684202,267580950000,16,1971,,RM-3A,Residential,1631000,3279000,2285 Triumph Street Holdings Ltd,2285 Triumph Street Holdings Ltd,"",Long-term Rental,"",,,,
1578 w 11th av,"",Fairview,1578 w 11th av,015013910;015013871,664124300000,16,1958,,R5-3,Residential,3466000,2570000,Obion Holdings Ltd,Obion Holdings Ltd,"",Long-term Rental,"",,,,
1472 charles st,1300 mclean dr,Grandview-Woodland,1472 charles st,011656751;011656778,607233060000,16,1913,,RM-4,Residential,1621000,2354000,473881 BC LTD,473881 BC LTD,"",Long-term Rental,"",,,3,http://app.vancouver.ca/RPS_Net/Default.aspx?num=1472&street=CHARLES%20STREET
1530 w 13th av,"",Fairview,1530 w 13th av,013023471;013023497,683124740000,16,1930,,R3-3,Residential,3466000,4237000,Harwood (Thirville) Nominee Corp,Harwood (Thirville) Nominee Corp,"",Long-term Rental,"",,,,
4501 w 10th av,2577 sasamat st;4511 w 10th av;4513 w 10th av;4515 w 10th av;4517 w 10th av,West Point Grey,2577 sasamat st,014278502,"",16,1989,C-2,,,,,,,,,,,,,
6462 fraser st,6464 fraser st,Sunset,6462 fraser st,014643987;014643995;014644002,210769640000,16,1964,,C-2A,Commercial,4008000,9891000,6462 Fraser Developments Inc,6462 Fraser Developments Inc,"",Long-term Rental,"",,,4,http://app.vancouver.ca/RPS_Net/Default.aspx?num=6462&street=FRASER%20STREET
646 e 44th av,"",Sunset,646 e 44th av,013909541;013909525;013909568,757201740000,16,1984,,RM-2,Residential,2065000,2470000,Fraser44 Enterprises Ltd,Fraser44 Enterprises Ltd,"",Long-term Rental,"",,,,
1510 e 4th av,"",Grandview-Woodland,1510 e 4th av,003288838,634234060000,16,1966,RM-4,RM-4,Residential,1788000,3234000,Sason Malky & Tamar Malky,Sason Malky & Tamar Malky,"",Long-term Rental,"",,,,
1019 bute st,"",West End,1019 bute st,013143476,606117940000,16,1908,RM-5B,RM-5B,Residential,4841000,3033000,1228052 BC Ltd,1228052 BC Ltd,"",Long-term Rental,"",,,,
1460 w 70th av,"",Marpole,1460 w 70th av,014346214;014346222,132830050000,16,1959,,RM-3A,Residential,1985000,1960000,1459185 BC LTD,1459185 BC LTD,"",Long-term Rental,"",,,,
1617 w 4th av,"",Fairview,1617 w 4th av,006709494,640122530000,16,1910,C-2B,C-2A,Commercial,1410000,3339000,Maybern Manor Ltd,Maybern Manor Ltd,"",Long-term Rental,"",,,,
2951 w broadway,2471 bayswater st;2475 bayswater st;2955 w broadway;2959 w broadway;2961 w broadway;2963 w broadway;2965 w broadway;2967 w broadway,Kitsilano,2475 bayswater st,006586970,650061970000,16,1986,C-2C,C-2A,Commercial,6261000,20525000,,,,,,,,,
3115 quebec st,"",Mount Pleasant,3115 quebec st,014322226;014322200,687184940000,16,1961,RM-4,R3-3,Residential,1996000,3946000,Faircrest Property Ltd,Faircrest Property Ltd,Faircrest Court,Long-term Rental,"",,,,
1389 commercial dr,1391 commercial dr;1393 commercial dr;1395 commercial dr;1397 commercial dr;1399 commercial dr,Grandview-Woodland,1389 commercial dr,014967863;014967871;014967855,250607970000,16,1971,,C-2C,Commercial,4556000,5838000,(Tom Wong),(Tom Wong),"",Long-term Rental,"",,,,
2231 eton st,"",Grandview-Woodland,2231 eton st,010926917;015694291,575255330000,16,1967,,RM-3A,Residential,1607000,2802000,Eton Apartments Ltd,Eton Apartments Ltd,"",Long-term Rental,"",,,,
2766 w 4th av,2012 macdonald st;2774 w 4th av;2778 w 4th av;2798 w 4th av,Kitsilano,2012 macdonald st,015124657;015124649,"",16,1963,C-2,,,,,,,,,,,,,
1150 cotton dr,"",Grandview-Woodland,1150 cotton dr,014206293;014206285,606236050000,16,1961,,RM-4,Residential,1751000,3316000,MOLLENKOR HOLDINGS LTD.,MOLLENKOR HOLDINGS LTD.,Britannia View Apartments,Long-term Rental,"",,,,
2350 w 1st av,"",Kitsilano,2350 w 1st av,006555128;006555152,634078540000,16,1957,,RM-4,Residential,4437000,3365000,Hollyburn Properties Ltd,Hollyburn Legacy Properties Ltd,"",Long-term Rental,"",,,,
1615 william st,"",Grandview-Woodland,1615 william st,007310153;007310129,606236150000,16,1962,,RM-4,Residential,1751000,2815000,MOLLENKOR HOLDINGS LTD.,MOLLENKOR HOLDINGS LTD.,Park Manor Apartments,Long-term Rental,"",,,,
512 woodland dr,"",Grandview-Woodland,512 woodland dr,004085744,235592420000,16,1961,,RM-4,Residential,1751000,2428000,WL Apartments Ltd,WL Apartments Ltd,"",Long-term Rental,"",,,1,http://app.vancouver.ca/RPS_Net/Default.aspx?num=512&street=WOODLAND%20DRIVE
6124 fraser st,6126 fraser st;6128 fraser st,Sunset,6126 fraser st,002932016,210758240000,15,1912,C-2,C-2A,Commercial,1340000,1033000,,,,,,,,,
1346 w 13th av,"",Fairview,1346 w 13th av,014670143,683134560000,15,1960,,R3-3,Residential,1912000,3008000,Tribe Rental Management,Shapiro Holdings Ltd,"",Long-term Rental,"",,,,
1065 burnaby st,"",West End,1065 burnaby st,015749321,613119210000,15,1956,,RM-5A,Residential,7427000,28900,Concord International Lands Ltd,Concord International Lands Ltd,"",Long-term Rental,"",,,1,http://app.vancouver.ca/RPS_Net/Default.aspx?num=1065&street=BURNABY%20STREET
1602 e 41st av,"",Victoria-Fraserview,1602 e 41st av,017401500,750236060000,15,1991,,CD-1 (269),Comprehensive Development,37300,1265000,Brightside Community Homes Foundation,Brightside Community Homes Foundation,"",Long-term Rental,Non-Profit Housing,Wilson Heights Manor,Brightside Community Homes Foundation,1,http://app.vancouver.ca/RPS_Net/Default.aspx?num=1602&street=E%2041ST%20AVENUE
558 keefer st,560 keefer st,Strathcona,558 keefer st,015565459,594196600000,15,2020,,RT-3,Residential,1181000,104000,Lookout Housing and Health Society,Lookout Housing and Health Society,"",Long-term Rental,Non-Profit Housing,Keefer Lodge,Lookout Housing and Health Society,,
1368 e 8th av,"",Grandview-Woodland,1368 e 8th av,017768918,648230640000,15,1994,,RM-4,Residential,1750000,5114000,CH (East 8th) Nominee Inc,CH (East 8th) Nominee Inc,"",Long-term Rental,"",,,,
8619 hudson st,"",Marpole,8619 hudson st,023101792,144830030000,15,1951,,RM-3A,Residential,2898000,760000,Beng Kim Yeung (Beng Yeung),Beng Kim Yeung (Beng Yeung),"",Long-term Rental,"",,,2,http://app.vancouver.ca/RPS_Net/Default.aspx?num=8619&street=HUDSON%20STREET
1225 w 13th av,"",Fairview,1225 w 13th av,014678390,683138770000,15,1961,,R3-3,Residential,1912000,3611000,Wong's Apartment Group Inc,Wong's Apartment Group Inc,"",Long-term Rental,"",,,4,http://app.vancouver.ca/RPS_Net/Default.aspx?num=1225&street=W%2013TH%20AVENUE
1714 maple st,1710 maple st;1712 maple st;1722 maple st;1730 maple st;1992 w 1st av;1996 w 1st av;1998 w 1st av,Kitsilano,1710 maple st,007394349,"",15,1977,,,,,,,,,,,Sam Greer Place Co-op,Sam Greer Place Co-op Housing Association,,
454 e 8th av,"",Mount Pleasant,454 e 8th av,015674681,648198540000,15,1959,,R3-3,Residential,1497000,2650000,Ludvik Rener & Anna Rener,Ludvik Rener & Anna Rener,"",Long-term Rental,"",,,,
1379 w 15th av,"",Fairview,1379 w 15th av,011075295,690134270000,15,1927,,R3-3,Residential,2256000,3540000,(Edward Ellis),(Edward Ellis),"",Long-term Rental,"",,,2,http://app.vancouver.ca/RPS_Net/Default.aspx?num=1379&street=W%2015TH%20AVENUE
996 w 20th av,"",South Cambie,996 w 20th av,005747392;005747414,697150040000,15,1950,,RM-3A,Residential,2087000,3764000,6068243 BC Ltd,6068243 BC Ltd,"",Long-term Rental,"",,,,
11 w broadway,13 w broadway;15 w broadway;17 w broadway;19 w broadway;21 w broadway;23 w broadway;29 w broadway;33 w broadway;35 w broadway,Mount Pleasant,11 w broadway,003572099;003673961;003668843,650182730000,15,1927,C-3A,C-3A,Commercial,4235000,7245000,BAY HILL VENTURES INC.,BAY HILL VENTURES INC.,"",Long-term Rental,"",,,1,http://app.vancouver.ca/RPS_Net/Default.aspx?num=11&street=W%20BROADWAY
2165 w 1st av,"",Kitsilano,2165 w 1st av,010947639,634087170000,15,1950,,RM-4,Residential,2770000,2862000,John Richardson & Beverly D Richardson,John Richardson & Beverly D Richardson,"",Long-term Rental,"",,,,
1208 burnaby st,"",West End,1208 burnaby st,015740536,613117960000,15,1951,,RM-5A,Residential,3026000,1363000,(Sylvia Pluegge),(Sylvia Pluegge),"",Long-term Rental,"",,,,
1873 adanac st,"",Grandview-Woodland,1873 adanac st,015654516,598251730000,15,1957,,RM-4,Residential,2346000,1763000,1873 Adanac Street Holdings Ltd,1873 Adanac Street Holdings Ltd,"",Long-term Rental,"",,,,
1465 w 15th av,"",Fairview,1465 w 15th av,002988691;002989123,688130310000,15,1929,,R3-3,Residential,3466000,3180000,Ergin Estates Ltd & Ronald Schuss et al,Ergin Estates Ltd & Ronald Schuss et al,"",Long-term Rental,"",,,,
2065 triumph st,"",Grandview-Woodland,2065 triumph st,006700675;006700853,586255970000,15,1967,,RM-3A,Residential,2300000,3493000,2065 Triumph Street Developments Ltd,2065 Triumph Street Developments Ltd,"",Long-term Rental,"",,,,
1355 w 13th av,"",Fairview,1355 w 13th av,007627670,683134450000,15,1961,,R3-3,Residential,1912000,3270000,(Thomas Tsang),(Thomas Tsang),Rideau Manor,Long-term Rental,"",,,3,http://app.vancouver.ca/RPS_Net/Default.aspx?num=1355&street=W%2013TH%20AVENUE
600 vernon dr,"",Strathcona,600 vernon dr,019183542,594226060000,15,1997,,RT-3,Residential,1,1,,,,,,Thompson Court,Pacific Community Resources Society,,
1636 w 10th av,"",Fairview,1636 w 10th av,004913710,654122640000,15,1961,,R5-3,Residential,1912000,3073000,Hovica Investments Ltd,Hovica Investments Ltd,"",Long-term Rental,"",,,,
8755 oak st,"",Marpole,8755 oak st,013954814;013954822,150832450000,15,1959,,RM-3A,Residential,1879000,1935000,1189874 BC Ltd,1189874 BC Ltd,OakLeaf Apartments,Long-term Rental,"",,,,
2325 w 7th av,2305 w 7th av,Kitsilano,2305 w 7th av,028617975,646078950000,15,2014,,CD-1 (507),Comprehensive Development,6533000,152800,,,,,,Red Oak Place,Kitsilano Neighbourhood House,,
2864 e 5th av,2866 e 5th av;2868 e 5th av;2870 e 5th av;2872 e 5th av;2874 e 5th av;2876 e 5th av;2878 e 5th av;2880 e 5th av;2882 e 5th av;2884 e 5th av;2886 e 5th av;2888 e 5th av;2890 e 5th av;2892 e 5th av,Hastings-Sunrise,2864 e 5th av,014666596;014666600;014666570;014666588,638277740000,15,1983,,CD-1 (151),Comprehensive Development,939000,484000,,,,,,Access Co-op North,Access Co-op Housing Association,,
1452 w 13th av,"",Fairview,1452 w 13th av,014671778,683130440000,15,1962,,R3-3,Residential,1912000,3286000,Tribe Rental Management,Shapiro Holdings Ltd,"",Long-term Rental,"",,,,
3890 point grey rd,"",,3890 point grey rd,"","",15,1979,,,,,,,,,,,Jericho Place,Dunbar Village Co-op Housing Association,,
618 commercial dr,"",Grandview-Woodland,618 commercial dr,015166295,594250060000,15,1966,,RM-4,Residential,1,1,Coast Foundation Society (1974),Coast Foundation Society (1974),"",Long-term Rental,Non-Profit Housing,Coast Project Commercial Dr,Coast Mental Health,,
2111 triumph st,"",Grandview-Woodland,2111 triumph st,015683371,259580940000,15,2001,,RM-3A,Residential,1,1,The Kettle Friendship Society,The Kettle Friendship Society,The Kettle Society - Triumph Apartments,Long-term Rental,Non-Profit Housing,Triumph Apartments,Sanford Housing Society,,
1626 w 10th av,"",Fairview,1626 w 10th av,014184362,654122740000,15,1961,RM-3,R5-3,Residential,1912000,3073000,,,,,,,,,
1325 burnaby st,"",West End,1325 burnaby st,015740871,613116870000,15,1954,,RM-5A,Residential,2751000,2009000,Brightside Community Homes Foundation,Brightside Community Homes Foundation,"",Long-term Rental,Non-Profit Housing,Florence Manor,Brightside Community Homes Foundation,,
1571 w 11th av,"",Fairview,1571 w 11th av,015017559;014049899,664124310000,15,1962,,R5-3,Residential,2230000,3424000,Norsan Holdings Ltd,Norsan Holdings Ltd,"",Long-term Rental,"",,,,
3401 kingsway,3415 kingsway;3419 kingsway;3421 kingsway;5670 stamford st,Renfrew-Collingwood,5670 stamford st,007844301,770311070000,15,1972,C-2,C-2A,Commercial,5650000,4833000,,,,,,,,,
3411 oak st,"",Shaughnessy,3411 oak st,007176538,150693130000,15,1930,,RM-3A,Residential,2181000,3423000,Ronald J Schuss Et Al (Ronald Schuss),Ronald J Schuss Et Al (Ronald Schuss),"",Long-term Rental,"",,,4,http://app.vancouver.ca/RPS_Net/Default.aspx?num=3411&street=OAK%20STREET
4336 w 10th av,"",West Point Grey,4336 w 10th av,007760779;007760761,670026780000,15,1949,,C-2A,Commercial,3522000,3096000,HWP 4336 10th Ave Ltd,HWP 4336 10th Ave Ltd,"",Long-term Rental,"",,,,
3825 w 4th av,"",West Point Grey,3825 w 4th av,010543911,640035850000,15,1949,,RM-3A,Residential,4049000,2131000,Konstantinos Sidiropoulos & Apostolos Sidiropoulos,Konstantinos Sidiropoulos & Apostolos Sidiropoulos,Mountview Arms,Long-term Rental,"",,,,
1475 w 11th av,"",Fairview,1475 w 11th av,015017206;015017184;015017222,664130330000,15,1956,,RM-3,Residential,3466000,4162000,VERSATILE PROJECTS LTD.,VERSATILE PROJECTS LTD.,"",Long-term Rental,"",,,,
905 chilco st,"",West End,905 chilco st,015739503;015739350,605107950000,15,1930,,RM-5B,Residential,9963000,42600,,,,,,,,,
206 e 49th av,208 e 49th av;210 e 49th av;6502 main st;6524 main st,Sunset,206 e 49th av,016016424,190790020000,15,1991,,C-2A,Commercial,2772000,4889000,,,,,,,,3,http://app.vancouver.ca/RPS_Net/Default.aspx?num=206&street=E%2049TH%20AVENUE
2016 w 1st av,"",Kitsilano,2016 w 1st av,015132668;015132650,634090800000,15,1951,,R3-3,Residential,3327000,3538000,TKT Holdings (Canada) Ltd,TKT Holdings (Canada) Ltd,"",Long-term Rental,"",,,,
3560 cambie st,"",Riley Park,3560 cambie st,013856219;013856341,170694680000,15,1946,,RM-3A,Residential,2494000,3921000,(Arthur Dodek),(Arthur Dodek),"",Long-term Rental,"",,,,
456 e 8th av,"",Mount Pleasant,456 e 8th av,015674703,648198560000,15,1959,RM-4,R3-3,Residential,1497000,2555000,(Ludvik Rener),(Ludvik Rener),"",Long-term Rental,"",,,,
958 e broadway,"",Mount Pleasant,958 e broadway,007739931;007739958,650214580000,15,1960,,R3-3,Residential,1795000,2679000,Kwany Enterprises Ltd,Kwany Enterprises Ltd,"",Long-term Rental,"",,,,
8678 osler st,"",Marpole,8678 osler st,013440519;013440501,148830760000,15,1959,,RM-3A,Residential,2097000,1532000,0779275 BC Ltd,0779275 BC Ltd,"",Long-term Rental,"",,,,
1663 w 12th av,"",Fairview,1663 w 12th av,006188052;006188036,670122410000,15,1953,,R5-4,Residential,3119000,2996000,Ka Wah Estates Ltd,Ka Wah Estates Ltd,"",Long-term Rental,"",,,4,http://app.vancouver.ca/RPS_Net/Default.aspx?num=1663&street=W%2012TH%20AVENUE
2535 alberta st,"",Mount Pleasant,2535 alberta st,014564661;014564653,654171970000,15,1955,,R5-3,Residential,2324000,3465000,(Erna Koenig),(Erna Koenig),The Town Hall,Long-term Rental,"",,,,
377 smithe st,"",Downtown,377 smithe st,028687698,148602980000,15,2011,RT-6,DD,Comprehensive Development,4870005,1622000,WALTER ENERGY CANADA HOLDINGS INC,WALTER ENERGY CANADA HOLDINGS INC,"",Long-term Rental,"",,,,
6060 east boulevard,"",,6060 east boulevard,"","",15,1956,,,,,,Kenstone Kerrisdale Ltd,Kenstone Kerrisdale Ltd,"",Long-term Rental,"",,,,
2045 maple st,"",Kitsilano,2045 maple st,015247074;015247082,642090950000,14,1928,,R3-3,Residential,2070000,2718000,LCT Properties Ltd,LCT Properties Ltd,"",Long-term Rental,"",,,,
1750 vine st,"",Kitsilano,1750 vine st,015234606;015234614;015234584,636084070000,14,1960,,R3-3,Residential,2662000,2839000,Siddoo Kashmir Holding Limited,Ajmer Singh Siddoo (Ajmer Siddoo),"",Long-term Rental,"",,,,
1585 w 13th av,"",Fairview,1585 w 13th av,014176530,683124170000,14,1928,,R5-3,Residential,1912000,3370000,Reliance Holdings Ltd,Reliance Holdings Ltd,"",Long-term Rental,"",,,,
3590 cambie st,"",Riley Park,3590 cambie st,013856375;013856251,170694980000,14,1947,,RM-3A,Residential,2494000,2919000,Steve Kozikowski & Sophia Kozikowski,Steve Kozikowski & Sophia Kozikowski,"",Long-term Rental,"",,,,
3570 e hastings st,3572 e hastings st;3578 e hastings st;3580 e hastings st;3582 e hastings st;3584 e hastings st,Hastings-Sunrise,3570 e hastings st,013941674;013941682;013941666;013941704,590305680000,14,1969,,C-2C,Commercial,4240000,3124000,Kathed Holdings Ltd,Kathed Holdings Ltd,"",Long-term Rental,"",,,2,http://app.vancouver.ca/RPS_Net/Default.aspx?num=3570&street=E%20HASTINGS%20STREET
1305 w 15th av,"",Fairview,1305 w 15th av,006375863,690134970000,14,1928,,R3-3,Residential,1912000,3227000,(Diane Manuel),(Diane Manuel),"",Long-term Rental,"",,,,
2930 cambie st,"",Mount Pleasant,2930 cambie st,014569442,683170060000,14,1926,,C-2A,Commercial,1627000,6493000,,,,,,,,,
745 w 7th av,"",Fairview,745 w 7th av,015197972,646159450000,14,1982,,R4-1,Residential,1,1,,,,,,Phoenix,MPA Society,,
1416 napier st,"",,1416 napier st,"","",14,1981,,,,,,,,,,,Watershed Co-op,Watershed Co-op Housing Association,,
4871 main st,4873 main st;4875 main st;4877 main st;4879 main st,Riley Park,4875 main st,008776385;008776377,"",14,1968,C-2,,,,,,,,,,,,,
1728 e 2nd av,"",Grandview-Woodland,1728 e 2nd av,005713471,631250120000,14,1912,,RT-5,Residential,1729000,1740000,Interworld Health Corp,Interworld Health Corp,"",Long-term Rental,"",,,,
2390 w 1st av,"",Kitsilano,2390 w 1st av,014993074,634078240000,14,1961,,RM-4,Residential,2218000,2992000,Tribe Rental Management,Shapiro Holdings Ltd,"",Long-term Rental,"",,,,
2842 w broadway,2846 w broadway,Kitsilano,2842 w broadway,010312170,650067720000,14,1952,C-2C,C-2A,Commercial,2429000,5100,,,,,,,,,
1727 comox st,"",West End,1727 comox st,005836964,607110670000,14,1956,,RM-5A,Residential,2420000,2188000,Len Kong Lim & Sau Kuen Kwan,Len Kong Lim & Sau Kuen Kwan,Quinn Manor,Long-term Rental,"",,,,
1835 nelson st,"",West End,1835 nelson st,015738400,606109570000,14,1905,,RM-5B,Residential,2806000,2112000,Lotte & John Hecht Memorial Foundation,Lotte & John Hecht Memorial Foundation,"",Long-term Rental,"",,,,
1470 victoria dr,"",Grandview-Woodland,1470 victoria dr,015429733;015429741,612253070000,14,1961,,RT-5,Residential,2958000,3266000,Victoria Park Manor Ltd,Victoria Park Manor Ltd,"",Long-term Rental,"",,,,
1551 w 16th av,"",Fairview,1551 w 16th av,009703241,690124550000,14,1927,,R3-3,Residential,2470000,2561000,Charter Enterprises Canada Ltd,Charter Enterprises Canada Ltd,"",Long-term Rental,"",,,,
112 nanaimo st,"",Hastings-Sunrise,112 nanaimo st,015366502;015366481,586270060000,14,1971,RM-3A,RM-3A,Residential,1577000,2302000,GLR PROPERTIES LTD.,GLR PROPERTIES LTD.,"",Long-term Rental,"",,,3,http://app.vancouver.ca/RPS_Net/Default.aspx?num=112&street=NANAIMO%20STREET
3511 kingsway,3515 kingsway;3517 kingsway;3519 kingsway,Renfrew-Collingwood,3515 kingsway,014473968,"",14,1972,C-2,,,,,,,,,,,,,
1334 cardero st,"",West End,1334 cardero st,006919812,114615440000,14,1949,,RM-5A,Residential,2550000,2985000,Sandro R Moscone (Sandro Moscone),Sandro R Moscone (Sandro Moscone),"",Long-term Rental,"",,,,
2280 w 3rd av,1902 vine st;1904 vine st;1906 vine st;1908 vine st;1910 vine st;1912 vine st;2282 w 3rd av;2284 w 3rd av;2286 w 3rd av;2288 w 3rd av;2290 w 3rd av;2292 w 3rd av;2294 w 3rd av,Kitsilano,2280 w 3rd av,015375609;015375552;015375650;015375579;015375617,638084060000,14,1948,RM-4,R3-3,Residential,5453000,4834000,M658 Limited Partnership,M658 Limited Partnership,"",Long-term Rental,"",,,,
1066 w 11th av,"",Fairview,1066 w 11th av,007148542,664149340000,14,1961,RM-3,R5-3,Residential,1912000,3074000,,,,,,,,,
2942 w broadway,2946 w broadway;2948 w broadway;2950 w broadway,Kitsilano,2946 w broadway,024158330,"",14,1999,C-2C,,,,,,,,,,,,,
1535 w 16th av,"",Fairview,1535 w 16th av,012751723;012751715,690124710000,14,1927,RM-3,R3-3,Residential,3109000,2266000,St Charles Apt Ltd,St Charles Apt Ltd,"",Long-term Rental,"",,,,
880 e georgia st,"",Strathcona,880 e georgia st,014867559,596212800000,14,1905,RT-3,RT-3,Residential,1452000,340000,,,,,,,,,
3850 cambie st,"",Riley Park,3850 cambie st,008366101;008366080,170703440000,14,1945,,RM-3A,Residential,2280000,3517000,0742364 BC Ltd,0742364 BC Ltd,"",Long-term Rental,"",,,,
150 w 10th av,"",Mount Pleasant,150 w 10th av,015549062;015549054;015549089;015549071,"",14,1905,,,,,,Mount Pleasant Developments Ltd,Mount Pleasant Developments Ltd,"",Long-term Rental,"",,,,
1205 w 10th av,"",Fairview,1205 w 10th av,013475185,654138950000,14,1958,,R5-3,Residential,2218000,3288000,0888427 BC Ltd,0888427 BC Ltd,"",Long-term Rental,"",,,,
8792 osler st,"",Marpole,8792 osler st,012812722;012812714;012812731,833148070000,14,1955,,RM-3A,Residential,3111000,1313000,663797 BC Ltd,663797 BC Ltd,"",Long-term Rental,"",,,,
1480 w 71st av,8710 granville st;8718 granville st;8722 granville st,Marpole,8710 granville st,014347547;014347563,"",14,1957,,,,,,M Block Holdings Ltd,M Block Holdings Ltd,"",Long-term Rental,"",,,,
1436 pendrell st,"",West End,1436 pendrell st,007737980,609115560000,14,1931,,RM-5,Residential,3631000,2765000,1436 Pendrell Street Holdings Ltd,1436 Pendrell Street Holdings Ltd,"",Long-term Rental,"",,,,
1005 e broadway,"",Mount Pleasant,1005 e broadway,015279171;015279162,650217050000,14,1965,,R3-3,Residential,1796000,2618000,0840625 BC Ltd,0840625 BC Ltd,"",Long-term Rental,"",,,,
1198 w 70th av,"",Marpole,1198 w 70th av,014007223;014007215,145830060000,14,1957,,RM-3A,Residential,2646000,1903000,Jia Sheng Enterprises Inc,Jia Sheng Enterprises Inc,"",Long-term Rental,"",,,,
325 railway st,329 railway st,Strathcona,329 railway st,023804882,"",14,1998,I-4,,,,,,,,,,,,,
1020 w 71st av,"",Marpole,1020 w 71st av,009795456;013028979,148832040000,14,1955,,RM-3A,Residential,2679000,1221000,(Karen Li),(Karen Li),"",Long-term Rental,"",,,,
306 e 12th av,"",Mount Pleasant,306 e 12th av,007967870;007967861,670194040000,14,1969,,R5-3,Residential,2159000,3021000,Jagbinder Randhawa & Ranjit Randhawa,Jagbinder Randhawa & Ranjit Randhawa,"",Long-term Rental,"",,,,
4640 w 10th av,"",West Point Grey,4640 w 10th av,012891886;012891894,670020640000,14,1962,,RM-3,Residential,2461000,3818000,4640 West 10th Avenue Holdings Inc,4640 West 10th Avenue Holdings Inc,"",Long-term Rental,"",,,,
1665 cotton dr,"",Grandview-Woodland,1665 cotton dr,009761764,630234950000,14,1965,,RM-4,Residential,1665000,2096000,Man Ng & Kwei Chow,Man Ng & Kwei Chow,"",Long-term Rental,"",,,,
1315 w 15th av,"",Fairview,1315 w 15th av,014291975,690134870000,14,1929,,R3-3,Residential,1912000,3529000,Theodor D Sterling Ltd,Theodor D Sterling Ltd,"",Long-term Rental,"",,,,
2248 york av,"",Kitsilano,2248 york av,006682910,631084600000,14,1952,,RM-4,Residential,3327000,2250000,(Runjeet Sylvestre),(Runjeet Sylvestre),"",Long-term Rental,"",,,,
2230 wall st,"",Grandview-Woodland,2230 wall st,005027985;015695174,255568740000,14,1964,,RM-3A,Residential,1620000,1887000,Chester & Carly Chong & Patrick & Maria Leung,Chester & Carly Chong & Patrick & Maria Leung,"",Long-term Rental,"",,,,
2454 point grey rd,2456 point grey rd;2458 point grey rd,Kitsilano,2456 point grey rd,015099199,"",14,1912,RM-4,,,,,,,,,,,,,
8747 granville st,"",Marpole,8747 granville st,013241567;013241532;013241559,130832430000,14,1956,,RM-3A,Residential,2210000,3620000,0966691 BC Ltd,0966691 BC Ltd,"",Long-term Rental,"",,,2,http://app.vancouver.ca/RPS_Net/Default.aspx?num=8747&street=GRANVILLE%20STREET
1595 w 15th av,"",Fairview,1595 w 15th av,009486631,688124070000,14,1928,,R3-3,Residential,2486000,2467000,Lotte & John Hecht Memorial Foundation,Lotte & John Hecht Memorial Foundation,Brambly Apartments,Long-term Rental,"",,,,
1551 e 4th av,"",Grandview-Woodland,1551 e 4th av,013378252;013378261,634234370000,14,1979,,RM-4,Residential,2071000,1938000,TF Holdings Inc,TF Holdings Inc,"",Long-term Rental,"",,,,
1304 commercial dr,1308 commercial dr;1312 commercial dr;1704 charles st;1706 charles st;1708 charles st;1716 charles st,Grandview-Woodland,1708 charles st,008225117;008225133,250607060000,14,1912,C-2C,C-2C,Commercial,2263000,7036000,,,,,,,,,
935 e broadway,"",Mount Pleasant,935 e broadway,006947441;006947433,650214350000,14,1958,,R3-3,Residential,1796000,3184000,Wat Mun Lee and Ut-Kio Lee,Wat Mun Lee and Ut-Kio Lee,"",Long-term Rental,"",,,,
8729 fremlin st,"",Marpole,8729 fremlin st,014246163;014246279,152832370000,14,1964,RM-3A,RM-3A,Residential,2592000,1271000,,,,,,,,,
2323 carolina st,"",Mount Pleasant,2323 carolina st,015159787;015159779,646201920000,14,1972,,R3-3,Residential,1996000,2505000,(Demetre Patseas),(Demetre Patseas),"",Long-term Rental,"",,,4,http://app.vancouver.ca/RPS_Net/Default.aspx?num=2323&street=CAROLINA%20STREET
5926 yew st,"",Kerrisdale,5926 yew st,005581770;005581796,755081060000,14,1959,,RM-3,Residential,2724000,3517000,Amero Investment Capital Ltd,Amero Investment Capital Ltd,"",Long-term Rental,"",,,,
311 e 6th av,"",Mount Pleasant,311 e 6th av,030086981;EPS4064,645194070000,14,2017,,IC-3,Industrial,308579,1089000,,,,,,The Wohlsein,Vancouver Resource Society for the Physically Disabled,,
1160 nicola st,"",West End,1160 nicola st,011063556,609115060000,14,1931,,RM-5,Residential,3136000,3962000,Premier Pacific Properties (Nicola) Ltd,Premier Pacific Properties (Nicola) Ltd,"",Long-term Rental,"",,,,
2250 york av,"",Kitsilano,2250 york av,011751461,631084480000,14,1953,,RM-4,Residential,3327000,2612000,Evereast International Enterprises Ltd,Evereast International Enterprises Ltd,"",Long-term Rental,"",,,,
8640 shaughnessy st,"",Marpole,8640 shaughnessy st,013322346;013322435,151830360000,14,1965,,RM-3A,Residential,2736000,875000,Shaughnessy Management Inc,Shaughnessy Management Inc,"",Long-term Rental,"",,,,
2066 w 3rd av,"",Kitsilano,2066 w 3rd av,012535818;012535826,638090300000,13,1961,,R3-3,Residential,2218000,2544000,Milip Investment Co (Vancouver) Ltd,Milip Investment Co (Vancouver) Ltd,"",Long-term Rental,"",,,1,http://app.vancouver.ca/RPS_Net/Default.aspx?num=2066&street=W%203RD%20AVENUE
8725 montcalm st,"",Marpole,8725 montcalm st,010854801,138832170000,13,1959,,RM-3A,Residential,1806000,1664000,Bobby Leung & 0303823 BC Ltd,Bobby Leung & 0303823 BC Ltd,Mara Apartments,Long-term Rental,"",,,,
1320 salsbury dr,"",Grandview-Woodland,1320 salsbury dr,014995514;014995522,607252060000,13,1961,,RT-5,Residential,3349000,32900,Eugene Serravalle & Paola Serravalle & NBM Asset Management Inc,Eugene Serravalle & Paola Serravalle & NBM Asset Management Inc,"",Long-term Rental,"",,,,
2035 w 3rd av,"",Kitsilano,2035 w 3rd av,015286088;015286070;015286118,638090650000,13,1956,,R3-3,Residential,3327000,2882000,Susan Sally & Martin Sally,Susan Sally & Martin Sally,Anndale Manor,Long-term Rental,"",,,2,http://app.vancouver.ca/RPS_Net/Default.aspx?num=2035&street=W%203RD%20AVENUE
1535 w 14th av,"",Fairview,1535 w 14th av,014175428;014175398,686124750000,13,1928,,R3-3,Residential,2390000,2810000,Gary Koshman & Elvie Koshman,Gary Koshman & Elvie Koshman,Queen Margaret Apartments,Long-term Rental,"",,,,
8788 fremlin st,"",Marpole,8788 fremlin st,010299661,152832940000,13,1954,RM-3A,RM-3A,Residential,1822000,2593000,581909 BC Ltd,581909 BC Ltd,Dinomite Properties,Long-term Rental,"",,,,
3122 quebec st,"",Mount Pleasant,3122 quebec st,010978925,687186040000,13,1959,,R3-3,Residential,1900000,2951000,0780623 BC Ltd,0780623 BC Ltd,"",Long-term Rental,"",,,,
1465 w 14th av,"",Fairview,1465 w 14th av,012921327;012921378,686130310000,13,1932,,R3-3,Residential,3466000,2244000,,,,,,,,,
1536 w 11th av,"",Fairview,1536 w 11th av,010118331;010118314,664124740000,13,1930,,R5-3,Residential,3466000,1384000,Wing Spread Development Ltd,Wing Spread Development Ltd,"",Long-term Rental,"",,,,
1536 w 12th av,"",Fairview,1536 w 12th av,014176637;014176661,670124660000,13,1928,,R5-3,Residential,2151000,3449000,(Maureen Barnes),(Maureen Barnes),"",Long-term Rental,"",,,,
1555 e 1st av,"",Grandview-Woodland,1555 e 1st av,008230242,630234550000,13,1958,,RM-4,Residential,1665000,1952000,(Nina Di Nicolo),(Nina Di Nicolo),"",Long-term Rental,"",,,,
2181 york av,"",Kitsilano,2181 york av,"","",13,1910,C-2B,,,,,,,,,,,,,
2575 spruce st,"",Fairview,2575 spruce st,015018938,654146970000,13,1964,,R5-3,Residential,1912000,2702000,Dr Shahzad S Karim Inc,Dr Shahzad S Karim Inc,"",Long-term Rental,"",,,,
8685 osler st,"",Marpole,8685 osler st,012040606;013540769,148830970000,13,1969,,RM-3A,Residential,2584000,729000,KKY Holdings Ltd,KKY Holdings Ltd,"",Long-term Rental,"",,,,
1002 w 10th av,1004 w 10th av;1006 w 10th av;1008 w 10th av;1010 w 10th av;1012 w 10th av;1014 w 10th av;1016 w 10th av;2605 oak st;2615 oak st;2625 oak st;2635 oak st,Fairview,1002 w 10th av,015014428,654149960000,13,1945,,R5-3,Residential,12752800,27500,Leung's W C Holdings Canada Inc,Leung's W C Holdings Canada Inc,"",Long-term Rental,"",,,,
8656 cartier st,"",Marpole,8656 cartier st,014344157,135830500000,13,1958,,RM-3A,Residential,1806000,1531000,(Helmut Fandrich),(Helmut Fandrich),"",Long-term Rental,"",,,,
4095 fraser st,4097 fraser st,Riley Park,4095 fraser st,003868605,210708970000,13,1909,C-2,C-2A,Commercial,1629000,1882000,,,,,,,,,
670 e broadway,648 e broadway;650 e broadway;654 e broadway;680 e broadway,Mount Pleasant,648 e broadway,032841264,650206600000,13,1914,C-2C,CD-1 (930),Comprehensive Development,12044000,1982000,,,,,,,,,
919 e broadway,"",Mount Pleasant,919 e broadway,014934451,650214190000,13,1913,,R3-3,Residential,898000,3707000,1417650 BC LTD,1417650 BC LTD,"",Long-term Rental,"",,,,
2615 columbia st,"",Mount Pleasant,2615 columbia st,012820130;012820172,179654050000,13,1954,,R5-3,Residential,2258000,3355000,673854 BC Ltd,673854 BC Ltd,"",Long-term Rental,"",,,2,http://app.vancouver.ca/RPS_Net/Default.aspx?num=2615&street=COLUMBIA%20STREET
2275 w 43rd av,"",Kerrisdale,2275 w 43rd av,010852271;010852280,79750940000,13,1955,,RM-3,Residential,2538000,3359000,Hawthorne Apartments Ltd,Hawthorne Apartments Ltd,"",Long-term Rental,"",,,,
2366 york av,"",Kitsilano,2366 york av,015097471;015097480,631078440000,13,1960,,RM-4,Residential,2218000,2906000,Martin & Susan Sally,Martin & Susan Sally,"",Long-term Rental,"",,,3,http://app.vancouver.ca/RPS_Net/Default.aspx?num=2366&street=YORK%20AVENUE
7883 knight st,"",Sunset,7883 knight st,009828974,230819970000,13,1957,,RM-2,Residential,1370000,2047000,Blue Stone Apt Ltd,Blue Stone Apt Ltd,"",Long-term Rental,"",,,,
1645 w 12th av,"",Fairview,1645 w 12th av,002794799;002794772,670122510000,13,1957,,R5-4,Residential,3119000,2542000,Bernard Reed & Abraham Levison,Bernard Reed & Abraham Levison,"",Long-term Rental,"",,,,
6051 yew st,"",Kerrisdale,6051 yew st,011687231;011687258,81757770000,13,1964,,RM-3,Residential,2532000,2301000,333558 BC Ltd,333558 BC Ltd,"",Long-term Rental,"",,,,
1606 nelson st,"",West End,1606 nelson st,015755746,114606070000,13,1911,,RM-5A,Residential,1815000,5258000,685135 BC Ltd,685135 BC Ltd,"",Long-term Rental,"",,,,
8667 montcalm st,"",Marpole,8667 montcalm st,007189842;007189915,138830570000,13,1964,,RM-3A,Residential,2946000,609000,Kingsley Chong & Shu Chong & Susana Chong & Wendy Chong & Wesley Chong,Kingsley Chong & Shu Chong & Susana Chong & Wendy Chong & Wesley Chong,"",Long-term Rental,"",,,,
704 denman st,1782 alberni st;1786 alberni st;1788 alberni st;1790 alberni st;1792 alberni st;708 denman st;710 denman st;718 denman st,West End,708 denman st,015065481;015065502,"",13,1910,C-5A,,,,,,,,,,,,,
2235 w 40th av,"",Arbutus Ridge,2235 w 40th av,012042412;012042391,747079750000,13,1949,,RM-3,Residential,2429000,3133000,Ursula Vertone & Fred Vertone,Ursula Vertone & Fred Vertone,"",Long-term Rental,"",,,,
2230 w 3rd av,"",Kitsilano,2230 w 3rd av,008651361;008651353,638084700000,13,1925,,R3-3,Residential,2218000,2817000,,,,,,,,,
2421 granville st,2423 granville st;2425 granville st,Fairview,2421 granville st,015205991;015205959,130648370000,13,1913,C-3A,C-3A,Commercial,2696000,7140000,,,,,,,,1,http://app.vancouver.ca/RPS_Net/Default.aspx?num=2421&street=GRANVILLE%20STREET
5616 yew st,"",Arbutus Ridge,5616 yew st,012737321;012737313,82747060000,13,1955,,RM-3,Residential,2717000,2829000,Janet Wai Chun Li (Janet Li),Janet Wai Chun Li (Janet Li),"",Long-term Rental,"",,,2,http://app.vancouver.ca/RPS_Net/Default.aspx?num=5616&street=YEW%20STREET
8599 oak st,"",Marpole,8599 oak st,030778514,150826950000,13,1957,RM-3A,CD-1 (729),Comprehensive Development,3434000,26100,,,,,,,,,
1546 w 12th av,"",Fairview,1546 w 12th av,014176599,670124560000,13,1927,RM-3,R5-3,Residential,2151000,2874000,,,,,,,,,
855 thurlow st,"",West End,855 thurlow st,002445956,119602570000,13,1926,,RM-5B,Residential,1634000,3047000,John J Pink & Joan F Pink & Nancie E Ottem,John J Pink & Joan F Pink & Nancie E Ottem,Cameron House,Long-term Rental,"",,,,
7884 knight st,"",Victoria-Fraserview,7884 knight st,009829512,230819960000,13,1958,,RM-2,Residential,1390000,1324000,Crey Holdings Inc,Crey Holdings Inc,Villa Rey,Long-term Rental,"",,,,
3837 oak st,"",Shaughnessy,3837 oak st,010841911,703148960000,13,1946,,C-2A,Commercial,3333000,2147000,Transworld Management Ltd,Transworld Management Ltd,"",Long-term Rental,"",,,,
1565 harwood st,"",West End,1565 harwood st,015745601,615114250000,13,1930,RM-5A,RM-5A,Residential,3631000,1602000,Inmobiliere Canada Investment Ltd,Inmobiliere Canada Investment Ltd,"",Long-term Rental,"",,,,
1529 w broadway,1533 w broadway;1535 w broadway;1537 w broadway;1539 w broadway,Fairview,1529 w broadway,015206050;015206068,650124650000,13,1929,C-3A,C-3A,Commercial,7755000,8267000,bcIMC Realty Corporation / QuadReal Group,Intercity Developments Ltd,"",Long-term Rental,"",,,,
2833 oak st,"",Fairview,2833 oak st,006130551,150670550000,13,1914,,R3-3,Residential,1801000,3075000,W V Falcus & Associates (1977) Ltd,W V Falcus & Associates (1977) Ltd,"",Long-term Rental,"",,,,
8757 cartier st,"",Marpole,8757 cartier st,014348306,135832550000,13,1960,,RM-3A,Residential,1806000,1241000,0826375 BC Ltd,0826375 BC Ltd,"",Long-term Rental,"",,,,
755 w 70th av,"",Marpole,755 w 70th av,010534628;010534571,830156450000,13,1963,,RM-3A,Residential,1883000,1315000,Rajinder Mahal and Ranjit Mahal,Rajinder Mahal and Ranjit Mahal,"",Long-term Rental,"",,,,
8644 french st,"",Marpole,8644 french st,014344394,132830460000,13,1958,,RM-3A,Residential,1806000,1355000,1260987 BC Ltd,1260987 BC Ltd,"",Long-term Rental,"",,,,
2119 w 42nd av,"",Kerrisdale,2119 w 42nd av,012768421,752081850000,13,1959,,RM-3,Residential,2053000,2742000,,,,,,,,,
1086 w 10th av,"",Fairview,1086 w 10th av,002958686,654149160000,13,1929,,R5-3,Residential,1912000,2773000,Chee Fung Lee & Chui Chun Leung Lee,Chee Fung Lee & Chui Chun Leung Lee,Rockcliffe Apartments,Long-term Rental,"",,,,
1954 w 3rd av,"",Kitsilano,1954 w 3rd av,004403185;004403207,638095380000,13,1959,,R3-3,Residential,2218000,2456000,Panagiotis Kanavos & Vassiliki Kanavos,Panagiotis Kanavos & Vassiliki Kanavos,"",Long-term Rental,"",,,,
133 e 7th av,"",Mount Pleasant,133 e 7th av,015554015,646186490000,13,1939,I-1,I-1,Industrial,3148000,906000,,,,,,,,,
8667 cartier st,"",Marpole,8667 cartier st,012097551,135830770000,13,1959,,RM-3A,Residential,1806000,1184000,Silver Star Holdings Inc,Silver Star Holdings Inc,"",Long-term Rental,"",,,,
765 victoria dr,"",Grandview-Woodland,765 victoria dr,013018035,598251950000,13,1923,RM-4,RM-4,Residential,1492000,3412000,,,,,,,,,
1975 alma st,"",West Point Grey,1975 alma st,004248805,640037950000,13,1942,,C-2A,Commercial,3692000,1497000,West Point Grey Jericho (Lot 9) Investments Ltd,West Point Grey Jericho (Lot 9) Investments Ltd,"",Long-term Rental,"",,,,
2222 w 1st av,"",Kitsilano,2222 w 1st av,010470646;010470620;010470638,634084740000,13,1955,,R3-3,Residential,3327000,2071000,615877 BC Ltd,615877 BC Ltd,"",Long-term Rental,"",,,,
1156 w 12th av,"",Fairview,1156 w 12th av,014674963;014674971,670146400000,13,1957,RM-3,R3-3,Residential,3119000,2459000,1156 W 12th Holdings Ltd,1156 W 12th Holdings Ltd,"",Long-term Rental,"",,,,
4615 w 10th av,"",West Point Grey,4615 w 10th av,016029607,670020750000,13,1949,,RM-3,Residential,2322000,3146000,650005 BC Ltd,650005 BC Ltd,Wardlaw Apartments,Long-term Rental,"",,,,
3731 w 4th av,"",West Point Grey,3731 w 4th av,011483032,640037870000,13,1941,,C-2A,Commercial,3312000,1417000,West Point Grey Jericho (Lot11) Investments Ltd,West Point Grey Jericho (Lot11) Investments Ltd,"",Long-term Rental,"",,,,
8644 montcalm st,"",Marpole,8644 montcalm st,014343177,138830400000,13,1958,,RM-3A,Residential,1806000,1174000,Ewen Investments Ltd,Ewen Investments Ltd,"",Long-term Rental,"",,,,
7949 knight st,"",Sunset,7949 knight st,009830294,230821490000,13,1958,,RM-2,Residential,1394000,1343000,T & M Ventures Ltd,T & M Ventures Ltd,Del View Apartments,Long-term Rental,"",,,,
989 w 20th av,"",South Cambie,989 w 20th av,011566876;011566914,697150150000,13,1951,RM-3A,RM-3A,Residential,2318000,2602000,,,,,,,,,
8680 montcalm st,"",Marpole,8680 montcalm st,007446977,138830760000,13,2022,,RM-3A,Residential,1806000,2296000,Christa Vina Investment Ltd,Christa Vina Investment Ltd,"",Long-term Rental,"",,,,
1575 e 1st av,"",Grandview-Woodland,1575 e 1st av,005220114,630234750000,13,1958,,RM-4,Residential,1665000,2237000,HEGA 1st Ave Bare Nominee Inc,HEGA 1st Ave Bare Nominee Inc,"",Long-term Rental,"",,,,
1535 e 1st av,"",Grandview-Woodland,1535 e 1st av,006721753,630234350000,13,1958,,RM-4,Residential,1690000,1750000,Ecogreen Development Ltd,Ecogreen Development Ltd,"",Long-term Rental,"",,,,
795 keefer st,531 hawks av;535 hawks av;547 hawks av;799 keefer st,Strathcona,531 hawks av,015576043;015576027,"",12,1910,RT-3,,,,,,,,,,,,,
855 e broadway,"",Mount Pleasant,855 e broadway,015065081;015065073,650212550000,12,1954,,R3-3,Residential,1796000,1665000,Kien On & Thi Au,Kien On & Thi Au,"",Long-term Rental,"",,,,
1056 w 13th av,"",Fairview,1056 w 13th av,014667274,683149440000,12,1958,,R3-3,Residential,1912000,2298000,PRH Holdings Ltd,PRH Holdings Ltd,"",Long-term Rental,"",,,,
533 e hastings st,"",Strathcona,533 e hastings st,025002783,590196390000,12,2003,,DEOD,Comprehensive Development,476001,375001,,,,,,YWCA Crabtree Corner,YWCA Vancouver,,
8483 cambie st,"",Marpole,8483 cambie st,005162823,170830350000,12,1996,,RT-2,Residential,3384000,745000,1299362 BC Ltd,1299362 BC Ltd,"",Long-term Rental,"",,,,
1545 w 14th av,"",Fairview,1545 w 14th av,006589308;006589405,686124550000,12,1928,RM-3,R3-3,Residential,2390000,2521000,Gary Koshman & Elvie Koshman,Gary Koshman & Elvie Koshman,"",Long-term Rental,"",,,,
1314 broughton st,"",West End,1314 broughton st,015740561,116613460000,12,1951,,RM-5A,Residential,2633000,1183000,C B Balfour (C Balfour),C B Balfour (C Balfour),"",Long-term Rental,"",,,,
7915 knight st,"",Sunset,7915 knight st,002960966,230821050000,12,1964,,RM-2,Residential,1394000,1088000,Rong Chang Li (Rong Li),Rong Chang Li (Rong Li),"",Long-term Rental,"",,,,
502 alexander st,"",,502 alexander st,"","",12,2013,,,,,,,,,,,Oneesan Housing for Women,Atira Women’s Resource Society,,
1602 e 6th av,1606 e 6th av,Grandview-Woodland,1602 e 6th av,007357991;007358130,641234160000,12,1978,,RM-4,Residential,2145000,1199000,Godwin Cheong-Wah Cheng & Christina Wai-Ming Lee,Godwin Cheong-Wah Cheng & Christina Wai-Ming Lee,"",Long-term Rental,"",,,,
440 e 15th av,"",Mount Pleasant,440 e 15th av,007942451,687197400000,12,1961,,R3-3,Residential,1384000,2260000,John Thanas & Peter John Thanas & Bill John Thanas,John Thanas & Peter John Thanas & Bill John Thanas,"",Long-term Rental,"",,,,
1490 laburnum st,"",Kitsilano,1490 laburnum st,008358591;008358605,92627920000,12,1948,,RM-4,Residential,2452000,2678000,Donald A Ference (Donald Ference),Donald A Ference (Donald Ference),"",Long-term Rental,"",,,,
1955 trafalgar st,2611 w 4th av,Kitsilano,2611 w 4th av,015125017,"",12,1983,,,,,,JCV Holdings Ltd,JCV Holdings Ltd,"",Long-term Rental,"",,,,
819 prior st,823 prior st;825 prior st;827 prior st;829 prior st;831 prior st,Strathcona,819 prior st,015571599;015571581;015571602,600212310000,12,1901,RT-3,RT-3,Residential,4432000,18200,,,,,,,,,
1533 e broadway,"",Grandview-Woodland,1533 e broadway,013769111;011186381,650234250000,12,1965,,RM-4,Residential,1576000,2137000,Alpha Partner Global Ltd,Alpha Partner Global Ltd,"",Long-term Rental,"",,,1,http://app.vancouver.ca/RPS_Net/Default.aspx?num=1533&street=E%20BROADWAY
1730 e pender st,"",Grandview-Woodland,1730 e pender st,"","",12,1958,RM-4,,,,,,,,,,,,,
2171 w 1st av,"",Kitsilano,2171 w 1st av,004153855,634087110000,12,1967,,RM-4,Residential,2773000,1771000,(Spyros Larigakis),(Spyros Larigakis),Northcliffe Manor,Long-term Rental,"",,,,
3223 findlay st,"",Kensington-Cedar Cottage,3223 findlay st,008104417,251687150000,12,1913,,R1-1,Residential Inclusive,2352000,1217000,FINDLAY ST. HOLDINGS LTD.,FINDLAY ST. HOLDINGS LTD.,"",Long-term Rental,"",,,3,http://app.vancouver.ca/RPS_Net/Default.aspx?num=3223&street=FINDLAY%20STREET
2508 ash st,2510 ash st;2512 ash st;2516 ash st;2524 ash st;2526 ash st;2530 ash st;2532 ash st;2534 ash st;2536 ash st;2540 ash st;2542 ash st;590 w broadway,Fairview,590 w broadway,015183602,"",12,1944,,,,,,Andrew Mowat & Miriam Mowat,Andrew Mowat & Miriam Mowat,"",Long-term Rental,"",,,,
2502 st george st,502 e broadway;504 e broadway,Mount Pleasant,2502 st george st,016129733,650201020000,12,1991,,C-2A,Commercial,2329000,2451000,Hyung Kim & Ae Kim,Hyung Kim & Ae Kim,"",Long-term Rental,"",,,1,http://app.vancouver.ca/RPS_Net/Default.aspx?num=2502&street=ST.%20GEORGE%20STREET
2154 york av,"",Kitsilano,2154 york av,014993601,631087500000,12,1959,,RM-4,Residential,2218000,2442000,Mal Investment Inc & Modavi Enterprises Inc,Mal Investment Inc & Modavi Enterprises Inc,"",Long-term Rental,"",,,,
7984 knight st,"",Victoria-Fraserview,7984 knight st,009830197,230821960000,12,1959,,RM-2,Residential,1359000,1133000,Toor Ventures Inc,Toor Ventures Inc,"",Long-term Rental,"",,,,
4850 connaught dr,"",Shaughnessy,4850 connaught dr,011005262,125725940000,12,1920,,R1-1,Residential Inclusive,5362000,264000,Daniel Wallman & Dagmar Roth,Daniel Wallman & Dagmar Roth,"",Long-term Rental,"",,,,
935 w 10th av,"",Fairview,935 w 10th av,015018831,654151670000,12,1961,,CD-1 (137),Comprehensive Development,2390000,2406000,A Siemens Ltd,A Siemens Ltd,Oakway Manor,Long-term Rental,"",,,,
2625 alberta st,"",Mount Pleasant,2625 alberta st,004394976,654171940000,12,1949,,R5-3,Residential,1549000,2065000,(Antonia Kalliris),(Antonia Kalliris),"",Long-term Rental,"",,,,
575 commercial dr,"",Grandview-Woodland,575 commercial dr,015160246;015160106,250592950000,12,1956,,RM-4,Residential,1932000,1191000,Edwin Soon & Keith Soon,Edwin Soon & Keith Soon,"",Long-term Rental,"",,,,
2292 w 43rd av,"",Kerrisdale,2292 w 43rd av,012423670;012423688,755079040000,12,1954,,RM-3,Residential,2563000,2348000,Clovelly Apartments Property Ltd,Clovelly Apartments Property Ltd,"",Long-term Rental,"",,,,
4320 w 10th av,4326 w 10th av;4330 w 10th av,West Point Grey,4326 w 10th av,006016499;008190160,670026860000,12,1957,C-2,C-2A,Commercial,3521000,4709000,,,,,,,,,
1575 w 16th av,"",Fairview,1575 w 16th av,010988556,690124290000,12,1928,RM-3,R3-3,Residential,2196000,3605000,(Joan Pink),(Joan Pink),"",Long-term Rental,"",,,,
1725 arbutus st,"",Kitsilano,1725 arbutus st,015233952;015234011;015233961,634087940000,12,1967,,R3-3,Residential,2972000,1626000,Siddoo Kashmir Holding Limited,Siddoo Kashmir Holdings Ltd,"",Long-term Rental,"",,,,
100 semlin dr,"",Grandview-Woodland,100 semlin dr,015678148;015678130;015678091,586255040000,12,1977,,CD-1 (110),Comprehensive Development,1126000,351000,,,,,,Semlin Terrace,Metro Vancouver Housing Corporation,,
2291 w 1st av,"",Kitsilano,2291 w 1st av,015097374,634084170000,12,1961,RM-4,RM-4,Residential,2218000,2534000,,,,,,,,,
2295 w 1st av,"",Kitsilano,2295 w 1st av,015097382,634084010000,12,1930,RM-4,RM-4,Residential,2218000,2309000,,,,,,,,,
228 e 11th av,230 e 11th av;232 e 11th av,Mount Pleasant,228 e 11th av,015608832,664191280000,12,1984,,C-3A,Commercial,1937000,2521000,UFI Enterprises Ltd,UFI Enterprises Ltd,"",Long-term Rental,"",,,,
2455 w 1st av,"",Kitsilano,2455 w 1st av,015021441,634077350000,12,1959,,RM-4,Residential,2218000,2347000,Vantown Developments Ltd,Vantown Developments Ltd,"",Long-term Rental,"",,,,
821 w 10th av,"",Fairview,821 w 10th av,015018814,654153750000,12,1955,,RM-3A,Residential,1912000,3035000,1411528 B.C. LTD,1411528 B.C. LTD,"",Long-term Rental,"",,,4,http://app.vancouver.ca/RPS_Net/Default.aspx?num=821&street=W%2010TH%20AVENUE
2355 w 2nd av,"",Kitsilano,2355 w 2nd av,014993287,636078470000,12,1960,,RM-4,Residential,2218000,2325000,Siddoo Kashmir Holding Limited,Ajmer Singh Siddoo (Ajmer Siddoo),"",Long-term Rental,"",,,,
7983 knight st,"",Sunset,7983 knight st,009830308,230821970000,12,1960,,RM-2,Residential,1382000,1370000,T & M Ventures Ltd,T & M Ventures Ltd,"",Long-term Rental,"",,,,
2465 w 1st av,"",Kitsilano,2465 w 1st av,015021459,634077250000,12,1963,,RM-4,Residential,2218000,2808000,Vantown Developments Ltd,Vantown Developments Ltd,"",Long-term Rental,"",,,,
2225 w 1st av,"",Kitsilano,2225 w 1st av,015097293,634084850000,12,1912,,RM-4,Residential,2218000,3148000,Miramar Investments Ltd,Miramar Investments Ltd,"",Long-term Rental,"",,,,
342 n garden dr,"",Grandview-Woodland,342 n garden dr,015694780;015694771,575267070000,12,1967,RM-3A,RM-3A,Residential,1471000,1821000,GLR PROPERTIES LTD.,GLR PROPERTIES LTD.,"",Long-term Rental,"",,,,
1656 w 11th av,"",Fairview,1656 w 11th av,010225293,664122460000,12,1963,,R5-4,Residential,1912000,2549000,Aberdare Holdings Ltd,Aberdare Holdings Ltd,"",Long-term Rental,"",,,,
2381 trinity st,"",Grandview-Woodland,2381 trinity st,010498885;010498877,568267930000,12,1968,,RM-3A,Residential,1449000,1836000,TRINITY 2381 HOLDINGS INC.,TRINITY 2381 HOLDINGS INC.,"",Long-term Rental,"",,,,
777 w 70th av,"",Marpole,777 w 70th av,013369318;013369300,830156250000,12,1958,,RM-3A,Residential,1909000,1310000,(Esther Kornfeld),(Esther Kornfeld),"",Long-term Rental,"",,,,
1565 w 13th av,"",Fairview,1565 w 13th av,014176513,683124370000,12,2011,,R5-3,Residential,1912000,2571000,Palmar Properties Inc,Palmar Properties Inc,The Roberto,Long-term Rental,"",,,,
2601 main st,166 e 10th av;170 e 10th av;190 e 10th av;2603 main st;2607 main st,Mount Pleasant,2603 main st,002797259;002797453,"",12,1910,C-3A,,,,,,,,,,,,,
3636 fraser st,"",Kensington-Cedar Cottage,3636 fraser st,010258752;010258876,210696360000,12,1910,,RT-2,Residential,1453000,2624000,Cadanac Investments Ltd,Cadanac Investments Ltd,Roddington,Long-term Rental,"",,,,
1696 w 11th av,"",Fairview,1696 w 11th av,008147078,664122060000,12,1912,,R5-4,Residential,3065282,221000,0991611 BC Ltd,0991611 BC Ltd,"",Long-term Rental,"",,,,
1981 w 10th av,1983 w 10th av;1985 w 10th av;1987 w 10th av;1989 w 10th av;1991 w 10th av;1993 w 10th av;1995 w 10th av;1997 w 10th av;1999 w 10th av,Kitsilano,1981 w 10th av,009164588;009164618,654095050000,12,1949,RM-4,RM-4,Residential,4621000,1189000,,,,,,,,,
2274 york av,"",Kitsilano,2274 york av,015097277,631084360000,12,1962,,RM-4,Residential,2218000,2907000,General Properties Ltd,General Properties Ltd,"",Long-term Rental,"",,,,
1645 w 11th av,"",Fairview,1645 w 11th av,006642683,664122550000,12,1912,RM-3,R5-3,Residential,1912000,3635000,Armida Cumberbirch & Helios Lasheras & Ester Soler,Armida Cumberbirch & Helios Lasheras & Ester Soler,"",Long-term Rental,"",,,,
2300 w broadway,2306 w broadway;2308 w broadway;2515 vine st;2517 vine st;2521 vine st;2525 vine st;2527 vine st,Kitsilano,2515 vine st,014862751,"",12,1910,RM-4,,,,,,,,,,,,,
2215 york av,"",Kitsilano,2215 york av,003618251;003617246;003618331,631084730000,12,1964,,C-2A,Commercial,3214000,1175000,Ruth B Kotke (Ruth Kotke),Ruth B Kotke (Ruth Kotke),"",Long-term Rental,"",,,,
222 e georgia st,224 e georgia st;226 e georgia st,Strathcona,224 e georgia st,014005387;014005379,"",12,1950,HA-1A,,,,,,,,,,,,,
560 mclean dr,"",Grandview-Woodland,560 mclean dr,015292185,594233050000,12,1982,,RM-4,Residential,1525000,1964000,Joaquim Almeida Fonseca (Joaquim Fonseca),Joaquim Almeida Fonseca (Joaquim Fonseca),"",Long-term Rental,"",,,,
7950 knight st,"",Victoria-Fraserview,7950 knight st,009830189,230821500000,12,1958,,RM-2,Residential,1394000,1275000,H & K Wong Enterprises Ltd,H & K Wong Enterprises Ltd,"",Long-term Rental,"",,,,
1055 w 10th av,"",Fairview,1055 w 10th av,007018789,654149450000,12,1912,,R5-3,Residential,1912000,2270000,1479988 B.C. LTD.,1479988 B.C. LTD.,"",Long-term Rental,"",,,,
3050 oak st,"",Fairview,3050 oak st,005285160,688150070000,12,1927,,R3-3,Residential,1721000,3612000,Joeyee Investment Corporation,Joeyee Investment Corporation,"",Long-term Rental,"",,,,
464 w 13th av,"",Mount Pleasant,464 w 13th av,007063326,683170120000,12,1983,,C-2A,Commercial,1392000,1949000,Dougwest Holdings Inc,Dougwest Holdings Inc,Cambie Lodge,Long-term Rental,"",,,,
1025 e broadway,"",Mount Pleasant,1025 e broadway,012494259;012494241,650217250000,12,1991,,R3-3,Residential,1761000,1952000,Mun Lup Lowe & Siu Fay Lowe,Mun Lup Lowe & Siu Fay Lowe,"",Long-term Rental,"",,,,
1131 haro st,"",West End,1131 haro st,007789378,603118550000,12,1905,,RM-5B,Residential,2613000,60300,Haro Towers Ltd,Haro Towers Ltd,"",Long-term Rental,"",,,1,http://app.vancouver.ca/RPS_Net/Default.aspx?num=1131&street=HARO%20STREET
2277 wall st,"",Grandview-Woodland,2277 wall st,009510389,255568050000,12,1958,,RM-3A,Residential,3339000,20700,(Reimar Kroecher),(Reimar Kroecher),"",Long-term Rental,"",,,,
3755 cambie st,"",South Cambie,3755 cambie st,013275925,170702550000,12,2022,,RM-3A,Residential,1778000,4808000,Marpole Apartments Inc,Marpole Apartments Inc,"",Long-term Rental,"",,,,
2189 w 2nd av,"",Kitsilano,2189 w 2nd av,029128811,636087190000,12,1958,,R3-3,Residential,2218000,1420000,Ranjit S Randhawa & Jagbinder K Randhawa & Jaspal S Randhawa,Ranjit S Randhawa & Jagbinder K Randhawa & Jaspal S Randhawa,"",Long-term Rental,"",,,,
2425 w 2nd av,"",Kitsilano,2425 w 2nd av,015020011,636077750000,12,1959,,RM-4,Residential,2218000,2567000,Wiedmayer Holdings Ltd,Wiedmayer Holdings Ltd,"",Long-term Rental,"",,,,
2596 oak st,"",Fairview,2596 oak st,015018857,654150070000,12,1958,,RM-3,Residential,1721000,3130000,Kwong L Tung & Mary L Tung,Kwong L Tung & Mary L Tung,"",Long-term Rental,"",,,,
2410 granville st,2412 granville st;2414 granville st;2416 granville st;2418 granville st,Fairview,2414 granville st,015201091;015201104,"",12,1910,C-3A,,,,,,,,,,,,,
150 semlin dr,"",Grandview-Woodland,150 semlin dr,015679152;015679144;015679098,587255070000,12,1977,,CD-1 (110),Comprehensive Development,1121000,356000,,,,,,Semlin Terrace,Metro Vancouver Housing Corporation,,
222 e 15th av,"",Mount Pleasant,222 e 15th av,011252065,687191220000,12,1961,,R3-3,Residential,1498000,2195000,MEG Holdings Ltd,MEG Holdings Ltd,"",Long-term Rental,"",,,,
566 powell st,"",Strathcona,566 powell st,008373558,580196660000,12,2009,,DEOD,Comprehensive Development,1618000,112600,Provincial Rental Housing Corporation,Provincial Rental Housing Corporation,"",Long-term Rental,Non-Profit Housing,566 Powell Street,Atira Property Management Inc.,,
2475 w 1st av,"",Kitsilano,2475 w 1st av,015021467,634077150000,12,1962,,RM-4,Residential,2218000,3269000,Villa Rosemarie Title Ltd,Villa Rosemarie Title Ltd,"",Long-term Rental,"",,,,
111 e 27th av,"",Riley Park,111 e 27th av,014735296;014735270,714187070000,12,1912,,R1-1,Residential Inclusive,2625000,1251000,111E27 Investments Inc,111E27 Investments Inc,"",Long-term Rental,"",,,,
2403 main st,152 e 8th av;154 e 8th av;156 e 8th av,Mount Pleasant,156 e 8th av,009394648;009394672,"",12,1912,C-3A,,,,,,,,,,,,,
1421 maple st,"",Kitsilano,1421 maple st,012835552;012835561,95627690000,12,1948,,RM-4,Residential,2452000,2530000,(Lawrence Brown),(Lawrence Brown),"",Long-term Rental,"",,,,
1565 w 16th av,"",Fairview,1565 w 16th av,010988530,690124410000,12,1928,,R3-3,Residential,2196000,3605000,,,,,,,,,
1422 w 73rd av,"",Marpole,1422 w 73rd av,002487632;002487624,835132680000,12,1963,,RM-3A,Residential,1987000,1055000,(Perry Lee),(Perry Lee),"",Long-term Rental,"",,,,
695 w 17th av,3284 heather st,South Cambie,695 w 17th av,013822063;013822071,163690920000,12,1957,,C-2A,Commercial,4260000,2137000,(Dionyssios Stassinopoulos),(Dionyssios Stassinopoulos),"",Long-term Rental,"",,,,
830 e 6th av,"",Mount Pleasant,830 e 6th av,012849341;012849324,645212300000,12,1966,,R3-3,Residential,1996000,2370000,0865459 BC Ltd,0865459 BC Ltd,"",Long-term Rental,"",,,,
3131 w 4th av,"",Kitsilano,3131 w 4th av,002916517,640053850000,12,1953,,RM-4,Residential,2477000,2445000,Tang Lim Holdings Co Ltd,Tang Lim Holdings Co Ltd,"",Long-term Rental,"",,,,
354 e 10th av,360 e 10th av;362 e 10th av,Mount Pleasant,354 e 10th av,"","",12,1989,C-3A,,,,,,,,,,,,,
2350 cornwall av,"",Kitsilano,2350 cornwall av,014322153,630078540000,12,1962,,RM-4,Residential,2662000,4596000,Ursula Vertone & Fred Vertone,Ursula Vertone & Fred Vertone,"",Long-term Rental,"",,,,
200 semlin dr,"",Grandview-Woodland,200 semlin dr,015680703;015680681;015680690,255587040000,12,1977,,CD-1 (110),Comprehensive Development,1109000,367000,,,,,,Semlin Terrace,Metro Vancouver Housing Corporation,,
1185 haro st,1183 haro st;1187 haro st;846 bute st,West End,1185 haro st,032193441,603118050000,12,1905,,RM-5B,Residential,3634000,2434000,Ring Properties (BC) Ltd,Ring Properties (BC) Ltd,"",Long-term Rental,"",,,,
251 e 11th av,253 e 11th av;259 e 11th av,Mount Pleasant,259 e 11th av,015604462;015604446,"",12,1972,C-3A,,,,,,,,,,,,,
2551 kingsway,"",Renfrew-Collingwood,2551 kingsway,004232801,770275830000,12,2023,,C-2A,Commercial,999000,5430000,1016132 B.C. LTD.,1016132 B.C. LTD.,"",Long-term Rental,"",,,,
1100 salsbury dr,1110 salsbury dr;1120 salsbury dr;1126 salsbury dr,Grandview-Woodland,1100 salsbury dr,015047369;015047440;015047466,604252060000,12,1948,,RT-5,Residential,5463000,22300,629623 BC Ltd,629623 BC Ltd,"",Long-term Rental,"",,,7,http://app.vancouver.ca/RPS_Net/Default.aspx?num=1100&street=SALSBURY%20DRIVE
1237 e 8th av,"",Mount Pleasant,1237 e 8th av,015280462;015280454,648225270000,12,1969,,R5-3,Residential,2012000,1810000,Savio Lee & Flora Lee,Savio Lee & Flora Lee,"",Long-term Rental,"",,,,
5 e 10th av,"",Mount Pleasant,5 e 10th av,015158489,184650940000,12,1905,,R5-3,Residential,1080000,3697000,Hen & Hen Investments Ltd,Hen & Hen Investments Ltd,"",Long-term Rental,"",,,,
1983 commercial dr,1985 commercial dr;1997 commercial dr,Grandview-Woodland,1985 commercial dr,013178954,"",12,1987,C-2C1,,,,,,,,,,,,,
5781 vine st,"",Kerrisdale,5781 vine st,013674285;013674307,79750290000,12,1957,RM-3,RM-3,Residential,2534000,2717000,5781 Vine St Properties Ltd,5781 Vine St Properties Ltd,Cleveland Court,Long-term Rental,"",,,,
4331 w 10th av,4333 w 10th av;4335 w 10th av,West Point Grey,4335 w 10th av,013591827,670026790000,12,1961,C-2,C-2A,Commercial,3320000,3454000,,,,,,,,,
631 e 15th av,633 e 15th av;637 e 15th av;639 e 15th av,Mount Pleasant,631 e 15th av,005174431;005174350;005174449,687207410000,12,1923,,C-2A,Commercial,3334000,2643000,667441 BC Ltd,667441 BC Ltd,"",Long-term Rental,"",,,2,http://app.vancouver.ca/RPS_Net/Default.aspx?num=631&street=E%2015TH%20AVENUE
7916 knight st,"",Victoria-Fraserview,7916 knight st,008404208,230821040000,12,1960,,RM-2,Residential,1394000,1164000,Vatougios Resources Ltd,Vatougios Resources Ltd,Cornerstone Court,Long-term Rental,"",,,,
2180 w 4th av,2186 w 4th av;2190 w 4th av;2194 w 4th av;2196 w 4th av;2198 w 4th av,Kitsilano,2180 w 4th av,015247678;015247546;015247562;015247619;015247589,640087060000,12,1973,C-2B,C-2A,Commercial,7475000,7985000,2180 West 4th Investments Ltd,2180 West 4th Investments Ltd,"",Long-term Rental,"",,,,
2130 yew st,2132 yew st;2134 yew st;2136 yew st;2138 yew st;2146 yew st,Kitsilano,2134 yew st,010535080,"",12,1912,RM-4,,,,,,,,,,,,,
8668 cartier st,"",Marpole,8668 cartier st,014344149,135830620000,12,1958,,RM-3A,Residential,1806000,1280000,Bakonyi Holdings Ltd,Bakonyi Holdings Ltd,"",Long-term Rental,"",,,,
795 w 70th av,"",Marpole,795 w 70th av,013369261;013369288,830156070000,12,1957,,RM-3A,Residential,1909000,1029000,(Pantelis Kletas),(Pantelis Kletas),"",Long-term Rental,"",,,,
3565 commercial st,3569 commercial st;3571 commercial st;3573 commercial st,Kensington-Cedar Cottage,3573 commercial st,014894521;014894530,"",12,1971,MC-1,,,,,,,,,,,,,
437 e hastings st,439 e hastings st;441 e hastings st,Strathcona,437 e hastings st,007387652;007311494,590194430000,12,1992,,DEOD,Comprehensive Development,2500000,1897000,,,,,,,,1,http://app.vancouver.ca/RPS_Net/Default.aspx?num=437&street=E%20HASTINGS%20STREET
1592 trafalgar st,"",Kitsilano,1592 trafalgar st,015023818;015023800,631073030000,12,1912,,RT-8,Residential,6180000,10000,(Manilal Gurjar),(Manilal Gurjar),"",Long-term Rental,"",,,,
2572 birch st,"",Fairview,2572 birch st,004598873;004598857,654138050000,12,1955,,R5-3,Residential,2562000,3302000,Summerfield Far East Limited,Summerfield Far East Limited,"",Long-term Rental,"",,,,
1519 beach av,"",West End,1519 beach av,015745058,617114770000,12,1931,,RM-5A,Residential,5083000,1074000,Mrs W Gutmann & Estate Of Dr Gutmann (W Gutmann),Mrs W Gutmann & Estate Of Dr Gutmann (W Gutmann),Dr Guntard Gutmann,Long-term Rental,"",,,,
1616 w broadway,"",Fairview,1616 w broadway,015187578,650122860000,12,1926,,C-3A,Commercial,3585000,1446000,1100289 BC Ltd,1100289 BC Ltd,"",Long-term Rental,"",,,,
8771 granville st,"",Marpole,8771 granville st,013241672;004489721,130832570000,12,1984,,RM-3A,Residential,1382000,1834000,Kathanis Investments Ltd,Kathanis Investments Ltd,"",Long-term Rental,"",,,,
1110 victoria dr,"",Grandview-Woodland,1110 victoria dr,013479687,253604060000,12,1912,,RT-5,Residential,3557000,294000,John Engleman & Penelope Engleman,John Engleman & Penelope Engleman,"",Long-term Rental,"",,,1,http://app.vancouver.ca/RPS_Net/Default.aspx?num=1110&street=VICTORIA%20DRIVE
244 e 14th av,"",Mount Pleasant,244 e 14th av,015607909,684191440000,12,1971,,R3-3,Residential,1497000,2273000,Jim Young & Janet Young,Jim Young & Janet Young,"",Long-term Rental,"",,,,
1620 e pender st,"",Grandview-Woodland,1620 e pender st,015165558,235592020000,12,1968,,RM-4,Residential,1751000,1665000,Au & On Enterprises Inc,Au & On Enterprises Inc,"",Long-term Rental,"",,,,
1336 w 14th av,"",Fairview,1336 w 14th av,014665433,686134660000,12,1959,,R3-3,Residential,1912000,2040000,C B T Holdings Ltd,C B T Holdings Ltd,"",Long-term Rental,"",,,,
1376 w 14th av,"",Fairview,1376 w 14th av,014665361,686134260000,12,1960,,R3-3,Residential,1912000,2703000,Leonard Mah & Eleanor Mah,Leonard Mah & Eleanor Mah,"",Long-term Rental,"",,,,
7849 knight st,"",Sunset,7849 knight st,009828966,230819510000,12,1959,,RM-2,Residential,1370000,1789000,1096329 BC Ltd,1096329 BC Ltd,"",Long-term Rental,"",,,1,http://app.vancouver.ca/RPS_Net/Default.aspx?num=7849&street=KNIGHT%20STREET
868 e 6th av,"",Mount Pleasant,868 e 6th av,004793692;004793722,645212680000,12,1967,RM-4,R3-3,Residential,1,1,,,,,,,,,
235 w 10th av,"",Mount Pleasant,235 w 10th av,015550842,654173450000,11,1968,RM-4,R5-3,Residential,1620000,1372000,W F Woo Inc,W F Woo Inc,"",Long-term Rental,"",,,,
2368 w broadway,"",Kitsilano,2368 w broadway,014862557,650078340000,11,1953,,RM-4,Residential,2079000,1994000,Jimmy Chi Wang Leong (Jimmy Leong),Jimmy Chi Wang Leong (Jimmy Leong),"",Long-term Rental,"",,,,
1116 w 12th av,"",Fairview,1116 w 12th av,009496076,670146840000,11,1957,,R3-3,Residential,1721000,2911000,1445716 B.C. LTD.,1445716 B.C. LTD.,"",Long-term Rental,"",,,,
3447 w broadway,"",Kitsilano,3447 w broadway,015458679,650042350000,11,1951,,C-2A,Commercial,3031000,2166000,(Ikbal Virji),(Ikbal Virji),"",Long-term Rental,"",,,,
1175 w 11th av,"",Fairview,1175 w 11th av,007501854,664146250000,11,1960,RM-3,R3-3,Residential,1912000,2320000,,,,,,,,,
1655 w 11th av,"",Fairview,1655 w 11th av,014184427,664122450000,11,1959,RM-3,R5-3,Residential,1912000,2501000,RVMR Management Ltd,RVMR Management Ltd,"",Long-term Rental,"",,,,
2370 cornwall av,"",Kitsilano,2370 cornwall av,015098486,630078240000,11,1947,,RM-4,Residential,2662000,3397000,(Rosaline Schatzer),(Rosaline Schatzer),"",Long-term Rental,"",,,,
1264 w 11th av,"",Fairview,1264 w 11th av,014686911,664138340000,11,1959,,R3-3,Residential,1912000,2221000,(Otto Bolzner),(Otto Bolzner),"",Long-term Rental,"",,,,
2296 cornwall av,"",Kitsilano,2296 cornwall av,015097684,630084080000,11,1929,,RM-4,Residential,2662000,3718000,Tribe Rental Management,Arnprior Enterprises Ltd,"",Long-term Rental,"",,,,
2446 york av,"",Kitsilano,2446 york av,004712498,631077500000,11,1958,,RM-4,Residential,2218000,2107000,,,,,,,,,
7816 knight st,"",Victoria-Fraserview,7816 knight st,009829571,230819060000,11,1958,RM-2,RM-2,Residential,1387000,1028000,,,,,,,,,
2358 york av,"",Kitsilano,2358 york av,015097498,631078640000,11,1959,,RM-4,Residential,2218000,3100000,Three Cedars Holdings Inc,Three Cedars Holdings Inc,"",Long-term Rental,"",,,,
1385 w 11th av,"",Fairview,1385 w 11th av,015018679,664134150000,11,1930,,R5-3,Residential,1912000,2369000,Point Properties Ltd,Point Properties Ltd,"",Long-term Rental,"",,,,
985 w 14th av,"",Fairview,985 w 14th av,011691697,686150150000,11,1962,,R3-3,Residential,1721000,2374000,Dunwell Management Ltd,Dunwell Management Ltd,"",Long-term Rental,"",,,,
1220 comox st,"",West End,1220 comox st,015741419,607117760000,11,1951,,RM-5B,Residential,3631000,827000,Mario Franco Piattelli & Concettina Piattelli,Mario Franco Piattelli & Concettina Piattelli,Katherine Manor,Long-term Rental,"",,,,
2030 vine st,2050 vine st,Kitsilano,2030 vine st,015229351;015229360,642084070000,11,1926,RM-4,R3-3,Residential,2070000,2748000,Angelos Graffos & Peter Katsionis,Angelos Graffos & Peter Katsionis,"",Long-term Rental,"",,,,
1036 cardero st,"",West End,1036 cardero st,006230717,114606540000,11,1905,,RM-5,Residential,1288000,218000,(Wayne Ross),(Wayne Ross),"",Long-term Rental,"",,,,
1245 bute st,"",West End,1245 bute st,004801661,613117950000,11,1941,,RM-5A,Residential,4841000,25300,Linda Wong & Marilyn Leung,Linda Wong & Marilyn Leung,Roosevelt Manor,Long-term Rental,"",,,,
991 denman st,1805 nelson st;969 denman st;975 denman st;985 denman st;999 denman st,West End,1805 nelson st,015738426;015738337,"",11,2003,C-5,,,,,,,,,,,,,
1386 w 13th av,"",Fairview,1386 w 13th av,014670127,683134160000,11,1929,,R3-3,Residential,1912000,3427000,Adrian Gomes & Eleni Gomes,Adrian Gomes & Eleni Gomes,"",Long-term Rental,"",,,,
1015 e broadway,1019 e broadway,Mount Pleasant,1015 e broadway,014116227,650217190000,11,1908,,R3-3,Residential,920000,3490000,1015 Ventures Ltd,1015 Ventures Ltd,"",Long-term Rental,"",,,,
2268 cornwall av,"",Kitsilano,2268 cornwall av,007038933,630084560000,11,1927,RM-4,RM-4,Residential,2462000,3953000,,,,,,,,,
1666 w 12th av,"",Fairview,1666 w 12th av,014176734,670122340000,11,1963,,R3-3,Residential,1721000,2210000,Andrew David Balfour (Andrew Balfour),Andrew David Balfour (Andrew Balfour),"",Long-term Rental,"",,,,
3263 oak st,"",Shaughnessy,3263 oak st,011533021,150690370000,11,1945,,RM-3A,Residential,1982000,1367000,1536845 B.C. LTD,1536845 B.C. LTD,"",Long-term Rental,"",,,,
1958 york av,"",Kitsilano,1958 york av,014954869,631095460000,11,1955,,RM-4,Residential,2498000,1817000,(Thomas Goundouvas),(Thomas Goundouvas),"",Long-term Rental,"",,,,
3789 oak st,"",Shaughnessy,3789 oak st,011531207,150702930000,11,1946,,C-2A,Commercial,3937000,1932000,HCT Investments Ltd,HCT Investments Ltd,The Balfour,Long-term Rental,"",,,,
3623 oak st,3627 oak st,Shaughnessy,3623 oak st,011531045,150697250000,11,1928,RM-3A,RM-3A,Residential,2181000,2150000,,,,,,,,,
1135 w 13th av,"",Fairview,1135 w 13th av,003357392,683146650000,11,1959,,R3-3,Residential,1912000,1751000,(Gordon Dong),(Gordon Dong),Holly Apartments,Long-term Rental,"",,,,
2266 w 2nd av,"",Kitsilano,2266 w 2nd av,015280781;015280802,636084380000,11,1959,,R3-3,Residential,2218000,1992000,Siddoo Kashmir Holding Limited,Ajmer Singh Siddoo (Ajmer Siddoo),"",Long-term Rental,"",,,,
1364 w 10th av,"",Fairview,1364 w 10th av,015018504,654134340000,11,1958,,R5-3,Residential,1912000,2172000,Point Properties Ltd,Point Properties Ltd,"",Long-term Rental,"",,,,
2380 cypress st,"",Kitsilano,2380 cypress st,012512885,648097050000,11,1962,,R5-3,Residential,2107000,1757000,Anka Investments Ltd,Anka Investments Ltd,"",Long-term Rental,"",,,,
1960 larch st,"",Kitsilano,1960 larch st,014978890,640077070000,11,1961,,RM-4,Residential,1813000,2205000,L W Sturgeon & G R Duncan Trust,L W Sturgeon & G R Duncan Trust,"",Long-term Rental,"",,,,
2325 york av,"",Kitsilano,2325 york av,015098532,631078750000,11,1959,,RM-4,Residential,2218000,2436000,M A Cedar Place Properties Ltd,M A Cedar Place Properties Ltd,"",Long-term Rental,"",,,,
505 prior st,824 jackson av;826 jackson av;830 jackson av;844 jackson av,Strathcona,830 jackson av,011142006,"",11,1907,RT-3,,,,,,,,,,,,,
1374 e 7th av,"",Grandview-Woodland,1374 e 7th av,007921039;007921021,646230740000,11,1965,,RM-4,Residential,1751000,1206000,Kim Thanh Nguyen (Kim Nguyen),Kim Thanh Nguyen (Kim Nguyen),"",Long-term Rental,"",,,,
1695 w 11th av,"",Fairview,1695 w 11th av,014184451,664122050000,11,1930,,R5-3,Residential,1912000,2298000,Gudari Holdings Ltd,Gudari Holdings Ltd,"",Long-term Rental,"",,,,
7850 knight st,"",Victoria-Fraserview,7850 knight st,009829547,230819500000,11,1958,,RM-2,Residential,1390000,1492000,Chamkaur Singh Cheema (Chamkaur Cheema),Chamkaur Singh Cheema (Chamkaur Cheema),"",Long-term Rental,"",,,,
1875 maple st,"",Kitsilano,1875 maple st,015286266;015286274,638090950000,11,1958,,R3-3,Residential,2181000,2051000,,,,,,,,,
1560 w 13th av,"",Fairview,1560 w 13th av,014174626,683124340000,11,1959,,R3-3,Residential,1912000,2336000,0787387 BC Ltd,0787387 BC Ltd,"",Long-term Rental,"",,,,
243 e 13th av,"",Mount Pleasant,243 e 13th av,005099749,683191430000,11,1970,,R5-3,Residential,1497000,3445000,243 East 13th Holdings Ltd,243 East 13th Holdings Ltd,"",Long-term Rental,"",,,1,http://app.vancouver.ca/RPS_Net/Default.aspx?num=243&street=E%2013TH%20AVENUE
1172 barclay st,"",West End,1172 barclay st,015752810,605118200000,11,1905,,RM-5B,Residential,2613000,296000,(Tarsem Gill),(Tarsem Gill),"",Long-term Rental,"",,,,
2405 wall st,2407 wall st,Hastings-Sunrise,2405 wall st,008211159;008211167,565270050000,11,1954,,RM-3A,Residential,2255000,766000,(Caroline Korolek),(Caroline Korolek),"",Long-term Rental,"",,,,
8632 cartier st,"",Marpole,8632 cartier st,014233533,135830260000,11,1957,,RM-3A,Residential,1806000,1048000,Gerda H Fandrich & Helmut E Fandrich,Gerda H Fandrich & Helmut E Fandrich,"",Long-term Rental,"",,,4,http://app.vancouver.ca/RPS_Net/Default.aspx?num=8632&street=CARTIER%20STREET
1316 w 14th av,"",Fairview,1316 w 14th av,003673472,686134860000,11,1959,,R3-3,Residential,1912000,2166000,Medallion Industries Ltd,Medallion Industries Ltd,"",Long-term Rental,"",,,,
1899 cypress st,"",Kitsilano,1899 cypress st,015287343;015287351,638095950000,11,1956,RM-4,R3-3,Residential,2218000,2096000,Thomas J Campbell (Thomas Campbell),Thomas J Campbell (Thomas Campbell),"",Long-term Rental,"",,,,
1629 e 10th av,"",Kensington-Cedar Cottage,1629 e 10th av,005130930,655234670000,11,1911,,RT-5,Residential,1798000,478000,(Jan Friedman),(Jan Friedman),"",Long-term Rental,"",,,1,http://app.vancouver.ca/RPS_Net/Default.aspx?num=1629&street=E%2010TH%20AVENUE
2449 prince edward st,"",Mount Pleasant,2449 prince edward st,"","",11,1910,C-3A,,,,,,,,,,,,,
3537 oak st,"",Shaughnessy,3537 oak st,011531011,150694330000,11,1945,,RM-3A,Residential,2181000,1815000,Angela Gregoriou & Vasiliki Gregoriou & Sophia Patseas & Gavriella Szigeti,Angela Gregoriou & Vasiliki Gregoriou & Sophia Patseas & Gavriella Szigeti,Belgravia Apts,Long-term Rental,"",,,,
1407 w 70th av,"",Marpole,1407 w 70th av,010819177,830132950000,11,1954,RM-3A,RM-3A,Residential,1902000,809000,,,,,,,,,
3743 w 4th av,"",West Point Grey,3743 w 4th av,011483067,640037570000,11,1949,RM-3A,RM-3A,Residential,1782000,2115000,,,,,,,,,
1265 w 10th av,"",Fairview,1265 w 10th av,015019543,654138350000,11,1959,RM-3,R5-3,Residential,1912000,2166000,,,,,,,,,
8644 cartier st,"",Marpole,8644 cartier st,014344181,135830380000,11,1957,,RM-3A,Residential,1806000,1048000,Sharma Family Holdings Ltd,Sharma Family Holdings Ltd,"",Long-term Rental,"",,,,
1755 vine st,"",Kitsilano,1755 vine st,014993198,636078970000,11,1959,,RM-4,Residential,2218000,1954000,Siddoo Kashmir Holding Limited,Ajmer Singh Siddoo (Ajmer Siddoo),"",Long-term Rental,"",,,2,http://app.vancouver.ca/RPS_Net/Default.aspx?num=1755&street=VINE%20STREET
1245 e pender st,"",Strathcona,1245 e pender st,015712460,592226450000,11,1913,,I-2,Industrial,2550000,200000,Jack Lee & Ken Lee & Bob Lee,Jack Lee & Ken Lee & Bob Lee,"",Long-term Rental,"",,,,
1056 w 14th av,"",Fairview,1056 w 14th av,014662957,686149440000,11,1912,,R3-3,Residential,3047868,94900,G-7 Development Ltd,G-7 Development Ltd,"",Long-term Rental,"",,,,
2249 eton st,"",Grandview-Woodland,2249 eton st,015694275,575265490000,11,1961,,RM-3A,Residential,1087000,1632000,Kuo Chi Hsu & Pat Man Hsu,Kuo Chi Hsu & Pat Man Hsu,"",Long-term Rental,"",,,,
2775 spruce st,"",Fairview,2775 spruce st,011562676,670146970000,11,1959,,R3-3,Residential,1721000,2297000,Kit S Hung & Shuk Y Hung,Kit S Hung & Shuk Y Hung,"",Long-term Rental,"",,,,
1676 w 10th av,"",Fairview,1676 w 10th av,003417247,654122240000,11,1955,,R5-3,Residential,1912000,2874000,,,,,,,,,
1445 w 11th av,"",Fairview,1445 w 11th av,006319424,664130570000,11,1954,,R5-3,Residential,1912000,2413000,,,,,,,,,
2174 york av,"",Kitsilano,2174 york av,014993619,631087180000,11,1959,,RM-4,Residential,2218000,2173000,Rosseau Developments Ltd,Rosseau Developments Ltd,Royal Manor Apartments,Long-term Rental,"",,,,
1016 w 13th av,"",Fairview,1016 w 13th av,014667282,683149840000,11,1959,,R3-3,Residential,1721000,2692000,Nicolaou Properties Ltd,Nicolaou Properties Ltd,"",Long-term Rental,"",,,,
1235 w 13th av,"",Fairview,1235 w 13th av,006951643,683138670000,11,1959,,R3-3,Residential,1912000,2539000,Amran Boaz & Carla Elaine Boaz,Amran Boaz & Carla Elaine Boaz,"",Long-term Rental,"",,,,
1135 w 11th av,"",Fairview,1135 w 11th av,015014665,664146650000,11,1958,,R3-3,Residential,1912000,2029000,Antissa Investments Ltd,Antissa Investments Ltd,"",Long-term Rental,"",,,,
3437 oak st,"",Shaughnessy,3437 oak st,003128393,150693330000,11,1945,,RM-3A,Residential,2181000,1826000,Ronald J Schuss et al (Ronald Schuss),Ronald J Schuss et al (Ronald Schuss),"",Long-term Rental,"",,,,
1445 w 10th av,"",Fairview,1445 w 10th av,015019721,654130550000,11,1946,,R5-3,Residential,1912000,2161000,King Peak Capital Ltd,King Peak Capital Ltd,"",Long-term Rental,"",,,,
1180 w 71st av,"",Marpole,1180 w 71st av,004377583,145832060000,11,1963,,RM-3A,Residential,2246000,636000,(Lisa Wong),(Lisa Wong),"",Long-term Rental,"",,,,
1266 w 12th av,"",Fairview,1266 w 12th av,006097081,670138360000,11,1961,RM-3,R3-3,Residential,1721000,2577000,Tit Wai Lau & Bik Suen Lau,Tit Wai Lau & Bik Suen Lau,"",Long-term Rental,"",,,,
2060 w 1st av,"",Kitsilano,2060 w 1st av,004388615;004388640,634090200000,11,1957,,R3-3,Residential,2218000,1965000,(Valen Schultz),(Valen Schultz),"",Long-term Rental,"",,,,
4331 main st,4335 main st;4339 main st;4341 main st,Riley Park,4339 main st,015269388;015269361,"",11,1970,C-2,,,,,,,,,,,,,
2675 spruce st,"",Fairview,2675 spruce st,013655949,664146950000,11,1944,,R5-3,Residential,1912000,2128000,Allstar Enterprises Ltd,Allstar Enterprises Ltd,"",Long-term Rental,"",,,,
8590 osler st,"",Marpole,8590 osler st,012881368;012881350,830148050000,11,1970,,RM-3A,Residential,1713000,1425000,Pacific Maple Investments Ltd,Pacific Maple Investments Ltd,"",Long-term Rental,"",,,,
835 e 7th av,"",Mount Pleasant,835 e 7th av,015304086,646212350000,11,1961,,R3-3,Residential,1497000,1932000,Graham W Lee (Graham Lee),Graham W Lee (Graham Lee),"",Long-term Rental,"",,,,
2416 fraser st,"",Mount Pleasant,2416 fraser st,006543634;006543669,210648060000,11,1928,,R3-3,Residential,1097000,3523000,575877 BC Ltd,575877 BC Ltd,"",Long-term Rental,"",,,,
2385 w 2nd av,"",Kitsilano,2385 w 2nd av,014993309,636078170000,11,1959,RM-4,RM-4,Residential,2218000,2107000,(George Zelis),(George Zelis),"",Long-term Rental,"",,,,
2295 w 40th av,"",Arbutus Ridge,2295 w 40th av,004368983;004368959,747079250000,11,1954,,RM-3,Residential,2429000,2548000,238 SSK Investments Ltd,238 SSK Investments Ltd,"",Long-term Rental,"",,,,
2274 w 2nd av,"",Kitsilano,2274 w 2nd av,015280748;015280756,636084260000,11,1959,,R3-3,Residential,2218000,2063000,,,,,,,,,
1996 trutch st,"",,1996 trutch st,"","",11,1950,,,,,,,,,,,,,,
2150 oxford st,"",Grandview-Woodland,2150 oxford st,004284453,577259500000,11,1970,,RM-3A,Residential,1087000,1877000,Daisy Lai-Wah Cheng (Daisy Cheng),Daisy Lai-Wah Cheng (Daisy Cheng),"",Long-term Rental,"",,,,
1015 w 13th av,"",Fairview,1015 w 13th av,008630208,150670950000,11,1949,,R3-3,Residential,1636000,3434000,1015 WEST 13TH AVENUE HOLDINGS LTD,1015 WEST 13TH AVENUE HOLDINGS LTD,"",Long-term Rental,"",,,,
840 e 6th av,"",Mount Pleasant,840 e 6th av,015304078,645212400000,11,1967,RM-4,R3-3,Residential,1814000,1893000,,,,,,,,,
1955 nelson st,"",West End,1955 nelson st,012916803,606108450000,11,1940,RM-5B,RM-5B,Residential,3631000,695000,1294668 BC Ltd,1294668 BC Ltd,Cap J Properties Ltd,Long-term Rental,"",,,1,http://app.vancouver.ca/RPS_Net/Default.aspx?num=1955&street=NELSON%20STREET
1540 w 13th av,"",Fairview,1540 w 13th av,010492259,683124540000,11,1921,,R3-3,Residential,1912000,2255000,Lotte & John Hecht Memorial Foundation,Lotte & John Hecht Memorial Foundation,"",Long-term Rental,"",,,,
2636 fir st,2638 fir st,Fairview,2636 fir st,015017613,664124070000,11,1955,,R5-3,Residential,1912000,2737000,Dick Bing Wah Wong (Dick Wong),Dick Bing Wah Wong (Dick Wong),"",Long-term Rental,"",,,,
2436 york av,"",Kitsilano,2436 york av,014361019,631077620000,11,1937,,RM-4,Residential,2218000,2178000,Three Boys Investments Ltd,Three Boys Investments Ltd,"",Long-term Rental,"",,,,
3885 cambie st,"",South Cambie,3885 cambie st,013273795,170703550000,11,1945,,RM-3A,Residential,1943000,2387000,419374 BC Ltd,419374 BC Ltd,"",Long-term Rental,"",,,,
1285 w 11th av,"",Fairview,1285 w 11th av,015015149,664138170000,11,1959,RM-3,R3-3,Residential,1912000,2084000,WV Falcus & Associates (1977) Ltd,WV Falcus & Associates (1977) Ltd,"",Long-term Rental,"",,,,
1615 w 11th av,"",Fairview,1615 w 11th av,014184401,664122850000,11,1945,RM-3,R5-3,Residential,1912000,2161000,Pak Jan Holdings Ltd,Pak Jan Holdings Ltd,"",Long-term Rental,"",,,,
1245 w 12th av,"",Fairview,1245 w 12th av,007945311,670138550000,11,1959,,R3-3,Residential,1721000,2423000,354949 BC Limited,354949 BC Limited,Westgate Apts,Long-term Rental,"",,,,
1016 w 12th av,"",Fairview,1016 w 12th av,011140437,670149860000,11,1958,,R5-3,Residential,1721000,2550000,WBKF HOLDINGS LTD.,WBKF HOLDINGS LTD.,"",Long-term Rental,"",,,,
1242 w 11th av,"",Fairview,1242 w 11th av,014659751,664138540000,11,1965,,R3-3,Residential,1912000,2183000,Ann Margaret Halicki (Ann Halicki),Ann Margaret Halicki (Ann Halicki),"",Long-term Rental,"",,,,
8656 montcalm st,"",Marpole,8656 montcalm st,014343134,138830520000,11,1958,RM-3A,RM-3A,Residential,1806000,1086000,,,,,,,,,
2609 w 1st av,"",Kitsilano,2609 w 1st av,015137791,634072970000,11,1908,,RT-8,Residential,5078000,70200,The Lotte & John Hecht Memorial Foundation,The Lotte & John Hecht Memorial Foundation,"",Long-term Rental,"",,,,
1996 w 41st av,"",Kerrisdale,1996 w 41st av,011115017,750092080000,11,1931,,RM-3A,Residential,2125000,2255000,Forty First Holdings Ltd,Forty First Holdings Ltd,"",Long-term Rental,"",,,,
1075 w 10th av,"",Fairview,1075 w 10th av,015018920,654149250000,11,1966,RM-3,R5-3,Residential,1912000,2183000,,,,,,,,,
1556 w 13th av,"",Fairview,1556 w 13th av,009265988,683124440000,11,1930,,R3-3,Residential,1912000,2161000,Lotte & John Hecht Memorial Foundation,Lotte & John Hecht Memorial Foundation,"",Long-term Rental,"",,,,
344 w 10th av,"",Mount Pleasant,344 w 10th av,014564718,654171440000,11,1950,,R5-3,Residential,1549000,1746000,Melanie H Yu (Melanie Yu),Melanie H Yu (Melanie Yu),Glen-Vista,Long-term Rental,"",,,,
1245 w 10th av,"",Fairview,1245 w 10th av,015019101,654138550000,11,1964,RM-3,R5-3,Residential,1912000,1761000,,,,,,,,,
1371 w 71st av,"",Marpole,1371 w 71st av,014344076,832135670000,11,1961,,RM-3A,Residential,1677000,1167000,Ronald J Schuss & Progressive Construction Ltd,Ronald J Schuss & Progressive Construction Ltd,"",Long-term Rental,"",,,,
410 w 12th av,"",Mount Pleasant,410 w 12th av,003334384;003334333,670170940000,11,1989,RT-6,R5-2,Residential,5584373,28800,Golden Court Investments Ltd,Golden Court Investments Ltd,"",Long-term Rental,"",,,,
2464 w 1st av,"",Kitsilano,2464 w 1st av,009104356,634077260000,11,1958,,RM-4,Residential,2218000,2113000,(Charl Hammer),(Charl Hammer),"",Long-term Rental,"",,,,
1236 w 11th av,"",Fairview,1236 w 11th av,014686953,664138640000,11,1959,RM-3,R3-3,Residential,1912000,2375000,Cheuk S Yee & Wendy Y Yee,Cheuk S Yee & Wendy Y Yee,"",Long-term Rental,"",,,,
1157 w 71st av,1175 w 71st av;1191 w 71st av,Marpole,1157 w 71st av,"","",11,1966,RM-3A,,,,,,,,,,,,,
1750 grant st,1758 grant st,Grandview-Woodland,1750 grant st,007194609,612250600000,11,1981,,RT-5,Residential,4725000,404000,,,,,,Vancouver East Co-op,Vancouver East Co-op Housing Association,,
2445 w 2nd av,"",Kitsilano,2445 w 2nd av,015020045,636077550000,11,1959,,RM-4,Residential,2218000,1970000,(Brian Begert),(Brian Begert),"",Long-term Rental,"",,,,
1442 e 1st av,"",Grandview-Woodland,1442 e 1st av,015271927;015271889,630232420000,11,1968,,RM-4,Residential,1576000,1478000,D A Ruda Construction Ltd,D A Ruda Construction Ltd,"",Long-term Rental,"",,,1,http://app.vancouver.ca/RPS_Net/Default.aspx?num=1442&street=E%201ST%20AVENUE
1137 w 10th av,"",Fairview,1137 w 10th av,008951977,654146570000,11,1962,,R5-3,Residential,1912000,2232000,565169 BC Ltd,565169 BC Ltd,"",Long-term Rental,"",,,1,http://app.vancouver.ca/RPS_Net/Default.aspx?num=1137&street=W%2010TH%20AVENUE
1385 w 12th av,"",Fairview,1385 w 12th av,014689138,670134170000,11,1959,,R5-4,Residential,1721000,2308000,Casarosa Developments Ltd,Casarosa Developments Ltd,"",Long-term Rental,"",,,3,http://app.vancouver.ca/RPS_Net/Default.aspx?num=1385&street=W%2012TH%20AVENUE
1657 e 12th av,"",Kensington-Cedar Cottage,1657 e 12th av,003502040,670234830000,11,1912,,RT-5,Residential,1802000,1652000,0911562 BC Ltd,0911562 BC Ltd,"",Long-term Rental,"",,,,
1330 w 14th av,"",Fairview,1330 w 14th av,014665441,686134760000,11,1955,,R3-3,Residential,1912000,2413000,C B T Holdings Ltd,C B T Holdings Ltd,"",Long-term Rental,"",,,,
2376 w broadway,"",Kitsilano,2376 w broadway,011455446,650078240000,11,1948,,RM-4,Residential,2079000,1933000,Christina Investments Ltd,Christina Investments Ltd,"",Long-term Rental,"",,,,
275 n garden dr,"",Grandview-Woodland,275 n garden dr,015693066,575265960000,11,1962,,RM-3A,Residential,1087000,2197000,Naimark Developments Ltd,Naimark Developments Ltd,"",Long-term Rental,"",,,,
1560 nelson st,1010 cardero st;1012 cardero st,West End,1560 nelson st,015761355,114606040000,11,1929,,RM-5,Residential,1981000,2202000,Froschauer Properties Ltd,Froschauer Properties Ltd,"",Long-term Rental,"",,,,
2095 w 3rd av,"",Kitsilano,2095 w 3rd av,015286134;015286215,638090170000,11,1958,,R3-3,Residential,2218000,2041000,Milip Investment Company (Vancouver) Limited,Milip Investment Company (Vancouver) Limited,"",Long-term Rental,"",,,,
1976 w 3rd av,"",Kitsilano,1976 w 3rd av,003150704;003150658,638095200000,11,1958,,R3-3,Residential,2218000,1811000,(Dionyssios Stassinopoulos),(Dionyssios Stassinopoulos),"",Long-term Rental,"",,,,
5 w pender st,1 w pender st,Downtown,5 w pender st,026232511,592175950000,11,2007,HA-1,HA-1,Historical Area,3909000,931000,,,,,,,,,
1446 w 13th av,"",Fairview,1446 w 13th av,014671743,683130540000,11,1955,,R3-3,Residential,1912000,2556000,Tribe Rental Management,Shapiro Holdings Ltd,"",Long-term Rental,"",,,,
1993 w 12th av,"",Kitsilano,1993 w 12th av,014184133,670095050000,11,1912,,R5-2,Residential,2431000,500000,Sung Jang & Robert Bodnarchuk,Sung Jang & Robert Bodnarchuk,"",Long-term Rental,"",,,,
2355 w 3rd av,"",Kitsilano,2355 w 3rd av,003580016,638078490000,11,1958,,RM-4,Residential,2218000,1894000,Zoron Investments Ltd,Zoron Investments Ltd,"",Long-term Rental,"",,,1,http://app.vancouver.ca/RPS_Net/Default.aspx?num=2355&street=W%203RD%20AVENUE
2920 hemlock st,"",Fairview,2920 hemlock st,014670119,683134060000,11,1961,,R3-3,Residential,1912000,2084000,Barbara I Norris (Barbara Norris),Barbara I Norris (Barbara Norris),"",Long-term Rental,"",,,,
2387 york av,"",Kitsilano,2387 york av,015098559,631078150000,11,1957,,RM-4,Residential,2218000,2365000,0768271 BC Ltd,0768271 BC Ltd,"",Long-term Rental,"",,,,
1832 vine st,1834 vine st;1836 vine st;1838 vine st;1842 vine st;1844 vine st;1846 vine st;1848 vine st,Kitsilano,1832 vine st,015281132;015281124,638084070000,11,2007,,R3-3,Residential,2218000,2623000,First Investments Corporation,First Investments Corporation,"",Long-term Rental,"",,,,
3725 cambie st,"",South Cambie,3725 cambie st,013275861,170702350000,11,1945,,RM-3A,Residential,1816000,2257000,Shoyle Holdings Ltd,Shoyle Holdings Ltd,"",Long-term Rental,"",,,,
1584 w 12th av,"",Fairview,1584 w 12th av,005410622,670124160000,11,1959,RM-3,R5-3,Residential,1721000,2522000,Quattro Management Corp,Quattro Management Corp,"",Long-term Rental,"",,,,
2224 alberta st,"",Mount Pleasant,2224 alberta st,011067667;011067659,645173040000,11,1915,,I-1,Industrial,4596000,77400,Nicola 6th & Alberta Limited Partnership,Nicola 6th & Alberta Limited Partnership,"",Long-term Rental,"",,,,
2365 w 1st av,"",Kitsilano,2365 w 1st av,004688694,634078370000,11,1959,,RM-4,Residential,2218000,1915000,Howard Malchy & Maurice Levi ET AL,Howard Malchy & Maurice Levi ET AL,"",Long-term Rental,"",,,,
360 e 15th av,"",Mount Pleasant,360 e 15th av,011252405;011252430,687194640000,10,1969,,R3-3,Residential,2020000,1333000,Sharma Family Holdings Ltd,Sharma Family Holdings Ltd,"",Long-term Rental,"",,,,
125 e 15th av,"",Mount Pleasant,125 e 15th av,010008900,687186290000,10,1965,,R3-3,Residential,1620000,1540000,Evelyn Court Inc,Evelyn Court Inc,"",Long-term Rental,"",,,,
2340 cornwall av,"",Kitsilano,2340 cornwall av,015098524,630078640000,10,1929,,RM-4,Residential,2662000,2650000,Seafair Investments Ltd,Seafair Investments Ltd,"",Long-term Rental,"",,,,
1267 w 70th av,"",Marpole,1267 w 70th av,010544593,830144450000,10,1952,,RM-3A,Residential,1509000,1051000,Wah Mun Lee & Ut-Kio Lee,Wah Mun Lee & Ut-Kio Lee,"",Long-term Rental,"",,,,
2466 w broadway,"",Kitsilano,2466 w broadway,011454156,650077360000,10,1930,,RM-4,Residential,2079000,2530000,Palmar Properties Inc,Palmar Properties Inc,"",Long-term Rental,"",,,,
1255 w 10th av,"",Fairview,1255 w 10th av,015019527,654138450000,10,1912,RM-3,R5-3,Residential,3015000,41700,,,,,,,,,
1035 w 10th av,"",Fairview,1035 w 10th av,015018890,654149650000,10,1957,,R5-3,Residential,1912000,1855000,(Winston Lum),(Winston Lum),"",Long-term Rental,"",,,,
2236 trinity st,"",Grandview-Woodland,2236 trinity st,007970013,568255360000,10,1961,,RM-3A,Residential,1087000,1611000,(Ken Lum),(Ken Lum),Seaview Apartments,Long-term Rental,"",,,,
1935 cypress st,"",Kitsilano,1935 cypress st,015267806;015267822,638095960000,10,1956,,R3-3,Residential,2218000,1949000,1935 Cypress Holdings Ltd,1935 Cypress Holdings Ltd,"",Long-term Rental,"",,,,
1601 yew st,2200 york av;2204 york av;2208 york av,Kitsilano,1601 yew st,008704210;008704236,631084960000,10,1971,,C-2A,Commercial,5728000,10638000,PY -1 Investments Ltd,PY -1 Investments Ltd,"",Long-term Rental,"",,,1,http://app.vancouver.ca/RPS_Net/Default.aspx?num=1601&street=YEW%20STREET
2150 w 1st av,"",Kitsilano,2150 w 1st av,029666007,634087520000,10,2017,,R3-3,Residential,2218000,5389000,Dr Ralph P Bieg Inc,Dr Ralph P Bieg Inc,"",Long-term Rental,"",,,,
2525 york av,"",Kitsilano,2525 york av,032136650,631073630000,10,1912,,RT-8,Residential,3674000,69900,,,,,,,,,
2212 eton st,"",Grandview-Woodland,2212 eton st,015693058,575265120000,10,1960,,RM-3A,Residential,1087000,1611000,Jasmine Investments (1994) Co Ltd,Jasmine Investments (1994) Co Ltd,"",Long-term Rental,"",,,2,http://app.vancouver.ca/RPS_Net/Default.aspx?num=2212&street=ETON%20STREET
2272 franklin st,"",Grandview-Woodland,2272 franklin st,015667839,588265720000,10,1965,,RM-3A,Residential,1087000,1793000,Capital Avenue Investments Corp,Capital Avenue Investments Corp,"",Long-term Rental,"",,,,
1035 w 12th av,"",Fairview,1035 w 12th av,014684284,670149650000,10,1955,,R5-3,Residential,1721000,2227000,Antonio Chun Hung Lee (Antonio Lee),Antonio Chun Hung Lee (Antonio Lee),"",Long-term Rental,"",,,3,http://app.vancouver.ca/RPS_Net/Default.aspx?num=1035&street=W%2012TH%20AVENUE
1134 w 11th av,"",Fairview,1134 w 11th av,014684560,664146660000,10,1956,,R3-3,Residential,1912000,2189000,Nikolas Sereda & Zina Sereda,Nikolas Sereda & Zina Sereda,"",Long-term Rental,"",,,,
1660 e georgia st,"",Grandview-Woodland,1660 e georgia st,015162699,596235600000,10,1957,,RM-4,Residential,1239000,2359000,The Rose Apartments Ltd,The Rose Apartments Ltd,"",Long-term Rental,"",,,,
3289 oak st,"",Shaughnessy,3289 oak st,011533056,150690670000,10,1955,,RM-3A,Residential,1982000,2196000,Sergio & Roberto Ceravolo,Sergio & Roberto Ceravolo,"",Long-term Rental,"",,,,
8628 hudson st,"",Marpole,8628 hudson st,014341425,144830260000,10,1991,RM-3A,RM-3A,Residential,312000,494000,,,,,,,,,
1045 w 11th av,"",Fairview,1045 w 11th av,015014240,664149570000,10,1930,,R5-3,Residential,1912000,1910000,Peter Tsiandoulas & Lisa Dawn Tsiandoulas,Peter Tsiandoulas & Lisa Dawn Tsiandoulas,"",Long-term Rental,"",,,,
4655 main st,4673 main st,Riley Park,4655 main st,009107941,190724730000,10,1971,,C-2A,Commercial,2557000,3175000,MID-MAIN HOLDINGS LTD.,MID-MAIN HOLDINGS LTD.,"",Long-term Rental,"",,,5,http://app.vancouver.ca/RPS_Net/Default.aspx?num=4655&street=MAIN%20STREET
1728 yew st,"",Kitsilano,1728 yew st,005068843;005068819,634087060000,10,1912,,R3-3,Residential,2218000,2366000,Mgey Investco 604.1 Inc,Mgey Investco 604.1 Inc,"",Long-term Rental,"",,,,
2625 tolmie st,"",West Point Grey,2625 tolmie st,006791981,670020940000,10,1942,,RM-3,Residential,1846000,3122000,626250 BC Ltd,626250 BC Ltd,"",Long-term Rental,"",,,,
1866 w 13th av,"",Kitsilano,1866 w 13th av,012762423,683097360000,10,1912,,R3-2,Residential,3221000,247000,Jade Tree Homes Ltd,Jade Tree Homes Ltd,"",Long-term Rental,"",,,,
1277 w 70th av,"",Marpole,1277 w 70th av,010123385,830144050000,10,1952,,RM-3A,Residential,1549000,930000,Lup Yun Lau & Miu Ling Ngan Lau,Lup Yun Lau & Miu Ling Ngan Lau,"",Long-term Rental,"",,,,
3681 w 8th av,"",Kitsilano,3681 w 8th av,010156895,648040150000,10,1974,,RM-4,Residential,2684000,2015000,,,,,,,,,
1886 w broadway,1884 w broadway;1888 w broadway,Kitsilano,1886 w broadway,007627653,650097160000,10,1927,,C-3A,Commercial,3417400,3052000,1876 & 1886 West Broadway Nominee Ltd,1876 & 1886 West Broadway Nominee Ltd,"",Long-term Rental,"",,,,
2275 w 39th av,"",Arbutus Ridge,2275 w 39th av,011480009;011480033,79739960000,10,1957,,RM-3,Residential,2294000,2460000,PMF Investments Ltd,PMF Investments Ltd,"",Long-term Rental,"",,,,
8741 cartier st,"",Marpole,8741 cartier st,014348322,135832350000,10,1958,,RM-3A,Residential,1806000,764000,1358236 B.C. LTD.,1358236 B.C. LTD.,"",Long-term Rental,"",,,,
2182 w 2nd av,"",Kitsilano,2182 w 2nd av,015282287;015282279,636087140000,10,1959,,R3-3,Residential,2218000,1735000,Siddoo Kashmir Holding Limited,Ajmer Singh Siddoo (Ajmer Siddoo),"",Long-term Rental,"",,,,
1520 w 13th av,1510 w 13th av;2903 granville st;2911 granville st,Fairview,1510 w 13th av,014174707;014174685,"",10,1912,C-3A,,,,,,,,,,,,,
916 w broadway,"",Fairview,916 w broadway,006260195,650150840000,10,1928,C-3A,C-3A,Commercial,6247000,0,,,,,,,,,
1925 maple st,"",Kitsilano,1925 maple st,010824219;010824138,638090960000,10,1957,,R3-3,Residential,2218000,1664000,Cavallo Investments Ltd,Cavallo Investments Ltd,"",Long-term Rental,"",,,,
5730 victoria dr,5732 victoria dr,Victoria-Fraserview,5730 victoria dr,013892631;013892614,250750940000,10,1964,,C-2A,Commercial,2889000,3836000,Del Holdings Limited,Del Holdings Limited,"",Long-term Rental,"",,,,
1235 burnaby st,"",West End,1235 burnaby st,015740889,613117650000,10,1936,,RM-5A,Residential,3631000,299000,1016210 BC Ltd,1016210 BC Ltd,Aarti Investments Ltd,Long-term Rental,"",,,,
1821 cypress st,"",Kitsilano,1821 cypress st,004336411;004336429,636095960000,10,1957,,R3-3,Residential,2218000,1549000,Johnwill Investments Ltd,Johnwill Investments Ltd,"",Long-term Rental,"",,,,
2629 w 4th av,"",Kitsilano,2629 w 4th av,015125009,640072610000,10,1954,,C-2A,Commercial,2471000,895000,HWP 2629 4th Avenue Ltd,HWP 2629 4th Avenue Ltd,"",Long-term Rental,"",,,,
4384 w 10th av,4386 w 10th av;4388 w 10th av,West Point Grey,4386 w 10th av,010621113;010621091,"",10,1958,C-2,,,,,,,,,,,,,
2196 w 39th av,"",Arbutus Ridge,2196 w 39th av,011280123,81744040000,10,1962,,RM-3,Residential,1925000,1420000,Sugo Holdings Ltd,Sugo Holdings Ltd,"",Long-term Rental,"",,,,
8767 french st,"",Marpole,8767 french st,014347377,132832710000,10,1993,,RM-3A,Residential,1493000,1152000,1253595 BC Ltd,1253595 BC Ltd,"",Long-term Rental,"",,,,
8650 hudson st,"",Marpole,8650 hudson st,014341379,144830500000,10,1993,,RM-3A,Residential,1393000,1096000,Ace 13 Holdings Ltd,Ace 13 Holdings Ltd,"",Long-term Rental,"",,,,
2275 york av,"",Kitsilano,2275 york av,009281029,631084110000,10,1957,,RM-4,Residential,2218000,1883000,York Street Properties Ltd,York Street Properties Ltd,"",Long-term Rental,"",,,1,http://app.vancouver.ca/RPS_Net/Default.aspx?num=2275&street=YORK%20AVENUE
1045 w 10th av,"",Fairview,1045 w 10th av,015018903,654149550000,10,1964,,R5-3,Residential,1912000,1351000,Hugh Ho & Vivian Ho,Hugh Ho & Vivian Ho,"",Long-term Rental,"",,,,
1265 w 12th av,"",Fairview,1265 w 12th av,004793161,670138350000,10,1956,,R3-3,Residential,1721000,2446000,(George Zelis),(George Zelis),"",Long-term Rental,"",,,,
156 e 18th av,"",Riley Park,156 e 18th av,014002868,693187560000,10,1914,,R1-1,Residential Inclusive,2108000,676000,581909 BC LTD,581909 BC LTD,"",Long-term Rental,"",,,,
910 e broadway,"",Mount Pleasant,910 e broadway,006137717,650214040000,10,1957,,R3-3,Residential,1496000,1660000,Gene Ho Chan (Gene Chan),Gene Ho Chan (Gene Chan),Virginian Apartment,Long-term Rental,"",,,,
2011 york av,"",Kitsilano,2011 york av,014957205,631090850000,10,1956,,RM-4,Residential,2181000,2337000,,,,,,,,,
2880 oak st,"",Fairview,2880 oak st,008592560,683150070000,10,1950,RM-3,R5-3,Residential,1721000,2639000,,,,,,,,,
1675 w 11th av,"",Fairview,1675 w 11th av,007372418,664122250000,10,1955,,R5-3,Residential,1912000,2211000,Palmar Properties Inc,Palmar Properties Inc,"",Long-term Rental,"",,,,
2710 fir st,"",Fairview,2710 fir st,015013251,664124040000,10,1958,,R5-3,Residential,1912000,1707000,NORTHCOTE HOLDINGS LTD.,NORTHCOTE HOLDINGS LTD.,"",Long-term Rental,"",,,,
928 e broadway,"",Mount Pleasant,928 e broadway,009782125,650214340000,10,1956,,R3-3,Residential,1496000,2301000,Wah Mun Lee & Ut Kio Lee,Wah Mun Lee & Ut Kio Lee,"",Long-term Rental,"",,,,
3603 commercial st,3605 commercial st;3607 commercial st;3609 commercial st,Kensington-Cedar Cottage,3607 commercial st,011238321;011238305,"",10,1978,MC-1,,,,,,,,,,,,,
1045 w 13th av,"",Fairview,1045 w 13th av,004291280,683149570000,10,1958,,R3-3,Residential,1912000,1932000,Bill Gin & Nora Gin,Bill Gin & Nora Gin,"",Long-term Rental,"",,,,
1055 w 12th av,"",Fairview,1055 w 12th av,014684292,670149450000,10,1956,,R5-3,Residential,1721000,2540000,Vlado Bulic & Stipo Bulic,Vlado Bulic & Stipo Bulic,Dove Apartments,Long-term Rental,"",,,,
1126 w 13th av,"",Fairview,1126 w 13th av,014669412,683146760000,10,1959,,R3-3,Residential,1912000,1816000,,,,,,,,,
1179 w 70th av,"",Marpole,1179 w 70th av,009940171,830145070000,10,1953,,RM-3A,Residential,1471000,984000,1222773 BC Ltd,1222773 BC Ltd,"",Long-term Rental,"",,,,
1374 w 10th av,"",Fairview,1374 w 10th av,015018482,654134240000,10,1956,,R5-3,Residential,1912000,1855000,Peter C Yin & Mut Y Chan,Peter C Yin & Mut Y Chan,"",Long-term Rental,"",,,,
8638 hudson st,"",Marpole,8638 hudson st,014341395,144830380000,10,1995,,RM-3A,Residential,1393000,1304000,Modavi Enterprises Inc & Mal Investment Inc,Modavi Enterprises Inc & Mal Investment Inc,"",Long-term Rental,"",,,,
1834 e pender st,"",Grandview-Woodland,1834 e pender st,015658511,592251340000,10,1959,,RM-4,Residential,1290000,1674000,1122616 BC Ltd,1122616 BC Ltd,"",Long-term Rental,"",,,,
1435 w 11th av,"",Fairview,1435 w 11th av,015017320,664130670000,10,1955,,R5-3,Residential,1912000,2030000,Parklane Management (1982) Ltd,Parklane Management (1982) Ltd,"",Long-term Rental,"",,,,
485 e 44th av,"",Sunset,485 e 44th av,006913377;006913334,757197870000,10,1969,,RM-2,Residential,1376000,1378000,Triple E Management Ltd,Triple E Management Ltd,"",Long-term Rental,"",,,2,http://app.vancouver.ca/RPS_Net/Default.aspx?num=485&street=E%2044TH%20AVENUE
1444 w 71st av,"",Marpole,1444 w 71st av,014348454,832132360000,10,1958,RM-3A,RM-3A,Residential,1677000,864000,,,,,,,,,
6637 victoria dr,1990 e 50th av;6641 victoria dr;6645 victoria dr;6647 victoria dr;6653 victoria dr;6655 victoria dr,Victoria-Fraserview,1990 e 50th av,012931365;012929760;012929832;012929794;012931535;012931560,"",10,1980,C-2,,,,,,,,,,,,,
1046 w 12th av,"",Fairview,1046 w 12th av,014674777,670149560000,10,1955,,R5-3,Residential,1721000,1778000,America Asia Travel Agency Inc,America Asia Travel Agency Inc,"",Long-term Rental,"",,,,
375 n garden dr,"",Grandview-Woodland,375 n garden dr,015694186,570255960000,10,1961,,RM-3A,Residential,1087000,1480000,Colin Chan & Linda Chan,Colin Chan & Linda Chan,"",Long-term Rental,"",,,,
4101 main st,194 e king edward av;196 e king edward av,Riley Park,196 e king edward av,002761408;002761858,"",10,1912,C-2,,,,,,,,,,,,,
2116 w 39th av,"",Arbutus Ridge,2116 w 39th av,009427279,744081840000,10,1955,,RM-3,Residential,2393000,1555000,Josephine Westwood Investments Ltd,Josephine Westwood Investments Ltd,"",Long-term Rental,"",,,,
1384 w 10th av,"",Fairview,1384 w 10th av,015018474,654134140000,10,1957,RM-3,R5-3,Residential,1912000,1932000,,,,,,,,,
8732 granville st,"",Marpole,8732 granville st,018696562,130832280000,10,1996,,RM-3A,Residential,1082000,1373000,101181499 SASKATCHEWAN LTD,101181499 SASKATCHEWAN LTD,"",Long-term Rental,"",,,2,http://app.vancouver.ca/RPS_Net/Default.aspx?num=8732&street=GRANVILLE%20STREET
2776 alder st,"",Fairview,2776 alder st,006078311,670146070000,10,1954,,R3-3,Residential,1721000,2265000,Tit W Lau & Bik S Lau,Tit W Lau & Bik S Lau,"",Long-term Rental,"",,,,
1626 w 12th av,"",Fairview,1626 w 12th av,014176815,670122740000,10,1962,,R5-4,Residential,1721000,3236000,Huntington Enterprise Ltd,Huntington Enterprise Ltd,"",Long-term Rental,"",,,,
2072 w 3rd av,"",Kitsilano,2072 w 3rd av,002693917;002693674,638090220000,10,1958,,R3-3,Residential,2218000,1499000,2072 W. 3rd Holdings Ltd,2072 W. 3rd Holdings Ltd,"",Long-term Rental,"",,,1,http://app.vancouver.ca/RPS_Net/Default.aspx?num=2072&street=W%203RD%20AVENUE
210 e 16th av,208 e 16th av,Riley Park,210 e 16th av,003624021,689191040000,10,1987,,C-2A,Commercial,1888000,1534000,Yueko Enterprises Ltd,Yueko Enterprises Ltd,"",Long-term Rental,"",,,1,http://app.vancouver.ca/RPS_Net/Default.aspx?num=210&street=E%2016TH%20AVENUE
3392 oak st,"",South Cambie,3392 oak st,003613747,150691980000,10,1953,,RM-3A,Residential,1659000,2733000,Stevlow Enterprises Ltd,Stevlow Enterprises Ltd,"",Long-term Rental,"",,,,
1451 e 7th av,"",Grandview-Woodland,1451 e 7th av,008886580,646232910000,10,1969,,RM-4,Residential,2386000,373000,1115864 BC Ltd,1115864 BC Ltd,"",Long-term Rental,"",,,,
1155 w 70th av,"",Marpole,1155 w 70th av,009940260,830145470000,10,1953,,RM-3A,Residential,1433000,1155000,3152411 Holdings Ltd,3152411 Holdings Ltd,"",Long-term Rental,"",,,,
1275 w 10th av,"",Fairview,1275 w 10th av,010824448,654138250000,10,1956,,R5-3,Residential,1912000,2392000,Kingsland Enterprises Inc,Kingsland Enterprises Inc,"",Long-term Rental,"",,,,
938 e broadway,"",Mount Pleasant,938 e broadway,009782141,650214380000,10,1955,,R3-3,Residential,1496000,2183000,0783571 BC Ltd,0783571 BC Ltd,"",Long-term Rental,"",,,,
2675 fir st,"",Fairview,2675 fir st,014184397,664122950000,10,1945,,R5-3,Residential,1912000,1795000,Dr H Thomas Peters Medical Services Inc,Dr H Thomas Peters Medical Services Inc,The Manhattan Apartments,Long-term Rental,"",,,,
1397 w 71st av,"",,1397 w 71st av,"","",10,1955,,,,,,,,,,,,,,
2020 vine st,2028 vine st;2296 w 4th av,Kitsilano,2020 vine st,015229777,640084060000,10,1912,C-2B,C-2A,Commercial,1495000,5621000,,,,,,,,,
2220 heather st,"",Fairview,2220 heather st,"","",10,1910,FM-1,,,,,,,,,,,,,
1744 kingsway,1748 kingsway,Kensington-Cedar Cottage,1744 kingsway,013500287;013500279,770242020000,10,1990,,C-2A,Commercial,1728000,1693000,Darshan Dhanoa & Harbans Dhanoa,Darshan Dhanoa & Harbans Dhanoa,"",Long-term Rental,"",,,,
8656 french st,"",Marpole,8656 french st,014344386,132830600000,10,1958,,RM-3A,Residential,1806000,1301000,Gomes Holdings Ltd,Gomes Holdings Ltd,"",Long-term Rental,"",,,,
2464 point grey rd,"",Kitsilano,2464 point grey rd,015099181,629077500000,10,1958,,RM-4,Residential,2884000,2190000,Gordon K Chambers (Gordon Chambers),Gordon K Chambers (Gordon Chambers),"",Long-term Rental,"",,,,
175 templeton dr,"",Grandview-Woodland,175 templeton dr,010114319,265586950000,10,1959,,RM-3A,Residential,1087000,1616000,Shirley Yuk Ping Fong (Shirley Fong),Shirley Yuk Ping Fong (Shirley Fong),"",Long-term Rental,"",,,,
4141 oak st,"",Shaughnessy,4141 oak st,011028432,150710230000,10,1946,RM-3A,RM-3A,Residential,1758000,2495000,,,,,,,,,
1557 w 12th av,"",Fairview,1557 w 12th av,015014126,670124450000,10,1951,,R5-3,Residential,1721000,3017000,1557 West 12th Avenue Nominee Ltd,1557 West 12th Avenue Nominee Ltd,"",Long-term Rental,"",,,,
1250 w 71st av,"",Marpole,1250 w 71st av,013227068,832144460000,10,1958,,RM-3A,Residential,1677000,997000,Wah Mun Lee & UT Kio Lee,Wah Mun Lee & UT Kio Lee,"",Long-term Rental,"",,,,
2220 w 2nd av,"",Kitsilano,2220 w 2nd av,015280900;015280853,636084740000,10,1958,,R3-3,Residential,2218000,1741000,Dionsyssios Stassinopoulos & Gus Stassinopoulos & Jimmy Stassinopoulos,Dionsyssios Stassinopoulos & Gus Stassinopoulos & Jimmy Stassinopoulos,The Georgiana,Long-term Rental,"",,,,
8579 selkirk st,"",Marpole,8579 selkirk st,013782657;013782649,830144950000,10,1958,,RM-3A,Residential,1806000,739000,Trevelyan & Shirley Sue-A-Quan,Trevelyan & Shirley Sue-A-Quan,Jasmine Place,Long-term Rental,"",,,,
2377 w 5th av,"",Kitsilano,2377 w 5th av,014970651,642078250000,10,1956,,RM-4,Residential,2070000,1982000,Antissa Investments Ltd,Antissa Investments Ltd,"",Long-term Rental,"",,,,
522 e 43rd av,"",Sunset,522 e 43rd av,010068007;010067990,755201180000,10,1967,,RM-2,Residential,1374000,1366000,ZAYDAN INVESTMENTS LTD.,ZAYDAN INVESTMENTS LTD.,"",Long-term Rental,"",,,,
1622 w 11th av,1626 w 11th av;1628 w 11th av,Fairview,1626 w 11th av,014183561,"",10,1908,RM-3,,,,,,,,,,,,,
1590 e broadway,1592 e broadway,Kensington-Cedar Cottage,1590 e broadway,009689265,650234560000,10,1956,,RM-4,Residential,1397000,1353000,(May Seto),(May Seto),"",Long-term Rental,"",,,,
1176 w 11th av,"",Fairview,1176 w 11th av,003509010,664146260000,10,1957,,R3-3,Residential,1912000,1954000,Barigord Apartments Ltd,Barigord Apartments Ltd,"",Long-term Rental,"",,,,
2526 w 4th av,"",Kitsilano,2526 w 4th av,012576719,640073740000,10,1932,,RM-4,Residential,1747000,1014000,1527321 B.C. LTD.,1527321 B.C. LTD.,"",Long-term Rental,"",,,,
1026 w 13th av,"",Fairview,1026 w 13th av,012613312,683149740000,10,1957,,R3-3,Residential,1912000,2156000,Blossom Development Ltd,Blossom Development Ltd,"",Long-term Rental,"",,,,
3038 commercial dr,3026 commercial dr;3030 commercial dr,Kensington-Cedar Cottage,3038 commercial dr,007494939,250684420000,10,1990,,C-2A,Commercial,2257000,2394000,3060 Commercial Drive Nominee Ltd,3060 Commercial Drive Nominee Ltd,"",Long-term Rental,"",,,,
1325 w 10th av,"",Fairview,1325 w 10th av,015019578,654134770000,10,1931,RM-3,R5-3,Residential,1912000,1805000,,,,,,,,,
3551 w 4th av,3553 w 4th av;3555 w 4th av;3557 w 4th av;3559 w 4th av;3561 w 4th av;3563 w 4th av;3565 w 4th av;3567 w 4th av;3569 w 4th av,Kitsilano,3551 w 4th av,009231293;009231021;009230807,640041350000,10,1950,,C-2A,Commercial,4900000,33800,C B Balfour (C Balfour),C B Balfour (C Balfour),"",Long-term Rental,"",,,,
2435 w 2nd av,"",Kitsilano,2435 w 2nd av,015020029,636077650000,10,1955,,RM-4,Residential,2218000,1966000,Gami Investments Corp,Gami Investments Corp,"",Long-term Rental,"",,,,
2095 w 44th av,2091 w 44th av;5980 east boulevard;5990 east boulevard,Kerrisdale,2095 w 44th av,EPS3267,"",10,1956,C-2,,,,,,,,,,,,,
1818 e pender st,"",Grandview-Woodland,1818 e pender st,018863141,592251180000,10,1996,,RM-4,Residential,327000,470000,,,,,,United Native Nations,Lu'Ma Native Housing Society,,
595 e 44th av,"",Sunset,595 e 44th av,013911007;013911015,757201530000,10,1980,,RM-2,Residential,1376000,1407000,Bhagwan Dhir & Madan Dhir,Bhagwan Dhir & Madan Dhir,"",Long-term Rental,"",,,,
2140 cornwall av,"",Kitsilano,2140 cornwall av,014993767;014993759,630087740000,10,1967,,RM-4,Residential,2662000,3018000,Jim Man Koo (Jim Koo),Jim Man Koo (Jim Koo),Teana Villa,Long-term Rental,"",,,,
1539 comox st,1530 henshaw lane;1531 comox st;1532 henshaw lane;1533 comox st,West End,1539 comox st,015761479,607114470000,10,1910,RM-5,RM-5,Residential,3631000,9764000,,,,,,,,,
1191 w 12th av,"",Fairview,1191 w 12th av,014684616,670146170000,10,1906,,R3-3,Residential,1721000,1613000,Hero Hartethorne Holdings Ltd,Hero Hartethorne Holdings Ltd,"",Long-term Rental,"",,,4,http://app.vancouver.ca/RPS_Net/Default.aspx?num=1191&street=W%2012TH%20AVENUE
3623 w broadway,3625 w broadway;3627 w broadway;3629 w broadway,Kitsilano,3623 w broadway,015399303,650040630000,10,1980,,C-2A,Commercial,2888000,5016000,Essex House Enterprises Ltd,Essex House Enterprises Ltd,"",Long-term Rental,"",,,,
1826 adanac st,"",Grandview-Woodland,1826 adanac st,015646271,598251260000,10,1959,,RM-4,Residential,1310000,1323000,David Chin & Wendy Chin & Lily Wong,David Chin & Wendy Chin & Lily Wong,"",Long-term Rental,"",,,1,http://app.vancouver.ca/RPS_Net/Default.aspx?num=1826&street=ADANAC%20STREET
211 e 16th av,213 e 16th av;215 e 16th av,Mount Pleasant,211 e 16th av,011523603,689191050000,10,1984,,C-2A,Commercial,1828000,1943000,UFI Enterprises Ltd,UFI Enterprises Ltd,"",Long-term Rental,"",,,,
8726 hudson st,"",Marpole,8726 hudson st,017657911,144832240000,10,1993,,RM-3A,Residential,1391000,1913000,Million Energy Homes ULC,Million Energy Homes ULC,"",Long-term Rental,"",,,,
117 e 15th av,"",Mount Pleasant,117 e 15th av,006754074,687186150000,10,1958,RM-4,R3-3,Residential,1539000,3719000,,,,,,,,,
2023 w 7th av,"",Kitsilano,2023 w 7th av,015223116,646090790000,10,1959,,RM-4,Residential,2218000,1516000,1127350 BC Ltd,1127350 BC Ltd,"",Long-term Rental,"",,,,
2931 fraser st,"",Mount Pleasant,2931 fraser st,014103877,210683310000,10,1912,RT-5,RT-5,Residential,1454000,365000,,,,,,,,,
1031 cardero st,1033 cardero st;1035 cardero st,West End,1031 cardero st,015755720,"",10,2020,RM-5A,,,,,,,,,,,,,
1546 nelson st,1545 henshaw lane;1553 henshaw lane;1555 henshaw lane;1557 henshaw lane,West End,1546 nelson st,007351356,606114140000,10,2017,RM-5,RM-5,Residential,1815000,2987000,,,,,,,,,
2224 trinity st,"",Grandview-Woodland,2224 trinity st,014935554,568255240000,10,1964,,RM-3A,Residential,1249000,1517000,1487546 B.C. LTD.,1487546 B.C. LTD.,"",Long-term Rental,"",,,,
8680 cartier st,"",Marpole,8680 cartier st,008479437,135830740000,10,1959,,RM-3A,Residential,1806000,906000,ACJ1016 Holdings Ltd,ACJ1016 Holdings Ltd,Casa Barbara,Long-term Rental,"",,,3,http://app.vancouver.ca/RPS_Net/Default.aspx?num=8680&street=CARTIER%20STREET
1209 thurlow st,1100 davie st;1102 davie st;1104 davie st;1201 thurlow st;1215 thurlow st,West End,1209 thurlow st,015746925,612118960000,10,1991,,C-5,Commercial,2615000,7245000,Capitola (D&T) Holdings Ltd,Capitola (D&T) Holdings Ltd,"",Long-term Rental,"",,,1,http://app.vancouver.ca/RPS_Net/Default.aspx?num=1209&street=THURLOW%20STREET
1569 w 12th av,"",Fairview,1569 w 12th av,015014134,670124350000,10,1951,,R5-3,Residential,1721000,2600000,Inni Home (Real Estate) Ltd,Inni Home (Real Estate) Ltd,"",Long-term Rental,"",,,,
8631 montcalm st,"",Marpole,8631 montcalm st,005330467,138830250000,10,1958,,RM-3A,Residential,1806000,778000,Triumphant Holdings Ltd,Triumphant Holdings Ltd,Pearlin Apartments,Long-term Rental,"",,,,
2424 w broadway,"",Kitsilano,2424 w broadway,004649982,650077760000,10,1950,,RM-4,Residential,2079000,1704000,2424 West Broadway Holdings Ltd,2424 West Broadway Holdings Ltd,"",Long-term Rental,"",,,,
1406 laburnum st,"",Kitsilano,1406 laburnum st,013930290;013930303,92627560000,10,1950,,RM-4,Residential,2129000,2883000,Heatherlea Title Ltd,Heatherlea Title Ltd,Heatherlea Apartments,Long-term Rental,"",,,,
8645 fremlin st,"",Marpole,8645 fremlin st,011374381,152830450000,10,1960,,RM-3A,Residential,1419000,1883000,,,,,,,,,
4384 fraser st,4386 fraser st;4388 fraser st;4390 fraser st;707 e 28th av,Kensington-Cedar Cottage,707 e 28th av,005723051;005723043,"",10,1957,C-2,,,,,,,,,,,,,
2760 w 4th av,"",Kitsilano,2760 w 4th av,015124631,640070380000,10,1954,,C-2A,Commercial,2471000,1301000,Macdonald Manor Project Limited Partnership,Macdonald Manor Project Limited Partnership,"",Long-term Rental,"",,,,
1560 william st,1562 william st;1568 william st,Grandview-Woodland,1560 william st,015288463,606234620000,10,1912,RM-4,RM-4,Residential,875000,1609000,,,,,,,,,
1546 yew st,"",,1546 yew st,"","",10,1910,,,,,,Linda Gezanne Forgach & Elisabeth Forgach,Linda Gezanne Forgach & Elisabeth Forgach,"",Long-term Rental,"",,,,
2726 spruce st,"",Fairview,2726 spruce st,008556351,664149040000,10,1958,RM-3,R5-3,Residential,1912000,2166000,,,,,,,,,
2325 w 1st av,"",Kitsilano,2325 w 1st av,014883121,634078770000,10,1956,,RM-4,Residential,2218000,2289000,Rodney M Midgley (Rodney Midgley),Rodney M Midgley (Rodney Midgley),"",Long-term Rental,"",,,,
440 richards st,434 richards st;436 richards st;438 richards st;455 w pender st,Downtown,440 richards st,026765454,592138050000,10,2007,,DD,Comprehensive Development,3480000,5257000,Plan A - 440 Richards St Ltd,Plan A - 440 Richards St Ltd,"",Long-term Rental,"",,,2,http://app.vancouver.ca/RPS_Net/Default.aspx?num=440&street=RICHARDS%20STREET
1602 e broadway,1604 e broadway,Kensington-Cedar Cottage,1602 e broadway,009689290,650234620000,10,1956,,RM-4,Residential,1397000,1611000,(May Seto),(May Seto),"",Long-term Rental,"",,,,
2095 w 46th av,"",Kerrisdale,2095 w 46th av,007221126,91758960000,10,1953,,C-2A,Commercial,3190000,1415000,Janet Wai Chun Li (Janet Li),Janet Wai Chun Li (Janet Li),"",Long-term Rental,"",,,,
2556 w 4th av,"",Kitsilano,2556 w 4th av,009181768,640073380000,10,1947,,RM-4,Residential,1680000,2794000,(Grace Troje),(Grace Troje),"",Long-term Rental,"",,,,
325 lakewood dr,"",Grandview-Woodland,325 lakewood dr,015670139,259588050000,10,1958,,RM-3A,Residential,1087000,1533000,419959 BC Ltd,419959 BC Ltd,"",Long-term Rental,"",,,,
1675 w 12th av,"",Fairview,1675 w 12th av,014183641,670122270000,10,1953,,R5-4,Residential,1721000,2233000,Bright Sun Investments Inc,Bright Sun Investments Inc,"",Long-term Rental,"",,,,
2181 w 40th av,"",Arbutus Ridge,2181 w 40th av,004705793,747081770000,10,1958,,RM-3,Residential,1813000,2031000,1030491 BC Ltd,1030491 BC Ltd,Glenayre Apartments,Long-term Rental,"",,,,
3339 heather st,"",South Cambie,3339 heather st,014748126,163691190000,10,1957,,RM-3A,Residential,1870000,2533000,417833 B C Ltd,417833 B C Ltd,"",Long-term Rental,"",,,,
8668 montcalm st,"",Marpole,8668 montcalm st,014343100,138830640000,10,1958,RM-3A,RM-3A,Residential,1806000,754000,1358481 B.C. LTD.,1358481 B.C. LTD.,"",Long-term Rental,"",,,1,http://app.vancouver.ca/RPS_Net/Default.aspx?num=8668&street=MONTCALM%20STREET
1225 w 72nd av,"",Marpole,1225 w 72nd av,013259148,145832950000,10,1962,,RM-3A,Residential,1483000,1267000,(Fred Luey),(Fred Luey),Tiffany Court,Long-term Rental,"",,,,
2545 w 5th av,"",Kitsilano,2545 w 5th av,014974037,642073450000,10,1912,,RT-8,Residential,2572000,75200,Mike Kefalas & Anna Kefalas,Mike Kefalas & Anna Kefalas,"",Long-term Rental,"",,,,
2309 w 43rd av,"",Kerrisdale,2309 w 43rd av,013674439;013674421,79750930000,10,1959,,RM-3,Residential,2534000,1304000,Kirk West 43rd Holdings Ltd,Kirk West 43rd Holdings Ltd,"",Long-term Rental,"",,,,
1450 maple st,"",Kitsilano,1450 maple st,012833436;012833428,95627780000,10,1950,,RM-4,Residential,2452000,1551000,(Lawrence Brown),(Lawrence Brown),"",Long-term Rental,"",,,,
1942 kingsway,1948 kingsway;1952 kingsway,Kensington-Cedar Cottage,1942 kingsway,015930319,770246520000,10,1990,,C-2A,Commercial,1708000,1657000,Win Gal Holdings Ltd,Win Gal Holdings Ltd,"",Long-term Rental,"",,,,
825 w 70th av,"",Marpole,825 w 70th av,004969570,830153510000,10,1964,,RM-3A,Residential,1755000,867000,Gong Sen Mah (Gong Mah),Gong Sen Mah (Gong Mah),"",Long-term Rental,"",,,,
3527 e hastings st,3531 e hastings st;3535 e hastings st;3539 e hastings st,Hastings-Sunrise,3539 e hastings st,007191197;011780614,590305310000,10,1972,C-2C1,C-2C1,Commercial,2527000,2131000,,,,,,,,,
1985 w 12th av,"",Kitsilano,1985 w 12th av,010864075,670095150000,10,1912,,R5-2,Residential,2415000,216000,(William Wong),(William Wong),"",Long-term Rental,"",,,,
2515 w 4th av,"",Kitsilano,2515 w 4th av,012179981,640073870000,10,1954,,RM-4,Residential,1880000,1909000,Shek Holdings Ltd,Shek Holdings Ltd,"",Long-term Rental,"",,,,
2535 kingsway,2537 kingsway;2541 kingsway;2543 kingsway,Renfrew-Collingwood,2535 kingsway,026172933,770275570000,10,2006,,C-2A,Commercial,2912000,2382000,Superior Holdings Co Ltd,Superior Holdings Co Ltd,"",Long-term Rental,"",,,2,http://app.vancouver.ca/RPS_Net/Default.aspx?num=2535&street=KINGSWAY
1440 w 71st av,"",Marpole,1440 w 71st av,014348438,832132560000,10,1959,,RM-3A,Residential,1677000,864000,KANSAN HOLDINGS INC,KANSAN HOLDINGS INC,"",Long-term Rental,"",,,,
2090 balsam st,"",Kitsilano,2090 balsam st,014970686,642078070000,10,1954,,RM-4,Residential,2070000,1713000,Union Holdings Canada Ltd,Union Holdings Canada Ltd,"",Long-term Rental,"",,,,
5950 east boulevard,"",,5950 east boulevard,"","",10,1955,,,,,,Lightstone Holdings Ltd,Lightstone Holdings Ltd,"",Long-term Rental,"",,,,
5475 yew st,"",Arbutus Ridge,5475 yew st,011479973;011479981,81742850000,10,1956,,RM-3,Residential,2524000,2005000,Bruce P Innes Ltd,Bruce P Innes Ltd,"",Long-term Rental,"",,,,
2325 glen dr,"",Mount Pleasant,2325 glen dr,014939151;014939142,222646050000,10,1965,,RM-4,Residential,1996000,3120000,Glen Drive Apartments Ltd,Glen Drive Apartments Ltd,"",Long-term Rental,"",,,1,http://app.vancouver.ca/RPS_Net/Default.aspx?num=2325&street=GLEN%20DRIVE
3280 cambie st,3286 cambie st;3288 cambie st;3292 cambie st;3296 cambie st;495 w 17th av,Riley Park,495 w 17th av,014194201;014194210;014194198,"",10,1972,C-2,,,,,,,,,,,,,
2044 w 3rd av,"",Kitsilano,2044 w 3rd av,031712410,"",10,1959,RM-4,,,,,,,,,,,,,
2288 w 2nd av,"",Kitsilano,2288 w 2nd av,015280713;015280721,636084140000,10,1957,,R3-3,Residential,2218000,1297000,Hovica Investments Ltd,Hovica Investments Ltd,"",Long-term Rental,"",,,,
1454 w 11th av,"",Fairview,1454 w 11th av,015011453,664130440000,10,1958,,R5-3,Residential,1912000,1932000,Yin K Wong  (Yin Wong),Yin K Wong  (Yin Wong),"",Long-term Rental,"",,,,
2464 w 2nd av,"",Kitsilano,2464 w 2nd av,004402588,636077360000,10,1958,RM-4,RM-4,Residential,2218000,2937000,,,,,,,,,
1727 william st,"",Grandview-Woodland,1727 william st,012686956,606250270000,10,1913,RT-5,RT-5,Residential,1753000,3225000,1700 WILLIAM NOMINEE LTD.,1700 WILLIAM NOMINEE LTD.,"",Long-term Rental,"",,,,
2648 alberta st,285 w 11th av,Mount Pleasant,2648 alberta st,014564254,173654940000,9,1911,,R5-2,Residential,3752000,345000,,,,,,,,,
2226 york av,"",Kitsilano,2226 york av,015097285,631084840000,9,1949,,RM-4,Residential,2307000,1313000,JRKC Holdings Ltd,JRKC Holdings Ltd,"",Long-term Rental,"",,,,
1926 balsam st,"",Kitsilano,1926 balsam st,014975408,638078020000,9,1956,,RM-4,Residential,2218000,3529000,1926 BALSAM STREET HOLDINGS LTD.,1926 BALSAM STREET HOLDINGS LTD.,"",Long-term Rental,"",,,,
2740 yukon st,"",Mount Pleasant,2740 yukon st,017729912,670171050000,9,1911,,R5-2,Residential,3974000,502000,TFYY Holdings Ltd,TFYY Holdings Ltd,"",Long-term Rental,"",,,,
2440 granville st,2446 granville st,Fairview,2446 granville st,015201112,"",9,1996,C-3A,,,,,,,,,,,,,
4354 w 10th av,4356 w 10th av;4358 w 10th av,West Point Grey,4354 w 10th av,007968329,670026580000,9,1988,,C-2A,Commercial,3522000,4306000,(John Zelenika),(John Zelenika),"",Long-term Rental,"",,,,
1003 cambie st,1005 cambie st;1011 cambie st;1019 cambie st;1025 cambie st;1033 cambie st;1035 cambie st;1041 cambie st;1049 cambie st;1057 cambie st;1059 cambie st;1065 cambie st;1067 cambie st;1073 cambie st;1075 cambie st;1081 cambie st;1083 cambie st;1085 cambie st;200 nelson st,Downtown,200 nelson st,002624923,"",9,1989,HA-3,,,,,,,,,,,,,
1683 e 12th av,1677 e 12th av;1687 e 12th av,Kensington-Cedar Cottage,1677 e 12th av,006984746,670234870000,9,1984,C-2C,C-2C,Commercial,1869000,1580000,,,,,,,,,
243 e 15th av,"",Mount Pleasant,243 e 15th av,015607917,687191430000,9,1956,,R3-3,Residential,1497000,1230000,Park Chong Chang (Park Chang),Park Chong Chang (Park Chang),"",Long-term Rental,"",,,,
1404 e 21st av,1408 e 21st av;1416 e 21st av;3716 knight st;3720 knight st;3728 knight st;3732 knight st;3740 knight st,Kensington-Cedar Cottage,1404 e 21st av,013224379;013224387;013224395,230698080000,9,1912,,RM-1,Residential,4249000,28100,YWL Global Investment Consulting & Education (Canada) Inc,YWL Global Investment Consulting & Education (Canada) Inc,"",Long-term Rental,"",,,,
1111 w 16th av,1115 w 16th av,Fairview,1111 w 16th av,004824288,690147290000,9,1912,,R3-2,Residential,3538000,255000,0890208 BC Ltd,0890208 BC Ltd,"",Long-term Rental,"",,,1,http://app.vancouver.ca/RPS_Net/Default.aspx?num=1111&street=W%2016TH%20AVENUE
1555 w 13th av,"",Fairview,1555 w 13th av,014176505,683124470000,9,1956,,R5-3,Residential,1912000,2103000,1555 Holdings Ltd,1555 Holdings Ltd,"",Long-term Rental,"",,,4,http://app.vancouver.ca/RPS_Net/Default.aspx?num=1555&street=W%2013TH%20AVENUE
2812 alberta st,"",Mount Pleasant,2812 alberta st,014563487;014563495,670173060000,9,1910,RT-6,R3-2,Residential,5442718,10000,,,,,,,,,
2565 cornwall av,"",Kitsilano,2565 cornwall av,015099296,630073370000,9,1905,,RT-8,Residential,3706000,300000,Onest Investment Inc,Onest Investment Inc,"",Long-term Rental,"",,,,
349 e 7th av,"",Mount Pleasant,349 e 7th av,015553001,646194970000,9,1971,,R5-3,Residential,1497000,1939000,Janey Pui Chun Lum (Janey Lum),Janey Pui Chun Lum (Janey Lum),"",Long-term Rental,"",,,,
8582 cartier st,"",Marpole,8582 cartier st,005017467,830135070000,9,1955,RM-3A,RM-3A,Residential,1713000,913000,,,,,,,,,
2346 w 43rd av,"",Kerrisdale,2346 w 43rd av,011498315,755078660000,9,1954,,RM-3,Residential,2142000,1593000,Kerrisdale Apartments Ltd,Kerrisdale Apartments Ltd,"",Long-term Rental,"",,,,
2415 w 4th av,"",Kitsilano,2415 w 4th av,014978733,640077870000,9,1920,,RM-4,Residential,2820000,1496000,2415 WEST 4TH HOLDINGS LTD.,2415 WEST 4TH HOLDINGS LTD.,"",Long-term Rental,"",,,,
2425 w broadway,"",Kitsilano,2425 w broadway,014865459,650077750000,9,1954,,RM-4,Residential,1913000,1433000,1521768 B.C. LTD.,1521768 B.C. LTD.,"",Long-term Rental,"",,,3,http://app.vancouver.ca/RPS_Net/Default.aspx?num=2425&street=W%20BROADWAY
1154 comox st,"",West End,1154 comox st,015750485,607118340000,9,2003,,RM-5B,Residential,441000,663000,,,,,,Mole Hill - Phase II,Mole Hill Community Housing Society,,
502 victoria dr,504 victoria dr;508 victoria dr;514 victoria dr;520 victoria dr;524 victoria dr,Grandview-Woodland,502 victoria dr,014302659,253592020000,9,1911,,RM-4,Residential,1279000,1131000,,,,,,,,,
225 w 10th av,"",Mount Pleasant,225 w 10th av,002453762,654173650000,9,1953,,R5-3,Residential,1620000,1092000,WHL Properties Ltd,WHL Properties Ltd,"",Long-term Rental,"",,,,
725 salsbury dr,"",Grandview-Woodland,725 salsbury dr,015163563,596250960000,9,1955,,RM-4,Residential,1167000,1319000,Jean S Wong (Jean Wong),Jean S Wong (Jean Wong),Bel-Air Apartment,Long-term Rental,"",,,,
2376 w 43rd av,"",Kerrisdale,2376 w 43rd av,011498293,755078360000,9,1954,RM-3,RM-3,Residential,2142000,1593000,,,,,,,,,
2520 prince albert st,"",Mount Pleasant,2520 prince albert st,015438171,212650200000,9,1911,,R3-3,Residential,662000,2122000,(Sally MacRae),(Sally MacRae),"",Long-term Rental,"",,,,
2546 w 3rd av,"",Kitsilano,2546 w 3rd av,EPS3375,"",9,1912,RT-8,,,,,,,,,,,,,
537 e 7th av,"",Mount Pleasant,537 e 7th av,004265751,646201370000,9,1912,,R5-4,Residential,998000,1216000,Acona Investments Ltd,Acona Investments Ltd,"",Long-term Rental,"",,,4,http://app.vancouver.ca/RPS_Net/Default.aspx?num=537&street=E%207TH%20AVENUE
1330 cotton dr,"",Grandview-Woodland,1330 cotton dr,014967936;014968126,611236070000,9,1913,RM-4,RM-4,Residential,1787000,2605000,,,,,,,,,
1546 w 14th av,"",Fairview,1546 w 14th av,014174219,686124560000,9,1955,,R3-3,Residential,1912000,1889000,Norman Lee & May Lee,Norman Lee & May Lee,"",Long-term Rental,"",,,,
1346 w 11th av,"",Fairview,1346 w 11th av,012820296,664134560000,9,1954,,R5-4,Residential,1912000,2480000,Tribe Rental Management,1346 West 11th Management Inc,"",Long-term Rental,"",,,,
1355 w 12th av,"",Fairview,1355 w 12th av,010269177,670134470000,9,1954,,R5-4,Residential,1721000,2014000,LIONS GATE COMMUNITIES CORP.,LIONS GATE COMMUNITIES CORP.,Lionsgate Communities,Long-term Rental,"",,,,
3795 commercial st,3791 commercial st;3797 commercial st,Kensington-Cedar Cottage,3795 commercial st,029243572,243696650000,9,2020,MC-1,MC-1,Industrial,1352000,4037000,,,,,,,,,
982 w 18th av,966 w 18th av;968 w 18th av;974 w 18th av,South Cambie,966 w 18th av,032388004,"",9,1955,RT-2,,,,,,,,,,,,,
1225 w 10th av,"",Fairview,1225 w 10th av,015019098,654138750000,9,1956,,R5-3,Residential,1912000,1987000,1124955 BC Ltd,1124955 BC Ltd,"",Long-term Rental,"",,,,
1575 w 14th av,"",Fairview,1575 w 14th av,013484605,686124250000,9,1939,,R3-3,Residential,1912000,1318000,Harkerson BC Wholesale Lumber (1966) Ltd,Harkerson BC Wholesale Lumber (1966) Ltd,"",Long-term Rental,"",,,,
2218 e 41st av,2220 e 41st av;2222 e 41st av;2224 e 41st av;2232 e 41st av;2238 e 41st av;2244 e 41st av;2250 e 41st av;2256 e 41st av,Victoria-Fraserview,2218 e 41st av,009529675,750254920000,9,1959,CD-1 (3A),CD-1 (3A),Comprehensive Development,1373000,2691000,,,,,,,,,
2386 w 5th av,"",Kitsilano,2386 w 5th av,014966425,642078160000,9,1912,,RT-8,Residential,2816000,195000,Nick Gourtziovalitis & Eugenia Gourtziovalitis,Nick Gourtziovalitis & Eugenia Gourtziovalitis,"",Long-term Rental,"",,,,
2438 point grey rd,"",Kitsilano,2438 point grey rd,007150067,629077860000,9,1953,,RM-4,Residential,2884000,2250000,Braddan Private Hospital Ltd,Braddan Private Hospital Ltd,"",Long-term Rental,"",,,,
1425 w 10th av,"",Fairview,1425 w 10th av,015019772,654130750000,9,1910,,R5-3,Residential,1912000,1280000,,,,,,,,,
1565 w 14th av,"",Fairview,1565 w 14th av,003206343,686124350000,9,1928,,R3-3,Residential,1912000,1499000,Harkerson BC Wholesale Lumber (1966) Ltd,Harkerson BC Wholesale Lumber (1966) Ltd,"",Long-term Rental,"",,,,
1386 w 11th av,"",Fairview,1386 w 11th av,013546805,664134160000,9,1912,,R5-4,Residential,1912000,1291000,Ideal Holdings 1386 Ltd,Ideal Holdings 1386 Ltd,"",Long-term Rental,"",,,,
2254 cornwall av,"",Kitsilano,2254 cornwall av,015097692,630084640000,9,1955,RM-4,RM-4,Residential,2662000,4325000,0893906 BC Ltd,0893906 BC Ltd,"",Long-term Rental,"",,,,
1888 maple st,"",Kitsilano,1888 maple st,015287416;015287408,638095070000,9,1953,,R3-3,Residential,2218000,1627000,1888 Maple Street Holdings Ltd,1888 Maple Street Holdings Ltd,"",Long-term Rental,"",,,,
250 e 13th av,"",Mount Pleasant,250 e 13th av,015607631,683191500000,9,1910,,R3-3,Residential,2035000,139000,Realwest Investments Ltd,Realwest Investments Ltd,"",Long-term Rental,"",,,,
2532 fraser st,"",Mount Pleasant,2532 fraser st,007615795,210650320000,9,1910,,RT-5,Residential,1041000,1819000,,,,,,,,,
1455 w 14th av,"",Fairview,1455 w 14th av,010536809,686130450000,9,1929,,R3-3,Residential,1912000,1269000,Cartasia Investments Ltd,Cartasia Investments Ltd,"",Long-term Rental,"",,,,
2434 cornwall av,"",Kitsilano,2434 cornwall av,015099091,630077620000,9,1952,,RM-4,Residential,2218000,1632000,(Elisabeth Forgach),(Elisabeth Forgach),"",Long-term Rental,"",,,,
2578 w 4th av,"",Kitsilano,2578 w 4th av,014973855,640073140000,9,1953,,RM-4,Residential,1713000,1780000,(Antonios Tsigounis),(Antonios Tsigounis),"",Long-term Rental,"",,,,
3605 e hastings st,3601 e hastings st;3609 e hastings st;3615 e hastings st;3619 e hastings st;3623 e hastings st;3627 e hastings st;388 kootenay st,Hastings-Sunrise,388 kootenay st,EPS3020,"",9,1950,C-2C,,,,,,,,,,,,,
925 victoria dr,"",Grandview-Woodland,925 victoria dr,015028585,600252960000,9,1955,,RT-5,Residential,2012000,452000,Anthony Paul Serka & Norma Serka,Anthony Paul Serka & Norma Serka,"",Long-term Rental,"",,,,
1562 e 3rd av,"",Grandview-Woodland,1562 e 3rd av,015498701,633234620000,9,1972,,RM-4,Residential,1383000,1041000,Robert W Wong (Robert Wong),Robert W Wong (Robert Wong),"",Long-term Rental,"",,,,
1065 w 10th av,"",Fairview,1065 w 10th av,015018911,654149350000,9,1957,,R5-3,Residential,1912000,2464000,Benny R Johl & Charnjit Johl,Benny R Johl & Charnjit Johl,Capri Apts,Long-term Rental,"",,,,
1923 parker st,"",Grandview-Woodland,1923 parker st,014999285,601253230000,9,1965,,RT-5,Residential,2127000,1273000,AF2G Investments Inc,AF2G Investments Inc,"",Long-term Rental,"",,,,
541 w 13th av,"",Fairview,541 w 13th av,014672464,683165470000,9,1912,,R5-3,Residential,1912000,1785000,Eventide Properties (Fairview) Ltd,Eventide Properties (Fairview) Ltd,"",Long-term Rental,"",,,,
710 e 54th av,"",Sunset,710 e 54th av,014670488,210804060000,9,1965,,RT-2,Residential,2615000,18900,Cresthill Apartments Ltd,Cresthill Apartments Ltd,"",Long-term Rental,"",,,,
977 broughton st,"",West End,977 broughton st,013272136,116605550000,9,1905,,RM-5,Residential,1743000,22000,Wonderful Holdings Ltd,Wonderful Holdings Ltd,"",Long-term Rental,"",,,,
2035 w 5th av,"",Kitsilano,2035 w 5th av,015246965;015246981,642090390000,9,1965,,R3-3,Residential,2070000,1446000,2035 W 5th Ave Holdings Ltd,2035 W 5th Ave Holdings Ltd,"",Long-term Rental,"",,,,
2426 w 4th av,"",Kitsilano,2426 w 4th av,004249241,640077760000,9,1948,,RM-4,Residential,1747000,2142000,,,,,,,,,
512 union st,"",Strathcona,512 union st,015561933;015561917,598196140000,9,1958,,RT-3,Residential,2943000,14600,Lorraine M Tam & Amy Chow & Delores Tam,Lorraine M Tam & Amy Chow & Delores Tam,"",Long-term Rental,"",,,,
1937 w 2nd av,"",Kitsilano,1937 w 2nd av,015227634;015227693;015227669;015227651,636095490000,9,1979,,R3-3,Residential,4363000,1615000,,,,,,Community Alternatives Co-op,Community Alternatives Co-op Housing Association,,
2263 w 2nd av,"",Kitsilano,2263 w 2nd av,008067899;005019061,636084350000,9,1957,,R3-3,Residential,2218000,1511000,Enhancement Properties Ltd,Enhancement Properties Ltd,"",Long-term Rental,"",,,,
1025 w 13th av,"",Fairview,1025 w 13th av,014674793,683149770000,9,1952,,R3-3,Residential,1912000,2765000,Avaun Suites Inc,Avaun Suites Inc,"",Long-term Rental,"",,,1,http://app.vancouver.ca/RPS_Net/Default.aspx?num=1025&street=W%2013TH%20AVENUE
954 cardero st,"",West End,954 cardero st,014510421,114605560000,9,1910,RM-5,RM-5,Residential,1962000,262000,,,,,,,,,
1930 arbutus st,1940 arbutus st;2091 w 4th av;2095 w 4th av,Kitsilano,1940 arbutus st,015344789;015344771,"",9,1912,C-2B,,,,,,,,,,,,,
5925 vine st,"",Kerrisdale,5925 vine st,011496452;011496649,755078960000,9,1955,,RM-3,Residential,1957000,2069000,Peter Kletas & Sofia Kletas,Peter Kletas & Sofia Kletas,"",Long-term Rental,"",,,,
5607 yew st,"",Arbutus-Ridge,5607 yew st,010849335,747081940000,9,1950,RM-3,RM-3,Residential,1553000,2422000,,,,,,,,,
675 salsbury dr,"",Grandview-Woodland,675 salsbury dr,009309594,596250950000,9,1955,,RM-4,Residential,1167000,1229000,Motor Ma & Frank Ma,Motor Ma & Frank Ma,"",Long-term Rental,"",,,,
1550 harwood st,"",West End,1550 harwood st,015745007,615114360000,9,1922,RM-5A,RM-5A,Residential,3484000,185000,,,,,,,,,
1216 w 10th av,"",Fairview,1216 w 10th av,015015637,654138860000,9,1954,,R3-3,Residential,1912000,2212000,477362 BC Ltd,477362 BC Ltd,"",Long-term Rental,"",,,3,http://app.vancouver.ca/RPS_Net/Default.aspx?num=1216&street=W%2010TH%20AVENUE
1235 w 70th av,"",Marpole,1235 w 70th av,013782461;013782614,830144750000,9,1952,,RM-3A,Residential,1799000,520000,Trevelyan Sue A Quan & Xiao Li Sue A Quan,Trevelyan Sue A Quan & Xiao Li Sue A Quan,"",Long-term Rental,"",,,1,http://app.vancouver.ca/RPS_Net/Default.aspx?num=1235&street=W%2070TH%20AVENUE
1157 pendrell st,"",West End,1157 pendrell st,015751252,609118330000,9,2003,,RM-5B,Residential,274000,363000,,,,,,Mole Hill - Phase II,Mole Hill Community Housing Society,,
2341 w broadway,"",Kitsilano,2341 w broadway,014864223,650078750000,9,1953,,RM-4,Residential,1913000,1542000,Anthanasious Voutsilakos & Vasiliki Voutsilakos,Anthanasious Voutsilakos & Vasiliki Voutsilakos,"",Long-term Rental,"",,,1,http://app.vancouver.ca/RPS_Net/Default.aspx?num=2341&street=W%20BROADWAY
2756 victoria dr,"",Kensington-Cedar Cottage,2756 victoria dr,018553630,253665400000,9,1994,,RM-4,Residential,1,1,Coast Foundation Society (1974) City Of Vancouver,Coast Foundation Society (1974) City Of Vancouver,"",Long-term Rental,Non-Profit Housing,Hydrecs House,Coast Mental Health,,
1975 balsam st,"",Kitsilano,1975 balsam st,009104283,640077950000,9,1953,,RM-4,Residential,1880000,2239000,Loleon Holdings Inc,Loleon Holdings Inc,"",Long-term Rental,"",,,,
2456 w 4th av,"",Kitsilano,2456 w 4th av,014973201,640077460000,9,1947,RM-4,RM-4,Residential,1747000,2274000,,,,,,,,,
8679 montcalm st,"",Marpole,8679 montcalm st,007349661,138830750000,9,1954,RM-3A,RM-3A,Residential,1806000,503000,,,,,,,,,
1565 w 15th av,"",Fairview,1565 w 15th av,011443987,688124470000,9,1940,,R3-3,Residential,1912000,1373000,Lotte & John Hecht Memorial Foundation,Lotte & John Hecht Memorial Foundation,"",Long-term Rental,"",,,,
1176 w 12th av,"",Fairview,1176 w 12th av,014674947;014674921,670146300000,9,1924,,R3-3,Residential,3119000,1057000,1176 W 12th Holdings Ltd,1176 W 12th Holdings Ltd,"",Long-term Rental,"",,,,
3612 w 4th av,3608 w 4th av,Kitsilano,3612 w 4th av,015416402,41640070000,9,1949,,C-2A,Commercial,3100000,5374000,Earthnest Holding Ltd,Earthnest Holding Ltd,"",Long-term Rental,"",,,,
1114 comox st,"",West End,1114 comox st,015750353,607118820000,9,2001,,RM-5B,Residential,559000,216000,,,,,,Mole Hill - Phase I,Mole Hill Community Housing Society,,
818 hawks av,820 hawks av;822 hawks av;824 hawks av;826 hawks av;828 hawks av;830 hawks av;832 hawks av;834 hawks av,Strathcona,818 hawks av,015571611;015571629,600212050000,9,1905,,RT-3,Residential,2905000,708000,Chang Ping Ming (Chang Ming),Chang Ping Ming (Chang Ming),"",Long-term Rental,"",,,,
1086 w 11th av,"",Fairview,1086 w 11th av,014684225,664149140000,9,1956,,R5-3,Residential,1912000,2349000,Hor Lee & Shiu Fong Lee,Hor Lee & Shiu Fong Lee,"",Long-term Rental,"",,,,
4364 w 10th av,4360 w 10th av;4362 w 10th av,West Point Grey,4360 w 10th av,011893966,"",9,1988,C-2,,,,,,,,,,,,,
1338 w 10th av,"",Fairview,1338 w 10th av,003923487,654134640000,9,1956,,R5-3,Residential,1912000,2085000,Derek Chu & Wong Holding Ltd,Derek Chu & Wong Holding Ltd,"",Long-term Rental,"",,,,
8632 french st,"",Marpole,8632 french st,014344408,132830320000,9,1954,,RM-3A,Residential,1806000,337000,Sui King Winnie Chan (Sui Chan),Sui King Winnie Chan (Sui Chan),"",Long-term Rental,"",,,,
1256 w 11th av,"",Fairview,1256 w 11th av,009104542,664138440000,9,1954,,R3-3,Residential,1912000,2004000,Loleon Holdings Inc,Loleon Holdings Inc,"",Long-term Rental,"",,,,
8775 oak st,"",Marpole,8775 oak st,009936998,150832610000,9,1953,,RM-3A,Residential,1641000,489000,How Wah Wong & Keeman Wong & Katherine Wong,How Wah Wong & Keeman Wong & Katherine Wong,"",Long-term Rental,"",,,,
2222 alma st,"",Kitsilano,2222 alma st,029209871,643040040000,9,2016,RM-4,RM-4,Residential,5372000,8845000,Alma Court Holdings Inc,Alma Court Holdings Inc,Alma Court,Long-term Rental,"",,,,
1365 burnaby st,"",West End,1365 burnaby st,003138160,613116270000,9,1952,,RM-5A,Residential,2751000,681000,Vanca Holdings Ltd,Vanca Holdings Ltd,"",Long-term Rental,"",,,,
1255 w 12th av,"",Fairview,1255 w 12th av,014687003,670138450000,9,1940,,R3-3,Residential,1721000,3373000,Devon Manor Property Ltd,Devon Manor Property Ltd,"",Long-term Rental,"",,,,
831 commercial dr,1697 venables st;841 commercial dr,Grandview-Woodland,841 commercial dr,015162711,"",9,1910,I-2,,,,,,,,,,,,,
309 e cordova st,"",Strathcona,309 e cordova st,015602443;015602486;015602435,589192110000,9,1986,DEOD,DEOD,Comprehensive Development,2129000,341000,643838 BC Ltd,643838 BC Ltd,"",Long-term Rental,"",,,,
5751 yew st,"",Kerrisdale,5751 yew st,014059711;014059703,81750130000,9,1955,,RM-3,Residential,1903000,2237000,Top Development Ltd,Top Development Ltd,Ebbtide,Long-term Rental,"",,,,
842 e 8th av,"",Mount Pleasant,842 e 8th av,007762143,648212420000,8,1968,,R3-3,Residential,1497000,1060000,(Miguela Kedawen),(Miguela Kedawen),"",Long-term Rental,"",,,,
1727 grant st,"",Grandview-Woodland,1727 grant st,002901412,612250270000,8,1912,,RT-5,Residential,1805000,285000,1106062 BC Ltd,1106062 BC Ltd,Vincent Home Family and Pets,Long-term Rental,"",,,,
1067 w 70th av,"",Marpole,1067 w 70th av,006736033;006736025,830148550000,8,1953,,RM-3A,Residential,1713000,459000,JACBBS Investments Ltd,JACBBS Investments Ltd,"",Long-term Rental,"",,,,
1826 w 16th av,"",Shaughnessy,1826 w 16th av,011521112,690097740000,8,1912,,FSD,Comprehensive Development,3531748,157000,A & J Holdings Ltd,A & J Holdings Ltd,"",Long-term Rental,"",,,,
2269 w 6th av,"",Kitsilano,2269 w 6th av,015229246,643084250000,8,1963,,R3-3,Residential,2218000,833000,Frank Vizi & Tereza Vizi,Frank Vizi & Tereza Vizi,"",Long-term Rental,"",,,,
2305 w 6th av,2175 vine st,Kitsilano,2305 w 6th av,008350418,643078970000,8,1910,,RT-8,Residential,2964000,165000,Krishna Bagga & Rakesh Bagga,Krishna Bagga & Rakesh Bagga,"",Long-term Rental,"",,,,
2330 mcgill st,"",Grandview-Woodland,2330 mcgill st,015694755;015694763,570267600000,8,1964,,RM-3A,Residential,1104000,1108000,(George Liu),(George Liu),"",Long-term Rental,"",,,,
1222 melville st,"",Downtown,1222 melville st,015745295,597117740000,8,2017,,DD,Comprehensive Development,5462000,36600,,,,,,,,,
945 princess av,"",Strathcona,945 princess av,"","",8,1908,RT-3,,,,,,,,,,,,,
675 victoria dr,"",Grandview-Woodland,675 victoria dr,018879365,596251910000,8,1954,,RM-4,Residential,1191000,1660000,1027787 BC Ltd,1027787 BC Ltd,"",Long-term Rental,"",,,2,http://app.vancouver.ca/RPS_Net/Default.aspx?num=675&street=VICTORIA%20DRIVE
1326 w 10th av,"",Fairview,1326 w 10th av,009946250,654134740000,8,2004,,R5-3,Residential,1912000,1917000,Yin Wong & Peter Yang & Marie Yang,Yin Wong & Peter Yang & Marie Yang,"",Long-term Rental,"",,,,
1996 whyte av,1206 maple st,Kitsilano,1206 maple st,013931091;013931113;013931105,626095200000,8,1925,RT-9,RT-9,Residential,3385000,4500,,,,,,,,,
1724 frances st,"",Grandview-Woodland,1724 frances st,015166538,594250240000,8,1956,,RM-4,Residential,1326000,1134000,(Brian Jun),(Brian Jun),"",Long-term Rental,"",,,,
1349 w 70th av,"",Marpole,1349 w 70th av,010839631,830137950000,8,1955,,RM-3A,Residential,1352000,687000,Keljais Places Ltd,Keljais Places Ltd,"",Long-term Rental,"",,,1,http://app.vancouver.ca/RPS_Net/Default.aspx?num=1349&street=W%2070TH%20AVENUE
2043 stainsbury av,"",Kensington-Cedar Cottage,2043 stainsbury av,014138336,697250430000,8,1910,RS-1,R1-1,Residential Inclusive,1314000,281000,,,,,,,,,
2165 oxford st,"",Grandview-Woodland,2165 oxford st,011364904,577259650000,8,1913,RM-3A,RM-3A,Residential,1317000,2380000,,,,,,,,,
5085 main st,"",Riley Park,5085 main st,030256089;EPS4466,190730930000,8,2018,CD-1 (617),CD-1 (617),Comprehensive Development,3173940,728000,,,,,,,,,
1719 yew st,"",Kitsilano,1719 yew st,015234568;015234550;015234533,87634470000,8,1908,,R3-3,Residential,1663000,2275000,Gica Holdings Ltd,Gica Holdings Ltd,"",Long-term Rental,"",,,,
1122 bute st,"",West End,1122 bute st,015750582,118607960000,8,2003,,RM-5B,Residential,532200,234000,,,,,,Mole Hill - Phase II,Mole Hill Community Housing Society,,
1969 pine st,1701 w 4th av;1703 w 4th av;1705 w 4th av;1975 pine st,Fairview,1975 pine st,023063505,"",8,1999,C-2B,,,,,,,,,,,,,
1427 w king edward av,"",Shaughnessy,1427 w king edward av,011530162,710130750000,8,1912,,FSD,Comprehensive Development,4248914,381000,,,,,,,,5,http://app.vancouver.ca/RPS_Net/Default.aspx?num=1427&street=W%20KING%20EDWARD%20AVENUE
2185 oxford st,"",Grandview-Woodland,2185 oxford st,010514830,577259850000,8,1957,,RM-3A,Residential,1087000,2133000,1114747 B.C. LTD.,1114747 B.C. LTD.,"",Long-term Rental,"",,,,
2233 w 1st av,"",Kitsilano,2233 w 1st av,015097307,634084730000,8,1978,,RM-4,Residential,2181000,1522000,JRKC Holdings Ltd,JRKC Holdings Ltd,"",Long-term Rental,"",,,,
2358 cornwall av,"",Kitsilano,2358 cornwall av,015098516,630078440000,8,1953,,RM-4,Residential,2662000,3269000,1337994 BC Ltd,1337994 BC Ltd,"",Long-term Rental,"",,,,
1639 vine st,"",Kitsilano,1639 vine st,015097544,84631950000,8,1958,,RM-4,Residential,2218000,876000,Spilious Golfinopoulos & Helen Golfinopoulos,Spilious Golfinopoulos & Helen Golfinopoulos,"",Long-term Rental,"",,,,
4987 main st,"",Riley Park,4987 main st,009930671,190730390000,8,1953,,RM-3A,Residential,1821000,10000,1227232 BC Ltd,1227232 BC Ltd,"",Long-term Rental,"",,,,
2274 oxford st,"",Grandview-Woodland,2274 oxford st,003641121,577265740000,8,1966,,RM-3A,Residential,1087000,1433000,Jacqueline Ward & Julian Ward,Jacqueline Ward & Julian Ward,"",Long-term Rental,"",,,,
930 e 8th av,"",Mount Pleasant,930 e 8th av,018025919,648214300000,8,1968,,R3-3,Residential,1497000,1068000,Bailey Lam & Theresa Lam,Bailey Lam & Theresa Lam,"",Long-term Rental,"",,,,
2333 main st,2331 main st;2337 main st,Mount Pleasant,2333 main st,015551288;015551300,190646650000,8,1910,,C-3A,Commercial,2423000,2888000,ThePorter Residences Development Limited Partnership,ThePorter Residences Development Limited Partnership,"",Long-term Rental,"",,,1,http://app.vancouver.ca/RPS_Net/Default.aspx?num=2333&street=MAIN%20STREET
8666 laurel st,"",Marpole,8666 laurel st,004246217,153830640000,8,1964,,RM-3A,Residential,1393000,623000,Sumita Properties Ltd,Sumita Properties Ltd,"",Long-term Rental,"",,,,
3427 commercial st,3433 commercial st;3435 commercial st,Kensington-Cedar Cottage,3427 commercial st,014894335;014894343,243692150000,8,1976,,MC-1,Industrial,2846000,3632000,Hudsonmorris (3427 Commercial) Projects Corp,Hudsonmorris (3427 Commercial) Projects Corp,"",Long-term Rental,"",,,5,http://app.vancouver.ca/RPS_Net/Default.aspx?num=3427&street=COMMERCIAL%20STREET
1004 w 11th av,"",Fairview,1004 w 11th av,014684276;014684365,664149940000,8,1912,,R5-3,Residential,3406000,121000,(Kanwaljit Nijjar),(Kanwaljit Nijjar),"",Long-term Rental,"",,,,
8616 fremlin st,"",Marpole,8616 fremlin st,014254484,152830160000,8,1964,RM-3A,RM-3A,Residential,1393000,1263000,,,,,,,,,
2812 yukon st,"",Mount Pleasant,2812 yukon st,009904140;009904174,670171040000,8,1909,,R5-2,Residential,5442718,10000,(Guangling Yuan),(Guangling Yuan),Yukon Manor,Long-term Rental,"",,,,
315 powell st,"",Strathcona,315 powell st,015605621,580192130000,8,1986,,DEOD,Comprehensive Development,430000,341000,The Bloom Group Community Services Society,The Bloom Group Community Services Society,Cecelia House,Long-term Rental,Non-Profit Housing,Cecilia House,The Bloom Group,,
1461 kingsway,1463 kingsway,Kensington-Cedar Cottage,1461 kingsway,024126667,770230750000,8,1999,,C-2A,Commercial,1983000,1713000,Amaro D Ferreira (Amaro Ferreira),Amaro D Ferreira (Amaro Ferreira),"",Long-term Rental,"",,,,
1220 salsbury dr,"",Grandview-Woodland,1220 salsbury dr,011152796,252606460000,8,1981,,RT-5,Residential,2086000,17900,,,,,,Vancouver East Co-op,Vancouver East Co-op Housing Association,,
2574 w broadway,"",Kitsilano,2574 w broadway,004881061,650073240000,8,1958,,C-2A,Commercial,2733000,2233000,Trafalgar Lands Ltd,Trafalgar Lands Ltd,"",Long-term Rental,"",,,,
1325 w 13th av,"",Fairview,1325 w 13th av,014681498,683134750000,8,1912,RM-3,R3-3,Residential,3243000,132000,,,,,,,,,
823 broughton st,"",West End,823 broughton st,015775577,116602650000,8,1905,,RM-5,Residential,2613000,138000,Kevin Donaghy & Susanna Lew,Kevin Donaghy & Susanna Lew,"",Long-term Rental,"",,,,
2879 w broadway,2881 w broadway;2883 w broadway;2885 w broadway,Kitsilano,2879 w broadway,011720085,650067110000,8,1988,,C-2A,Commercial,2481000,6550000,(Ted Tsoromocos),(Ted Tsoromocos),"",Long-term Rental,"",,,4,http://app.vancouver.ca/RPS_Net/Default.aspx?num=2879&street=W%20BROADWAY
436 e 15th av,"",Mount Pleasant,436 e 15th av,015611132,687197360000,8,1965,,R3-3,Residential,1404000,1161000,Hart's Contracting Ltd,Hart's Contracting Ltd,"",Long-term Rental,"",,,,
2144 dundas st,"",Grandview-Woodland,2144 dundas st,015683273,580259660000,8,1971,,RM-3A,Residential,978000,1260000,Perlena Apartments Ltd,Perlena Apartments Ltd,"",Long-term Rental,"",,,,
1725 w 12th av,"",Fairview,1725 w 12th av,014183765,670120750000,8,1912,,R3-3,Residential,3015000,53800,(Konstantinos Sidiropoulos),(Konstantinos Sidiropoulos),"",Long-term Rental,"",,,,
1375 w 14th av,"",Fairview,1375 w 14th av,004246390,686134270000,8,1912,RM-3,R3-3,Residential,3015000,108000,,,,,,,,,
2608 ontario st,"",Mount Pleasant,2608 ontario st,013710362,184654160000,8,1910,,R5-3,Residential,1579000,239000,(Rayne Graham),(Rayne Graham),"",Long-term Rental,"",,,,
4118 main st,4120 main st;4124 main st,Riley Park,4120 main st,014619652;014619644,"",8,1910,C-2,,,,,,,,,,,,,
53 e 13th av,"",Mount Pleasant,53 e 13th av,007967888,683184750000,8,1966,,R5-4,Residential,1509000,2430000,0724655 BC Ltd,0724655 BC Ltd,"",Long-term Rental,"",,,,
3566 w 4th av,2020 dunbar st;2022 dunbar st;2024 dunbar st;2026 dunbar st;3570 w 4th av;3574 w 4th av;3578 w 4th av;3586 w 4th av;3590 w 4th av;3594 w 4th av;3598 w 4th av,Kitsilano,2020 dunbar st,015412270;015412181,"",8,1912,C-2,,,,,,,,,,,,,
1035 granville st,1033 granville st;1037 granville st;1039 granville st,Downtown,1035 granville st,015497151;015497160,"",8,1907,DD,,,,,,,,,,,,,
365 e 14th av,"",Mount Pleasant,365 e 14th av,015613607,684194650000,8,1955,,R3-3,Residential,1346000,1307000,(Anastasios Lavas),(Anastasios Lavas),"",Long-term Rental,"",,,,
103 e hastings st,105 e hastings st,Downtown,103 e hastings st,010184414,590186170000,8,2021,,DEOD,Comprehensive Development,1035334,73001,PHS Community Services Society,PHS Community Services Society,The Lark,Long-term Rental,"",The Lark,PHS Community Services Society,,
1043 w 12th av,1047 w 12th av,Fairview,1043 w 12th av,003498093,670149550000,8,1912,,R5-3,Residential,2757000,124000,W V Falcus & Associates (1977) Ltd,W V Falcus & Associates (1977) Ltd,"",Long-term Rental,"",,,,
1339 w 71st av,"",Marpole,1339 w 71st av,014343061,832138210000,8,1955,,RM-3A,Residential,1677000,576000,Forestom Corporation,Forestom Corporation,"",Long-term Rental,"",,,1,http://app.vancouver.ca/RPS_Net/Default.aspx?num=1339&street=W%2071ST%20AVENUE
817 bidwell st,1706 robson st;1710 robson st;819 bidwell st;821 bidwell st;823 bidwell st;825 bidwell st;827 bidwell st;829 bidwell st;831 bidwell st;833 bidwell st;835 bidwell st;837 bidwell st,West End,817 bidwell st,007386168,602110940000,8,1978,,C-5A,Commercial,8664000,5368000,Winson Pacific Holdings Ltd,Winson Pacific Holdings Ltd,"",Long-term Rental,"",,,,
3031 kingsway,3029 kingsway,Renfrew-Collingwood,3029 kingsway,006549551,"",8,1988,,,,,,Eleftherios Perivuliotis & Euthokia Perivuliotis,Eleftherios Perivuliotis & Euthokia Perivuliotis,"",Long-term Rental,"",,,,
1075 w 15th av,"",Fairview,1075 w 15th av,008820546,688149250000,8,1910,,R3-2,Residential,3243000,156000,Linda Wright & Hartmut Bichler,Linda Wright & Hartmut Bichler,"",Long-term Rental,"",,,,
6248 fraser st,6250 fraser st;6252 fraser st;6260 fraser st;6262 fraser st,Sunset,6250 fraser st,014763800,210761640000,8,1951,C-2,C-2A,Commercial,2682000,2620000,,,,,,,,,
549 e 48th av,"",Sunset,549 e 48th av,014692619,769201350000,8,1912,RS-1,R1-1,Residential Inclusive,1635000,394000,,,,,,,,,
8636 fremlin st,"",Marpole,8636 fremlin st,003136833,152830360000,8,1963,RM-3A,RM-3A,Residential,1419000,469000,,,,,,,,,
4089 osler st,1107 w king edward av,Shaughnessy,4089 osler st,011525819;011525762,148705930000,8,1912,,FSD,Comprehensive Development,4364995,241000,Garry Douglas Baker (Garry Baker),Garry Douglas Baker (Garry Baker),"",Long-term Rental,"",,,,
1534 victoria dr,1536 victoria dr;1538 victoria dr,Grandview-Woodland,1536 victoria dr,005270995,"",8,1910,RT-5,,,,,,,,,,,,,
2067 pandora st,"",Grandview-Woodland,2067 pandora st,015678792,587255750000,8,1965,,RM-3A,Residential,1087000,1433000,1153582 BC Ltd,1153582 BC Ltd,"",Long-term Rental,"",,,,
2160 w 39th av,"",Arbutus Ridge,2160 w 39th av,011280174,744081440000,8,1956,,RM-3,Residential,1813000,1063000,Warren King & Shirley King,Warren King & Shirley King,"",Long-term Rental,"",,,,
2754 w 4th av,"",Kitsilano,2754 w 4th av,015124622,640070500000,8,1955,,C-2A,Commercial,2471000,1301000,Kit S Hung & Shuk Y Hung,Kit S Hung & Shuk Y Hung,"",Long-term Rental,"",,,,
1435 w 10th av,"",Fairview,1435 w 10th av,015019730,654130650000,8,1944,,R5-3,Residential,1912000,903000,(Frederick Lee),(Frederick Lee),"",Long-term Rental,"",,,1,http://app.vancouver.ca/RPS_Net/Default.aspx?num=1435&street=W%2010TH%20AVENUE
1696 frances st,"",Grandview-Woodland,1696 frances st,013110039,594235960000,8,1958,,RM-4,Residential,1237000,950000,Grace Wong & Bak Won Huey,Grace Wong & Bak Won Huey,"",Long-term Rental,"",,,,
8555 granville st,8475 granville st,Marpole,8555 granville st,028800273;EPS2004;029190533,"",8,2012,,,,,,1476258 B.C. LTD.,1476258 B.C. LTD.,"",Long-term Rental,"",,,,
8733 granville st,"",Marpole,8733 granville st,013241524;013241494,130832270000,8,1955,,RM-3A,Residential,1382000,1251000,BC1350175,BC1350175,339999 Granville Holdings Ltd,Long-term Rental,"",,,2,http://app.vancouver.ca/RPS_Net/Default.aspx?num=8733&street=GRANVILLE%20STREET
1435 haro st,"",West End,1435 haro st,015775691,603115570000,8,1903,,RM-5,Residential,2613000,64700,Girish Mala Ledhar (Girish Lehdar),Girish Mala Ledhar (Girish Lehdar),"",Long-term Rental,"",,,,
4515 main st,4527 main st;4529 main st;4531 main st,Riley Park,4515 main st,017724961,190722310000,8,1994,,C-2A,Commercial,2107000,3843000,Li-Wah Ng & Sik-Wah Ng,Li-Wah Ng & Sik-Wah Ng,"",Long-term Rental,"",,,,
2590 trimble st,"",,2590 trimble st,"","",8,1922,,,,,,MLC Investments Ltd,MLC Investments Ltd,"",Long-term Rental,"",,,,
3037 w 8th av,"",Kitsilano,3037 w 8th av,014611163,648058210000,8,1912,,RT-7,Residential,2810000,85700,(Dianne Tasaka),(Dianne Tasaka),"",Long-term Rental,"",,,,
778 gilford st,776 gilford st,West End,776 gilford st,006821669,109601660000,8,1908,,RM-5B,Residential,2613000,58200,(Evelyn Armstrong),(Evelyn Armstrong),Lagoon Lodge,Long-term Rental,"",,,,
2955 fraser st,"",Mount Pleasant,2955 fraser st,014103893,210683910000,8,1910,,RT-5,Residential,1454000,93300,(Tony Haughian),(Tony Haughian),"",Long-term Rental,"",,,,
497 e 10th av,2599 st george st,Mount Pleasant,497 e 10th av,EPS5807,"",8,1910,RT-5,,,,,,,,,,,,,
3283 main st,197 e 17th av;199 e 17th av;3289 main st,Riley Park,199 e 17th av,009798528;009798439,"",8,1910,C-2,,,,,,,,,,,,,
2154 w 5th av,"",Kitsilano,2154 w 5th av,002954567,642087500000,8,1963,,R5-3,Residential,2218000,833000,,,,,,,,,
2572 kingsway,2576 kingsway,Renfrew-Collingwood,2576 kingsway,014122791,"",8,2008,C-2,,,,,,,,,,,,,
3707 cambie st,"",South Cambie,3707 cambie st,013275836,170702050000,8,1949,,RM-3A,Residential,901000,2013000,642495 BC Ltd,642495 BC Ltd,"",Long-term Rental,"",,,,
657 e 15th av,659 e 15th av;661 e 15th av;663 e 15th av;665 e 15th av,Mount Pleasant,657 e 15th av,006743838,687207970000,8,1912,C-2C,C-2A,Commercial,2375000,1833000,,,,,,,,2,http://app.vancouver.ca/RPS_Net/Default.aspx?num=657&street=E%2015TH%20AVENUE
4580 sidney st,2111 kingsway,Kensington-Cedar Cottage,4580 sidney st,013535838;013535854,770252070000,8,1970,,C-2A,Commercial,2888000,1991000,KINGVIC HOLDING LTD.,KINGVIC HOLDING LTD.,"",Long-term Rental,"",,,3,http://app.vancouver.ca/RPS_Net/Default.aspx?num=4580&street=SIDNEY%20STREET
1545 e 4th av,"",Grandview-Woodland,1545 e 4th av,004678028,634234310000,8,1965,,RM-4,Residential,1381000,825000,(Albert Weisstock),(Albert Weisstock),"",Long-term Rental,"",,,1,http://app.vancouver.ca/RPS_Net/Default.aspx?num=1545&street=E%204TH%20AVENUE
2164 wall st,"",Grandview-Woodland,2164 wall st,008849315,255570760000,8,1967,,RM-3A,Residential,1080000,1349000,GAMA FAMILY INDUSTRIES INC.,GAMA FAMILY INDUSTRIES INC.,"",Long-term Rental,"",,,2,http://app.vancouver.ca/RPS_Net/Default.aspx?num=2164&street=WALL%20STREET
1000 cypress st,1010 cypress st;1020 cypress st;1022 cypress st;1030 cypress st;1040 cypress st;1050 cypress st;1060 cypress st;1070 cypress st;1880 ogden av;1890 ogden av,Kitsilano,1000 cypress st,027677621;027677613;027677605,624097080000,8,1972,,RT-9,Residential,13094000,10000,CYPRESS 1000 HOLDINGS LTD.,CYPRESS 1000 HOLDINGS LTD.,"",Long-term Rental,"",,,,
826 e pender st,828 e pender st,Strathcona,826 e pender st,015574083;015574067,592212280000,8,1912,RT-3,RT-3,Residential,1780000,646000,,,,,,,,1,http://app.vancouver.ca/RPS_Net/Default.aspx?num=826&street=E%20PENDER%20STREET
2065 ferndale st,"",Grandview-Woodland,2065 ferndale st,"","",8,1925,RT-5,,,,,,,,,,,,,
1202 granville st,636 davie st;656 davie st;668 davie st;676 davie st,Downtown,676 davie st,011920220;011920238,"",8,1912,DD,,,,,,,,,,,,,
2165 w 4th av,2163 w 4th av;2169 w 4th av,Kitsilano,2165 w 4th av,015364399;015364381,640087390000,8,1912,,C-2A,Commercial,3064000,4149000,Tsoromocos Holdings Inc,Tsoromocos Holdings Inc,"",Long-term Rental,"",,,4,http://app.vancouver.ca/RPS_Net/Default.aspx?num=2165&street=W%204TH%20AVENUE
1843 w 4th av,1845 w 4th av;1847 w 4th av,Kitsilano,1843 w 4th av,024157139,640097550000,8,2000,,C-2A,Commercial,2586000,8382000,(Ravinder Siddoo),(Ravinder Siddoo),"",Long-term Rental,"",,,,
2026 franklin st,"",Grandview-Woodland,2026 franklin st,011689510,588255360000,8,1910,,RM-3A,Residential,1086000,944000,,,,,,,,,
6679 main st,189 e 51st av;191 e 51st av;6695 main st,Sunset,191 e 51st av,008957452,"",8,1950,C-2,,,,,,,,,,,,,
102 victoria dr,104 victoria dr;106 victoria dr;108 victoria dr;110 victoria dr;112 victoria dr;114 victoria dr;116 victoria dr,Grandview-Woodland,102 victoria dr,005089778,253586060000,8,1910,,I-2,Industrial,2500000,474000,Xiu Yuan Cao (Xiu Cao),Xiu Yuan Cao (Xiu Cao),"",Long-term Rental,"",,,,
628 e 8th av,"",Mount Pleasant,628 e 8th av,007298188,648206280000,8,1965,,R5-4,Residential,1497000,1060000,Monica Ma & Charn Ma,Monica Ma & Charn Ma,"",Long-term Rental,"",,,,
2121 e hastings st,2125 e hastings st,Grandview-Woodland,2121 e hastings st,015668576,590259350000,8,1971,C-2C1,C-2A,Commercial,2037000,831000,,,,,,,,,
2425 alma st,"",West Point Grey,2425 alma st,011489235,648037920000,8,1957,,RM-4,Residential,1958000,1104000,Two & Three Holding Co Ltd,Two & Three Holding Co Ltd,"",Long-term Rental,"",,,,
8635 fremlin st,"",Marpole,8635 fremlin st,007020929,152830350000,8,1964,,RM-3A,Residential,1419000,630000,Denmax Holdings Ltd,Denmax Holdings Ltd,"",Long-term Rental,"",,,,
8780 fremlin st,"",Marpole,8780 fremlin st,008992347,152832740000,8,1963,,RM-3A,Residential,1504000,554000,(Suet Wu),(Suet Wu),"",Long-term Rental,"",,,,
1218 melville st,1220 melville st,Downtown,1218 melville st,016408721,597117840000,8,1905,DD,DD,Comprehensive Development,5462000,10600,,,,,,,,2,http://app.vancouver.ca/RPS_Net/Default.aspx?num=1218&street=MELVILLE%20STREET
3551 kingsway,3553 kingsway;3559 kingsway;3565 kingsway;3571 kingsway,Renfrew-Collingwood,3551 kingsway,008198641;008198667;008198659,770315650000,8,1989,,CD-1 (194),Comprehensive Development,1986000,2569000,Thames Investments Ltd,Thames Investments Ltd,"",Long-term Rental,"",,,,
2047 w 16th av,"",Kitsilano,2047 w 16th av,013266560,690091570000,8,1912,,R3-2,Residential,2421000,203000,Michael R Hayden & Sandra Hayden & Martin Ferera,Michael R Hayden & Sandra Hayden & Martin Ferera,Hayfer,Long-term Rental,"",,,,
1960 waterloo st,1990 waterloo st;3385 w 4th av;3399 w 4th av,Kitsilano,1960 waterloo st,011479647;011479655,640045070000,8,1932,,C-2A,Commercial,2592000,1003000,Mrs N R Balfour Estate,Mrs N R Balfour Estate,"",Long-term Rental,"",,,,
2240 cornwall av,2246 cornwall av,Kitsilano,2240 cornwall av,004648382,630084700000,8,1944,RM-4,RM-4,Residential,2662000,1440000,N G Campbell Holdings Ltd,N G Campbell Holdings Ltd,Nina Rose Apartments,Long-term Rental,"",,,,
1025 w 11th av,"",Fairview,1025 w 11th av,009356312,664149770000,8,1957,,R5-3,Residential,1912000,3310000,1267624 BC Ltd,1267624 BC Ltd,"",Long-term Rental,"",,,,
5017 main st,"",Riley Park,5017 main st,009930612,190730530000,8,1953,,RM-3A,Residential,1821000,10000,1003579 BC Ltd,1003579 BC Ltd,"",Long-term Rental,"",,,,
220 e king edward av,"",Riley Park,220 e king edward av,014620227;014620235,710190280000,8,1910,,R1-1,Residential Inclusive,1955000,93300,(Katrina Borsato),(Katrina Borsato),"",Long-term Rental,"",,,,
1985 w 8th av,"",Kitsilano,1985 w 8th av,013716271,648095150000,8,1964,,R5-3,Residential,2218000,1068000,1985 West 8th Avenue Ltd,1985 West 8th Avenue Ltd,"",Long-term Rental,"",,,,
1716 napier st,"",Grandview-Woodland,1716 napier st,"","",8,2020,C-2C1,,,,,,,,,,,,,
2295 w broadway,"",Kitsilano,2295 w broadway,015193501,650084170000,8,1955,,C-3A,Commercial,3198000,1546000,Maria Sidiropoulos & John Sidiropoulos,Maria Sidiropoulos & John Sidiropoulos,"",Long-term Rental,"",,,,
3369 w 4th av,"",Kitsilano,3369 w 4th av,013808648;013808672,640045270000,8,1954,,C-2A,Commercial,2468000,1851000,(Linda Yen),(Linda Yen),"",Long-term Rental,"",,,,
8781 granville st,"",Marpole,8781 granville st,013241842;013241869,130832690000,8,1956,RM-3A,RM-3A,Residential,1483000,968000,,,,,,,,,
2173 dundas st,2175 dundas st;2177 dundas st,Grandview-Woodland,2173 dundas st,015684741,580259950000,8,1912,RM-3A,RM-3A,Residential,977000,2425000,,,,,,,,,
718 e 10th av,720 e 10th av;722 e 10th av,Mount Pleasant,722 e 10th av,004232267,"",8,1912,RT-5,,,,,,,,,,,,,
2394 w broadway,2398 w broadway;2506 balsam st;2512 balsam st;2518 balsam st;2524 balsam st;2530 balsam st;2536 balsam st,Kitsilano,2394 w broadway,011747480,650078040000,8,1928,,RM-4,Residential,2079000,2093000,KWS Holdings Ltd,KWS Holdings Ltd,"",Long-term Rental,"",,,,
5626 dunbar st,5628 dunbar st;5630 dunbar st;5636 dunbar st;5640 dunbar st,Dunbar-Southlands,5626 dunbar st,012753947;012753980,40747400000,8,1986,,C-2,Commercial,3101000,4538000,J 110 Freecorp Holdings Ltd,J 110 Freecorp Holdings Ltd,"",Long-term Rental,"",,,1,http://app.vancouver.ca/RPS_Net/Default.aspx?num=5626&street=DUNBAR%20STREET
2880 fir st,"",Fairview,2880 fir st,014176564,683124070000,8,1957,,R5-3,Residential,1912000,1248000,0989866 BC Ltd,0989866 BC Ltd,"",Long-term Rental,"",,,,
1030 robson st,1032 robson st,West End,1030 robson st,015752089,602119700000,8,1977,,DD,Comprehensive Development,5511000,4141000,(Jack Eng),(Jack Eng),"",Long-term Rental,"",,,1,http://app.vancouver.ca/RPS_Net/Default.aspx?num=1030&street=ROBSON%20STREET
3075 willow st,"",Fairview,3075 willow st,004230647,688153950000,8,1994,RM-4,R3-3,Residential,2311000,3514000,,,,,,,,,
1387 w 70th av,"",Marpole,1387 w 70th av,011479728,830135970000,8,1953,,RM-3A,Residential,1756000,345000,Tin Sing Lee (Tin Lee),Tin Sing Lee (Tin Lee),"",Long-term Rental,"",,,,
1906 grant st,"",Grandview-Woodland,1906 grant st,030641730,612253120000,8,1966,,RT-5,Residential,1714000,899000,Beachside Holdings Ltd,Beachside Holdings Ltd,"",Long-term Rental,"",,,,
2257 dundas st,"",Grandview-Woodland,2257 dundas st,015684334,580265650000,8,1970,RM-3A,RM-3A,Residential,978000,1340000,,,,,,,,,
1336 e 2nd av,"",Grandview-Woodland,1336 e 2nd av,015284093,631230360000,8,1912,RM-4,RM-4,Residential,943000,1827000,,,,,,,,,
1387 w 71st av,"",,1387 w 71st av,"","",8,1954,,,,,,,,,,,,,,
1155 burnaby st,"",West End,1155 burnaby st,015748049,613118290000,8,1905,,RM-5A,Residential,2503000,186000,420746 BC Ltd,420746 BC Ltd,"",Long-term Rental,"",,,,
1572 graveley st,1605 cotton dr,Grandview-Woodland,1605 cotton dr,014034751;014034778,"",8,1910,RM-4,,,,,,,,,,,,,
1406 w 11th av,2701 hemlock st;2703 hemlock st;2705 hemlock st;2707 hemlock st;2709 hemlock st;2711 hemlock st,Fairview,2701 hemlock st,015011801,"",8,1910,RM-3,,,,,,,,,,,,,
4967 main st,"",Riley Park,4967 main st,009930701,190730250000,8,1953,RM-3A,RM-3A,Residential,1886000,10000,1227232 B.C. LTD.,1227232 B.C. LTD.,"",Long-term Rental,"",,,,
2154 w 6th av,"",Kitsilano,2154 w 6th av,015223825,643087620000,8,1964,,R5-3,Residential,2218000,931000,Phyllis Christakis & Demetre Christakis & Theda Christakis,Phyllis Christakis & Demetre Christakis & Theda Christakis,"",Long-term Rental,"",,,,
1836 e hastings st,1840 e hastings st;1842 e hastings st,Grandview-Woodland,1836 e hastings st,018015735,590251660000,8,1966,MC-1,MC-1,Industrial,10085000,22800,,,,,,,,,
236 w 12th av,"",Mount Pleasant,236 w 12th av,010504907,670173360000,8,1910,,R3-2,Residential,2807000,223000,Glen J Wong & Lisa A Wong,Glen J Wong & Lisa A Wong,"",Long-term Rental,"",,,,
1574 kingsway,1576 kingsway;1578 kingsway,Kensington-Cedar Cottage,1574 kingsway,013143417;013143425,770235700000,8,1978,C-2,C-2A,Commercial,1689000,1075000,,,,,,,,,
3685 pandora st,"",Hastings-Sunrise,3685 pandora st,013002465,587312790000,8,1912,,R1-1,Residential Inclusive,1579000,766000,,,,,,,,,
8626 fremlin st,"",Marpole,8626 fremlin st,014254468,152830260000,8,1966,,RM-3A,Residential,1393000,665000,Wah Quan Lee & Shuk Lee,Wah Quan Lee & Shuk Lee,"",Long-term Rental,"",,,,
8619 cartier st,"",Marpole,8619 cartier st,011472367,135830270000,8,1980,,RM-3A,Residential,1675000,1533000,SD Cartier Holding Corp,SD Cartier Holding Corp,"",Long-term Rental,"",,,,
2313 victoria dr,"",Grandview-Woodland,2313 victoria dr,006514341,253646250000,8,1910,,RT-5,Residential,1815000,828000,Spitfire Holdings Ltd,Spitfire Holdings Ltd,"",Long-term Rental,"",,,,
104 w 11th av,"",Mount Pleasant,104 w 11th av,015548783,664179940000,8,1901,,R3-2,Residential,2873000,196000,Gurdyal R P Sahota & Ranjit Sahota,Gurdyal R P Sahota & Ranjit Sahota,"",Long-term Rental,"",,,,
1957 e 3rd av,"",Grandview-Woodland,1957 e 3rd av,015325652,633253570000,8,1912,,RT-5,Residential,1821000,1337000,1080473 BC Ltd,1080473 BC Ltd,"",Long-term Rental,"",,,,
2148 cambridge st,"",Grandview-Woodland,2148 cambridge st,015692159,576255480000,8,1970,,RM-3A,Residential,1087000,1082000,HLMC Enterprises Limited,HLMC Enterprises Limited,"",Long-term Rental,"",,,,
2124 triumph st,"",Grandview-Woodland,2124 triumph st,004089341,586259240000,8,1970,,RM-3A,Residential,1087000,1093000,Maria Guerreiro & Custodio Guerreiro,Maria Guerreiro & Custodio Guerreiro,"",Long-term Rental,"",,,,
2066 triumph st,"",Grandview-Woodland,2066 triumph st,015678768,586255860000,8,1968,,RM-3A,Residential,1087000,1126000,0813133 BC Ltd,0813133 BC Ltd,"",Long-term Rental,"",,,,
227 e 15th av,"",Mount Pleasant,227 e 15th av,006184197,687191270000,8,1968,,R3-3,Residential,1497000,1053000,Kin Quai Mah & Woo Wai Yin Mah,Kin Quai Mah & Woo Wai Yin Mah,"",Long-term Rental,"",,,,
2664 birch st,"",Fairview,2664 birch st,007552912,664138070000,8,1956,,R5-3,Residential,1912000,2021000,,,,,,,,,
2134 w 6th av,2136 w 6th av,Kitsilano,2134 w 6th av,006439152,643087860000,8,1965,,R5-3,Residential,2218000,931000,(Valen Schultz),(Valen Schultz),"",Long-term Rental,"",,,,
918 commercial dr,920 commercial dr,Grandview-Woodland,918 commercial dr,002578328;002578191,250600480000,8,1977,,C-2C1,Commercial,2395000,3059000,Iacus Investments Ltd,Iacus Investments Ltd,"",Long-term Rental,"",,,,
2225 w 6th av,"",Kitsilano,2225 w 6th av,015229289,643084730000,8,1959,,R5-4,Residential,2218000,865000,Seto Holdings Ltd,Seto Holdings Ltd,"",Long-term Rental,"",,,,
1225 harwood st,"",West End,1225 harwood st,015740625,615117690000,8,1905,,RM-5A,Residential,4720000,238000,James F Wong & Mary S Wong,James F Wong & Mary S Wong,"",Long-term Rental,"",,,2,http://app.vancouver.ca/RPS_Net/Default.aspx?num=1225&street=HARWOOD%20STREET
2375 york av,"",Kitsilano,2375 york av,007728450,631078250000,8,1954,,RM-4,Residential,2218000,1551000,0768271 BC Ltd,0768271 BC Ltd,"",Long-term Rental,"",,,,
2436 w 2nd av,"",Kitsilano,2436 w 2nd av,007048556,636077760000,8,1983,,RM-4,Residential,2179000,1215000,Angelo Pappas & Anastasia Pappas,Angelo Pappas & Anastasia Pappas,"",Long-term Rental,"",,,,
6632 main st,6638 main st,Sunset,6632 main st,014054604,190791360000,8,1994,C-2,C-2A,Commercial,1319000,3244000,,,,,,,,,
3689 w 8th av,"",Kitsilano,3689 w 8th av,"","",8,1941,RM-4,,,,,,,,,,,,,
1125 w 71st av,"",Marpole,1125 w 71st av,007168471;007168438,832145450000,8,1963,RM-3A,RM-3A,Residential,1455000,541000,,,,,,,,,
8676 oak st,"",Marpole,8676 oak st,014010496,150830760000,8,1954,,RM-3A,Residential,1293000,1785000,1068918 BC Ltd,1068918 BC Ltd,"",Long-term Rental,"",,,,
2280 york av,"",Kitsilano,2280 york av,015097269;015097242,631084240000,8,1965,,RM-4,Residential,2218000,1162000,Fanly S Lum (Fanly Lum),Fanly S Lum (Fanly Lum),"",Long-term Rental,"",,,,
1794 frances st,"",Grandview-Woodland,1794 frances st,008931500,594250940000,8,1910,,RM-4,Residential,1167000,1354000,,,,,,,,,
3006 w 3rd av,"",Kitsilano,3006 w 3rd av,013680625,638058540000,8,1913,,RT-8,Residential,3275000,181000,John Robert Dowling (John Dowling),John Robert Dowling (John Dowling),"",Long-term Rental,"",,,,
2150 franklin st,2148 franklin st,Grandview-Woodland,2148 franklin st,015668487,588259500000,8,1912,RM-3A,RM-3A,Residential,1717000,939000,,,,,,,,,
137 e 16th av,"",Mount Pleasant,137 e 16th av,002927209,690186670000,8,1964,,R3-3,Residential,1336000,1153000,,,,,,,,1,http://app.vancouver.ca/RPS_Net/Default.aspx?num=137&street=E%2016TH%20AVENUE
1974 w 5th av,"",Kitsilano,1974 w 5th av,014664186,642095160000,8,1965,,R5-4,Residential,2107000,1081000,Chor L Chu & Yee K Chan,Chor L Chu & Yee K Chan,"",Long-term Rental,"",,,,
2636 yukon st,"",Mount Pleasant,2636 yukon st,007759975,171654660000,8,1911,,R5-2,Residential,2458000,560000,Lamus Holdings Inc,Lamus Holdings Inc,"",Long-term Rental,"",,,,
1930 w 16th av,"",Shaughnessy,1930 w 16th av,011521252,690095760000,8,1913,,FSD,Comprehensive Development,3499190,149000,Rowboat Investments Inc,Rowboat Investments Inc,"",Long-term Rental,"",,,,
2235 dundas st,"",Grandview-Woodland,2235 dundas st,015684351,580265350000,8,1913,,RM-3A,Residential,1027000,1126000,Wayne A Jefferson (Wayne Jefferson),Wayne A Jefferson (Wayne Jefferson),Parkside Apartments,Long-term Rental,"",,,,
2315 w 5th av,"",Kitsilano,2315 w 5th av,014970465,642078850000,8,1963,,RM-4,Residential,2033000,1433000,Peter Dodek MD Inc,Peter Dodek MD Inc,"",Long-term Rental,"",,,,
1646 w 10th av,"",Fairview,1646 w 10th av,014184346,654122540000,8,1926,,R5-3,Residential,1912000,1380000,Partnerplus Investment Ltd,Partnerplus Investment Ltd,"",Long-term Rental,"",,,,
356 w 10th av,"",Mount Pleasant,356 w 10th av,004249127,654171300000,8,1925,,R5-3,Residential,2534000,55500,,,,,,,,,
2057 w 2nd av,"",Kitsilano,2057 w 2nd av,015232204;015232191,636090350000,8,1957,,R3-3,Residential,2181000,842000,(Monica Sum),(Monica Sum),"",Long-term Rental,"",,,,
1542 e 1st av,"",Grandview-Woodland,1542 e 1st av,028049390,630234420000,8,1912,,RM-4,Residential,745000,1157000,Patricia A Wakefield (Patricia Wakefield),Patricia A Wakefield (Patricia Wakefield),"",Long-term Rental,"",,,,
2547 birch st,"",Fairview,2547 birch st,014612917,138650970000,8,1906,,R5-3,Residential,1377000,1416000,(Franklin Lee),(Franklin Lee),"",Long-term Rental,"",,,,
315 n nanaimo st,"",Grandview-Woodland,315 n nanaimo st,003262171;004195060,575267950000,8,1956,,RM-3A,Residential,1471000,866000,(Rocco Ceraldi),(Rocco Ceraldi),"",Long-term Rental,"",,,,
1825 nelson st,"",West End,1825 nelson st,015738442,606109770000,8,1951,,RM-5B,Residential,2640000,482000,Lotte & John Hecht Memorial Foundation,Lotte & John Hecht Memorial Foundation,"",Long-term Rental,"",,,,
2919 prince edward st,2929 prince edward st;2939 prince edward st;2949 prince edward st,Mount Pleasant,2919 prince edward st,015613437,683194920000,8,2007,C-2,C-2A,Commercial,1412000,1766000,,,,,,,,,
1145 pendrell st,"",West End,1145 pendrell st,015752127,"",8,2003,,,,,,,,,,,Mole Hill - Phase II,Mole Hill Community Housing Society,,
1622 vine st,"",Kitsilano,1622 vine st,011751452,631084040000,8,1954,,RM-4,Residential,2218000,1233000,Yee Sun (Sandy) Chow & Siu Hing (Cecilla) Chow,Yee Sun (Sandy) Chow & Siu Hing (Cecilla) Chow,The Marilyn Apartment Building,Long-term Rental,"",,,1,http://app.vancouver.ca/RPS_Net/Default.aspx?num=1622&street=VINE%20STREET
361 w 7th av,"",Mount Pleasant,361 w 7th av,008573000,646171250000,8,1905,,I-1,Industrial,2124000,10000,Surefreeze Refrigeration & Air Condition Ltd,Surefreeze Refrigeration & Air Condition Ltd,"",Long-term Rental,"",,,4,http://app.vancouver.ca/RPS_Net/Default.aspx?num=361&street=W%207TH%20AVENUE
3596 w 27th av,4306 dunbar st,Dunbar-Southlands,3596 w 27th av,008278164,40714080000,8,1947,,C-2A,Commercial,2410000,3755000,Balaclava Estates II Ltd,Balaclava Estates II Ltd,"",Long-term Rental,"",,,,
2708 alberta st,"",Mount Pleasant,2708 alberta st,014563665,"",8,1911,,,,,,Marvin M Kucher & Jeannette DeCouto,Marvin M Kucher & Jeannette DeCouto,"",Long-term Rental,"",,,,
2315 w 6th av,"",Kitsilano,2315 w 6th av,009797611,643078870000,7,1912,,RT-8,Residential,2816000,156000,Jordan Holm & Yuko Shimatsuka,Jordan Holm & Yuko Shimatsuka,"",Long-term Rental,"",,,,
1987 cornwall av,"",Kitsilano,1987 cornwall av,009931830,630095550000,7,1955,,C-2A,Commercial,1309000,2433000,(Violet Schultz),(Violet Schultz),"",Long-term Rental,"",,,,
2386 w 3rd av,"",Kitsilano,2386 w 3rd av,006983120,638078160000,7,1912,C-2B,RM-4,Residential,3325000,259000,LOW TIDE PROPERTIES LTD. and  PCI 4TH & VINE LIMITED PARTNERSHIP,LOW TIDE PROPERTIES LTD. and  PCI 4TH & VINE LIMITED PARTNERSHIP,"",Long-term Rental,"",,,,
2926 w 5th av,"",Kitsilano,2926 w 5th av,014556723,642062080000,7,1910,,RT-7,Residential,3157000,340000,,,,,,,,,
1040 w 16th av,"",Shaughnessy,1040 w 16th av,009182683,690147600000,7,1912,,RT-2,Residential,3658000,106000,Janet Cui Hong Kam (Janet Kam),Janet Cui Hong Kam (Janet Kam),"",Long-term Rental,"",,,,
1127 pendrell st,"",West End,1127 pendrell st,015752208,609118670000,7,2002,,RM-5B,Residential,392000,153000,,,,,,Mole Hill - Phase I,Mole Hill Community Housing Society,,
3142 w 2nd av,"",Kitsilano,3142 w 2nd av,015425746,636053340000,7,1912,RT-8,RT-8,Residential,2674000,73400,,,,,,,,,
1908 e 5th av,"",Grandview-Woodland,1908 e 5th av,015288668,638253080000,7,1956,,RT-5,Residential,2044000,47100,Quinta Strada Holdings Ltd,Quinta Strada Holdings Ltd,"",Long-term Rental,"",,,,
1836 w 13th av,1838 w 13th av,Kitsilano,1836 w 13th av,012762431,"",7,1931,,,,,,(Beata Golonka),(Beata Golonka),"",Long-term Rental,"",,,,
1986 woodland dr,"",Grandview-Woodland,1986 woodland dr,011851660,634234050000,7,1983,,RM-4,Residential,1326000,1322000,(Danny Nikas),(Danny Nikas),"",Long-term Rental,"",,,,
1588 commercial dr,1590 commercial dr;1715 graveley st,Grandview-Woodland,1715 graveley st,013714988;013714899,250612940000,7,1910,C-2C,C-2C,Commercial,1192000,2964000,,,,,,,,,
911 w 71st av,"",Marpole,911 w 71st av,014246465,152830950000,7,1957,,RM-3A,Residential,1419000,1139000,MK Unique Development Properties Ltd,MK Unique Development Properties Ltd,"",Long-term Rental,"",,,,
179 w 18th av,"",Riley Park,179 w 18th av,014205262,693179250000,7,1911,,R1-1,Residential Inclusive,2642000,147000,,,,,,,,,
1394 e 62nd av,1396 e 62nd av;1398 e 62nd av;7805 knight st;7815 knight st;7825 knight st;7835 knight st,Sunset,7805 knight st,009828958,"",7,1957,RM-2,,,,,,,,,,,,,
2554 cornwall av,"",Kitsilano,2554 cornwall av,011444878,630073440000,7,1912,RT-8,RT-8,Residential,3203000,241000,RIGHT AT HOME LTD.,RIGHT AT HOME LTD.,"",Long-term Rental,"",,,1,http://app.vancouver.ca/RPS_Net/Default.aspx?num=2554&street=CORNWALL%20AVENUE
2925 oak st,"",Fairview,2925 oak st,005134846,683149940000,7,1927,,R3-3,Residential,1721000,750000,Golden Pacific Holdings Ltd,Golden Pacific Holdings Ltd,"",Long-term Rental,"",,,1,http://app.vancouver.ca/RPS_Net/Default.aspx?num=2925&street=OAK%20STREET
2158 w 1st av,"",,2158 w 1st av,"","",7,1955,,,,,,MILLENIUM KITSILANO LIMITED PARTNERSHIP,MILLENIUM KITSILANO LIMITED PARTNERSHIP,"",Long-term Rental,"",,,,
214 w 11th av,212 w 11th av,Mount Pleasant,214 w 11th av,014563690,664173740000,7,1911,RT-6,R5-2,Residential,2668000,112000,,,,,,,,,
2536 w 2nd av,"",Kitsilano,2536 w 2nd av,010827561,636073760000,7,1912,,RT-8,Residential,3203000,259000,Marjorie D Ross (Marjorie Ross),Marjorie D Ross (Marjorie Ross),"",Long-term Rental,"",,,,
1676 frances st,"",Grandview-Woodland,1676 frances st,004618637,594235760000,7,1956,,RM-4,Residential,1180000,594000,Frances Street Holdings Ltd,Frances Street Holdings Ltd,"",Long-term Rental,"",,,,
1017 w 7th av,"",Fairview,1017 w 7th av,015200019,646149790000,7,1910,,R4-1,Residential,2047000,10500,Pride and Joy Holdings Inc,Pride and Joy Holdings Inc,"",Long-term Rental,"",,,2,http://app.vancouver.ca/RPS_Net/Default.aspx?num=1017&street=W%207TH%20AVENUE
2035 pandora st,"",Grandview-Woodland,2035 pandora st,012233625,587255450000,7,1969,,RM-3A,Residential,1087000,1014000,Sabrina Vieira da Silva & Daniel da Silva,Sabrina Vieira da Silva & Daniel da Silva,"",Long-term Rental,"",,,,
506 e georgia st,500 e georgia st;700 jackson av,Strathcona,700 jackson av,007199881;007199899,"",7,1901,RT-3,,,,,,,,,,,,,
1005 e 8th av,1011 e 8th av;2360 windsor st,Mount Pleasant,2360 windsor st,014939207;014939215,648217050000,7,1913,RM-4,R5-3,Residential,1996000,1497000,,,,,,,,,
670 w 13th av,672 w 13th av,Fairview,670 w 13th av,007667477,683163260000,7,1910,,R3-3,Residential,2164000,57900,Ocean View Properties Ltd,Ocean View Properties Ltd,"",Long-term Rental,"",,,,
1200 woodland dr,1202 woodland dr;1204 woodland dr,Grandview-Woodland,1202 woodland dr,012464104,"",7,1908,RM-4,,,,,,,,,,,,,
6106 chester st,"",Sunset,6106 chester st,014685434,211758060000,7,1910,RS-1,R1-1,Residential Inclusive,1651000,461000,,,,,,,,,
1855 creelman av,1895 creelman av,Kitsilano,1855 creelman av,030188750,627097050000,7,1912,RT-9,RT-9,Residential,2918000,1323000,,,,,,,,,
8725 cartier st,"",Marpole,8725 cartier st,014348357,135832150000,7,1969,,RM-3A,Residential,1806000,12600,Cartier Management Ltd,Cartier Management Ltd,"",Long-term Rental,"",,,3,http://app.vancouver.ca/RPS_Net/Default.aspx?num=8725&street=CARTIER%20STREET
8516 granville st,8520 granville st;8528 granville st;8532 granville st;8536 granville st,Marpole,8536 granville st,015390314,"",7,1976,C-2,,,,,,,,,,,,,
2225 w 39th av,"",Arbutus Ridge,2225 w 39th av,005202710,81742970000,7,1957,,RM-3,Residential,1633000,1708000,Heather May Moore & Allan T Moore,Heather May Moore & Allan T Moore,"",Long-term Rental,"",,,,
6201 fraser st,6207 fraser st;6217 fraser st,Sunset,6207 fraser st,025767348,"",7,1912,C-2,,,,,,,,,,,,,
223 w 13th av,219 w 13th av;221 w 13th av,Mount Pleasant,223 w 13th av,014563550,683173550000,7,1913,,R3-2,Residential,2805400,463000,Ka Yiu Yu & Shao Ping Yu,Ka Yiu Yu & Shao Ping Yu,"",Long-term Rental,"",,,4,http://app.vancouver.ca/RPS_Net/Default.aspx?num=223&street=W%2013TH%20AVENUE
626 main st,628 main st,Strathcona,628 main st,014938898,"",7,1949,C-2,,,,,,,,,,,,,
1122 comox st,"",West End,1122 comox st,015750388,607118720000,7,2001,,RM-5B,Residential,445000,163000,,,,,,Mole Hill - Phase I,Mole Hill Community Housing Society,,
823 victoria dr,825 victoria dr,Grandview-Woodland,823 victoria dr,009531629,598251960000,7,1956,,RM-4,Residential,1179000,920000,Makadale Investments Ltd,Makadale Investments Ltd,"",Long-term Rental,"",,,,
8686 oak st,"",Marpole,8686 oak st,014010526,150830860000,7,1954,RM-3A,RM-3A,Residential,1263000,938000,,,,,,,,,
2037 w 16th av,"",Kitsilano,2037 w 16th av,013266551,690091670000,7,1912,,R3-2,Residential,2421000,348000,Casa Sunmah Investment Ltd,Casa Sunmah Investment Ltd,"",Long-term Rental,"",,,,
8635 french st,"",Marpole,8635 french st,014346192,132830350000,7,1956,RM-3A,RM-3A,Residential,1493000,571000,1230196 B.C. LTD.,1230196 B.C. LTD.,"",Long-term Rental,"",,,,
1931 william st,"",Grandview-Woodland,1931 william st,013479598,606253910000,7,1910,,RT-5,Residential,1814000,280000,(Guy Boucher),(Guy Boucher),"",Long-term Rental,"",,,,
2624 franklin st,"",Hastings-Sunrise,2624 franklin st,005865166,588274240000,7,1913,,R1-1,Residential Inclusive,1498000,329000,,,,,,,,,
1347 w 72nd av,"",Marpole,1347 w 72nd av,014351561,138832940000,7,1964,,RM-3A,Residential,1806000,21200,587091 BC Ltd,587091 BC Ltd,"",Long-term Rental,"",,,,
1515 e 4th av,"",Grandview-Woodland,1515 e 4th av,011348801,634234110000,7,1955,,RM-4,Residential,1326000,772000,Rahmat A Khan & Nazra A Khan,Rahmat A Khan & Nazra A Khan,"",Long-term Rental,"",,,,
707 e 21st av,"",Kensington-Cedar Cottage,707 e 21st av,015628019,210696960000,7,1955,,RM-3A,Residential,1321000,618000,FRASER MEWS HOLDINGS LTD.,FRASER MEWS HOLDINGS LTD.,"",Long-term Rental,"",,,,
1585 w 14th av,"",Fairview,1585 w 14th av,014175436,686124150000,7,1926,,R3-3,Residential,1912000,860000,420668 BC Ltd,420668 BC Ltd,"",Long-term Rental,"",,,,
1119 thurlow st,"",West End,1119 thurlow st,014687917,119607970000,7,2003,,RM-5B,Residential,522000,5400,,,,,,Mole Hill - Phase II,Mole Hill Community Housing Society,,
748 e broadway,750 e broadway;752 e broadway,Mount Pleasant,750 e broadway,015251675,650210520000,7,1912,C-2C,C-2A,Commercial,1479000,6697000,,,,,,,,,
1353 e 41st av,1357 e 41st av;1361 e 41st av;1365 e 41st av;1367 e 41st av;1371 e 41st av,Kensington-Cedar Cottage,1357 e 41st av,004442059;004442156;004442091,"",7,1966,C-1,,,,,,,,,,,,,
3995 main st,177 e 24th av,Riley Park,3995 main st,013643631,190706970000,7,1910,C-2,C-2A,Commercial,1154000,1308000,,,,,,,,,
1147 pendrell st,"",,1147 pendrell st,"","",7,2003,,,,,,,,,,,Mole Hill - Phase II,Mole Hill Community Housing Society,,
184 w 12th av,"",Mount Pleasant,184 w 12th av,014561867,670179280000,7,1910,,R3-2,Residential,2773000,159000,(Tanya Meira),(Tanya Meira),"",Long-term Rental,"",,,,
2480 vine st,2297 w broadway;2299 w broadway,Kitsilano,2297 w broadway,002902095,"",7,1987,C-3A,,,,,,,,,,,,,
8625 french st,"",Marpole,8625 french st,004954378,132830250000,7,1964,,RM-3A,Residential,1493000,494000,Gebbard Hubatka & Elsa Hubatka,Gebbard Hubatka & Elsa Hubatka,"",Long-term Rental,"",,,,
8755 french st,"",Marpole,8755 french st,014347393,132832570000,7,1963,,RM-3A,Residential,1493000,466000,Grandview Enterprises Ltd,Grandview Enterprises Ltd,"",Long-term Rental,"",,,,
8685 fremlin st,"",Marpole,8685 fremlin st,014246481,152830850000,7,1958,,RM-3A,Residential,1419000,360000,Kun Lung Chang & Amy S H Chang,Kun Lung Chang & Amy S H Chang,"",Long-term Rental,"",,,,
812 w 14th av,814 w 14th av,Fairview,812 w 14th av,023767235,686153840000,7,1912,,R3-3,Residential,2436000,101000,PJ Dolman Holdings Ltd,PJ Dolman Holdings Ltd,"",Long-term Rental,"",,,,
2770 cambridge st,"",Hastings-Sunrise,2770 cambridge st,011942312;011942304,576275660000,7,1910,RS-1,R1-1,Residential Inclusive,3214000,10000,,,,,,,,,
2749 main st,167 e 12th av;169 e 12th av;2751 main st,Mount Pleasant,2749 main st,015540669,190664970000,7,1910,C-3A,C-3A,Commercial,2013000,2010000,,,,,,,,,
7510 cambie st,7516 cambie st;7554 cambie st,Marpole,7516 cambie st,029788897,"",7,1973,CD-1 (627),,,,,,,,,,,,,
975 w 14th av,"",Fairview,975 w 14th av,014667177,686150250000,7,1912,,R3-3,Residential,2900000,50900,,,,,,,,1,http://app.vancouver.ca/RPS_Net/Default.aspx?num=975&street=W%2014TH%20AVENUE
1568 e 3rd av,"",Grandview-Woodland,1568 e 3rd av,015498743,633234680000,7,1968,,RM-4,Residential,1383000,530000,Robert W Wong (Robert Wong),Robert W Wong (Robert Wong),"",Long-term Rental,"",,,,
2200 w 5th av,2105 yew st;2107 yew st,Kitsilano,2200 w 5th av,015229271,87642070000,7,1910,,R3-3,Residential,857000,3816000,Forex West Lands Inc,Forex West Lands Inc,"",Long-term Rental,"",,,,
1775 w 16th av,"",Fairview,1775 w 16th av,"","",7,1920,RT-5,,,,,,,,,,,,,
3536 w 1st av,"",Kitsilano,3536 w 1st av,003635929,634041560000,7,1912,,RT-8,Residential,2677000,154000,,,,,,,,,
2706 w 2nd av,1805 stephens st;1807 stephens st,Kitsilano,2706 w 2nd av,EPS7820,"",7,1913,,,,,,Chunghwa Investment (Canada) Co Ltd,Chunghwa Investment (Canada) Co Ltd,"",Long-term Rental,"",,,,
2618 cypress st,"",Kitsilano,2618 cypress st,005660670,97654440000,7,1912,,RT-8,Residential,2899000,291000,Cottwald Investments Ltd,Cottwald Investments Ltd,"",Long-term Rental,"",,,,
1129 pendrell st,1131 pendrell st,West End,1129 pendrell st,023814705,609118570000,7,2002,,RM-5B,Residential,1056000,121000,,,,,,Mole Hill - Phase I,Mole Hill Community Housing Society,,
2505 w 2nd av,"",Kitsilano,2505 w 2nd av,015020762,636073950000,7,1912,,RT-8,Residential,3372000,219000,Chun-Han Yen & Chih-Hsien Yen,Chun-Han Yen & Chih-Hsien Yen,"",Long-term Rental,"",,,,
730 union st,"",Strathcona,730 union st,015568083;015568121;015568113;015568091;015568130,598205300000,7,1975,,RT-3,Residential,3573000,24500,,,,,,Strathcona Co-op,Strathcona Co-op Housing Association,,
1555 e 5th av,"",Grandview-Woodland,1555 e 5th av,008734925,638234370000,7,1963,,RM-4,Residential,1326000,709000,Shui Shum Gin & Lew Why Yee,Shui Shum Gin & Lew Why Yee,"",Long-term Rental,"",,,,
898 keefer st,601 campbell av;603 campbell av,Strathcona,898 keefer st,015567541;015567559,594212980000,7,1905,RT-3,RT-3,Residential,2672000,11500,,,,,,,,,
1995 w 15th av,"",Kitsilano,1995 w 15th av,013265741,688095070000,7,1912,,R3-2,Residential,3246000,149000,John Robert Dowling (John Dowling),John Robert Dowling (John Dowling),"",Long-term Rental,"",,,,
1827 w 12th av,1829 w 12th av,Kitsilano,1827 w 12th av,014183838,670097770000,7,1928,,R3-2,Residential,2415000,356000,Mika A Yasutake & Yuko Yasutake,Mika A Yasutake & Yuko Yasutake,"",Long-term Rental,"",,,,
455 w 18th av,"",Riley Park,455 w 18th av,014207664;014207699,693170550000,7,1912,,R1-1,Residential Inclusive,5126000,10000,Jean L Lynch (Jean Lynch),Jean L Lynch (Jean Lynch),"",Long-term Rental,"",,,,
1886 w 12th av,"",Kitsilano,1886 w 12th av,014177889,670097140000,7,1912,,R3-2,Residential,2415000,188000,(Shirley Wilcott),(Shirley Wilcott),"",Long-term Rental,"",,,,
6035 fraser st,6037 fraser st;6045 fraser st;6047 fraser st;6049 fraser st,Sunset,6037 fraser st,013910027,"",7,1964,C-2,,,,,,,,,,,,,
1137 pendrell st,"",,1137 pendrell st,"","",7,2002,,,,,,,,,,,Mole Hill - Phase I,Mole Hill Community Housing Society,,
4305 dunbar st,3600 w 27th av;3608 w 27th av;4311 dunbar st;4315 dunbar st;4321 dunbar st,Dunbar-Southlands,3600 w 27th av,011156589,"",7,1927,C-2,,,,,,,,,,,,,
144 e 6th av,"",Mount Pleasant,144 e 6th av,003853900,645186680000,7,1902,I-1,I-1,Industrial,3596000,10000,,,,,,,,,
1845 w 13th av,"",Kitsilano,1845 w 13th av,014177943,683097550000,7,1912,RT-8,R3-2,Residential,3221000,210000,,,,,,,,,
1110 bute st,"",West End,1110 bute st,015750558,118607760000,7,2003,,RM-5B,Residential,512400,234000,,,,,,Mole Hill - Phase II,Mole Hill Community Housing Society,,
2526 w 6th av,"",Kitsilano,2526 w 6th av,014966123,643073740000,7,1910,,RT-8,Residential,2816000,51000,(Marcel Mueller),(Marcel Mueller),"",Long-term Rental,"",,,,
234 w 15th av,"",Mount Pleasant,234 w 15th av,013698397,687173340000,7,1912,RT-6,R3-2,Residential,2807000,373000,,,,,,,,,
209 e 15th av,3082 watson st,Mount Pleasant,209 e 15th av,013925806,687191090000,7,1954,,R3-3,Residential,1209000,1702000,Maxwell Ventures Inc,Maxwell Ventures Inc,"",Long-term Rental,"",,,,
5457 victoria dr,1985 e 39th av;1995 e 39th av;5467 victoria dr;5477 victoria dr;5487 victoria dr;5497 victoria dr,Kensington-Cedar Cottage,1995 e 39th av,011501863,"",7,1969,C-2,,,,,,,,,,,,,
1404 e 57th av,1408 e 57th av;1420 e 57th av;1430 e 57th av;1434 e 57th av;1440 e 57th av,Victoria-Fraserview,1404 e 57th av,009062289;009062271,810230040000,7,1964,,C-1,Commercial,4002000,1705000,Timeless Management Ltd,Timeless Management Ltd,"",Long-term Rental,"",,,,
5976 cambie st,488 w 43rd av;5912 cambie st;5938 cambie st;5964 cambie st;5978 cambie st;5986 cambie st;5988 cambie st,Oakridge,5988 cambie st,031893503,170755080000,7,1952,HA-1A,RT-2,Residential,33239000,10000,,,,,,,,,
3611 kingsway,3615 kingsway;3617 kingsway;3619 kingsway,Renfrew-Collingwood,3611 kingsway,012888753,770318450000,7,1982,,C-2A,Commercial,1874000,1831000,Shane Kit Chung Cheung (Shane Cheung),Shane Kit Chung Cheung (Shane Cheung),"",Long-term Rental,"",,,2,http://app.vancouver.ca/RPS_Net/Default.aspx?num=3611&street=KINGSWAY
3012 alberta st,"",Mount Pleasant,3012 alberta st,003688941,173684060000,7,1912,,R3-2,Residential,2807000,221000,508639 BC Ltd,508639 BC Ltd,"",Long-term Rental,"",,,,
3618 e hastings st,3622 e hastings st,Hastings-Sunrise,3622 e hastings st,006728219;006728286,"",7,1980,C-2C,,,,,,,,,,,,,
426 w 12th av,"",Mount Pleasant,426 w 12th av,014570009,670170680000,7,1912,,R5-2,Residential,2793000,324000,(Elwin Anderson),(Elwin Anderson),"",Long-term Rental,"",,,,
1136 comox st,"",West End,1136 comox st,015750426,607118560000,7,2002,,RM-5B,Residential,420000,188000,,,,,,Mole Hill - Phase I,Mole Hill Community Housing Society,,
1916 e 5th av,"",Grandview-Woodland,1916 e 5th av,012122912,638253160000,7,1956,,RT-5,Residential,2152000,19000,1015677 BC Ltd,1015677 BC Ltd,"",Long-term Rental,"",,,,
2023 grant st,"",Grandview-Woodland,2023 grant st,015508986,612255230000,7,1912,RT-5,RT-5,Residential,1740000,234000,,,,,,,,,
8749 fremlin st,"",Marpole,8749 fremlin st,014246147,152832670000,7,1962,,RM-3A,Residential,1420000,530000,(Manfred Steininger),(Manfred Steininger),"",Long-term Rental,"",,,,
1131 w 16th av,"",Fairview,1131 w 16th av,008329061,690147070000,7,1927,,R3-2,Residential,2821200,78800,(Brian Morgenstern),(Brian Morgenstern),"",Long-term Rental,"",,,1,http://app.vancouver.ca/RPS_Net/Default.aspx?num=1131&street=W%2016TH%20AVENUE
625 e 44th av,627 e 44th av,Sunset,625 e 44th av,013910981,757201690000,7,1911,RM-2,RM-2,Residential,1623000,104000,,,,,,,,,
1173 pendrell st,"",West End,1173 pendrell st,015751139,609118130000,7,2003,,RM-5B,Residential,365000,151000,,,,,,Mole Hill - Phase II,Mole Hill Community Housing Society,,
2690 spruce st,2660 spruce st;2670 spruce st,Fairview,2660 spruce st,015014401,664149070000,6,1940,RM-3,R5-3,Residential,3156964,89800,,,,,,,,,
1873 venables st,1875 venables st,Grandview-Woodland,1873 venables st,007896255,600252730000,6,1910,RT-5,RT-5,Residential,2134000,206000,,,,,,,,,
2851 manitoba st,"",Mount Pleasant,2851 manitoba st,005096863,683179950000,6,1905,RT-6,R3-2,Residential,2761000,112000,,,,,,,,,
1146 comox st,"",West End,1146 comox st,015750442,607118460000,6,2001,,RM-5B,Residential,420000,178000,,,,,,Mole Hill - Phase I,Mole Hill Community Housing Society,,
3528 w 4th av,"",Kitsilano,3528 w 4th av,010158693,640041500000,6,1950,,C-2A,Commercial,1981000,282000,(Peter Alevras),(Peter Alevras),"",Long-term Rental,"",,,,
8455 granville st,"",Marpole,8455 granville st,"","",6,1955,C-2,,,,,,,,,,,,,
2200 vine st,2206 vine st;2210 vine st;2292 w 6th av,Kitsilano,2292 w 6th av,004465342,"",6,1910,RM-4,,,,,,,,,,,,,
3349 w broadway,3355 w broadway;3357 w broadway;3361 w broadway,Kitsilano,3355 w broadway,004280105,"",6,1974,C-2C1,,,,,,,,,,,,,
1936 w 12th av,"",Kitsilano,1936 w 12th av,007684355,670095660000,6,1912,,R3-2,Residential,2415000,266000,Maria B Pressler (Maria Pressler),Maria B Pressler (Maria Pressler),"",Long-term Rental,"",,,1,http://app.vancouver.ca/RPS_Net/Default.aspx?num=1936&street=W%2012TH%20AVENUE
1367 w 70th av,"",Marpole,1367 w 70th av,009980351,830137350000,6,1952,,RM-3A,Residential,1380000,200000,Thomas Elliott & Angela Elliott,Thomas Elliott & Angela Elliott,"",Long-term Rental,"",,,1,http://app.vancouver.ca/RPS_Net/Default.aspx?num=1367&street=W%2070TH%20AVENUE
1184 victoria dr,1186 victoria dr,Grandview-Woodland,1186 victoria dr,013479822,"",6,1957,RT-5,,,,,,,,,,,,,
2477 w 3rd av,"",Kitsilano,2477 w 3rd av,"","",6,2003,RM-4,,,,,,,,,,,,,
3707 main st,198 e 21st av;3709 main st;3715 main st,Riley Park,3709 main st,015257614;015257622,"",6,1922,C-2,,,,,,,,,,,,,
2314 w broadway,"",Kitsilano,2314 w broadway,014862743,650078840000,6,1954,,RM-4,Residential,2079000,677000,(Raymond Yen),(Raymond Yen),"",Long-term Rental,"",,,,
1768 william st,"",Grandview-Woodland,1768 william st,015291171,606250660000,6,1910,,RT-5,Residential,1593000,136000,(Bruce Macdonald),(Bruce Macdonald),"",Long-term Rental,"",,,,
477 e 10th av,"",Mount Pleasant,477 e 10th av,006715095,655198770000,6,1910,,R5-2,Residential,2076000,423000,(Xiaoling Zhen),(Xiaoling Zhen),"",Long-term Rental,"",,,,
2042 bayswater st,"",Kitsilano,2042 bayswater st,014556651,62640960000,6,1912,,RT-7,Residential,2457000,352000,490297 BC Ltd,490297 BC Ltd,"",Long-term Rental,"",,,,
174 w 12th av,"",Mount Pleasant,174 w 12th av,004694406,670179340000,6,1910,,R3-2,Residential,2773000,140000,R A Chan Investments Inc,R A Chan Investments Inc,"",Long-term Rental,"",,,,
629 e 14th av,"",Mount Pleasant,629 e 14th av,014103931,684206290000,6,1910,,R3-2,Residential,1817000,94000,Serafim C Melo & Conceicao S Melo,Serafim C Melo & Conceicao S Melo,"",Long-term Rental,"",,,,
3618 w 14th av,3620 w 14th av;3622 w 14th av;3624 w 14th av,Kitsilano,3618 w 14th av,011755253,686038780000,6,1912,RS-1,R1-1,Residential Inclusive,3172000,197000,,,,,,,,,
960 w 18th av,952 w 18th av;954 w 18th av,South Cambie,952 w 18th av,"","",6,1954,RT-2,,,,,,,,,,,,,
2970 oak st,"",Fairview,2970 oak st,010883843,686150050000,6,1926,,R3-3,Residential,1721000,981000,(Danny Wong),(Danny Wong),"",Long-term Rental,"",,,,
2116 w 41st av,2118 w 41st av;2120 w 41st av,Kerrisdale,2118 w 41st av,003926621;003926656,"",6,1950,C-2,,,,,,,,,,,,,
1925 whyte av,"",Kitsilano,1925 whyte av,031419747,626095750000,6,1912,RT-9,RT-9,Residential,3357000,982000,,,,,,,,,
1836 w 12th av,1830 w 12th av;1832 w 12th av,Kitsilano,1830 w 12th av,EPS4287,"",6,1912,RT-8,,,,,,,,,,,,,
340 e hastings st,338 e hastings st,Strathcona,338 e hastings st,015576990,"",6,1982,DEOD,,,,,,,,,,,,,
743 e 12th av,"",Mount Pleasant,743 e 12th av,015416526,670210430000,6,1912,RT-5,R3-2,Residential,1453000,291000,,,,,,,,,
1125 e 14th av,1129 e 14th av,Mount Pleasant,1125 e 14th av,003096505,684222150000,6,1973,RT-5,R3-2,Residential,2123000,135000,,,,,,,,,
1025 w 15th av,1027 w 15th av;1031 w 15th av,Fairview,1031 w 15th av,004596382,"",6,1986,C-2,,,,,,,,,,,,,
1455 w 11th av,"",Fairview,1455 w 11th av,015017231,664130470000,6,1925,,R5-3,Residential,1912000,696000,0723137 BC Ltd,0723137 BC Ltd,"",Long-term Rental,"",,,,
1619 e 20th av,"",Kensington-Cedar Cottage,1619 e 20th av,007735774,237694950000,6,1906,,RT-10,Residential,2172000,192000,Sam Psimoulis & Fotini Psimoulis,Sam Psimoulis & Fotini Psimoulis,"",Long-term Rental,"",,,,
866 e broadway,870 e broadway,Mount Pleasant,866 e broadway,015437931,650212700000,6,1912,,R3-3,Residential,897000,2258000,Rowboat Investments Inc,Rowboat Investments Inc,"",Long-term Rental,"",,,,
2070 alma st,2054 alma st;2060 alma st;2062 alma st;2090 alma st,Kitsilano,2060 alma st,030409101,40640900000,6,1978,C-2,C-2A,Commercial,4409000,466200,,,,,,,,,
818 e pender st,820 e pender st;822 e pender st,Strathcona,818 e pender st,015574041;015574024,592212220000,6,1905,RT-3,RT-3,Residential,1780000,565000,,,,,,,,,
2466 w 4th av,"",Kitsilano,2466 w 4th av,014973197,640077360000,6,1929,,RM-4,Residential,1747000,1536000,Kerry Lou Dyer (Kerry Dyer),Kerry Lou Dyer (Kerry Dyer),"",Long-term Rental,"",,,,
4899 quebec st,"",Riley Park,4899 quebec st,010137513,188728990000,6,1942,,R1-1,Residential Inclusive,2181000,663000,1077772 BC Ltd,1077772 BC Ltd,"",Long-term Rental,"",,,,
1255 kingsway,1259 kingsway;1265 kingsway;1267 kingsway;1269 kingsway;1279 kingsway;1283 kingsway,Kensington-Cedar Cottage,1265 kingsway,031678190,770225750000,6,1968,C-2,CD-1 (817),Comprehensive Development,4302000,397000,,,,,,,,,
631 commercial dr,633 commercial dr;635 commercial dr,Grandview-Woodland,633 commercial dr,031163459,250594530000,6,1910,RM-4N,CD-1 (753),Comprehensive Development,1213000,2188000,,,,,,,,,
305 w 11th av,"",Mount Pleasant,305 w 11th av,014565285,664171970000,6,1912,,R5-2,Residential,2807000,316000,Dimitrios Panagopoulos & Alexandra Panagopoulos,Dimitrios Panagopoulos & Alexandra Panagopoulos,"",Long-term Rental,"",,,,
1107 thurlow st,"",West End,1107 thurlow st,014687895,119607770000,6,2003,,RM-5B,Residential,639000,80200,,,,,,Mole Hill - Phase II,Mole Hill Community Housing Society,,
960 cardero st,962 cardero st,West End,962 cardero st,014510413,"",6,1910,RM-5,,,,,,,,,,,,,
3634 e hastings st,3640 e hastings st;3642 e hastings st;3648 e hastings st,Hastings-Sunrise,3648 e hastings st,010299858;010299807,"",6,1953,C-2C,,,,,,,,,,,,,
1412 e 27th av,"",Kensington-Cedar Cottage,1412 e 27th av,011406721,714230120000,6,1910,,RM-1,Residential,1256000,34000,John P Crocock (John Crocock),John P Crocock (John Crocock),"",Long-term Rental,"",,,1,http://app.vancouver.ca/RPS_Net/Default.aspx?num=1412&street=E%2027TH%20AVENUE
3051 alberta st,301 w 15th av;3053 alberta st;3055 alberta st;3065 alberta st;3075 alberta st,Mount Pleasant,3065 alberta st,014568276,"",6,1942,RT-6,,,,,,,,,,,,,
1223 victoria dr,"",Grandview-Woodland,1223 victoria dr,013563238,253606230000,6,1912,RT-5,RT-5,Residential,1133000,88500,,,,,,,,,
969 w 19th av,961 w 19th av;963 w 19th av;975 w 19th av,South Cambie,961 w 19th av,"","",6,1954,RT-2,,,,,,,,,,,,,
1377 w 70th av,"",Marpole,1377 w 70th av,009980326,830137050000,6,1952,,RM-3A,Residential,1380000,692000,Mohsen Holdings Corporation,Mohsen Holdings Corporation,"",Long-term Rental,"",,,,
596 union st,"",,596 union st,"","",6,1905,,,,,,Irma A Benedetti (Irma Benedetti),Irma A Benedetti (Irma Benedetti),"",Long-term Rental,"",,,,
1527 w 4th av,1529 w 4th av,Fairview,1527 w 4th av,015239241,640124670000,6,1910,,C-2A,Commercial,1292800,819000,(Scott Primrose),(Scott Primrose),"",Long-term Rental,"",,,,
985 cardero st,987 cardero st,West End,985 cardero st,012526983,114605750000,6,1905,,RM-5A,Residential,1607000,391000,YWL Global Investment Consulting & Education Inc,YWL Global Investment Consulting & Education Inc,"",Long-term Rental,"",,,,
945 w 19th av,935 w 19th av;937 w 19th av,South Cambie,935 w 19th av,"","",6,1954,RT-2,,,,,,,,,,,,,
4355 main st,4357 main st,Riley Park,4355 main st,010204962,190713570000,6,1978,C-2,C-2A,Commercial,1458000,1836000,,,,,,,,2,http://app.vancouver.ca/RPS_Net/Default.aspx?num=4355&street=MAIN%20STREET
1425 w 70th av,"",Marpole,1425 w 70th av,004391918,830132550000,6,1964,,RM-3A,Residential,1311000,454000,0924733 BC Ltd,0924733 BC Ltd,"",Long-term Rental,"",,,1,http://app.vancouver.ca/RPS_Net/Default.aspx?num=1425&street=W%2070TH%20AVENUE
2814 w 3rd av,"",Kitsilano,2814 w 3rd av,006141358,638062880000,6,1912,,RT-8,Residential,2007000,85600,Carol M McDermott & Manfred W Schultz,Carol M McDermott & Manfred W Schultz,"",Long-term Rental,"",,,,
1961 commercial dr,1965 commercial dr,Grandview-Woodland,1965 commercial dr,014481715,"",6,1911,C-2C1,,,,,,,,,,,,,
2268 w 3rd av,2270 w 3rd av;2272 w 3rd av;2274 w 3rd av;2276 w 3rd av;2278 w 3rd av,Kitsilano,2268 w 3rd av,015375692;015375749,638084140000,6,1948,,R3-3,Residential,2181000,246000,M658 Limited Partnership,M658 Limited Partnership,"",Long-term Rental,"",,,,
2110 kingsway,4620 sidney st,Kensington-Cedar Cottage,4620 sidney st,014421283,"",6,1977,C-2,,,,,,,,,,,,,
1806 william st,1204 salsbury dr;1808 william st;1812 william st;1814 william st,Grandview-Woodland,1806 william st,008759758,252606020000,6,1954,,RT-5,Residential,2036000,10300,,,,,,,,,
2975 laurel st,"",Fairview,2975 laurel st,012099279,686150950000,6,1966,,R3-3,Residential,2310000,528000,Palmar Properties Inc,Palmar Properties Inc,"",Long-term Rental,"",,,,
2365 w 7th av,"",Kitsilano,2365 w 7th av,015018725,646078370000,6,1910,,RT-8,Residential,2816000,47100,Parmjit S Grewal & Naureen K Grewal,Parmjit S Grewal & Naureen K Grewal,"",Long-term Rental,"",,,,
1546 comox st,"",West End,1546 comox st,003804135,607114340000,6,1905,RM-5,RM-5,Residential,2613000,106000,,,,,,,,,
3958 fraser st,3960 fraser st,Kensington-Cedar Cottage,3960 fraser st,015758389,"",6,1910,C-2,,,,,,,,,,,,,
1701 waterloo st,1705 waterloo st;1709 waterloo st;3410 w 1st av,Kitsilano,3410 w 1st av,006918042;006918018,"",6,1910,RT-8,,,,,,,,,,,,,
1510 e pender st,"",Grandview-Woodland,1510 e pender st,015292177,592233060000,6,1967,,RM-4,Residential,1525000,408000,1510 East Pender Holdings Ltd,1510 East Pender Holdings Ltd,"",Long-term Rental,"",,,,
501 e 10th av,2556 st george st;503 e 10th av,Mount Pleasant,501 e 10th av,008600481;008600911,655201030000,6,1927,RT-5,R5-2,Residential,2112000,125000,,,,,,,,,
2472 w 4th av,2474 w 4th av;2476 w 4th av;2478 w 4th av;2480 w 4th av;2482 w 4th av,Kitsilano,2472 w 4th av,006532357,640077260000,6,1929,,RM-4,Residential,1747000,999000,2472 West 4th Property Inc,2472 West 4th Property Inc,"",Long-term Rental,"",,,,
2573 w 3rd av,"",Kitsilano,2573 w 3rd av,"","",6,1912,RT-8,,,,,,,,,,,,,
2594 eton st,"",Hastings-Sunrise,2594 eton st,"","",6,1909,C-1,,,,,,,,,,,,,
225 w 12th av,"",Mount Pleasant,225 w 12th av,004584503,670173570000,6,1910,,R5-2,Residential,2807000,95400,(Constance Ou),(Constance Ou),"",Long-term Rental,"",,,,
2510 larch st,2520 larch st;2530 larch st;2540 larch st;2550 larch st;2560 larch st,Kitsilano,2510 larch st,014862999,650077040000,6,1945,RM-4,RM-4,Residential,2079000,1620000,,,,,,,,,
2118 trutch st,"",,2118 trutch st,"","",6,1912,,,,,,,,,,,,,,
924 w 18th av,906 w 18th av;908 w 18th av,South Cambie,906 w 18th av,"","",6,1954,RT-2,,,,,,,,,,,,,
974 cardero st,"",West End,974 cardero st,014510383,114605960000,6,1910,,RM-5,Residential,1772000,118000,Guerino Rasman & Julianna Rasman,Guerino Rasman & Julianna Rasman,"",Long-term Rental,"",,,,
1946 w 12th av,"",Kitsilano,1946 w 12th av,014178125,670095560000,6,1912,,R3-2,Residential,2415000,555000,Laurel Oak Holdings Inc,Laurel Oak Holdings Inc,"",Long-term Rental,"",,,1,http://app.vancouver.ca/RPS_Net/Default.aspx?num=1946&street=W%2012TH%20AVENUE
3612 main st,3616 main st,Riley Park,3616 main st,006146295,"",6,1993,C-2,,,,,,,,,,,,,
2323 w 6th av,"",Kitsilano,2323 w 6th av,003428877,643078770000,6,1912,,RT-8,Residential,2816000,164000,Glen Rigby & Ingeborg Delville-Pratt,Glen Rigby & Ingeborg Delville-Pratt,"",Long-term Rental,"",,,,
4867 cambie st,"",South Cambie,4867 cambie st,EPS1622,"",6,2014,,,,,,,,,,,,,,
954 w 14th av,956 w 14th av,Fairview,954 w 14th av,014031272,686150460000,6,1914,RM-4,R3-3,Residential,2900000,156000,,,,,,,,,
1555 w 14th av,"",Fairview,1555 w 14th av,003430502,686124450000,6,1927,,R3-3,Residential,1912000,302000,Harkerson BC Wholesale Lumber (1996) Ltd,Harkerson BC Wholesale Lumber (1996) Ltd,"",Long-term Rental,"",,,,
212 kamloops st,"",Hastings-Sunrise,212 kamloops st,015320421,271587340000,6,1911,,R1-1,Residential Inclusive,1930000,88700,(Elizabeth Kovacs),(Elizabeth Kovacs),"",Long-term Rental,"",,,,
2646 yukon st,"",Mount Pleasant,2646 yukon st,014565340,171654960000,6,1912,,R5-2,Residential,3234000,875000,James Plenert & Marianne Plenert,James Plenert & Marianne Plenert,"",Long-term Rental,"",,,,
2324 w broadway,"",Kitsilano,2324 w broadway,014862735,650078740000,6,1954,,RM-4,Residential,2079000,792000,Monica Malvina Berdin (Monica Berdin),Monica Malvina Berdin (Monica Berdin),"",Long-term Rental,"",,,,
2006 e 6th av,"",Grandview-Woodland,2006 e 6th av,015277321;015277313,641255060000,6,1913,,RT-5,Residential,3299000,10000,,,,,,,,,
3789 quebec st,99 e 22nd av,Riley Park,3789 quebec st,030326427,703184950000,6,1902,RS-7,R1-1,Residential Inclusive,2453000,644000,,,,,,,,,
1073 w broadway,1075 w broadway;1077 w broadway,Fairview,1073 w broadway,009180401,650149270000,6,1912,C-3A,C-3A,Commercial,3378000,2541000,,,,,,,,1,http://app.vancouver.ca/RPS_Net/Default.aspx?num=1073&street=W%20BROADWAY
532 prior st,"",Strathcona,532 prior st,015145573,600196320000,6,1901,,RT-3,Residential,1393000,474000,Shoba D Singh & Darmendra Singh,Shoba D Singh & Darmendra Singh,"",Long-term Rental,"",,,,
2196 w 2nd av,"",Kitsilano,2196 w 2nd av,007750218;007750226,636087060000,6,1980,,R3-3,Residential,2218000,711000,Gum Fat Lum & Grena Lum,Gum Fat Lum & Grena Lum,"",Long-term Rental,"",,,1,http://app.vancouver.ca/RPS_Net/Default.aspx?num=2196&street=W%202ND%20AVENUE
4363 main st,4359 main st,Riley Park,4359 main st,010204997,"",6,1957,C-2,,,,,,,,,,,,,
550 e 15th av,"",Mount Pleasant,550 e 15th av,015610594,687199500000,6,1927,C-2C,C-2A,Commercial,1225000,992000,,,,,,,,,
2134 macdonald st,"",Kitsilano,2134 macdonald st,003530302,70642700000,6,1911,RT-8,RT-8,Residential,1765000,211000,Shun Kuo Hung & Yu Pei Huang,Shun Kuo Hung & Yu Pei Huang,"",Long-term Rental,"",,,,
1896 w 12th av,"",Kitsilano,1896 w 12th av,014012120,670097040000,6,1912,,R3-2,Residential,2415000,244000,(Craig Trudeau),(Craig Trudeau),"",Long-term Rental,"",,,,
1130 granville st,1132 granville st;1134 granville st,Downtown,1130 granville st,015482651,130608380000,6,1910,,DD,Comprehensive Development,2624000,2307000,(Jutta Ahmed),(Jutta Ahmed),"",Long-term Rental,"",,,4,http://app.vancouver.ca/RPS_Net/Default.aspx?num=1130&street=GRANVILLE%20STREET
1103 pendrell st,"",West End,1103 pendrell st,015752216,609118850000,6,2003,,RM-5B,Residential,334000,156000,,,,,,Mole Hill - Phase II,Mole Hill Community Housing Society,,
2155 pandora st,"",Grandview-Woodland,2155 pandora st,015677877,587259550000,6,1910,,RM-3A,Residential,1919000,10000,Daniel G Harf & Nathan Lusignan & Monica B Strehlke,Daniel G Harf & Nathan Lusignan & Monica B Strehlke,"",Long-term Rental,"",,,,
1104 w 15th av,"",Fairview,1104 w 15th av,013244108,688147560000,6,1910,RT-2,R3-2,Residential,3574000,135000,,,,,,,,,
1120 comox st,"",West End,1120 comox st,015750370,607118780000,6,2001,,RM-5B,Residential,383000,171000,,,,,,Mole Hill - Phase I,Mole Hill Community Housing Society,,
1275 w 12th av,"",Fairview,1275 w 12th av,014687046,670138250000,6,1911,,R3-3,Residential,3081000,126000,(Horst Sowa),(Horst Sowa),"",Long-term Rental,"",,,,
754 e broadway,756 e broadway;758 e broadway,Mount Pleasant,756 e broadway,015251730,"",6,1912,C-2C,,,,,,,,,,,,,
2150 e pender st,"",Grandview-Woodland,2150 e pender st,029301645,592259420000,6,1912,,RT-5,Residential,1600000,257000,P D A Capital Corp,P D A Capital Corp,"",Long-term Rental,"",,,3,http://app.vancouver.ca/RPS_Net/Default.aspx?num=2150&street=E%20PENDER%20STREET
1815 commercial dr,1817 commercial dr;1839 commercial dr,Grandview-Woodland,1817 commercial dr,009935509,"",6,1911,C-2C,,,,,,,,,,,,,
32 e 17th av,34 e 17th av;36 e 17th av;38 e 17th av;40 e 17th av;42 e 17th av,Riley Park,32 e 17th av,014603594,691184400000,6,1918,RS-7,R1-1,Residential Inclusive,2252000,268000,Maria Silva & Luis  Silva,Maria Silva & Luis  Silva,"",Long-term Rental,"",,,,
1353 barclay st,"",West End,1353 barclay st,013237489,605116370000,6,1904,,RM-5,Residential,2613000,638000,(Rudy Labuhn),(Rudy Labuhn),"",Long-term Rental,"",,,,
4391 main st,189 e 28th av;4393 main st;4395 main st;4399 main st,Riley Park,4395 main st,014291703;014291720,190713990000,6,1948,C-2,C-2A,Commercial,2464000,5230000,,,,,,,,,
127 n templeton dr,"",Grandview-Woodland,127 n templeton dr,"","",6,1912,RM-3A,,,,,,,,,,,,,
3609 w broadway,3611 w broadway;3617 w broadway,Kitsilano,3609 w broadway,010570578;010570608,650040790000,6,1977,,C-2A,Commercial,2890000,3496000,Nicholas Liapis & Athanasia Liapis,Nicholas Liapis & Athanasia Liapis,"",Long-term Rental,"",,,,
2746 quebec st,"",Mount Pleasant,2746 quebec st,009087877,670186050000,6,1910,RM-4N,R5-3,Residential,1664000,130000,,,,,,,,,
2930 granville st,2932 granville st,Fairview,2930 granville st,014671620,130683540000,6,1912,,C-3A,Commercial,1858000,4263000,Choo Bros Investments Ltd,Choo Bros Investments Ltd,"",Long-term Rental,"",,,,
5887 victoria dr,5869 victoria dr;5873 victoria dr;5877 victoria dr;5881 victoria dr;5885 victoria dr,Victoria-Fraserview,5887 victoria dr,012294900;012294870;012294888,"",6,1965,C-2,,,,,,,,,,,,,
1709 stephens st,"",Kitsilano,1709 stephens st,015137261,72634150000,6,1910,RT-8,RT-8,Residential,2222000,30700,,,,,,,,,
1865 w 12th av,"",Kitsilano,1865 w 12th av,011991321,670097370000,6,1912,RT-8,R3-2,Residential,2415000,533000,,,,,,,,,
5650 oak st,"",South Cambie,5650 oak st,LMS2992,"",6,1997,,,,,,Vancouver Resource Society for the Physically Disabled,Vancouver Resource Society for the Physically Disabled,"",Long-term Rental,Non-Profit Housing,Bloomfield Gardens,Vancouver Resource Society for the Physically Disabled,,
2230 cornwall av,"",Kitsilano,2230 cornwall av,005331340,630084760000,6,1926,RM-4,RM-4,Residential,2662000,1104000,,,,,,,,,
2480 laurel st,887 w broadway;895 w broadway,Fairview,2480 laurel st,013708511,650153070000,6,1912,,C-3A,Commercial,6264000,29200,Eterna Enterprises Ltd,Eterna Enterprises Ltd,"",Long-term Rental,"",,,,
1431 haro st,1429 haro st;1433 haro st,West End,1431 haro st,015775658,603115670000,6,1903,,RM-5,Residential,1815000,1550000,Plan A Real Estate Services Ltd,Plan A - 1431 Haro Street Ltd,"",Long-term Rental,"",,,4,http://app.vancouver.ca/RPS_Net/Default.aspx?num=1431&street=HARO%20STREET
196 e 21st av,"",Riley Park,196 e 21st av,010492186,702187880000,6,1910,,R1-1,Residential Inclusive,1897000,17000,0955073 BC Ltd,0955073 BC Ltd,"",Long-term Rental,"",,,,
2228 e hastings st,2230 e hastings st;2234 e hastings st,Grandview-Woodland,2228 e hastings st,013333089,590265280000,6,1954,C-2C1,C-2A,Commercial,1809000,810000,,,,,,,,1,http://app.vancouver.ca/RPS_Net/Default.aspx?num=2228&street=E%20HASTINGS%20STREET
772 bidwell st,774 bidwell st;776 bidwell st,West End,774 bidwell st,015744086,"",6,1903,C-5A,,,,,,,,,,,,,
2832 st george st,2834 st george st;2842 st george st;2844 st george st;2852 st george st;2854 st george st,Mount Pleasant,2832 st george st,015441202;015441211,201670960000,6,1982,,R3-2,Residential,3634000,17200,,,,,,Robson Park Co-op (Phase I),Robson Park Co-op Housing Association,,
2602 ontario st,"",Mount Pleasant,2602 ontario st,013710354,184654060000,6,1912,,R5-3,Residential,1672000,110000,(Rayne Graham),(Rayne Graham),"",Long-term Rental,"",,,,
951 nicola st,1500 barclay st;953 nicola st;955 nicola st;957 nicola st,West End,957 nicola st,009103520,"",6,1903,RM-5,,,,,,,,,,,,,
2006 w 13th av,"",Kitsilano,2006 w 13th av,003389995,683090940000,6,1912,RT-8,R3-2,Residential,3221000,206000,,,,,,,,,
2631 columbia st,2633 columbia st,Mount Pleasant,2631 columbia st,008205191,179654650000,6,1912,RT-6,R5-2,Residential,3285000,388000,,,,,,,,,
2638 w 10th av,"",Kitsilano,2638 w 10th av,007708424,654072440000,6,1912,,R1-1,Residential Inclusive,2078000,170000,Cruickshank Bros Ltd,Cruickshank Bros Ltd,"",Long-term Rental,"",,,,
116 w 14th av,114 w 14th av;118 w 14th av;120 w 14th av,Mount Pleasant,114 w 14th av,EPS5515,"",6,1910,RT-6,,,,,,,,,,,,,
1003 wolfe av,"",Shaughnessy,1003 wolfe av,011531053,150697950000,6,1931,,RM-3A,Residential,2426000,290000,1281231 BC Ltd,1281231 BC Ltd,"",Long-term Rental,"",,,2,http://app.vancouver.ca/RPS_Net/Default.aspx?num=1003&street=WOLFE%20AVENUE
1907 collingwood st,"",Kitsilano,1907 collingwood st,009422145,42638070000,6,1912,,RT-8,Residential,2677000,69600,(Jan Prchal),(Jan Prchal),"",Long-term Rental,"",,,,
1109 harwood st,"",West End,1109 harwood st,015746852,615118850000,6,1905,RM-5A,RM-5A,Residential,2613000,60700,,,,,,,,,
2246 w 4th av,2248 w 4th av;2250 w 4th av;2252 w 4th av,Kitsilano,2246 w 4th av,007390904,640084540000,6,1988,,C-2A,Commercial,2791000,3986000,William Lee & Linda Jow,William Lee & Linda Jow,"",Long-term Rental,"",,,,
3500 w 1st av,1701 collingwood st,Kitsilano,3500 w 1st av,015437078;015437108,634041960000,6,1912,,RT-8,Residential,3867000,10000,Nicholas Meyer & Margaret Olney,Nicholas Meyer & Margaret Olney,"",Long-term Rental,"",,,,
1433 commercial dr,1435 commercial dr;1437 commercial dr,Grandview-Woodland,1435 commercial dr,015172309,250611370000,6,1910,C-2C,C-2C,Commercial,1312000,1250000,,,,,,,,,
910 w 71st av,"",Marpole,910 w 71st av,014246368,152832070000,6,1950,RM-3A,RM-3A,Residential,1419000,242000,,,,,,,,,
1180 comox st,1182 comox st,West End,1180 comox st,006800939,607118120000,6,2018,,RM-5B,Residential,1788000,1798000,Pacific Cove Properties,Strathmore Lodge Ltd,"",Long-term Rental,"",,,,
1765 adanac st,"",Grandview-Woodland,1765 adanac st,015163598,598250650000,6,1948,,RM-4,Residential,1167000,344000,Chew Leong Chow & Lai Kwan Chow,Chew Leong Chow & Lai Kwan Chow,"",Long-term Rental,"",,,,
2406 w 5th av,"",Kitsilano,2406 w 5th av,014967286,642077940000,6,1912,,RT-8,Residential,2964000,184000,Sophia Athina Koumbis (Sophia Koumbis),Sophia Athina Koumbis (Sophia Koumbis),"",Long-term Rental,"",,,,
24 e broadway,"",Mount Pleasant,24 e broadway,"","",6,1910,C-3A,,,,,,,,,,,,,
1379 w 71st av,1385 w 71st av,Marpole,1379 w 71st av,031906494,832135050000,6,1953,,RM-3A,Residential,5023000,980000,,,,,,,,,
575 w 16th av,"",Fairview,575 w 16th av,015105661,690165130000,6,1910,RM-4,R3-3,Residential,2078000,38300,,,,,,,,,
111 e pender st,"",Downtown,111 e pender st,015670635,592186230000,6,1979,HA-1,HA-1,Historical Area,1609000,1869000,,,,,,,,,
1112 davie st,1114 davie st;1116 davie st;1118 davie st;1120 davie st,West End,1116 davie st,015746976,"",6,1974,C-5,,,,,,,,,,,,,
1858 e 15th av,"",Kensington-Cedar Cottage,1858 e 15th av,011237813,685251560000,6,1912,,RT-5,Residential,1316000,256000,Donald M Pallesen (Donald Pallesen),Donald M Pallesen (Donald Pallesen),"",Long-term Rental,"",,,,
1805 w 13th av,"",Kitsilano,1805 w 13th av,003428958,683097950000,6,1912,,R3-2,Residential,2738000,261000,Lance Yen & Michelle Yen,Lance Yen & Michelle Yen,"",Long-term Rental,"",,,,
1530 e broadway,"",Kensington-Cedar Cottage,1530 e broadway,014418053;014418045,650234140000,6,1950,,RM-4,Residential,1432000,78200,Broadway Terrace Development Ltd,Broadway Terrace Development Ltd,"",Long-term Rental,"",,,13,http://app.vancouver.ca/RPS_Net/Default.aspx?num=1530&street=E%20BROADWAY
775 salsbury dr,779 salsbury dr,Grandview-Woodland,775 salsbury dr,006146082,598250950000,6,1953,,RM-4,Residential,1167000,380000,Mow Wing Gee (Mow Gee),Mow Wing Gee (Mow Gee),"",Long-term Rental,"",,,,
49 w 12th av,47 w 12th av,Mount Pleasant,47 w 12th av,010857656,670182370000,6,1905,RT-6,R3-2,Residential,2276000,47100,,,,,,,,,
2301 main st,2303 main st,Mount Pleasant,2303 main st,015106179;015106195,"",6,1905,C-3A,,,,,,,,,,,,,
8709 cartier st,"",Marpole,8709 cartier st,008240884,832132960000,6,1951,,RM-3A,Residential,1677000,578000,DHZ Development Inc,DHZ Development Inc,"",Long-term Rental,"",,,,
325 w 12th av,"",Mount Pleasant,325 w 12th av,014565463,670171690000,6,1910,RT-6,R5-2,Residential,2807000,118000,,,,,,,,,
2536 w 4th av,"",Kitsilano,2536 w 4th av,014973928,640073620000,6,1932,,RM-4,Residential,1747000,1196000,490297 BC Ltd,490297 BC Ltd,"",Long-term Rental,"",,,,
2329 w 1st av,"",Kitsilano,2329 w 1st av,027951511,634078650000,6,2011,,RM-4,Residential,2181000,2579000,0721818 BC Ltd,0721818 BC Ltd,"",Long-term Rental,"",,,,
2293 w 6th av,2180 vine st;2186 vine st;2194 vine st;2198 vine st;2295 w 6th av,Kitsilano,2293 w 6th av,015229254,643084030000,6,1947,,R3-3,Residential,2218000,2897000,VP 2018 Holdings Ltd,VP 2018 Holdings Ltd,"",Long-term Rental,"",,,,
923 w 19th av,907 w 19th av;909 w 19th av,South Cambie,907 w 19th av,"","",6,1955,RT-2,,,,,,,,,,,,,
2285 w 10th av,2586 vine st,Kitsilano,2285 w 10th av,011642289,84650940000,6,1931,,C-7,Commercial,1303000,894000,Fortune Securities Ltd,Fortune Securities Ltd,"",Long-term Rental,"",,,,
1140 comox st,"",West End,1140 comox st,015750434,607118500000,6,2001,,RM-5B,Residential,325000,255000,,,,,,Mole Hill - Phase I,Mole Hill Community Housing Society,,
8692 french st,"",Marpole,8692 french st,014344351,832132050000,6,1953,,RM-3A,Residential,1677000,835000,1562821 B.C. LTD.,1562821 B.C. LTD.,"",Long-term Rental,"",,,2,http://app.vancouver.ca/RPS_Net/Default.aspx?num=8692&street=FRENCH%20STREET
1886 w 15th av,"",Kitsilano,1886 w 15th av,012757284,688097160000,6,1922,,R3-2,Residential,3221000,241000,Donald J Taylor & Rhonda K Taylor,Donald J Taylor & Rhonda K Taylor,"",Long-term Rental,"",,,,
3331 kingsway,3333 kingsway;3335 kingsway,Renfrew-Collingwood,3331 kingsway,004242726,770306810000,6,1987,,C-2A,Commercial,1883000,2419000,Andy Su & Yi Su & So Han Su,Andy Su & Yi Su & So Han Su,"",Long-term Rental,"",,,,
1905 w 16th av,"",Kitsilano,1905 w 16th av,011147865,690095950000,6,1912,,R3-2,Residential,2421000,180000,Hugh Meikle & Sylvia Meikle,Hugh Meikle & Sylvia Meikle,"",Long-term Rental,"",,,,
1828 commercial dr,1830 commercial dr;1832 commercial dr,Grandview-Woodland,1828 commercial dr,014896559,250631320000,6,1910,,C-2C,Commercial,1247000,3407000,(Maria Migliuri),(Maria Migliuri),"",Long-term Rental,"",,,,
1139 pendrell st,"",West End,1139 pendrell st,015752143,609118450000,6,2002,,RM-5B,Residential,376000,165000,,,,,,Mole Hill - Phase I,Mole Hill Community Housing Society,,
2335 w 6th av,2337 w 6th av;2339 w 6th av,Kitsilano,2335 w 6th av,032187815,643078670000,6,1912,RT-8,RT-8,Residential,2688000,430000,,,,,,,,,
2099 w 3rd av,1836 arbutus st;1838 arbutus st;1846 arbutus st,Kitsilano,1846 arbutus st,015286231,"",6,1908,RM-4,,,,,,,,,,,,,
2235 commercial dr,2237 commercial dr;2239 commercial dr,Grandview-Woodland,2235 commercial dr,014873583,250641370000,6,1913,C-2C,C-2C,Commercial,1153000,2200000,,,,,,,,9,http://app.vancouver.ca/RPS_Net/Default.aspx?num=2235&street=COMMERCIAL%20DRIVE
2045 whyte av,"",Kitsilano,2045 whyte av,013931954,626090530000,6,1912,,RT-9,Residential,4356000,78600,R Richard Twining (R Twining),R Richard Twining (R Twining),"",Long-term Rental,"",,,,
2845 hemlock st,1415 w 13th av;1417 w 13th av;2849 hemlock st,Fairview,2845 hemlock st,010808116,134670950000,6,1977,,R5-3,Residential,3015000,345000,WV Falcus & Associates (1977) Ltd,WV Falcus & Associates (1977) Ltd,"",Long-term Rental,"",,,,
305 w 12th av,"",Mount Pleasant,305 w 12th av,014565439,670171950000,6,1912,,R5-2,Residential,2807000,386000,Wing Yan Ting (Wing Ting),Wing Yan Ting (Wing Ting),"",Long-term Rental,"",,,,
1204 victoria dr,"",Grandview-Woodland,1204 victoria dr,004425901,253606040000,6,1910,RT-5,RT-5,Residential,1843000,220000,,,,,,,,,
1319 se marine dr,1323 se marine dr,Sunset,1319 se marine dr,010617183;010617230,830226070000,6,1973,C-1,C-1,Commercial,3617000,2159000,,,,,,,,,
1725 mclean dr,"",Grandview-Woodland,1725 mclean dr,015285430,630230920000,6,1957,RM-4N,RM-4,Residential,1114000,1873000,,,,,,,,,
8888 osler st,1081 sw marine dr;1083 sw marine dr;1085 sw marine dr;1087 sw marine dr;1099 sw marine dr;8872 osler st;8874 osler st;8876 osler st;8890 osler st;8892 osler st,Marpole,8888 osler st,EPS8236;029856060,840148070000,6,2022,,CD-1 (276),Comprehensive Development,,,,,,,,,,,
2365 w 8th av,"",Kitsilano,2365 w 8th av,008372357,648078350000,6,1910,,RT-8,Residential,2816000,6600,1057872 BC Ltd,1057872 BC Ltd,"",Long-term Rental,"",,,,
4969 victoria dr,4971 victoria dr;4973 victoria dr;4975 victoria dr,Kensington-Cedar Cottage,4975 victoria dr,002858819,"",6,1956,C-2,,,,,,,,,,,,,
1020 chilco st,"",West End,1020 chilco st,015737101,108606540000,6,1952,,RM-5B,Residential,2742000,16200,Moza Holdings Limited,Moza Holdings Limited,"",Long-term Rental,"",,,,
1596 w 10th av,"",Fairview,1596 w 10th av,009427708,654124160000,6,1910,,R5-3,Residential,3015000,99000,Unicam Developments Ltd,Unicam Developments Ltd,"",Long-term Rental,"",,,2,http://app.vancouver.ca/RPS_Net/Default.aspx?num=1596&street=W%2010TH%20AVENUE
2239 w 7th av,"",Kitsilano,2239 w 7th av,EPS4638,"",6,1908,RM-4,,,,,,,,,,,,,
2304 prince albert st,"",Mount Pleasant,2304 prince albert st,015280501,212646040000,6,1910,,R3-3,Residential,1277000,94800,(Jose Da Silva),(Jose Da Silva),"",Long-term Rental,"",,,,
896 w 13th av,"",Fairview,896 w 13th av,014667011,683153060000,6,1926,,R3-3,Residential,2906000,109000,Eugene Edward Feist & Bradley Barratt Feist,Eugene Edward Feist & Bradley Barratt Feist,"",Long-term Rental,"",,,,
1758 e 1st av,"",Grandview-Woodland,1758 e 1st av,012433438,630250580000,6,1912,RM-11N,RM-11,Residential,1456000,97300,,,,,,,,,
2553 york av,2555 york av,Kitsilano,2553 york av,015023770,631073350000,6,1912,,RT-8,Residential,3709000,91000,(George Doumakis),(George Doumakis),"",Long-term Rental,"",,,,
562 e broadway,2511 carolina st;2515 carolina st;2519 carolina st;2521 carolina st;2523 carolina st;2525 carolina st;560 e broadway;564 e broadway;568 e broadway;572 e broadway;580 e broadway;592 e broadway,Mount Pleasant,2525 carolina st,"","",6,1971,C-2C,,,,,,,,,,,,,
1200 w 15th av,"",Fairview,1200 w 15th av,004068602,688138840000,6,1910,,R3-2,Residential,3103000,98500,Yee Ha Lau (Yee Lau),Yee Ha Lau (Yee Lau),"",Long-term Rental,"",,,,
946 w 18th av,936 w 18th av;938 w 18th av,South Cambie,936 w 18th av,"","",6,1954,RT-2,,,,,,,,,,,,,
1177 e 14th av,1171 e 14th av;1173 e 14th av;1175 e 14th av;1179 e 14th av,Mount Pleasant,1171 e 14th av,015376974,"",6,1910,RT-5,,,,,,,,,,,,,
2274 trafalgar st,"",Kitsilano,2274 trafalgar st,003629201,646073070000,6,1958,RT-8,RT-8,Residential,2513000,62100,,,,,,,,,
1420 napier st,1422 napier st;1424 napier st;1426 napier st;1428 napier st;1430 napier st,Grandview-Woodland,1420 napier st,014234831,233604050000,6,1912,RM-4,RM-4,Residential,612000,3203000,,,,,,,,,
2394 w 6th av,"",Kitsilano,2394 w 6th av,007180411,643078060000,6,1912,,RT-8,Residential,2831000,279000,,,,,,,,,
1270 w 11th av,"",Fairview,1270 w 11th av,014688646,664138240000,6,1931,,R3-3,Residential,1912000,406000,Becison Holdings Corp,Becison Holdings Corp,"",Long-term Rental,"",,,,
2017 w 5th av,"",Kitsilano,2017 w 5th av,005544262,642090650000,6,1984,,R3-3,Residential,3050000,1470000,,,,,,Juniper Co-op,Juniper Co-op Housing Association,,
1011 richelieu av,"",Shaughnessy,1011 richelieu av,006680381,150690970000,6,1929,,RM-3A,Residential,2286000,607000,1011 Richelieu Holdings Ltd,1011 Richelieu Holdings Ltd,"",Long-term Rental,"",,,,
475 w 19th av,"",Riley Park,475 w 19th av,004457536,694170310000,6,1914,,R1-1,Residential Inclusive,2446000,135000,1113430 BC Ltd,1113430 BC Ltd,"",Long-term Rental,"",,,,
1093 nicola st,"",West End,1093 nicola st,015758826,115607470000,6,1935,,RM-5,Residential,2734000,14000,V A B 19930 Holdings Ltd,V A B 19930 Holdings Ltd,"",Long-term Rental,"",,,1,http://app.vancouver.ca/RPS_Net/Default.aspx?num=1093&street=NICOLA%20STREET
2120 cornwall av,2122 cornwall av;2126 cornwall av,Kitsilano,2120 cornwall av,007335211,630087860000,6,1979,,RM-4,Residential,2617000,1344000,0723137 BC Ltd,0723137 BC Ltd,"",Long-term Rental,"",,,,
968 cardero st,"",West End,968 cardero st,014510391,114605860000,6,1910,,RM-5,Residential,1765400,152000,Guerino Rasman & Julianna Rasman,Guerino Rasman & Julianna Rasman,"",Long-term Rental,"",,,,
825 commercial dr,"",Grandview-Woodland,825 commercial dr,"","",6,1914,RM-4N,,,,,,,,,,,,,
1031 w 10th av,"",Fairview,1031 w 10th av,002982439,654149750000,6,1912,,R5-3,Residential,3015000,109000,316 Holdings Ltd,316 Holdings Ltd,"",Long-term Rental,"",,,,
24 e 10th av,"",Mount Pleasant,24 e 10th av,013710401,654184340000,6,1910,RM-4,R5-3,Residential,2036000,113000,,,,,,,,,
233 w 8th av,"",Mount Pleasant,233 w 8th av,011063637,648173570000,6,1910,,I-1,Industrial,1984000,10000,233 West 8th Nominee Ltd,233 West 8th Nominee Ltd,"",Long-term Rental,"",,,,
2635 w 1st av,"",Kitsilano,2635 w 1st av,007530382,634072270000,6,1905,,RT-8,Residential,3534000,227000,(Angelos Graffos),(Angelos Graffos),"",Long-term Rental,"",,,,
1665 e 5th av,"",Grandview-Woodland,1665 e 5th av,015499227,638234850000,6,1910,,RM-4,Residential,2072000,262000,Femon Enterprise Ltd,Femon Enterprise Ltd,"",Long-term Rental,"",,,,
1704 e 1st av,1700 commercial dr;1706 commercial dr;1706 e 1st av,Grandview-Woodland,1704 e 1st av,014895536,250630060000,6,1912,,C-2C,Commercial,1306000,3526000,LQ Investment Ltd,LQ Investment Ltd,"",Long-term Rental,"",,,,
1316 commercial dr,1322 commercial dr,Grandview-Woodland,1316 commercial dr,012813320;012815144;012813338,250607260000,6,1948,,C-2C,Commercial,2835000,5454000,FCCZ Investment Ltd.,FCCZ Investment Ltd.,"",Long-term Rental,"",,,3,http://app.vancouver.ca/RPS_Net/Default.aspx?num=1316&street=COMMERCIAL%20DRIVE
2286 w 5th av,"",Kitsilano,2286 w 5th av,005544271,642084160000,6,1984,,R3-3,Residential,2033000,2024000,,,,,,Juniper Co-op,Juniper Co-op Housing Association,,
1476 w 14th av,"",Fairview,1476 w 14th av,014666448,686130240000,6,1926,,R3-3,Residential,1912000,790000,(Marion Seeklus),(Marion Seeklus),"",Long-term Rental,"",,,,
968 nicola st,"",West End,968 nicola st,004996542,115605540000,6,1940,,RM-5,Residential,1949000,396000,Golden Gourd Capital Ltd,Golden Gourd Capital Ltd,"",Long-term Rental,"",,,,
2346 w 5th av,"",Kitsilano,2346 w 5th av,014966581,642078560000,6,1912,,RT-8,Residential,2816000,236000,Anee Holdings Ltd,Anee Holdings Ltd,"",Long-term Rental,"",,,,
2204 w 13th av,2905 yew st,Kitsilano,2204 w 13th av,013890689,683084960000,6,1982,,R3-2,Residential,2899000,29900,,,,,,Yew Street Co-op,Yew Street Co-op Housing Association,,
367 w 7th av,"",Mount Pleasant,367 w 7th av,008200271,646171150000,6,1905,I-1,I-1,Industrial,2124000,10000,,,,,,,,,
959 w 19th av,951 w 19th av;953 w 19th av,South Cambie,951 w 19th av,"","",6,1955,RT-2,,,,,,,,,,,,,
1895 w 14th av,"",Kitsilano,1895 w 14th av,012764426,686097070000,5,1912,,R3-2,Residential,3221000,606000,Modavi Enterprises Inc & Mal Investment Inc,Modavi Enterprises Inc & Mal Investment Inc,"",Long-term Rental,"",,,,
453 e 10th av,"",Mount Pleasant,453 e 10th av,011948175,655198530000,5,1910,,R5-2,Residential,2076000,140000,Daniel Mezheritsky & Sam Grayli,Daniel Mezheritsky & Sam Grayli,"",Long-term Rental,"",,,,
1943 parker st,"",Grandview-Woodland,1943 parker st,014999218,601253430000,5,1910,,RT-5,Residential,1821000,120000,,,,,,,,,
1390 thurlow st,1392 thurlow st,West End,1390 thurlow st,008172498,119615960000,5,1905,RM-5A,RM-5A,Residential,1613000,135000,,,,,,,,,
1030 e 10th av,"",Mount Pleasant,1030 e 10th av,015271242,655217300000,5,1911,RT-5,R3-2,Residential,1817000,175000,,,,,,,,,
1216 victoria dr,1218 victoria dr,Grandview-Woodland,1216 victoria dr,004129385,253606160000,5,1910,,RT-5,Residential,1484000,345000,P D A Capital Corp,P D A Capital Corp,"",Long-term Rental,"",,,3,http://app.vancouver.ca/RPS_Net/Default.aspx?num=1216&street=VICTORIA%20DRIVE
3460 yukon st,"",Riley Park,3460 yukon st,011229365;011457902,172693620000,5,1984,,R1-1,Residential Inclusive,3002000,473000,(John Hernandez),(John Hernandez),"",Long-term Rental,"",Yukon House,Community Living Society,1,http://app.vancouver.ca/RPS_Net/Default.aspx?num=3460&street=YUKON%20STREET
63 w 18th av,"",Riley Park,63 w 18th av,"","",5,1911,RS-7,,,,,,,,,,,,,
2028 triumph st,2032 triumph st;2034 triumph st;2036 triumph st,Grandview-Woodland,2028 triumph st,015678164,586255460000,5,1918,RM-3A,RM-3A,Residential,1087000,11600,,,,,,,,,
2992 w broadway,2516 carnarvon st;2996 w broadway,Kitsilano,2992 w broadway,015063259,650061060000,5,1949,C-2C,C-2A,Commercial,1924000,2400000,,,,,,,,,
1836 napier st,"",Grandview-Woodland,1836 napier st,015047903;015047504,604252420000;604252400000,5,1908,,RT-5,Residential,1310000,10000,1106062 BC Ltd,1106062 BC Ltd,Home Family N Pets,Long-term Rental,"",,,1,http://app.vancouver.ca/RPS_Net/Default.aspx?num=1836&street=NAPIER%20STREET
2165 w 8th av,"",Kitsilano,2165 w 8th av,015212599,648087350000,5,1910,,R5-3,Residential,3378000,50900,,,,,,,,,
3899 marguerite st,"",Shaughnessy,3899 marguerite st,011540788,122702710000,5,1912,,FSD,Comprehensive Development,3895000,184000,Natalie Elizabeth Winkler (Natalie Winkler),Natalie Elizabeth Winkler (Natalie Winkler),"",Long-term Rental,"",,,,
2544 cornwall av,"",Kitsilano,2544 cornwall av,015023737,630073540000,5,1912,,RT-8,Residential,3203000,176000,(Matena Kravariotis),(Matena Kravariotis),"",Long-term Rental,"",,,,
1552 e 12th av,1556 e 12th av,Kensington-Cedar Cottage,1552 e 12th av,004569458,670234400000,5,1912,RM-11N,RM-11,Residential,1317000,139000,,,,,,,,,
444 w 12th av,"",Mount Pleasant,444 w 12th av,014569957,670170400000,5,1925,,R5-2,Residential,2793000,13200,Donald E Greer and Marian J Greer,Donald E Greer and Marian J Greer,"",Long-term Rental,"",,,,
935 e 10th av,"",Mount Pleasant,935 e 10th av,010381066,655214350000,5,1913,,R3-2,Residential,1817000,109000,(Rayne Graham),(Rayne Graham),"",Long-term Rental,"",,,,
1975 w 10th av,1979 w 10th av,Kitsilano,1975 w 10th av,011651199,654095250000,5,1941,,R5-2,Residential,2899000,68300,Anthony Ng & Yumy Ng,Anthony Ng & Yumy Ng,"",Long-term Rental,"",,,,
1849 creelman av,"",Kitsilano,1849 creelman av,030624991,627097130000,5,1912,RT-9,RT-9,Residential,2918000,5512000,,,,,,,,,
2209 york av,2211 york av,Kitsilano,2209 york av,015906035,631084830000,5,1993,C-2B,C-2A,Commercial,1620000,3623000,,,,,,,,,
2403 dunbar st,"",Kitsilano,2403 dunbar st,004428536,41648070000,5,1912,,RT-7,Residential,1914000,59200,(Glen Gnyp),(Glen Gnyp),"",Long-term Rental,"",,,,
984 e broadway,"",Mount Pleasant,984 e broadway,004499115,650214840000,5,1956,,R3-3,Residential,897000,640000,Manuel Goncalves & Dulce Goncalves & Joel Goncalves,Manuel Goncalves & Dulce Goncalves & Joel Goncalves,"",Long-term Rental,"",,,,
3412 w 2nd av,"",Kitsilano,3412 w 2nd av,015432084,636042740000,5,1918,,RT-8,Residential,2677000,154000,Peter Salat & Andrea Veljkovic,Peter Salat & Andrea Veljkovic,"",Long-term Rental,"",,,,
111 e 61st av,"",Sunset,111 e 61st av,009767738,817184590000,5,1911,,R1-1,Residential Inclusive,2212000,93900,Clifford P Laurendeau & Judy M Harkala,Clifford P Laurendeau & Judy M Harkala,"",Long-term Rental,"",,,,
1109 victoria dr,1111 victoria dr;1115 victoria dr;1892 napier st;1896 napier st,Grandview-Woodland,1109 victoria dr,015048128;015048071,604252960000,5,1980,,RT-5,Residential,3095000,8700,,,,,,Vancouver East Co-op,Vancouver East Co-op Housing Association,,
858 e 6th av,"",Mount Pleasant,858 e 6th av,007916043,645212580000,5,1943,,R3-3,Residential,1179000,564000,Donato Spennati & Irene Spennati,Donato Spennati & Irene Spennati,"",Long-term Rental,"",,,,
538 union st,"",Strathcona,538 union st,009429646,598196380000,5,1908,C-2C1,RT-3,Residential,1471000,179000,,,,,,,,4,http://app.vancouver.ca/RPS_Net/Default.aspx?num=538&street=UNION%20STREET
1833 w 4th av,"",Kitsilano,1833 w 4th av,004392671,640097690000,5,1912,,C-2A,Commercial,1317000,1591000,Matina Tsoromocos Chris Tsoromocos and Michael Tsoromocos,Matina Tsoromocos Chris Tsoromocos and Michael Tsoromocos,"",Long-term Rental,"",,,,
3131 w 6th av,"",Kitsilano,3131 w 6th av,011145889,643053550000,5,1912,,RT-7,Residential,2221000,261000,Shan Macpherson & William Macpherson,Shan Macpherson & William Macpherson,"",Long-term Rental,"",,,,
2623 w 4th av,2625 w 4th av,Kitsilano,2623 w 4th av,003136213,640072730000,5,1978,,C-2A,Commercial,2471000,1738000,(John Balomenos),(John Balomenos),"",Long-term Rental,"",,,,
1208 salsbury dr,1210 salsbury dr,Grandview-Woodland,1208 salsbury dr,011152834,252606220000,5,1905,,RT-5,Residential,2136000,244000,DVP Holdings Inc,DVP Holdings Inc,"",Long-term Rental,"",,,3,http://app.vancouver.ca/RPS_Net/Default.aspx?num=1208&street=SALSBURY%20DRIVE
2832 w 3rd av,"",Kitsilano,2832 w 3rd av,014487306,638062680000,5,1912,RT-8,RT-8,Residential,2543000,59500,,,,,,,,,
2426 eton st,"",Hastings-Sunrise,2426 eton st,010913424,575270320000,5,1912,,R1-1,Residential Inclusive,2743000,10000,Manuel Goncalves & Alice Goncalves,Manuel Goncalves & Alice Goncalves,"",Long-term Rental,"",,,,
2465 w 6th av,"",Kitsilano,2465 w 6th av,014967430,643077350000,5,1912,,RT-8,Residential,2816000,314000,(Mark Diesvelt),(Mark Diesvelt),"",Long-term Rental,"",,,,
3836 cambie st,"",Riley Park,3836 cambie st,013373960,170703260000,5,1950,,RM-3A,Residential,1140000,828000,Jack Eng & Edna May Eng & Andrea Eng,Jack Eng & Edna May Eng & Andrea Eng,"",Long-term Rental,"",,,,
875 w 14th av,"",Fairview,875 w 14th av,014667096,686153270000,5,1910,,R3-3,Residential,2773000,927000,Prabvir Grewal & Inderpreet   Grewal  & Ajay  Grewal,Prabvir Grewal & Inderpreet   Grewal  & Ajay  Grewal,Grewal 875,Long-term Rental,"",,,,
976 denman st,978 denman st;980 denman st;982 denman st;984 denman st,West End,976 denman st,015071049,110605660000,5,1911,C-5,C-5,Commercial,2614000,3478000,,,,,,,,,
2384 w broadway,2386 w broadway;2388 w broadway;2390 w broadway;2392 w broadway,Kitsilano,2384 w broadway,014862549,650078140000,5,1936,RM-4,RM-4,Residential,2079000,392000,,,,,,,,,
615 e 49th av,"",Sunset,615 e 49th av,003951448,790201570000,5,1909,,R1-1,Residential Inclusive,1623000,444000,,,,,,,,,
2506 w 5th av,"",Kitsilano,2506 w 5th av,015082920,642073940000,5,1910,,RT-8,Residential,2964000,54700,James P Chan & Gregory C Chan & Nicole F Chan,James P Chan & Gregory C Chan & Nicole F Chan,"",Long-term Rental,"",,,1,http://app.vancouver.ca/RPS_Net/Default.aspx?num=2506&street=W%205TH%20AVENUE
1267 e 13th av,"",Mount Pleasant,1267 e 13th av,"","",5,1928,RT-5,,,,,,,,,,,,,
5750 fraser st,5756 fraser st;5760 fraser st;5766 fraser st;5772 fraser st;5776 fraser st;5778 fraser st,Sunset,5760 fraser st,011810581;011810599;011810572,"",5,1951,C-2,,,,,,,,,,,,,
1976 w 15th av,"",Kitsilano,1976 w 15th av,007271689,688095240000,5,1912,,R3-2,Residential,3221000,254000,Rentals With Friends Holdings Ltd,Rentals With Friends Holdings Ltd,"",Long-term Rental,"",,,,
2038 pandora st,"",Grandview-Woodland,2038 pandora st,015680801,587255360000,5,1969,,RM-3A,Residential,1087000,841000,Viva Marketing Corporation,Viva Marketing Corporation,"",Long-term Rental,"",,,,
14 w 6th av,"",Mount Pleasant,14 w 6th av,015554350,645182840000,5,1909,,I-1,Industrial,3623000,10000,Anfrid Enterprises Ltd,Anfrid Enterprises Ltd,"",Long-term Rental,"",,,1,http://app.vancouver.ca/RPS_Net/Default.aspx?num=14&street=W%206TH%20AVENUE
20 e 10th av,"",Mount Pleasant,20 e 10th av,013710389,654184240000,5,1910,,R5-3,Residential,2036000,395000,,,,,,,,,
124 w 11th av,126 w 11th av,Mount Pleasant,124 w 11th av,015548759,664179620000,5,1901,,R3-2,Residential,2873000,93600,(Jageero Singh),(Jageero Singh),"",Long-term Rental,"",,,,
942 victoria dr,"",Grandview-Woodland,942 victoria dr,005218438,253600420000,5,1956,,RT-5,Residential,1657000,160000,Lynn Wilcott & Shirley Wilcott,Lynn Wilcott & Shirley Wilcott,"",Long-term Rental,"",,,,
2455 w 8th av,"",Kitsilano,2455 w 8th av,015017133,648077470000,5,1912,RT-8,RT-8,Residential,2816000,59500,,,,,,,,,
1862 parker st,"",Grandview-Woodland,1862 parker st,014156229,601252620000,5,1909,,RT-5,Residential,1821000,192000,(William Squibb),(William Squibb),"",Long-term Rental,"",,,1,http://app.vancouver.ca/RPS_Net/Default.aspx?num=1862&street=PARKER%20STREET
2820 fir st,2830 fir st,Fairview,2820 fir st,014176360,670124060000,5,1947,RM-3,R5-3,Residential,3015000,84100,,,,,,,,,
2376 w 7th av,"",Kitsilano,2376 w 7th av,015014622,646078240000,5,1910,,RT-8,Residential,2816000,55400,John Robert Dowling (John Dowling),John Robert Dowling (John Dowling),"",Long-term Rental,"",,,,
1330 cypress st,"",Kitsilano,1330 cypress st,008588201,97627640000,5,1912,RT-9,RT-9,Residential,3219000,532000,,,,,,,,,
850 e 12th av,"",Mount Pleasant,850 e 12th av,015269809,670212500000,5,1907,RT-5,R3-2,Residential,1453000,89200,,,,,,,,,
1063 balfour av,1065 balfour av,Shaughnessy,1063 balfour av,004837240,703148350000,5,1913,FSHCA,FSD,Comprehensive Development,4821000,143000,,,,,,,,,
196 w 10th av,188 w 10th av;198 w 10th av;2608 columbia st,Mount Pleasant,196 w 10th av,011279907,654179040000,5,1905,,R5-2,Residential,2427000,611000,,,,,,,,,
216 w 13th av,"",Mount Pleasant,216 w 13th av,013230751,683173740000,5,1912,,R3-2,Residential,2110000,112000,Ray E Olsen & Gail B Hunt,Ray E Olsen & Gail B Hunt,"",Long-term Rental,"",,,,
5405 victoria dr,1986 e 38th av;5403 victoria dr;5407 victoria dr;5409 victoria dr,Kensington-Cedar Cottage,1986 e 38th av,011501651;011501685,"",5,1968,C-2,,,,,,,,,,,,,
2335 w 8th av,2337 w 8th av,Kitsilano,2335 w 8th av,015014819,648078650000,5,1910,RT-8,RT-8,Residential,2816000,113000,,,,,,,,1,http://app.vancouver.ca/RPS_Net/Default.aspx?num=2335&street=W%208TH%20AVENUE
3349 kingsway,3345 kingsway;3347 kingsway;3351 kingsway;3353 kingsway,Renfrew-Collingwood,3349 kingsway,009146032;009145907,770307490000,5,1950,,C-2A,Commercial,2322000,2261000,0825595 BC Ltd,0825595 BC Ltd,"",Long-term Rental,"",,,,
946 w 19th av,950 w 19th av;956 w 19th av,South Cambie,946 w 19th av,004406982,694150660000,5,1912,,R1-1,Residential Inclusive,2446000,94300,Judy Liou & Ho Lin Liou,Judy Liou & Ho Lin Liou,"",Long-term Rental,"",,,,
1785 adanac st,"",Grandview-Woodland,1785 adanac st,015163571,598250850000,5,1952,,RM-4,Residential,1167000,96200,(Lily Jang),(Lily Jang),"",Long-term Rental,"",,,1,http://app.vancouver.ca/RPS_Net/Default.aspx?num=1785&street=ADANAC%20STREET
977 e 11th av,"",Mount Pleasant,977 e 11th av,015272133,665214910000,5,1910,RT-5,R3-2,Residential,1817000,209000,,,,,,,,,
1106 davie st,1108 davie st;1110 davie st,West End,1106 davie st,015746950,612118860000,5,1995,C-5,C-5,Commercial,2615000,3440000,,,,,,,,,
975 e 11th av,"",Mount Pleasant,975 e 11th av,008237085,665214750000,5,1909,RT-5,R3-2,Residential,1817000,154000,,,,,,,,,
37 w 11th av,"",Mount Pleasant,37 w 11th av,011513888,664182570000,5,1908,,R5-2,Residential,2231000,153000,(Lori Young),(Lori Young),"",Long-term Rental,"",,,,
1631 dunbar st,"",Kitsilano,1631 dunbar st,002780755,41630530000,5,1912,,RT-8,Residential,3078000,282000,(Adda Misley),(Adda Misley),"",Long-term Rental,"",,,,
2816 victoria dr,"",Kensington-Cedar Cottage,2816 victoria dr,010645837,253670160000,5,1910,,RM-11,Residential,1729000,124000,(Thomas Chan),(Thomas Chan),"",Long-term Rental,"",,,2,http://app.vancouver.ca/RPS_Net/Default.aspx?num=2816&street=VICTORIA%20DRIVE
1803 w 12th av,1801 w 12th av;1805 w 12th av;1807 w 12th av,Kitsilano,1803 w 12th av,006704425,670097970000,5,1927,,R3-2,Residential,2415000,84500,(Doug Matsumoto),(Doug Matsumoto),"",Long-term Rental,"",,,,
221 e 16th av,217 e 16th av;219 e 16th av,Mount Pleasant,217 e 16th av,007919140,689191170000,5,1972,C-2C,C-2A,Commercial,1880000,1764000,,,,,,,,,
712 e 10th av,714 e 10th av;716 e 10th av,Mount Pleasant,712 e 10th av,010385681,655210160000,5,1912,,RT-5,Residential,1817000,86000,(Rayne Graham),(Rayne Graham),"",Long-term Rental,"",,,,
256 e 21st av,"",Riley Park,256 e 21st av,008064156,698190560000,5,1910,,R1-1,Residential Inclusive,1924000,386000,NCCM Properties Ltd,NCCM Properties Ltd,"",Long-term Rental,"",,,,
5171 victoria dr,5173 victoria dr;5175 victoria dr;5179 victoria dr,Kensington-Cedar Cottage,5179 victoria dr,008939128,"",5,1954,C-2,,,,,,,,,,,,,
894 e georgia st,701 campbell av;898 e georgia st,Strathcona,701 campbell av,008338582;008338604,"",5,1908,RT-3,,,,,,,,,,,,,
3628 w 3rd av,3632 w 3rd av,Kitsilano,3628 w 3rd av,015421368,638040620000,5,1912,RT-8,RT-8,Residential,2543000,64900,,,,,,,,,
2506 w 7th av,2508 w 7th av,Kitsilano,2506 w 7th av,EPS7604,"",5,1910,RT-8,,,,,,,,,,,,,
1163 pendrell st,"",West End,1163 pendrell st,015751180,609118230000,5,2003,,RM-5B,Residential,262000,185000,,,,,,Mole Hill - Phase II,Mole Hill Community Housing Society,,
325 w 13th av,"",Mount Pleasant,325 w 13th av,005678692,683171710000,5,1981,,R3-2,Residential,2807000,65400,Taizo Nakatani and Kazuko Nakatani,Taizo Nakatani and Kazuko Nakatani,"",Long-term Rental,"",,,,
1090 burnaby st,1080 burnaby st;1088 burnaby st,West End,1080 burnaby st,"","",5,1905,RM-5A,,,,,,,,,,,,,
1722 e 4th av,"",Grandview-Woodland,1722 e 4th av,015173232,634250120000,5,1912,,RT-5,Residential,1361000,102000,Jim Lee & Yu A Lee,Jim Lee & Yu A Lee,"",Long-term Rental,"",,,,
2575 w 3rd av,"",Kitsilano,2575 w 3rd av,005175071,638073250000,5,1912,RT-8,RT-8,Residential,3372000,58300,,,,,,,,,
306 w 13th av,308 w 13th av,Mount Pleasant,306 w 13th av,014566915,683171960000,5,1910,,R3-2,Residential,2489000,56200,(Joanna Colettis),(Joanna Colettis),"",Long-term Rental,"",,,,
524 e 15th av,"",Mount Pleasant,524 e 15th av,010520309,687199240000,5,1910,,R3-3,Residential,2143000,140000,Constantine Mouratidis & Petros Mouratidis,Constantine Mouratidis & Petros Mouratidis,"",Long-term Rental,"",,,,
1336 w 11th av,"",Fairview,1336 w 11th av,014689031,664134660000,5,1912,CD-1 (390),CD-1 (390),Comprehensive Development,1912000,659000,,,,,,,,,
427 glen dr,"",Strathcona,427 glen dr,011767855,592218950000,5,1900,RT-3,RT-3,Residential,1417000,255000,,,,,,,,,
1666 e pender st,1668 e pender st,Grandview-Woodland,1666 e pender st,015159329,592235640000,5,1977,,RM-4,Residential,1141000,1102000,(Rahiman Ali),(Rahiman Ali),"",Long-term Rental,"",,,,
2140 w 2nd av,"",Kitsilano,2140 w 2nd av,015282465,636087620000,5,1955,,R3-3,Residential,1663000,535000,(Anna Chau),(Anna Chau),"",Long-term Rental,"",,,,
1750 william st,"",Grandview-Woodland,1750 william st,013273027,606250500000,5,1912,RT-5,RT-5,Residential,1837000,336000,,,,,,,,,
210 carrall st,212 carrall st,Downtown,210 carrall st,015693767,178580440000,5,2008,,HA-2,Historical Area,7422000,1841000,,,,,,,,,
2104 franklin st,2106 franklin st;2108 franklin st;2110 franklin st;308 lakewood dr,Grandview-Woodland,308 lakewood dr,013990071,"",5,1910,RM-3A,,,,,,,,,,,,,
1753 william st,"",Grandview-Woodland,1753 william st,014979071,606250530000,5,1910,RT-5,RT-5,Residential,1846000,223000,,,,,,,,,
2416 w 5th av,"",Kitsilano,2416 w 5th av,004275268,642077840000,5,1912,,RT-8,Residential,2816000,157000,(Evangelia Koumbis),(Evangelia Koumbis),"",Long-term Rental,"",,,,
1837 larch st,"",Kitsilano,1837 larch st,014980983,77636570000,5,1912,,RT-8,Residential,3372000,161000,(Demetre Doumakis),(Demetre Doumakis),"",Long-term Rental,"",,,,
778 victoria dr,"",Grandview-Woodland,778 victoria dr,015251721,253596780000,5,1910,,RM-4,Residential,1304000,261000,John Wiwchar & Kelly Wiwchar,John Wiwchar & Kelly Wiwchar,"",Long-term Rental,"",,,,
2635 w 10th av,"",Kitsilano,2635 w 10th av,015029191,654072350000,5,1912,,RT-8,Residential,2777000,168000,R J Grady (R Grady),R J Grady (R Grady),"",Long-term Rental,"",,,,
1169 pendrell st,"",West End,1169 pendrell st,015751163,609118190000,5,2003,,RM-5B,Residential,265000,169000,,,,,,Mole Hill - Phase II,Mole Hill Community Housing Society,,
1368 e 12th av,"",Kensington-Cedar Cottage,1368 e 12th av,014928850,670230360000,5,1912,,RM-11,Residential,1511000,100000,Alfonso Mira & Maria Mira,Alfonso Mira & Maria Mira,"",Long-term Rental,"",,,,
356 powell st,358 powell st;360 powell st;362 powell st,Strathcona,358 powell st,015601978;015601960,580192620000,5,1901,DEOD,DEOD,Comprehensive Development,1249000,1393000,,,,,,,,,
434 w 12th av,"",Mount Pleasant,434 w 12th av,014569981,670170540000,5,1910,,R5-2,Residential,2793000,316000,James C Fanning & Margaret E Fanning,James C Fanning & Margaret E Fanning,"",Long-term Rental,"",,,,
2148 blenheim st,"",Kitsilano,2148 blenheim st,005096332,50642940000,5,1912,,RT-7,Residential,2518000,68400,TKT Holdings (Canada) Ltd,TKT Holdings (Canada) Ltd,"",Long-term Rental,"",,,1,http://app.vancouver.ca/RPS_Net/Default.aspx?num=2148&street=BLENHEIM%20STREET
1865 w 15th av,"",Kitsilano,1865 w 15th av,012757861,688097350000,5,1920,,R3-2,Residential,3221000,448000,Jonathan Katz & Renee Katz & Michael Frankel & Catherine Frankel & Eyal Daniel & Ellen Wiesenthal,Jonathan Katz & Renee Katz & Michael Frankel & Catherine Frankel & Eyal Daniel & Ellen Wiesenthal,"",Long-term Rental,"",,,,
2204 macdonald st,2206 macdonald st;2796 w 6th av,Kitsilano,2204 macdonald st,012141861,70643060000,5,1912,RT-8,RT-8,Residential,1762000,161000,,,,,,,,,
103 n templeton dr,105 n templeton dr;107 n templeton dr;109 n templeton dr;111 n templeton dr,Grandview-Woodland,103 n templeton dr,007150164,577259950000,5,1956,,RM-3A,Residential,1087000,2575000,1114747 B.C. LTD.,1114747 B.C. LTD.,"",Long-term Rental,"",,,,
5228 st catherines st,"",Kensington-Cedar Cottage,5228 st catherines st,014835819,213735380000,5,1914,RS-1,R1-1,Residential Inclusive,1487000,165000,,,,,,,,,
2436 w 7th av,"",Kitsilano,2436 w 7th av,011977973,646077660000,5,1912,,RT-8,Residential,2689000,151000,Wing Yin Wayne Ng (Wing Ng),Wing Yin Wayne Ng (Wing Ng),"",Long-term Rental,"",,,,
2633 fraser st,"",Mount Pleasant,2633 fraser st,015265846,210655330000,5,1906,,RT-5,Residential,1175000,123000,(Malouf Ould-Braham),(Malouf Ould-Braham),"",Long-term Rental,"",,,,
648 kingsway,650 kingsway;652 kingsway,Mount Pleasant,650 kingsway,008459037,"",5,1914,C-2C,,,,,,,,,,,,,
2117 yew st,"",Kitsilano,2117 yew st,015229262,87642270000,5,1909,RM-4,R5-4,Residential,2533000,686000,,,,,,,,,
1855 w 12th av,"",Kitsilano,1855 w 12th av,014183846,670097470000,5,1912,,R3-2,Residential,2415000,249000,(Andrew Renton),(Andrew Renton),"",Long-term Rental,"",,,,
802 e 15th av,804 e 15th av,Mount Pleasant,802 e 15th av,007733038,687212040000,5,1927,RT-5,R3-2,Residential,1559000,151000,,,,,,,,,
2456 w 5th av,"",Kitsilano,2456 w 5th av,014967251,642077440000,5,1912,,RT-8,Residential,2816000,227000,(Sia Ghiouzelis),(Sia Ghiouzelis),"",Long-term Rental,"",,,,
1120 w 16th av,"",Shaughnessy,1120 w 16th av,011532939,690147060000,5,1911,,RT-2,Residential,4364000,147000,Samland Housing Development Ltd,Samland Housing Development Ltd,"",Long-term Rental,"",,,2,http://app.vancouver.ca/RPS_Net/Default.aspx?num=1120&street=W%2016TH%20AVENUE
723 e 11th av,721 e 11th av,Mount Pleasant,723 e 11th av,015249662,665210230000,5,1911,RT-5,RT-5,Residential,1817000,412000,,,,,,,,,
848 union st,"",Strathcona,848 union st,015571467,598212480000,5,1907,,RT-3,Residential,1476000,245000,(Chui Chu Cheng),(Chui Chu Cheng),"",Long-term Rental,"",,,,
345 w 12th av,"",Mount Pleasant,345 w 12th av,011519126,670171410000,5,1912,,R5-2,Residential,2807000,120000,Sylvie Royer & Marc-Andre Gray,Sylvie Royer & Marc-Andre Gray,"",Long-term Rental,"",,,,
2396 w 5th av,2398 w 5th av,Kitsilano,2396 w 5th av,014966875,642078060000,5,1912,RT-8,RT-8,Residential,2964000,305000,,,,,,,,,
225 w 15th av,227 w 15th av,Mount Pleasant,225 w 15th av,EPS7974,"",5,1912,RT-6,,,,,,,,,,,,,
742 e 14th av,"",Mount Pleasant,742 e 14th av,014643260,684210420000,5,1908,,R3-2,Residential,1784000,100000,(Tony Haughian),(Tony Haughian),"",Long-term Rental,"",,,,
2335 w 7th av,"",Kitsilano,2335 w 7th av,015018709,646078670000,5,1912,,RT-8,Residential,2816000,122000,,,,,,,,,
601 w broadway,600 w 8th av;604 w 8th av;610 w 8th av;614 w 8th av;624 w 8th av;650 w 8th av,Fairview,601 w broadway,007507755;015182819,650163930000,5,1979,C-3A,C-3A,Commercial,80480000,13512000,,,,,,,,,
3288 main st,3290 main st;3296 main st;3298 main st,Riley Park,3288 main st,015162630,190689980000,5,1910,C-2,C-2A,Commercial,1139000,2659000,,,,,,,,,
228 w 19th av,230 w 19th av;232 w 19th av,Riley Park,228 w 19th av,013853431,694172820000,5,1914,RS-7,R1-1,Residential Inclusive,2654000,77400,,,,,,,,,
539 e 7th av,"",Mount Pleasant,539 e 7th av,005921635,646201450000,5,1912,RM-4,R5-4,Residential,1774000,128000,,,,,,,,,
1582 william st,1211 cotton dr;1592 william st;1598 william st,Grandview-Woodland,1582 william st,014519453,606234980000,5,1925,RM-4,RM-4,Residential,1916000,1096000,Williams Court Enterprises Ltd,Williams Court Enterprises Ltd,"",Long-term Rental,"",,,,
2635 w 7th av,"",Kitsilano,2635 w 7th av,015124118,646072630000,5,1912,,RT-8,Residential,1870000,35500,(Robert Woodsworth),(Robert Woodsworth),"",Long-term Rental,"",,,,
2997 w 2nd av,"",Kitsilano,2997 w 2nd av,008496960,636058690000,5,1912,,RT-8,Residential,2548000,299000,(Lawrence Jakerov),(Lawrence Jakerov),"",Long-term Rental,"",,,4,http://app.vancouver.ca/RPS_Net/Default.aspx?num=2997&street=W%202ND%20AVENUE
3538 w 4th av,"",Kitsilano,3538 w 4th av,010158171,640041380000,5,1950,,C-2A,Commercial,1981000,8900,(Eddie Yen),(Eddie Yen),"",Long-term Rental,"",,,,
2625 oxford st,2615 oxford st,Hastings-Sunrise,2625 oxford st,032351178,577274270000,5,1912,RS-1,R1-1,Residential Inclusive,1777000,278000,,,,,,,,,
2335 laurel st,"",Fairview,2335 laurel st,008596409,153646750000,5,1910,,FM-1,Residential,1958406,97600,(Jutta Beekmann),(Jutta Beekmann),"",Long-term Rental,"",,,,
1226 w 11th av,"",Fairview,1226 w 11th av,014686961,664138740000,5,1925,,R3-3,Residential,1912000,401000,Fred Leung & Serena Leung,Fred Leung & Serena Leung,Virginia Apts,Long-term Rental,"",,,,
1439 e 41st av,1445 e 41st av,Kensington-Cedar Cottage,1439 e 41st av,003168671,750230970000,5,1969,,C-1,Commercial,3101000,2432000,Centr O Mart Ltd,Centr O Mart Ltd,"",Long-term Rental,"",,,,
1550 comox st,"",West End,1550 comox st,002571005,607114240000,5,1912,,RM-5,Residential,2613000,218000,(Emily Kelly),(Emily Kelly),"",Long-term Rental,"",,,,
1207 salsbury dr,"",Grandview-Woodland,1207 salsbury dr,004207874,606250960000,5,1910,,RT-5,Residential,2246000,69200,Christine Cheveldave & Randolph Cheveldave,Christine Cheveldave & Randolph Cheveldave,"",Long-term Rental,"",,,,
1824 dunbar st,"",Kitsilano,1824 dunbar st,015432343,41636440000,5,1912,RT-8,RT-8,Residential,2810000,134000,,,,,,,,,
557 e cordova st,549 e cordova st;551 e cordova st;553 e cordova st;555 e cordova st,Strathcona,557 e cordova st,EPS2278,"",5,2015,,,,,,,,,,,Cordovan,MPA Society,,
4346 w 10th av,4348 w 10th av,West Point Grey,4346 w 10th av,004630165;004630173,670026700000,5,1987,C-2,C-2A,Commercial,3522000,6120000,,,,,,,,,
910 victoria dr,"",Grandview-Woodland,910 victoria dr,014236796,253600040000,5,1912,,RT-5,Residential,1611000,228000,Rosalee McRae & Brian Naphtali,Rosalee McRae & Brian Naphtali,"",Long-term Rental,"",,,1,http://app.vancouver.ca/RPS_Net/Default.aspx?num=910&street=VICTORIA%20DRIVE
4367 w 10th av,4369 w 10th av;4371 w 10th av,West Point Grey,4371 w 10th av,013282531,"",5,1994,C-2,,,,,,,,,,,,,
2483 w 6th av,2485 w 6th av,Kitsilano,2483 w 6th av,014967456,643077150000,5,1912,,RT-8,Residential,2816000,178000,,,,,,,,,
654 e broadway,648 e broadway;650 e broadway;670 e broadway;680 e broadway,Mount Pleasant,648 e broadway,032841264,650206600000,5,1979,C-2C,CD-1 (930),Comprehensive Development,12044000,1982000,,,,,,,,,
3523 kingsway,3527 kingsway;3531 kingsway,Renfrew-Collingwood,3523 kingsway,008069425,770314950000,5,1954,,C-2A,Commercial,3293000,14000,,,,,,,,,
395 w 14th av,397 w 14th av,Mount Pleasant,395 w 14th av,014567032,684171050000,5,1912,RT-6,R3-2,Residential,2489000,231000,,,,,,,,,
435 w 14th av,"",Mount Pleasant,435 w 14th av,014569531,684170610000,5,1910,,R3-2,Residential,2354000,296000,Shing-Tak A Lam & Linda X Lam,Shing-Tak A Lam & Linda X Lam,"",Long-term Rental,"",,,,
1306 e 18th av,"",Kensington-Cedar Cottage,1306 e 18th av,002658038,692228060000,5,1910,,RT-10,Residential,1667000,304000,,,,,,,,,
1046 commercial dr,1705 napier st;1717 napier st,Grandview-Woodland,1046 commercial dr,014938634,250601940000,5,1912,C-2C1,C-2C1,Commercial,1330000,2167000,,,,,,,,1,http://app.vancouver.ca/RPS_Net/Default.aspx?num=1046&street=COMMERCIAL%20DRIVE
131 w 15th av,"",Mount Pleasant,131 w 15th av,002861178,687179590000,5,1912,,R3-2,Residential,2690000,159000,(Sharon Gretzinger),(Sharon Gretzinger),"",Long-term Rental,"",,,,
4906 main st,"",Riley Park,4906 main st,014902494,190730080000,5,1927,RT-2,RT-2,Residential,1309000,305000,,,,,,,,,
1957 mcnicoll av,"",Kitsilano,1957 mcnicoll av,006219594,625095550000,5,1912,,RT-9,Residential,3169000,396000,(Eric Wickham),(Eric Wickham),"",Long-term Rental,"",,,,
1209 woodland dr,1211 woodland dr,Grandview-Woodland,1209 woodland dr,015303713,234606050000,5,1978,,RM-4,Residential,1359000,2050000,,,,,,,,,
2950 renfrew st,"",Renfrew-Collingwood,2950 renfrew st,006804896,280670980000,5,1910,,R1-1,Residential Inclusive,1473000,59200,(Benjamin Loosley),(Benjamin Loosley),"",Long-term Rental,"",,,,
434 w 17th av,"",Riley Park,434 w 17th av,014207770,691170620000,5,1912,RS-7,R1-1,Residential Inclusive,2642000,87900,,,,,,,,,
2580 kingsway,2582 kingsway,Renfrew-Collingwood,2582 kingsway,011157534,"",5,2008,C-2,,,,,,,,,,,,,
1872 parker st,1037 victoria dr;1047 victoria dr;1049 victoria dr;1870 parker st;1876 parker st,Grandview-Woodland,1872 parker st,EPS4861,"",5,1909,CD-1 (651),,,,,,,,,,,,,
2308 clark dr,"",Grandview-Woodland,2308 clark dr,012833088,230646080000,5,1959,,RM-4,Residential,1231000,664000,(Armando Ferreira),(Armando Ferreira),"",Long-term Rental,"",,,3,http://app.vancouver.ca/RPS_Net/Default.aspx?num=2308&street=CLARK%20DRIVE
3556 w 1st av,"",Kitsilano,3556 w 1st av,015437019,634041260000,5,1912,RT-8,RT-8,Residential,2677000,169000,,,,,,,,,
355 w 12th av,"",Mount Pleasant,355 w 12th av,013702335,670171270000,5,1910,,R5-2,Residential,2807000,211000,Terence A Bowerman (Terence Bowerman),Terence A Bowerman (Terence Bowerman),"",Long-term Rental,"",,,,
1396 w 71st av,8708 cartier st,Marpole,1396 w 71st av,007057431,832135040000,5,1951,,RM-3A,Residential,1677000,10100,,,,,,,,,
2646 cypress st,"",Kitsilano,2646 cypress st,014184907,97654940000,5,1912,,RT-8,Residential,2899000,68100,Stablecott Properties Ltd,Stablecott Properties Ltd,"",Long-term Rental,"",,,,
1951 napier st,"",Grandview-Woodland,1951 napier st,014697831,604254210000,5,1912,,RT-5,Residential,1675000,511000,(Franz Kristen),(Franz Kristen),"",Long-term Rental,"",,,,
2993 w 8th av,"",Kitsilano,2993 w 8th av,013425633,648058610000,5,1910,,RT-7,Residential,2123000,33300,,,,,,,,,
3990 fraser st,3992 fraser st;3994 fraser st,Kensington-Cedar Cottage,3990 fraser st,007133456,210706920000,5,1975,,C-2A,Commercial,1810000,1810000,Dialana Holdings Inc.,Dialana Holdings Inc.,"",Long-term Rental,"",,,,
3672 w 16th av,3674 w 16th av,Dunbar-Southlands,3672 w 16th av,003808505,690037780000,5,1945,RT-2,RT-2,Residential,2081000,71100,,,,,,,,,
2590 w 5th av,"",Kitsilano,2590 w 5th av,014968037,642073060000,5,1912,,RT-8,Residential,2750000,175000,Horatio Holdings Ltd,Horatio Holdings Ltd,"",Long-term Rental,"",,,,
1170 semlin dr,"",Grandview-Woodland,1170 semlin dr,006742742;006742793,255604700000,5,1912,,RT-5,Residential,2890000,10000,Catherine Tombs & Lian Li,Catherine Tombs & Lian Li,"",Long-term Rental,"",,,,
2128 e pender st,2130 e pender st,Grandview-Woodland,2128 e pender st,009500685,592259240000,5,1926,RT-5,RT-5,Residential,1551000,384000,,,,,,,,,
210 w 12th av,212 w 12th av;214 w 12th av;216 w 12th av;218 w 12th av,Mount Pleasant,210 w 12th av,004979435,670173760000,5,1981,RT-6,R3-2,Residential,2807000,140000,,,,,,,,,
1245 w 8th av,"",Fairview,1245 w 8th av,030677505,648138590000,5,1905,,FM-1,Residential,5775000,85900,Anfrid Enterprises Ltd,Anfrid Enterprises Ltd,"",Long-term Rental,"",,,,
4574 langara av,"",West Point Grey,4574 langara av,013690591;013690621,633022260000,5,1912,RS-1,R1-1,Residential Inclusive,6291000,185000,,,,,,,,,
2632 alberta st,"",Mount Pleasant,2632 alberta st,012571199,173654540000,5,1910,,R5-2,Residential,2613000,462000,Jean L Lynch (Jean Lynch),Jean L Lynch (Jean Lynch),"",Long-term Rental,"",,,,
2841 prince albert st,"",Mount Pleasant,2841 prince albert st,015416941,212670410000,5,1912,RT-5,R3-2,Residential,1396000,166000,,,,,,,,,
105 templeton dr,115 templeton dr;125 templeton dr;135 templeton dr;2198 triumph st,Grandview-Woodland,105 templeton dr,015677842,586259940000,5,1958,,RM-3A,Residential,1087000,342000,Kim Joseph Quan Jow (Kim Jow),Kim Joseph Quan Jow (Kim Jow),"",Long-term Rental,"",,,,
1365 w 11th av,"",Fairview,1365 w 11th av,015018652,664134350000,5,1925,,R5-3,Residential,1912000,478000,(Peter Yang),(Peter Yang),"",Long-term Rental,"",,,,
1912 grant st,"",Grandview-Woodland,1912 grant st,015423000,612253160000,5,1907,,RT-5,Residential,1740000,139000,,,,,,,,,
3456 w 2nd av,"",Kitsilano,3456 w 2nd av,015432009,636042180000,5,1910,,RT-8,Residential,2677000,171000,Andre Richard El-Baba (Andre El-Baba),Andre Richard El-Baba (Andre El-Baba),"",Long-term Rental,"",,,,
1775 adanac st,"",Grandview-Woodland,1775 adanac st,015163580,598250750000,5,1952,,RM-4,Residential,1167000,417000,Kin Quai Mah & Woo Wai Yin Mah,Kin Quai Mah & Woo Wai Yin Mah,"",Long-term Rental,"",,,,
2526 w 3rd av,2524 w 3rd av,Kitsilano,2526 w 3rd av,014980282,638073740000,5,1912,RT-8,RT-8,Residential,3035000,1282000,,,,,,,,,
3512 w 1st av,3514 w 1st av,Kitsilano,3512 w 1st av,015437043,634041860000,5,1912,,RT-8,Residential,2677000,170000,Cathyrn Jane Lawrence (Cathyrn Lawrence),Cathyrn Jane Lawrence (Cathyrn Lawrence),"",Long-term Rental,"",,,,
108 w 18th av,"",Riley Park,108 w 18th av,013868501,693179860000,5,1912,RS-7,R1-1,Residential Inclusive,2446000,759000,,,,,,,,,
123 w 11th av,"",Mount Pleasant,123 w 11th av,010739645,664179630000,5,1901,,R3-2,Residential,2729000,90800,(Brian Morgenstern),(Brian Morgenstern),"",Long-term Rental,"",,,,
3624 w 3rd av,"",Kitsilano,3624 w 3rd av,015421392,638040700000,5,1912,RT-8,RT-8,Residential,2543000,148000,,,,,,,,,
1822 e pender st,"",,1822 e pender st,"","",5,1910,,,,,,Edna M Eng (Edna Eng),Edna M Eng (Edna Eng),"",Long-term Rental,"",,,,
1179 w 67th av,"",Marpole,1179 w 67th av,006191061,826145070000,5,1920,,RT-2,Residential,2990000,186000,(David Thomsett),(David Thomsett),"",Long-term Rental,"",,,,
2043 collingwood st,2083 collingwood st,Kitsilano,2043 collingwood st,004315669,42640930000,5,1912,,RT-7,Residential,2223000,316000,Our Yu Freedom Holdings Ltd,Our Yu Freedom Holdings Ltd,"",Long-term Rental,"",,,,
241 e 17th av,"",Riley Park,241 e 17th av,011251972,691191450000,5,2017,RS-7,R1-1,Residential Inclusive,2222000,442000,,,,,,,,,
2576 w 3rd av,"",Kitsilano,2576 w 3rd av,014980231,638073140000,5,1912,,RT-8,Residential,3035000,153000,0937822 BC LTD,0937822 BC LTD,"",Long-term Rental,"",,,,
1804 w 13th av,1806 w 13th av,Kitsilano,1804 w 13th av,004392655,683097960000,5,1925,RT-8,R3-2,Residential,2732000,284000,,,,,,,,,
1905 w 13th av,"",Kitsilano,1905 w 13th av,014178141,683095970000,5,1912,,R3-2,Residential,3221000,180000,(Donna Northfield),(Donna Northfield),"",Long-term Rental,"",,,,
2765 w 13th av,"",Kitsilano,2765 w 13th av,014698901,683070270000,5,1912,RS-5,R1-1,Residential Inclusive,2377000,45500,,,,,,,,,
2544 w 3rd av,"",Kitsilano,2544 w 3rd av,014980274,638073620000,5,1912,,RT-8,Residential,3035000,41100,Demetri Nicholas Zambus & Margarita Zambus,Demetri Nicholas Zambus & Margarita Zambus,"",Long-term Rental,"",,,,
554 e 10th av,556 e 10th av,Mount Pleasant,554 e 10th av,EPS6646,"",5,1910,RT-5,,,,,,,,,,,,,
3176 w 2nd av,3172 w 2nd av,Kitsilano,3176 w 2nd av,003881644,636053060000,5,1912,,RT-8,Residential,3098000,1277000,,,,,,,,,
800 jackson av,816 jackson av;820 jackson av,Strathcona,800 jackson av,015561909;015561861,598196060000,5,1910,,RT-3,Residential,2943000,1688000,,,,,,,,,
941 commercial dr,943 commercial dr;949 commercial dr,Grandview-Woodland,943 commercial dr,007368259,"",5,1908,C-2C1,,,,,,,,,,,,,
1160 comox st,"",West End,1160 comox st,015750507,607118280000,5,2003,,RM-5B,Residential,265000,136000,,,,,,Mole Hill - Phase II,Mole Hill Community Housing Society,,
345 w 15th av,"",Mount Pleasant,345 w 15th av,014568292,687171430000,5,1910,,R3-2,Residential,2807000,13600,Maggie Mai Kiu Kwok (Maggie Kwok),Maggie Mai Kiu Kwok (Maggie Kwok),"",Long-term Rental,"",,,,
1226 victoria dr,"",Grandview-Woodland,1226 victoria dr,031983022,253606280000,5,1910,RT-5,RT-5,Residential,1226000,1051000,,,,,,,,,
1044 cardero st,1046 cardero st;1048 cardero st;1559 comox st;1561 comox st,West End,1044 cardero st,015761410,114606940000,5,1905,RM-5,RM-5,Residential,1954000,56700,Blake V L Elliott Jr (Blake Elliott),Blake V L Elliott Jr (Blake Elliott),Ell-Mit-Blue Place III,Long-term Rental,"",,,,
1162 rose st,"",Grandview-Woodland,1162 rose st,013185900,257604920000,5,1911,,RT-5,Residential,1630000,572000,(Alexander Robinson),(Alexander Robinson),"",Long-term Rental,"",,,,
1901 bayswater st,1905 bayswater st,Kitsilano,1901 bayswater st,006710522,62638070000,5,1913,,RT-8,Residential,2208000,35000,Alain Le Targua (Alain Targua),Alain Le Targua (Alain Targua),"",Long-term Rental,"",,,,
1033 balfour av,"",Shaughnessy,1033 balfour av,011531240,703148650000,5,1912,,FSD,Comprehensive Development,4274000,152000,George I Winkler (George Winkler),George I Winkler (George Winkler),"",Long-term Rental,"",,,,
1522 e 3rd av,"",Grandview-Woodland,1522 e 3rd av,015498441,633234220000,5,1956,RM-4,RM-4,Residential,1327000,105000,,,,,,,,,
1014 w 11th av,1012 w 11th av;1016 w 11th av;1020 w 11th av,Fairview,1014 w 11th av,029494141,664149880000,5,1912,,R5-3,Residential,3063000,2035000,Nicolaou Properties Ltd,Nicolaou Properties Ltd,"",Long-term Rental,"",,,,
1031 w 16th av,"",Fairview,1031 w 16th av,013244175,690147770000,5,1922,,R3-2,Residential,3373000,304000,Kiyoumars Mazkouri & Maryam Asgari-Dolabi,Kiyoumars Mazkouri & Maryam Asgari-Dolabi,"",Long-term Rental,"",,,,
2110 blenheim st,"",Kitsilano,2110 blenheim st,015402614,642050040000,5,1929,,RT-7,Residential,3024000,123000,(Alan Abel),(Alan Abel),"",Long-term Rental,"",,,,
749 e 16th av,"",Mount Pleasant,749 e 16th av,013737716,689211490000,5,1910,,R3-2,Residential,1546000,89800,,,,,,,,,
218 e 11th av,"",Mount Pleasant,218 e 11th av,015609197,664191080000,5,1912,,C-3A,Commercial,2384000,10900,(Alex Bratiuk),(Alex Bratiuk),"",Long-term Rental,"",,,,
728 w 8th av,2403 heather st;2405 heather st;2411 heather st;706 w 8th av;708 w 8th av;710 w 8th av;712 w 8th av;716 w 8th av;718 w 8th av;720 w 8th av;738 w 8th av,Fairview,728 w 8th av,BCS4340,"",5,2012,,,,,,,,,,,Heritage Co-op Addition,Heritage Co-op Housing Association,,
4902 joyce st,3510 wellington av;4904 joyce st;4906 joyce st;4910 joyce st,Renfrew-Collingwood,3510 wellington av,015097111;015097129,"",5,1970,RM-4N,,,,,,,,,,,,,
1646 alma st,"",Kitsilano,1646 alma st,006157297,40630940000,5,1912,,RT-8,Residential,2543000,138000,,,,,,,,,
707 e 38th av,5390 fraser st,Kensington-Cedar Cottage,5390 fraser st,007256965,210741960000,5,1979,,C-2A,Commercial,5267000,145600,Service Corporation International (Canada) ULC,Service Corporation International (Canada) ULC,"",Long-term Rental,"",,,,
2275 w 7th av,"",Kitsilano,2275 w 7th av,015224791,646084330000,5,1910,,R5-4,Residential,2218000,379000,West 7th Avenue Holdings Ltd,West 7th Avenue Holdings Ltd,"",Long-term Rental,"",,,,
1404 commercial dr,1704 kitchener st,Grandview-Woodland,1704 kitchener st,015157911,"",5,1911,C-2C,,,,,,,,,,,,,
3013 heather st,"",Fairview,3013 heather st,014032473,163684250000,5,1910,,R3-3,Residential,2682000,81300,Ikbal K Virji (Ikbal Virji),Ikbal K Virji (Ikbal Virji),"",Long-term Rental,"",,,,
857 e 8th av,"",Mount Pleasant,857 e 8th av,015280535,648212570000,5,1905,,R3-3,Residential,1774000,139000,Scott Wade Sauer (Scott Sauer),Scott Wade Sauer (Scott Sauer),"",Long-term Rental,"",,,,
6608 main st,6612 main st;6614 main st,Sunset,6608 main st,014015633,190791140000,5,1950,C-2,C-2A,Commercial,1319000,897000,,,,,,,,,
2245 stephens st,"",Kitsilano,2245 stephens st,011144076,72643950000,5,1914,,RT-8,Residential,1855000,197000,Jeremy Shrive & Jacqueline Shrive,Jeremy Shrive & Jacqueline Shrive,"",Long-term Rental,"",,,,
33 w 19th av,"",Riley Park,33 w 19th av,012776092,694182610000,5,1911,RS-7,R1-1,Residential Inclusive,2528000,1107000,,,,,,,,,
1907 grant st,"",Grandview-Woodland,1907 grant st,015371786,612253110000,5,1956,,RT-5,Residential,1740000,64200,(Salvatore Cois),(Salvatore Cois),"",Long-term Rental,"",,,,
3460 w 1st av,"",Kitsilano,3460 w 1st av,013174991,634042260000,5,1912,RT-8,RT-8,Residential,2677000,181000,,,,,,,,,
3548 w 4th av,"",Kitsilano,3548 w 4th av,010158111,640041220000,5,1950,,C-2A,Commercial,1981000,8900,Coco &Talib Estates Inc,Coco &Talib Estates Inc,"",Long-term Rental,"",,,,
2068 w 6th av,"",Kitsilano,2068 w 6th av,015223035,643090380000,5,1908,RM-4,RM-4,Residential,6490000,0,,,,,,,,,
8 e 18th av,"",Riley Park,8 e 18th av,015161862,693184780000,5,1914,,R1-1,Residential Inclusive,2108000,14100,Michelina Morello & Walter Lemmo & Stephanie Lemmo,Michelina Morello & Walter Lemmo & Stephanie Lemmo,"",Long-term Rental,"",,,,
2982 carolina st,"",Mount Pleasant,2982 carolina st,005519713;005519411,206683920000,5,1911,RT-5,R3-2,Residential,1850000,296000,,,,,,,,,
5171 joyce st,5175 joyce st;5179 joyce st;5183 joyce st;5187 joyce st;5191 joyce st,Renfrew-Collingwood,5187 joyce st,008867925,"",5,1972,C-2C,,,,,,,,,,,,,
229 templeton dr,"",Grandview-Woodland,229 templeton dr,013702033,265587350000,5,1912,RM-3A,RM-3A,Residential,1332000,241000,,,,,,,,,
1436 e 1st av,"",Grandview-Woodland,1436 e 1st av,EPS11183,"",5,1910,RM-4N,,,,,,,,,,,,,
1159 pendrell st,"",West End,1159 pendrell st,015751201,609118290000,5,2003,,RM-5B,Residential,263000,154000,,,,,,Mole Hill - Phase II,Mole Hill Community Housing Society,,
7204 main st,210 e 56th av;7208 main st;7216 main st;7220 main st,Sunset,210 e 56th av,009761080;009761098;009761101,"",5,1972,C-1,,,,,,,,,,,,,
196 w 12th av,2826 columbia st,Mount Pleasant,196 w 12th av,006793070,670179060000,5,1912,,R3-2,Residential,2066400,391000,Constantino Vlachos & Demitrios Vlachos,Constantino Vlachos & Demitrios Vlachos,"",Long-term Rental,"",,,,
2055 w 6th av,"",Kitsilano,2055 w 6th av,015226891,643090530000,5,1912,RM-4,R5-3,Residential,4056200,45900,,,,,,,,,
3217 heather st,700 w 16th av;708 w 16th av,South Cambie,3217 heather st,005290171,690159960000,5,1912,,C-2A,Commercial,2024000,1966000,466131 BC Ltd,466131 BC Ltd,"",Long-term Rental,"",,,,
824 e 19th av,"",Kensington-Cedar Cottage,824 e 19th av,007198566,694212300000,5,1910,RS-1,R1-1,Residential Inclusive,2243000,209000,,,,,,,,,
1064 e 13th av,"",Mount Pleasant,1064 e 13th av,007088868,683217640000,4,1912,RT-5,R3-2,Residential,1858000,38500,,,,,,,,,
557 w 17th av,"",South Cambie,557 w 17th av,015156486;015156508,691165950000,4,1914,RS-7,R1-1,Residential Inclusive,4254000,10000,,,,,,,,,
3255 w 10th av,"",Kitsilano,3255 w 10th av,011681519,670050490000,4,1912,RS-5,R1-1,Residential Inclusive,1881000,135000,,,,,,,,,
4503 quebec st,98 e 29th av,Riley Park,4503 quebec st,003426149,188722030000,4,1911,,R1-1,Residential Inclusive,3733000,10000,Steven & Richard & Pao Chang & Kock Chuy Tam,Steven & Richard & Pao Chang & Kock Chuy Tam,"",Long-term Rental,"",,,,
3142 point grey rd,3144 point grey rd,Kitsilano,3142 point grey rd,006461018,630053360000,4,1949,RT-8,RT-8,Residential,3617000,203000,,,,,,,,,
1832 e 8th av,1834 e 8th av,Grandview-Woodland,1832 e 8th av,024273660,648251320000,4,1911,RT-5,RT-5,Residential,1425000,197000,,,,,,,,,
2425 nanaimo st,2429 nanaimo st;2439 nanaimo st,Grandview-Woodland,2425 nanaimo st,013741004;013741012,270648230000,4,1958,C-1,C-1,Commercial,2790000,1508000,,,,,,,,,
3025 alberta st,"",Mount Pleasant,3025 alberta st,EPS2647,"",4,1922,RT-6,,,,,,,,,,,,,
5330 victoria dr,5334 victoria dr;5336 victoria dr;5338 victoria dr,Kensington-Cedar Cottage,5330 victoria dr,014408031,250738380000,4,1988,,C-2A,Commercial,1937000,1316000,1476078 B.C. LTD,1476078 B.C. LTD,"",Long-term Rental,"",,,,
2104 venables st,"",Grandview-Woodland,2104 venables st,014529769,600259040000,4,1911,,RT-5,Residential,1821000,148000,Lum Chuck Low & Shiu May Low,Lum Chuck Low & Shiu May Low,"",Long-term Rental,"",,,,
1038 clark dr,1040 clark dr,Grandview-Woodland,1038 clark dr,007678592,230601840000,4,1905,I-2,I-2,Industrial,1549000,55000,,,,,,,,,
1061 e 12th av,1059 e 12th av,Mount Pleasant,1059 e 12th av,003056180,"",4,1911,RT-5,,,,,,,,,,,,,
417 w 14th av,415 w 14th av,Mount Pleasant,417 w 14th av,012685011,684170850000,4,1939,RT-6,R3-2,Residential,2354000,1086000,,,,,,,,,
1024 clark dr,"",Grandview-Woodland,1024 clark dr,008690626,230601240000,4,1910,,I-2,Industrial,1572000,397000,Vancouver Perfect Holdings Ltd,Vancouver Perfect Holdings Ltd,"",Long-term Rental,"",,,,
800 keefer st,"",Strathcona,800 keefer st,015567249;015567265,594212060000,4,1934,RT-3,RT-3,Residential,2817000,11500,,,,,,,,,
1900 w broadway,"",Kitsilano,1900 w broadway,"","",4,1957,C-3A,,,,,,,,,,,,,
224 w 11th av,226 w 11th av,Mount Pleasant,224 w 11th av,014563681,664173540000,4,1912,RT-6,R5-2,Residential,2807000,250000,,,,,,,,,
1655 adanac st,"",Grandview-Woodland,1655 adanac st,007600721,598235550000,4,1912,RM-4,RM-4,Residential,1579000,66300,,,,,,,,,
1310 cypress st,"",Kitsilano,1310 cypress st,012397300,97627160000,4,1980,,RT-9,Residential,3220000,88800,(Chan-Ming Yeh),(Chan-Ming Yeh),"",Long-term Rental,"",,,,
1114 e 14th av,"",Mount Pleasant,1114 e 14th av,006063608,684222040000,4,1956,,R3-2,Residential,2281000,72800,,,,,,,,,
525 e 12th av,527 e 12th av,Mount Pleasant,525 e 12th av,009594175,670201250000,4,1908,RT-5,R3-2,Residential,1453000,626000,,,,,,,,,
2104 e hastings st,2102 e hastings st;2120 e hastings st;2126 e hastings st;422 lakewood dr,Grandview-Woodland,422 lakewood dr,EPS11861,"",4,1910,C-2C1,,,,,,,,,,,,,
545 e 46th av,"",Sunset,545 e 46th av,014637405,761201250000,4,1908,RS-1,R1-1,Residential Inclusive,1707000,640000,,,,,,,,,
2555 eton st,"",Hastings-Sunrise,2555 eton st,010906428,575271490000,4,1912,,R1-1,Residential Inclusive,1577000,140000,0973571 BC Ltd,0973571 BC Ltd,"",Long-term Rental,"",,,,
173 w 19th av,"",Riley Park,173 w 19th av,003209164,694179290000,4,1914,,R1-1,Residential Inclusive,2446000,41700,,,,,,,,,
2915 mcgill st,"",Hastings-Sunrise,2915 mcgill st,011036877,570280110000,4,1928,RS-1,R1-1,Residential Inclusive,1692000,256000,,,,,,,,,
1974 turner st,"",Grandview-Woodland,1974 turner st,015304302,594253740000,4,1910,,RT-5,Residential,1671000,123000,Shiu May Low (Shiu Low),Shiu May Low (Shiu Low),"",Long-term Rental,"",,,,
1765 e 14th av,1767 e 14th av,Kensington-Cedar Cottage,1765 e 14th av,008460396,684250350000,4,1914,RT-5,RT-5,Residential,1729000,82500,,,,,,,,,
318 w 18th av,"",Riley Park,318 w 18th av,013871561,693172440000,4,1911,,R1-1,Residential Inclusive,2446000,74200,(Gilles Hebert),(Gilles Hebert),"",Long-term Rental,"",,,,
160 e 20th av,162 e 20th av;166 e 20th av,Riley Park,160 e 20th av,002603365,697187620000,4,1912,,R1-1,Residential Inclusive,2108000,200000,Goodrich Realty Corp,Goodrich Realty Corp,"",Long-term Rental,"",,,,
855 e 11th av,857 e 11th av,Mount Pleasant,855 e 11th av,015050599,665212550000,4,1913,RT-5,R3-2,Residential,1817000,265000,,,,,,,,,
2391 w 2nd av,1760 balsam st,Kitsilano,2391 w 2nd av,014993317,636078070000,4,1912,,RM-4,Residential,3500000,204000,Cindy Rosamarie Wajzer-Zeindler (Cindy Wajzer-Zeindler),Cindy Rosamarie Wajzer-Zeindler (Cindy Wajzer-Zeindler),"",Long-term Rental,"",,,,
1602 adanac st,"",Grandview-Woodland,1602 adanac st,015166619,598235020000,4,1909,RM-4,RM-4,Residential,1568000,145000,,,,,,,,,
650 e 11th av,"",Mount Pleasant,650 e 11th av,015274390,665206500000,4,1908,RT-5,R3-2,Residential,1817000,866000,,,,,,,,,
2034 e pender st,2036 e pender st,Grandview-Woodland,2034 e pender st,015657540,"",4,1981,,,,,,,,,,,Vancouver East Co-op,Vancouver East Co-op Housing Association,,
1046 e 15th av,"",Mount Pleasant,1046 e 15th av,025498371,687217480000,4,1910,RT-5,R3-2,Residential,2517000,99200,,,,,,,,,
741 e broadway,729 e broadway;735 e broadway,Mount Pleasant,729 e broadway,031065279,"",4,1912,C-2C,,,,,,,,,,,,,
2014 e pender st,"",Grandview-Woodland,2014 e pender st,015657515,592255140000,4,1910,RT-5,RT-5,Residential,1551000,114000,,,,,,,,,
12 e 7th av,18 e 7th av,Mount Pleasant,12 e 7th av,015551458,646184160000,4,1905,,I-1,Industrial,3148000,10000,,,,,,,,,
564 w broadway,566 w broadway;568 w broadway,Fairview,566 w broadway,015183611,"",4,1910,C-3A,,,,,,,,,,,,,
1703 cotton dr,1596 e 1st av,Grandview-Woodland,1703 cotton dr,004048199,236630030000,4,1913,RM-4N,RM-4,Residential,1288000,39700,,,,,,,,,
2621 columbia st,"",Mount Pleasant,2621 columbia st,015549038,179654350000,4,1912,,R5-2,Residential,2119000,109000,,,,,,,,,
2264 triumph st,"",Grandview-Woodland,2264 triumph st,015676587,586265640000,4,1911,,RM-3A,Residential,1361000,129000,,,,,,,,,
3550 w 1st av,"",Kitsilano,3550 w 1st av,015437027,634041360000,4,1912,,RT-8,Residential,2677000,161000,(Freeman Chan),(Freeman Chan),"",Long-term Rental,"",,,,
1003 semlin dr,1001 semlin dr,Grandview-Woodland,1003 semlin dr,014697637,255601030000,4,1910,RT-5,RT-5,Residential,1310000,677000,,,,,,,,,
1129 e 10th av,"",Mount Pleasant,1129 e 10th av,015025101,655222290000,4,1909,RT-5,R3-2,Residential,1817000,102000,,,,,,,,,
166 w 19th av,168 w 19th av,Riley Park,166 w 19th av,007711719,694179380000,4,1911,,R1-1,Residential Inclusive,2654000,50600,,,,,,,,,
2751 columbia st,2753 columbia st;2755 columbia st;2757 columbia st,Mount Pleasant,2751 columbia st,014563738,670173970000,4,1948,,R5-2,Residential,2679000,144000,(Charles Kim),(Charles Kim),"",Long-term Rental,"",,,,
1540 victoria dr,"",Grandview-Woodland,1540 victoria dr,013710613,253612940000,4,1910,RT-5,RT-5,Residential,1259000,146000,,,,,,,,,
600 e hastings st,420 princess av;602 e hastings st;604 e hastings st;606 e hastings st,Strathcona,606 e hastings st,007290357,"",4,1978,DEOD,,,,,,,,,,,,,
25 w 11th av,"",Mount Pleasant,25 w 11th av,014193060,664182770000,4,1908,,R5-2,Residential,2231000,139000,Peter S Silin (Peter Silin),Peter S Silin (Peter Silin),"",Long-term Rental,"",,,,
1007 odlum dr,"",Grandview-Woodland,1007 odlum dr,012969940,231601070000,4,1912,,RM-4,Residential,1400000,6900,Chang Z Zhu & Liu Yang,Chang Z Zhu & Liu Yang,"",Long-term Rental,"",,,,
2526 w 5th av,"",Kitsilano,2526 w 5th av,013702271,642073780000,4,2009,,RT-8,Residential,2816000,269000,(Penny Parry),(Penny Parry),"",Long-term Rental,"",,,,
8405 granville st,1506 w 68th av;8409 granville st;8419 granville st;8425 granville st;8427 granville st;8435 granville st;8437 granville st;8439 granville st;8445 granville st;8457 granville st;8459 granville st,Marpole,1506 w 68th av,"","",4,1951,C-2C,,,,,,,,,,,,,
1490 kingsway,1492 kingsway;1494 kingsway,Kensington-Cedar Cottage,1494 kingsway,011636963,"",4,1947,C-2,,,,,,,,,,,,,
334 e 47th av,"",Sunset,334 e 47th av,006729118,765195340000,4,1913,RS-1,R1-1,Residential Inclusive,1738000,233000,,,,,,,,,
5125 victoria dr,"",Kensington-Cedar Cottage,5125 victoria dr,007044135,250735290000,4,1982,C-2,C-2A,Commercial,1816000,1666000,,,,,,,,,
2078 creelman av,2080 creelman av;2088 creelman av,Kitsilano,2078 creelman av,006642870,92627070000,4,1926,RT-9,RT-9,Residential,3515000,108000,,,,,,,,,
1776 w 11th av,"",Fairview,1776 w 11th av,014183692,664120240000,4,1910,,R3-3,Residential,3015000,145000,Tom Gradecak & Alanna McGee,Tom Gradecak & Alanna McGee,"",Long-term Rental,"",,,,
2730 w 16th av,2734 w 16th av,Arbutus Ridge,2730 w 16th av,032280467,690072500000,4,1999,,RR-2B,Residential Rental,3173000,1129000,,,,,,,,,
595 e 49th av,"",Sunset,595 e 49th av,EPS12666,"",4,1911,,,,,,,,,,,,,,
108 w 11th av,"",Mount Pleasant,108 w 11th av,015548775,664179860000,4,1957,,R3-2,Residential,2873000,54900,,,,,,,,,
4152 fraser st,4154 fraser st;4156 fraser st,Kensington-Cedar Cottage,4152 fraser st,013949292,210710560000,4,1909,C-2,C-2A,Commercial,1364000,1114000,,,,,,,,,
2043 kitchener st,2045 kitchener st,Grandview-Woodland,2043 kitchener st,014390451,611255430000,4,1910,,RT-5,Residential,1925000,187000,Hammer Properties Inc,Hammer Properties Inc,"",Long-term Rental,"",,,,
4409 boundary rd,4423 boundary rd;4437 boundary rd;4441 boundary rd;4453 boundary rd;4465 boundary rd;4477 boundary rd;4493 boundary rd,Renfrew-Collingwood,4437 boundary rd,008847835,"",4,1968,C-1,,,,,,,,,,,,,
1838 e 1st av,1840 e 1st av;1842 e 1st av;1844 e 1st av,Grandview-Woodland,1838 e 1st av,013296680,630252420000,4,1912,,RM-11,Residential,1456000,73600,Masellis Holdings Ltd,Masellis Holdings Ltd,"",Long-term Rental,"",,,,
1849 e 2nd av,1851 e 2nd av;1853 e 2nd av,Grandview-Woodland,1849 e 2nd av,008172943,631250790000,4,1911,,RT-5,Residential,1821000,166000,Guenter Henne & Rotraud Henne,Guenter Henne & Rotraud Henne,"",Long-term Rental,"",,,,
589 e 13th av,591 e 13th av;593 e 13th av,Mount Pleasant,589 e 13th av,015441148,683201930000,4,1912,,R3-2,Residential,1817000,52400,(Owen Williams),(Owen Williams),"",Long-term Rental,"",,,,
2123 w 37th av,2125 w 37th av;2127 w 37th av;2129 w 37th av,Arbutus-Ridge,2123 w 37th av,011297646,739081750000,4,1947,RS-5,R1-1,Residential Inclusive,3181000,91800,,,,,,,,,
2530 point grey rd,"",Kitsilano,2530 point grey rd,007198582,629073720000,4,1912,RT-8,RT-8,Residential,4726000,1267000,,,,,,,,,
3044 glen dr,3046 glen dr,Mount Pleasant,3044 glen dr,014637278,222684440000,4,1912,RT-5,R3-2,Residential,1708000,187000,,,,,,,,,
48 w 18th av,"",Riley Park,48 w 18th av,013867130,693182520000,4,1912,,R1-1,Residential Inclusive,2528000,145000,(Susan Nath),(Susan Nath),"",Long-term Rental,"",,,,
717 e 11th av,"",Mount Pleasant,717 e 11th av,005111820,665210170000,4,1913,,RT-5,Residential,1817000,85500,Gin Bong Lum (Gin Lum),Gin Bong Lum (Gin Lum),"",Long-term Rental,"",,,,
928 kingsway,930 kingsway;932 kingsway,Kensington-Cedar Cottage,932 kingsway,026265508,"",4,2007,C-2,,,,,,,,,,,,,
1023 mclean dr,"",Grandview-Woodland,1023 mclean dr,013427091,233601230000,4,1910,RM-4,RM-4,Residential,1268000,125000,,,,,,,,,
2121 e broadway,2123 e broadway;2125 e broadway,Grandview-Woodland,2121 e broadway,003364038,650259210000,4,1942,RS-1,R1-1,Residential Inclusive,1565000,351700,,,,,,,,,
5757 victoria dr,5751 victoria dr;5753 victoria dr;5755 victoria dr,Victoria-Fraserview,5757 victoria dr,012294608,250750850000,4,1949,,C-2A,Commercial,1960000,2735000,(Johnry Lee),(Johnry Lee),"",Long-term Rental,"",,,,
2525 w 6th av,"",Kitsilano,2525 w 6th av,032724594,643073750000,4,1910,RT-8,RT-8,Residential,,,,,,,,,,,
1725 e 1st av,"",Grandview-Woodland,1725 e 1st av,003749479,630250250000,4,1926,,RM-11,Residential,1584000,74700,Alfeo Properties Inc,Alfeo Properties Inc,"",Long-term Rental,"",,,,
2218 yew st,"",Kitsilano,2218 yew st,015223787,87643460000,4,1908,,R5-3,Residential,2031000,42900,(Jeffrey Bernstein),(Jeffrey Bernstein),"",Long-term Rental,"",,,,
481 w 17th av,"",Riley Park,481 w 17th av,032709315,691170270000,4,1911,RS-7,R1-1,Residential Inclusive,2737000,74600,,,,,,,,,
424 e 37th av,"",Riley Park,424 e 37th av,012665347,739197180000,4,1912,RS-1,R1-1,Residential Inclusive,1865000,328000,,,,,,,,,
1003 commercial dr,1005 commercial dr,Grandview-Woodland,1003 commercial dr,014763061,250601050000,4,1909,C-2C1,C-2C1,Commercial,1314000,2937000,,,,,,,,,
2014 w 15th av,2012 w 15th av;2016 w 15th av,Kitsilano,2014 w 15th av,EPS11317,"",4,1912,RT-8,,,,,,,,,,,,,
3681 oxford st,"",Hastings-Sunrise,3681 oxford st,010976761;010976736,577312950000,4,1914,RS-1,R1-1,Residential Inclusive,3485000,10000,,,,,,,,,
31 w 11th av,"",Mount Pleasant,31 w 11th av,011831006,664182670000,4,1908,RT-6,R5-2,Residential,2231000,315000,,,,,,,,,
3390 laurel st,"",South Cambie,3390 laurel st,014067935,153691940000,4,1912,RS-7,R1-1,Residential Inclusive,2383000,76500,,,,,,,,,
2404 carolina st,2402 carolina st,Mount Pleasant,2404 carolina st,014021382,206648040000,4,2010,RM-4,R5-4,Residential,1471000,607000,,,,,,,,,
1857 venables st,1855 venables st;1865 venables st;1867 venables st,Grandview-Woodland,1857 venables st,007197144,600252570000,4,1980,,RT-5,Residential,2091000,9500,,,,,,Vancouver East Co-op,Vancouver East Co-op Housing Association,,
2032 w 5th av,"",Kitsilano,2032 w 5th av,015223965,642090780000,4,1910,RM-4,R5-3,Residential,2290000,102000,,,,,,,,,
624 e 11th av,"",Mount Pleasant,624 e 11th av,015274381,665206240000,4,1912,RT-5,R3-2,Residential,1817000,206000,,,,,,,,,
2413 collingwood st,"",Kitsilano,2413 collingwood st,003446875,42648450000,4,1912,,RT-7,Residential,1900000,30100,,,,,,,,,
234 w 11th av,236 w 11th av;238 w 11th av,Mount Pleasant,234 w 11th av,EPS9743,"",4,1919,RT-6,,,,,,,,,,,,,
3604 main st,200 e 20th av;3606 main st;3610 main st,Riley Park,200 e 20th av,006146279,"",4,1954,C-2,,,,,,,,,,,,,
2211 alma st,2221 alma st;2241 alma st,West Point Grey,2211 alma st,011485124,643037940000,4,1944,,RM-4,Residential,2103000,77600,,,,,,,,,
2395 w 7th av,"",Kitsilano,2395 w 7th av,010008004,646078070000,4,1910,,RT-8,Residential,2964000,217000,Johnwill Investments Limited,Johnwill Investments Limited,"",Long-term Rental,"",,,,
1916 stephens st,"",Kitsilano,1916 stephens st,014118718,72638340000,4,1913,RT-8,RT-8,Residential,2241000,193000,,,,,,,,,
1834 w 15th av,1840 w 15th av,Kitsilano,1834 w 15th av,012757331,688097660000,4,1922,RT-8,R3-2,Residential,3060000,225000,,,,,,,,,
4510 victoria dr,4520 victoria dr;4530 victoria dr;4580 victoria dr,Kensington-Cedar Cottage,4520 victoria dr,013533002,"",4,1971,C-2,,,,,,,,,,,,,
2375 w 7th av,"",Kitsilano,2375 w 7th av,"","",4,1910,RT-8,,,,,,,,,,,,,
2382 w 6th av,2384 w 6th av;2386 w 6th av;2388 w 6th av,Kitsilano,2384 w 6th av,015018601,"",4,1912,RT-8,,,,,,,,,,,,,
2095 stainsbury av,"",Kensington-Cedar Cottage,2095 stainsbury av,012718726,697259950000,4,1912,,R1-1,Residential Inclusive,837000,119000,Susy D Rosario & Herculano S Torrao,Susy D Rosario & Herculano S Torrao,"",Long-term Rental,"",,,,
526 w 37th av,518 w 37th av;528 w 37th av,South Cambie,526 w 37th av,032056176,170739030000,4,1954,,RT-2,Residential,3776000,10000,,,,,,,,,
1654 venables st,"",Grandview-Woodland,1654 venables st,015031012,600237540000,4,1914,I-2,I-2,Industrial,1618000,102000,,,,,,,,,
345 w 11th av,"",Mount Pleasant,345 w 11th av,014565323,664171430000,4,1912,,R5-2,Residential,2667000,190000,David Butler & Blanche Butler,David Butler & Blanche Butler,"",Long-term Rental,"",,,,
771 e 16th av,"",Mount Pleasant,771 e 16th av,003648125,689211910000,4,1910,RT-5,R3-2,Residential,1543000,130000,,,,,,,,,
2204 ferndale st,2202 ferndale st;2206 ferndale st,Grandview-Woodland,2204 ferndale st,014292530,593265040000,4,1911,,RT-5,Residential,1695000,229000,(Daniel Dittrich),(Daniel Dittrich),"",Long-term Rental,"",,,,
1660 kingsway,1664 kingsway;1668 kingsway,Kensington-Cedar Cottage,1664 kingsway,014008025,"",4,1914,C-2,,,,,,,,,,,,,
2334 w 8th av,"",Kitsilano,2334 w 8th av,014864118,648078660000,4,1910,,RT-8,Residential,2753000,44200,(Ioannis Fandrakis),(Ioannis Fandrakis),"",Long-term Rental,"",,,,
567 e broadway,551 e broadway,Mount Pleasant,567 e broadway,014678772,650201490000,4,2000,,C-2A,Commercial,1478000,1817000,569076 BC Ltd,569076 BC Ltd,"",Long-term Rental,"",,,,
1306 walnut st,1308 walnut st;1310 walnut st,Kitsilano,1306 walnut st,005137535,96627120000,4,1912,RT-9,RT-9,Residential,2672000,230000,,,,,,,,,
2900 fraser st,"",Mount Pleasant,2900 fraser st,009232788;009232711,210683060000,4,1909,RT-5,RT-5,Residential,2616000,10000,,,,,,,,,
1655 e 21st av,"",Kensington-Cedar Cottage,1655 e 21st av,015434681,698236550000,4,1910,,RT-10,Residential,2040000,76500,George J Hibbert (George Hibbert),George J Hibbert (George Hibbert),"",Long-term Rental,"",,,,
382 powell st,386 powell st,Strathcona,382 powell st,008256934,580192820000,4,1907,DEOD,DEOD,Comprehensive Development,624000,1532000,0918266 B.C. LTD.,0918266 B.C. LTD.,"",Long-term Rental,"",,,,
2845 quebec st,"",Mount Pleasant,2845 quebec st,009470654,186670770000,4,1911,RM-4,R5-4,Residential,1720000,167000,,,,,,,,,
4796 quebec st,"",Riley Park,4796 quebec st,008116423,188724960000,4,1913,,R1-1,Residential Inclusive,2499000,106000,Terrence McSweeney & Nancy McSweeney,Terrence McSweeney & Nancy McSweeney,"",Long-term Rental,"",,,,
1846 w 15th av,1850 w 15th av,Kitsilano,1846 w 15th av,012757322,688097560000,4,1922,RT-8,R3-2,Residential,3060000,76400,,,,,,,,,
93 w 12th av,2742 manitoba st;95 w 12th av;97 w 12th av,Mount Pleasant,93 w 12th av,003358895,670182050000,4,1946,,R3-2,Residential,2685000,68900,0928129 BC Ltd,0928129 BC Ltd,"",Long-term Rental,"",,,,
2804 w 1st av,"",Kitsilano,2804 w 1st av,015098273,634069920000,4,1911,,RT-8,Residential,3615000,220000,(Ikbal K Virji),(Ikbal K Virji),"",Long-term Rental,"",,,,
1122 commercial dr,1124 commercial dr;1126 commercial dr,Grandview-Woodland,1122 commercial dr,008172846,250604220000,4,1909,,C-2C1,Commercial,1266000,2157000,1079531 BC Ltd,1079531 BC Ltd,"",Long-term Rental,"",,,,
2525 st catherines st,"",Mount Pleasant,2525 st catherines st,015437973,214650050000,4,1952,,R3-3,Residential,898000,1084000,(Simone Avram),(Simone Avram),"",Long-term Rental,"",,,,
2993 w 41st av,2995 w 41st av;5662 carnarvon st;5684 carnarvon st,Dunbar-Southlands,5662 carnarvon st,008401926,"",4,1920,C-1,,,,,,,,,,,,,
398 e 8th av,2403 prince edward st;2405 prince edward st;2407 prince edward st,Mount Pleasant,398 e 8th av,006497756,648195980000,4,1910,,RM-4,Residential,1483000,190000,Thomas Caverly & Sandra Caverly,Thomas Caverly & Sandra Caverly,"",Long-term Rental,"",,,,
2244 e 3rd av,2248 e 3rd av,Grandview-Woodland,2244 e 3rd av,014313987;014314002,633265420000,4,1910,RT-5,RT-5,Residential,1482000,35900,,,,,,,,,
1953 w 1st av,"",Kitsilano,1953 w 1st av,014954761,634095510000,4,1912,RM-4,RM-4,Residential,2068000,228000,,,,,,,,,
32 w 12th av,34 w 12th av;36 w 12th av,Mount Pleasant,32 w 12th av,004584147,670182580000,4,1979,,R3-2,Residential,2873000,95200,James C Fanning & Margaret E Fanning,James C Fanning & Margaret E Fanning,"",Long-term Rental,"",,,,
1812 w 10th av,1814 w 10th av;1816 w 10th av;1818 w 10th av,Kitsilano,1812 w 10th av,011913398,654097840000,4,1951,,R3-2,Residential,3221000,414000,Elia M Sterling (Elia Sterling),Elia M Sterling (Elia Sterling),"",Long-term Rental,"",,,,
2630 windsor st,"",Mount Pleasant,2630 windsor st,010071661,217655300000,4,1912,RT-5,R3-2,Residential,1332000,101000,,,,,,,,,
1218 e georgia st,"",Strathcona,1218 e georgia st,014596601,596226180000,4,1905,,RT-3,Residential,1419000,146000,Nordsail Properties (GP) Ltd,Nordsail Properties (GP) Ltd,"",Long-term Rental,"",,,,
1111 commercial dr,1117 commercial dr,Grandview-Woodland,1117 commercial dr,010491791,"",4,1963,C-2C1,,,,,,,,,,,,,
1850 parker st,"",Grandview-Woodland,1850 parker st,014991365,601252500000,4,1909,RT-5,RT-5,Residential,1821000,1307000,,,,,,,,,
3357 w 4th av,3355 w 4th av,Kitsilano,3357 w 4th av,011479663,640045370000,4,1910,C-2,C-2A,Commercial,1580000,1306000,,,,,,,,,
2020 w 5th av,"",Kitsilano,2020 w 5th av,015223973,642090860000,4,1908,RM-4,R5-3,Residential,3389200,47200,,,,,,,,,
1641 dunbar st,1661 dunbar st;3603 w 1st av,Kitsilano,1641 dunbar st,011650109,41630930000,4,1912,RT-8,RT-8,Residential,2944000,364000,,,,,,,,,
1017 e 10th av,1019 e 10th av,Mount Pleasant,1017 e 10th av,005660050,655217170000,4,1911,,R3-2,Residential,1817000,385000,,,,,,,,,
3957 main st,3959 main st;3967 main st;3969 main st,Riley Park,3957 main st,013643738,190706690000,4,1949,C-2,C-2A,Commercial,2096000,2781000,,,,,,,,,
3030 kingsway,"",Renfrew-Collingwood,3030 kingsway,032107765,"",4,1980,C-2,,,,,,,,,,,,,
1929 commercial dr,1933 commercial dr;1937 commercial dr,Grandview-Woodland,1933 commercial dr,014381788,"",4,1911,C-2C1,,,,,,,,,,,,,
6642 main st,6648 main st,Sunset,6642 main st,014054621,190791480000,4,1955,C-2,C-2A,Commercial,1320000,1417000,,,,,,,,,
2017 grant st,"",Grandview-Woodland,2017 grant st,015020851,612255170000,4,1912,RT-5,RT-5,Residential,1740000,329000,,,,,,,,,
866 garden dr,"",Grandview-Woodland,866 garden dr,010767070,267598660000,4,1912,RT-5,RT-5,Residential,1555000,25800,,,,,,,,,
710 e 15th av,"",Mount Pleasant,710 e 15th av,013421336,687210120000,4,1910,,R3-2,Residential,1353000,10000,Eric H Chan & Donna M Tam,Eric H Chan & Donna M Tam,"",Long-term Rental,"",,,,
2010 larch st,2020 larch st;2030 larch st;2040 larch st,Kitsilano,2010 larch st,014973171,640077040000,4,1937,,RM-4,Residential,1747000,1440000,Aline A Raverty (Aline Raverty),Aline A Raverty (Aline Raverty),"",Long-term Rental,"",,,,
1135 commercial dr,1145 commercial dr;1155 commercial dr,Grandview-Woodland,1155 commercial dr,015194051;015194060,"",4,1989,C-2C1,,,,,,,,,,,,,
4323 main st,4327 main st,Riley Park,4327 main st,014015277,"",4,1964,C-2,,,,,,,,,,,,,
1811 e 3rd av,1815 e 3rd av,Grandview-Woodland,1811 e 3rd av,015078442,633250530000,4,1912,RT-5,RT-5,Residential,1821000,332000,,,,,,,,,
56 powell st,"",Downtown,56 powell st,006671527,580178660000,4,1997,HA-2,HA-2,Historical Area,1602600,129100,,,,,,,,,
131 w 13th av,"",Mount Pleasant,131 w 13th av,012283088,683179490000,4,1912,,R3-2,Residential,2207000,182000,(Norman Chung),(Norman Chung),"",Long-term Rental,"",,,,
2536 w 7th av,"",Kitsilano,2536 w 7th av,005081637,646073660000,4,1912,RT-8,RT-8,Residential,2689000,55000,,,,,,,,,
7737 main st,"",Sunset,7737 main st,013939068,190817250000,4,1912,,RT-2,Residential,1531000,8200,Anna Lee & David Lee,Anna Lee & David Lee,"",Long-term Rental,"",,,,
2626 w 10th av,"",Kitsilano,2626 w 10th av,009290257,654072640000,4,1912,RS-7,R1-1,Residential Inclusive,2078000,178000,,,,,,,,,
277 e 24th av,"",Riley Park,277 e 24th av,011243856,708190770000,4,1912,,R1-1,Residential Inclusive,1913000,97700,(Michael Goodman),(Michael Goodman),"",Long-term Rental,"",,,,
3528 point grey rd,"",Kitsilano,3528 point grey rd,015444104,630041620000,4,1912,,RT-8,Residential,2110000,197000,Tennyson Romero Haughton (Tennyson Haughton),Tennyson Romero Haughton (Tennyson Haughton),"",Long-term Rental,"",,,,
2476 w 7th av,"",Kitsilano,2476 w 7th av,015016951,646077260000,4,1914,,RT-8,Residential,2816000,58000,George Salatelis & Despina Salatelis,George Salatelis & Despina Salatelis,"",Long-term Rental,"",,,1,http://app.vancouver.ca/RPS_Net/Default.aspx?num=2476&street=W%207TH%20AVENUE
1356 e 12th av,"",Kensington-Cedar Cottage,1356 e 12th av,013240901,670230300000,4,1912,,RM-11,Residential,1511000,257000,(James Chan),(James Chan),"",Long-term Rental,"",,,,
2064 w 15th av,2066 w 15th av,Kitsilano,2064 w 15th av,008796351,688090360000,4,1912,RT-8,R3-2,Residential,2824000,172000,,,,,,,,,
1756 e 11th av,"",Kensington-Cedar Cottage,1756 e 11th av,004698894,665250240000,4,1910,RM-4N,RM-4,Residential,1604000,30400,,,,,,,,,
1341 w 14th av,1343 w 14th av;1345 w 14th av;1347 w 14th av,Fairview,1341 w 14th av,013270877,686134570000,4,1993,,R3-3,Residential,3179401,136000,Neville Norwick Wingate & Roy Changfoot,Neville Norwick Wingate & Roy Changfoot,"",Long-term Rental,"",,,,
3260 main st,3264 main st,Riley Park,3264 main st,015162621,"",4,1908,C-2,,,,,,,,,,,,,
139 w 18th av,"",Riley Park,139 w 18th av,014205181,693179590000,4,1911,,R1-1,Residential Inclusive,2642000,39500,(Voula Syskakis),(Voula Syskakis),"",Long-term Rental,"",,,,
3337 kingsway,3339 kingsway;3341 kingsway,Renfrew-Collingwood,3337 kingsway,004242785,770306850000,4,1987,C-2,C-2A,Commercial,1768000,1956000,,,,,,,,,
4770 main st,4772 main st;4774 main st,Riley Park,4772 main st,015787729;015787711,"",4,1947,C-2,,,,,,,,,,,,,
1306 w 12th av,"",Fairview,1306 w 12th av,014681463,670134940000,4,1912,RM-3,R3-3,Residential,3015000,380000,,,,,,,,,
780 e 15th av,782 e 15th av,Mount Pleasant,780 e 15th av,002640449,687210820000,4,1910,RT-5,R3-2,Residential,1622000,262000,,,,,,,,,
662 alexander st,"",Strathcona,662 alexander st,015598535,579198620000,4,1912,DEOD,DEOD,Comprehensive Development,625000,297000,,,,,,,,,
1216 e 15th av,1218 e 15th av,Mount Pleasant,1216 e 15th av,013378139,687225160000,4,1975,RT-5,R3-2,Residential,2082000,129000,,,,,,,,,
30 e 12th av,32 e 12th av,Mount Pleasant,30 e 12th av,EPS7063,"",4,1918,RM-4N,,,,,,,,,,,,,
944 kingsway,934 kingsway;940 kingsway;946 kingsway,Kensington-Cedar Cottage,944 kingsway,032072538,"",4,1975,,,,,,,,,,,,,,
4508 main st,4510 main st;4512 main st;4514 main st,Riley Park,4508 main st,014497735;014497743,190722140000,4,1950,,C-2A,Commercial,2583000,893000,Lemerald Investment Corp,Lemerald Investment Corp,"",Long-term Rental,"",,,,
2726 w 5th av,2728 w 5th av;2730 w 5th av;2732 w 5th av,Kitsilano,2726 w 5th av,012235717,642070500000,4,1911,,RT-8,Residential,2168000,241000,Preston Neary Holdings Inc,Preston Neary Holdings Inc,"",Long-term Rental,"",,,,
2516 w 7th av,2518 w 7th av;2520 w 7th av,Kitsilano,2516 w 7th av,015017711,646073860000,4,1910,,RT-8,Residential,2816000,287000,Georgas Group Holdings Ltd,Georgas Group Holdings Ltd,"",Long-term Rental,"",,,,
655 e 12th av,657 e 12th av,Mount Pleasant,655 e 12th av,013593692,670206550000,4,1912,,R3-2,Residential,1453000,45200,,,,,,,,,
192 w 12th av,"",Mount Pleasant,192 w 12th av,012132501,670179160000,4,1911,,R3-2,Residential,2255000,96700,Ki Jae Park & Mi Soo Park,Ki Jae Park & Mi Soo Park,"",Long-term Rental,"",,,,
3415 w broadway,3417 w broadway;3419 w broadway;3425 w broadway;3427 w broadway,Kitsilano,3415 w broadway,012054747,650042750000,4,1912,C-2C1,C-2A,Commercial,3031000,2426000,,,,,,,,,
341 w 18th av,343 w 18th av,Riley Park,341 w 18th av,014206145,693172290000,4,1912,RS-7,R1-1,Residential Inclusive,2642000,411000,,,,,,,,,
1842 parker st,"",Grandview-Woodland,1842 parker st,008089701,601252420000,4,1909,,RT-5,Residential,1821000,863000,Janet E McPhee & Richard A McPhee,Janet E McPhee & Richard A McPhee,The Ivy on Parker Guest House/Small Hotel,Long-term Rental,"",,,,
312 w 16th av,314 w 16th av,Riley Park,312 w 16th av,006824404,690172820000,4,1976,RT-5,RT-5,Residential,2964000,232000,,,,,,,,,
2105 w 41st av,5665 west boulevard;5683 west boulevard;5685 west boulevard;5687 west boulevard,Arbutus-Ridge,2105 w 41st av,006157513,750082930000,4,1929,C-2,C-2A,Commercial,4515000,8291000,,,,,,,,,
1603 e 10th av,"",Kensington-Cedar Cottage,1603 e 10th av,013023250,655234470000,4,1910,RT-5,RT-5,Residential,1769000,207000,,,,,,,,,
5541 stamford st,"",Renfrew-Collingwood,5541 stamford st,012099201,311725010000,4,1912,RS-1,R1-1,Residential Inclusive,1736000,51000,,,,,,,,,
51 w 11th av,"",Mount Pleasant,51 w 11th av,013914201,664182370000,4,1908,,R5-2,Residential,2331000,401000,(Hagen Marx),(Hagen Marx),"",Long-term Rental,"",,,,
2430 w 5th av,2432 w 5th av,Kitsilano,2430 w 5th av,014967260,642077640000,4,1926,,RT-8,Residential,2816000,53300,,,,,,,,,
491 e 10th av,495 e 10th av,Mount Pleasant,491 e 10th av,032075073,655198870000,4,1910,,R5-2,Residential,2060000,235000,,,,,,,,,
2142 arbutus st,2097 w 6th av,Kitsilano,2097 w 6th av,015226999,"",4,1910,RM-4,,,,,,,,,,,,,
1806 w 11th av,1808 w 11th av,Kitsilano,1806 w 11th av,014183803,664097960000,4,1941,,R3-2,Residential,2738000,51200,Palmar Properties Inc,Palmar Properties Inc,"",Long-term Rental,"",,,,
2188 w 5th av,"",Kitsilano,2188 w 5th av,005147662,642087140000,4,1910,RM-4,R5-3,Residential,2068000,63000,,,,,,,,,
2125 e pender st,"",Grandview-Woodland,2125 e pender st,015667740,592259250000,4,1913,RM-8A,RM-8A,Residential,1502000,189000,,,,,,,,,
1844 macdonald st,"",Kitsilano,1844 macdonald st,013923871,70636860000,4,1910,RT-8,RT-8,Residential,1890000,341000,,,,,,,,,
1028 e 11th av,1030 e 11th av,Mount Pleasant,1028 e 11th av,014661942,665217300000,4,1913,RT-5,R3-2,Residential,1817000,98500,,,,,,,,,
1727 e 6th av,1729 e 6th av,Grandview-Woodland,1727 e 6th av,011924217,641250310000,4,1976,RT-7,RT-5,Residential,1926000,405000,,,,,,,,,
1743 bayswater st,"",Kitsilano,1743 bayswater st,008496919,62630810000,4,1912,,RT-8,Residential,2187000,62000,(Vasiliki Mitropoulos),(Vasiliki Mitropoulos),"",Long-term Rental,"",,,,
2385 w 7th av,2383 w 7th av,Kitsilano,2385 w 7th av,015018768,646078170000,4,1910,RT-8,RT-8,Residential,2816000,134000,,,,,,,,,
3170 ash st,3180 ash st,Fairview,3170 ash st,"","",4,1976,RM-4,,,,,,,,,,,,,
1676 kingsway,1678 kingsway,Kensington-Cedar Cottage,1678 kingsway,014007762,"",4,2008,C-2,,,,,,,,,,,,,
3211 fraser st,3213 fraser st;3215 fraser st,Riley Park,3211 fraser st,015612791,210689130000,4,1982,C-2,C-2A,Commercial,2428000,1772000,,,,,,,,,
1431 e 7th av,1433 e 7th av;1435 e 7th av;1437 e 7th av,Grandview-Woodland,1431 e 7th av,014682303;014682338,646232270000,4,1970,,RM-4,Residential,1435000,620000,Park Lip Chow (Park Chow),Park Lip Chow (Park Chow),"",Long-term Rental,"",,,,
224 w 14th av,"",Mount Pleasant,224 w 14th av,013232339,684173560000,4,1910,,R3-2,Residential,2807000,494000,,,,,,,,,
2266 w 41st av,2268 w 41st av;2270 w 41st av,Kerrisdale,2270 w 41st av,009603221,"",4,1995,C-2,,,,,,,,,,,,,
3589 commercial st,3591 commercial st;3593 commercial st;3597 commercial st;3599 commercial st,Kensington-Cedar Cottage,3589 commercial st,028121856,243692970000,4,2009,MC-1,MC-1,Industrial,1550000,2110000,,,,,,,,,
1823 w 4th av,1825 w 4th av,Kitsilano,1823 w 4th av,015260909,640097810000,4,1912,C-3A,C-3A,Commercial,1605000,1883000,,,,,,,,,
1749 waterloo st,1747 waterloo st;3409 w 2nd av,Kitsilano,1749 waterloo st,EPS3593,"",4,1910,,,,,,Marie-Antoin A Giesen & Frank-Stefan P Heinzelmann,Marie-Antoin A Giesen & Frank-Stefan P Heinzelmann,"",Long-term Rental,"",,,,
1616 commercial dr,1620 commercial dr,Grandview-Woodland,1616 commercial dr,014848520,250616200000,4,1910,C-2C,C-2C,Commercial,1120000,2500000,,,,,,,,,
1137 pacific st,"",West End,1137 pacific st,016213912,616118570000,4,1901,RM-5A,RM-5A,Residential,2613000,33200,,,,,,,,,
4534 prince albert st,"",Kensington-Cedar Cottage,4534 prince albert st,009264761,212719340000,4,1901,,R1-1,Residential Inclusive,2229000,298000,,,,,,,,,
2716 w 5th av,"",Kitsilano,2716 w 5th av,012441333,642070740000,4,1911,RT-8,RT-8,Residential,2059000,38200,,,,,,,,,
807 e 10th av,"",Mount Pleasant,807 e 10th av,"","",4,1910,RT-5,,,,,,,,,,,,,
62 w 11th av,64 w 11th av;66 w 11th av,Mount Pleasant,62 w 11th av,015336867,664182140000,4,1994,RT-6,R3-2,Residential,2761000,972000,,,,,,,,,
2756 w 6th av,"",Kitsilano,2756 w 6th av,008494053,643070120000,4,1914,RT-8,RT-8,Residential,1967000,176000,,,,,,,,,
6423 main st,6425 main st,Sunset,6423 main st,014357755,190769250000,4,1985,,C-2A,Commercial,1242000,569000,Jatbir Holding Company Ltd,Jatbir Holding Company Ltd,"",Long-term Rental,"",,,,
304 w 11th av,"",Mount Pleasant,304 w 11th av,"","",4,1920,RT-6,,,,,,,,,,,,,
315 w 12th av,"",Mount Pleasant,315 w 12th av,014565447,670171830000,4,1909,,R5-2,Residential,2807000,239000,0930301 B C Ltd,0930301 B C Ltd,"",Long-term Rental,"",,,,
792 e 15th av,3125 prince albert st,Mount Pleasant,792 e 15th av,002995158,687210920000,4,1910,RT-5,R3-2,Residential,1664000,533000,,,,,,,,,
4201 sophia st,"",Riley Park,4201 sophia st,012779601,194713010000,4,1910,,R1-1,Residential Inclusive,2095000,115000,,,,,,,,,
1850 napier st,"",Grandview-Woodland,1850 napier st,009368256,604252500000,4,1910,RT-5,RT-5,Residential,2228000,984000,,,,,,,,,
876 e georgia st,878 e georgia st,Strathcona,876 e georgia st,004623061,596212760000,4,1908,RT-3,RT-3,Residential,1452000,151000,,,,,,,,,
2280 triumph st,115 garden dr;127 garden dr,Grandview-Woodland,2280 triumph st,015676757,586265960000,4,1959,RM-3A,RM-3A,Residential,1087000,11700,,,,,,,,,
2555 w 3rd av,2557 w 3rd av,Kitsilano,2555 w 3rd av,EPS7598,"",4,1910,RT-8,,,,,,,,,,,,,
2576 w 2nd av,"",Kitsilano,2576 w 2nd av,008908036,636073360000,4,1912,RT-8,RT-8,Residential,3372000,234000,,,,,,,,,
8416 shaughnessy st,8420 shaughnessy st,Marpole,8416 shaughnessy st,013032577;013032631,151826380000,4,1977,RT-2,RT-2,Residential,2404000,128000,,,,,,,,,
3463 w 6th av,3467 w 6th av,Kitsilano,3463 w 6th av,009422102,643042270000,4,1981,RT-7,RT-7,Residential,2221000,200000,,,,,,,,,
4304 fraser st,4310 fraser st;708 e 27th av;716 e 27th av,Kensington-Cedar Cottage,4304 fraser st,014113775,210714040000,4,1976,C-2,C-2A,Commercial,1383000,1407000,,,,,,,,,
3981 main st,"",Riley Park,3981 main st,013643703,190706870000,4,1949,C-2,C-2A,Commercial,2,2,,,,,,,,,
174 w 11th av,178 w 11th av;180 w 11th av,Mount Pleasant,174 w 11th av,007226241,664179040000,4,1913,RT-6,R3-2,Residential,2471000,33800,,,,,,,,,
2445 w 8th av,"",Kitsilano,2445 w 8th av,008912173,648077570000,4,1912,,RT-8,Residential,2816000,94800,Raymond A Aldeguer (Raymond Aldeguer),Raymond A Aldeguer (Raymond Aldeguer),"",Long-term Rental,"",,,,
1869 parker st,"",Grandview-Woodland,1869 parker st,015028615,601252930000,4,1910,,RT-5,Residential,2034000,237000,(Susanne Riley),(Susanne Riley),"",Long-term Rental,"",,,,
2823 waterloo st,"",Kitsilano,2823 waterloo st,014538717,45678410000,4,1912,RS-5,R1-1,Residential Inclusive,2356000,58300,,,,,,,,,
215 e 49th av,219 e 49th av;6480 main st;6482 main st;6494 main st,Sunset,6480 main st,014321327;014321335,"",4,1910,C-2,,,,,,,,,,,,,
2537 fraser st,2535 fraser st,Mount Pleasant,2537 fraser st,015315681;008412472,210650390000;210650370000,4,1908,,RT-5,Residential,22300,0,,,,,,,,,
1813 w 4th av,1815 w 4th av,Kitsilano,1815 w 4th av,013253549;013253565,"",4,1912,C-3A,,,,,,,,,,,,,
2923 w 5th av,"",Kitsilano,2923 w 5th av,014556669,642062150000,4,1912,,RT-7,Residential,2353000,35300,,,,,,,,,
2445 w 7th av,"",Kitsilano,2445 w 7th av,013579649,646077550000,4,1912,,RT-8,Residential,2816000,148000,Ronald W Fowler (Ronald Fowler),Ronald W Fowler (Ronald Fowler),"",Long-term Rental,"",,,,
1840 creelman av,1306 cypress st;1842 creelman av,Kitsilano,1306 cypress st,013930427,"",4,1986,RT-9,,,,,,,,,,,,,
524 keefer st,526 keefer st,Strathcona,524 keefer st,015565262,594196260000,4,1905,,RT-3,Residential,1452000,9200,Klaus F Salchner & Lillian Salchner,Klaus F Salchner & Lillian Salchner,"",Long-term Rental,"",,,,
815 e 10th av,"",Mount Pleasant,815 e 10th av,015215555,655212150000,4,1914,,R3-2,Residential,1726000,191000,Lisa Dawn Findlay & Tim Findlay & David Richardson,Lisa Dawn Findlay & Tim Findlay & David Richardson,"",Long-term Rental,"",,,,
3020 w 3rd av,"",Kitsilano,3020 w 3rd av,013680617,638058460000,4,1912,,RT-8,Residential,3275000,238000,Evergrow Investments Inc,Evergrow Investments Inc,"",Long-term Rental,"",,,,
1522 e 12th av,1524 e 12th av,Kensington-Cedar Cottage,1522 e 12th av,014115964;014115972,670234200000,4,1953,RM-11N,RM-11,Residential,3094000,10000,,,,,,,,,
736 e broadway,"",Mount Pleasant,736 e broadway,015251551,650210360000,4,1911,,C-2A,Commercial,1479000,1732000,Suet Y Wu (Suet Wu),Suet Y Wu (Suet Wu),"",Long-term Rental,"",,,,
1155 granville st,1157 granville st,Downtown,1155 granville st,015483452,130608550000,4,1968,,DD,Comprehensive Development,2496400,168800,(Oi Chin),(Oi Chin),"",Long-term Rental,"",,,,
115 w 13th av,"",Mount Pleasant,115 w 13th av,015527395,683179870000,4,1912,,R3-2,Residential,2760000,107000,(Jane Jung),(Jane Jung),"",Long-term Rental,"",,,,
1500 yew st,1508 yew st;2184 cornwall av;2186 cornwall av,Kitsilano,1500 yew st,014994755,87630060000,4,1920,C-2B,C-2A,Commercial,2147000,5833000,,,,,,,,,
7895 fraser st,685 e 63rd av,Sunset,7895 fraser st,004686403,210819950000,4,1951,RT-2,RT-2,Residential,2090000,67700,,,,,,,,,
2596 w 6th av,"",Kitsilano,2596 w 6th av,014966026,643073040000,4,1912,RT-8,RT-8,Residential,2659000,640000,,,,,,,,,
4507 rupert st,3292 e 29th av;3294 e 29th av;3296 e 29th av;4509 rupert st;4511 rupert st,Renfrew-Collingwood,4507 rupert st,014613034,300710010000,4,1962,,C-1,Commercial,2290200,497000,St Catherines Holdings Ltd,St Catherines Holdings Ltd,"",Long-term Rental,"",,,,
97 n renfrew st,2884 oxford st,Hastings-Sunrise,2884 oxford st,015253279,"",4,1976,C-1,,,,,,,,,,,,,
6603 fraser st,6605 fraser st;6607 fraser st;6609 fraser st;686 e 50th av,Sunset,6603 fraser st,014338165,210791070000,4,1948,C-2,C-2A,Commercial,1446000,961000,,,,,,,,,
2405 w 6th av,2199 balsam st;2407 w 6th av,Kitsilano,2405 w 6th av,014967316,643077950000,4,1910,,RT-8,Residential,2831000,182000,,,,,,,,,
275 e 28th av,"",Riley Park,275 e 28th av,010470522,717191750000,4,1914,RS-7,R1-1,Residential Inclusive,1988000,211000,,,,,,,,,
515 e 10th av,517 e 10th av,Mount Pleasant,515 e 10th av,006232531;006232761,655201170000,4,1987,RT-5,R5-2,Residential,703000,50000,,,,,,,,,
2573 cornwall av,2577 cornwall av,Kitsilano,2573 cornwall av,004576730,"",4,1994,RT-8,,,,,,,,,,,,,
2165 w 13th av,2167 w 13th av,Kitsilano,2165 w 13th av,011435356,683087450000,4,1910,RT-7,R5-2,Residential,2738000,182000,,,,,,,,,
1529 frances st,"",Grandview-Woodland,1529 frances st,015292126,594233550000,4,1910,,RM-4,Residential,1568000,248000,,,,,,,,,
2405 w 7th av,"",Kitsilano,2405 w 7th av,015019080,646077950000,4,1926,,RT-8,Residential,2964000,60000,,,,,,,,,
246 w 13th av,258 w 13th av,Mount Pleasant,246 w 13th av,014365847,683173140000,4,1912,RT-6,R3-2,Residential,2365000,238000,,,,,,,,,
2673 cambridge st,2671 cambridge st,Hastings-Sunrise,2673 cambridge st,010901868,576274630000,4,1912,,R1-1,Residential Inclusive,1596000,301000,,,,,,,,,
2242 macdonald st,2244 macdonald st,Kitsilano,2242 macdonald st,011984147,70643960000,4,1914,RT-8,RT-8,Residential,1766000,116000,,,,,,,,,
2724 w 5th av,"",Kitsilano,2724 w 5th av,012235695,642070620000,4,1911,,RT-8,Residential,2191000,142000,,,,,,,,,
1722 cotton dr,1724 cotton dr,Grandview-Woodland,1722 cotton dr,013976966,236630220000,4,1912,RM-4N,RM-4,Residential,1406000,110000,,,,,,,,,
1926 ferndale st,"",Grandview-Woodland,1926 ferndale st,015658864,593253260000,4,1908,RT-5,RT-5,Residential,1900000,703000,,,,,,,,,
1581 e 10th av,"",Kensington-Cedar Cottage,1581 e 10th av,015564878,655234430000,4,1910,,RT-5,Residential,1798000,172000,Lidio Daneluzzi & Beverley Baker,Lidio Daneluzzi & Beverley Baker,"",Long-term Rental,"",,,,
1373 maple st,1375 maple st;1377 maple st,Kitsilano,1375 maple st,007761503,"",4,1925,RT-9,,,,,,,,,,,,,
872 e georgia st,874 e georgia st,Strathcona,872 e georgia st,004623053,596212740000,4,1908,RT-3,RT-3,Residential,1452000,136000,,,,,,,,,
3130 point grey rd,"",Kitsilano,3130 point grey rd,009309586,630053560000,4,1909,RT-8,RT-8,Residential,2810000,246000,,,,,,,,,
2524 w 7th av,2526 w 7th av,Kitsilano,2524 w 7th av,015017699,646073760000,4,1910,RT-8,RT-8,Residential,2816000,56300,,,,,,,,,
234 w 13th av,"",Mount Pleasant,234 w 13th av,011977787,683173340000,4,1912,RT-6,R3-2,Residential,2365000,92600,,,,,,,,,
1796 nanaimo st,2405 e 2nd av,Hastings-Sunrise,2405 e 2nd av,004245130;004245121;004245148,"",4,1975,C-1,,,,,,,,,,,,,
8002 granville st,8004 granville st;8006 granville st;8008 granville st,Marpole,8002 granville st,008307369,130823040000,4,1912,C-1,C-1,Commercial,1491000,4139000,,,,,,,,,
1910 e 12th av,1920 e 12th av;1924 e 12th av;2810 victoria dr,Kensington-Cedar Cottage,2810 victoria dr,012072354,"",4,1952,RM-11N,,,,,,,,,,,,,
1940 napier st,"",Grandview-Woodland,1940 napier st,013479679,254604050000,4,1910,,RT-5,Residential,2885000,10000,Batco Properties Ltd,Batco Properties Ltd,"",Long-term Rental,"",,,,
4301 main st,4303 main st;4305 main st;4307 main st,Riley Park,4303 main st,014015251,"",4,1914,C-2,,,,,,,,,,,,,
2647 e hastings st,2649 e hastings st,Hastings-Sunrise,2649 e hastings st,015296091,"",4,2004,C-2C,,,,,,,,,,,,,
3046 w 6th av,"",Kitsilano,3046 w 6th av,007474792,643058180000,4,1912,RT-7,RT-7,Residential,2840000,57600,,,,,,,,,
827 e 28th av,"",Kensington-Cedar Cottage,827 e 28th av,"","",4,1929,RS-1,,,,,,,,,,,,,
2520 kingsway,2522 kingsway;2524 kingsway;2528 kingsway,Renfrew-Collingwood,2520 kingsway,014122294;014122286,770275180000,4,1964,,C-2A,Commercial,2531000,1247000,0768459 BC Ltd,0768459 BC Ltd,"",Long-term Rental,"",,,,
1622 e 10th av,"",Kensington-Cedar Cottage,1622 e 10th av,004226984,655234560000,4,1912,,RT-5,Residential,1533000,122000,Robert Iorio & Marianne Iorio,Robert Iorio & Marianne Iorio,"",Long-term Rental,"",,,,
117 w 14th av,"",Mount Pleasant,117 w 14th av,014562103,684179710000,4,1912,,R3-2,Residential,2773000,288000,(Frances De Grace),(Frances De Grace),"",Long-term Rental,"",,,,
1890 kingsway,1892 kingsway;1894 kingsway;1896 kingsway,Kensington-Cedar Cottage,1894 kingsway,006382657;006382568,"",4,1922,C-2,,,,,,,,,,,,,
2938 fraser st,2940 fraser st,Mount Pleasant,2938 fraser st,008246459,210683380000,4,1912,,RT-5,Residential,1359000,283000,,,,,,,,,
3273 w 2nd av,"",Kitsilano,3273 w 2nd av,015434761,636050070000,4,1912,,RT-8,Residential,3098000,168000,(Brent Ash),(Brent Ash),"",Long-term Rental,"",,,,
944 e 13th av,"",Mount Pleasant,944 e 13th av,EPS11344,"",4,1911,RT-5,,,,,,,,,,,,,
2956 w 6th av,2958 w 6th av,Kitsilano,2956 w 6th av,014450607,643058700000,4,1912,RT-7,RT-7,Residential,2992000,102000,,,,,,,,,
105 lakewood dr,107 lakewood dr;115 lakewood dr;117 lakewood dr,Grandview-Woodland,105 lakewood dr,015678776,259586050000,4,1958,,RM-3A,Residential,1087000,547000,Larry Quan Sue Sun Mary Wong & Kenny Quan,Larry Quan Sue Sun Mary Wong & Kenny Quan,"",Long-term Rental,"",,,,
6306 beatrice st,6310 beatrice st,Victoria-Fraserview,6306 beatrice st,009637753,246762260000,4,1957,RT-2,RT-2,Residential,1941000,52800,,,,,,,,,
1616 salsbury dr,"",Grandview-Woodland,1616 salsbury dr,007253044,252616160000,4,1910,,RT-5,Residential,1725000,157000,(Andrew Hackett),(Andrew Hackett),"",Long-term Rental,"",,,,
151 w 14th av,"",Mount Pleasant,151 w 14th av,004395689,684179310000,4,2008,,R3-2,Residential,2773000,1227000,388 Properties Ltd,388 Properties Ltd,"",Long-term Rental,"",,,,
1823 parker st,1825 parker st,Grandview-Woodland,1823 parker st,007940599,601252230000,4,1907,RT-5,RT-5,Residential,1821000,169000,,,,,,,,,
5393 cambie st,5395 cambie st,South Cambie,5393 cambie st,006505643,170739550000,4,1954,,RT-2,Residential,4081000,20000,,,,,,,,,
1805 e 8th av,"",Grandview-Woodland,1805 e 8th av,029125642,648251470000,4,1909,RT-5,RT-5,Residential,1821000,163000,,,,,,,,,
451 powell st,"",Strathcona,451 powell st,007895348,580194510000,4,1975,DEOD,DEOD,Comprehensive Development,625000,10000,,,,,,,,,
1035 e broadway,1037 e broadway;1039 e broadway,Mount Pleasant,1037 e broadway,008357986,"",4,1911,RM-4N,,,,,,,,,,,,,
2828 victoria dr,"",Kensington-Cedar Cottage,2828 victoria dr,008236577,253670280000,4,1910,,RT-5,Residential,1729000,127000,Mohan S Mann (Mohan Mann),Mohan S Mann (Mohan Mann),"",Long-term Rental,"",,,,
446 e 16th av,"",Riley Park,446 e 16th av,015612180,689197460000,4,1914,RT-2,RT-2,Residential,1352000,32900,,,,,,,,,
5123 joyce st,5125 joyce st,Renfrew-Collingwood,5123 joyce st,010069551,306718350000,4,2003,C-2C,C-2C,Commercial,2208000,960000,,,,,,,,,
1511 commercial dr,1515 commercial dr;1517 commercial dr,Grandview-Woodland,1511 commercial dr,014634112,250612190000,4,1910,,C-2C,Commercial,988000,2138000,Magnet Hardware Div Brayne Hardware Ltd,Magnet Hardware Div Brayne Hardware Ltd,"",Long-term Rental,"",,,,
75 n nanaimo st,"",Grandview-Woodland,75 n nanaimo st,015684300,577267960000,4,1954,RM-3A,RM-3A,Residential,1451000,52000,,,,,,,,,
973 e 29th av,"",Kensington-Cedar Cottage,973 e 29th av,007582846,719214730000,4,1912,RS-1,R1-1,Residential Inclusive,1731000,921000,,,,,,,,,
1822 w 10th av,1824 w 10th av;1826 w 10th av;1828 w 10th av,Kitsilano,1822 w 10th av,005161886,654097640000,4,1980,,R3-2,Residential,3221000,107000,Maria Theresa Fidel (Maria Fidel),Maria Theresa Fidel (Maria Fidel),"",Long-term Rental,"",,,,
1638 e 8th av,"",Grandview-Woodland,1638 e 8th av,006267955,648234800000,4,1911,RM-4,RM-4,Residential,1919000,295000,,,,,,,,,
5362 joyce st,"",Renfrew-Collingwood,5362 joyce st,013825291;013825283,306722940000,4,1910,,R1-1,Residential Inclusive,1586000,7600,Michael Chiang & Mary Chiang,Michael Chiang & Mary Chiang,"",Long-term Rental,"",,,,
3685 w 11th av,3689 w 11th av;3695 w 11th av,Kitsilano,3685 w 11th av,013815776,674040070000,4,1934,,C-2A,Commercial,2116000,12100,Ross I Thomas & Katherine G Thomas,Ross I Thomas & Katherine G Thomas,"",Long-term Rental,"",,,,
3741 main st,3743 main st,Riley Park,3741 main st,011854448,190698410000,4,1912,,C-2A,Commercial,757000,2307000,Chi Kong Ling & Hoi Yin Cheung,Chi Kong Ling & Hoi Yin Cheung,"",Long-term Rental,"",,,,
250 w broadway,2510 alberta st;252 w broadway;254 w broadway;258 w broadway,Mount Pleasant,2510 alberta st,009674128,"",4,1910,C-3A,,,,,,,,,,,,,
2822 victoria dr,"",Kensington-Cedar Cottage,2822 victoria dr,012072010,253670220000,4,1910,,RM-11,Residential,1729000,143000,Laurence Jakerov & Joseph Browman & Darlene Browman,Laurence Jakerov & Joseph Browman & Darlene Browman,"",Long-term Rental,"",,,,
2634 cypress st,"",Kitsilano,2634 cypress st,014184826,97654540000,4,1912,,RT-8,Residential,2899000,45600,Stablecott Properties Ltd,Stablecott Properties Ltd,"",Long-term Rental,"",,,,
335 w 12th av,"",Mount Pleasant,335 w 12th av,010120564,670171550000,4,1912,,R5-2,Residential,2807000,167000,Frank C Campa (Frank Campa),Frank C Campa (Frank Campa),"",Long-term Rental,"",,,,
1918 waterloo st,1920 waterloo st,Kitsilano,1918 waterloo st,011257318,45638440000,4,1918,RT-8,RT-8,Residential,2275000,428000,,,,,,,,,
1631 grant st,"",Grandview-Woodland,1631 grant st,015172473,612236310000,4,1913,,RM-4,Residential,715000,951000,Jean S Wong (Jean Wong),Jean S Wong (Jean Wong),"",Long-term Rental,"",,,,
330 e hastings st,326 e hastings st;328 e hastings st,Strathcona,330 e hastings st,015576965,590192300000,4,1909,,DEOD,Comprehensive Development,1249000,444000,,,,,,,,,
2393 w 6th av,2395 w 6th av,Kitsilano,2393 w 6th av,003546209,643078070000,4,1909,RT-8,RT-8,Residential,2831000,138000,,,,,,,,,
3367 kingsway,"",Renfrew-Collingwood,3367 kingsway,013118307,770308150000,4,1970,,C-2A,Commercial,1363000,873000,(Fortunato Giardino),(Fortunato Giardino),L191 Holdings,Long-term Rental,"",,,,
2067 w 15th av,"",Kitsilano,2067 w 15th av,005707935,688090350000,4,1912,,R3-2,Residential,2463000,239000,Apollo Law Corporation,Apollo Law Corporation,"",Long-term Rental,"",,,,
6435 st catherines st,"",Sunset,6435 st catherines st,002464276,214765630000,4,1912,RS-1,R1-1,Residential Inclusive,1651000,134000,,,,,,,,,
2090 w 5th av,2102 arbutus st;2104 arbutus st,Kitsilano,2090 w 5th av,015223591,642090040000,4,1910,,R5-3,Residential,4056200,66400,City of Vancouver,City of Vancouver,"",Long-term Rental,"",,,,
2183 w 4th av,2185 w 4th av;2187 w 4th av;2189 w 4th av,Kitsilano,2187 w 4th av,015364429;015364411,640087130000,4,1945,C-2B,C-2A,Commercial,3010000,3585000,,,,,,,,,
823 e 14th av,"",Mount Pleasant,823 e 14th av,004393511,684212230000,4,1940,RT-5,R3-2,Residential,1817000,129000,,,,,,,,,
18 w 16th av,24 w 16th av,Riley Park,18 w 16th av,014211530,690182860000,4,1979,RT-5,RT-5,Residential,3059000,597000,,,,,,,,,
102 w 18th av,"",Riley Park,102 w 18th av,009312307,693179940000,4,1912,,R1-1,Residential Inclusive,3034000,62200,Ildiko Szabo & Sarah K Hennepe & Sheila M Hennepe & Irene T Regan & Rae Regan & Tyler A Regan & Tony K Start,Ildiko Szabo & Sarah K Hennepe & Sheila M Hennepe & Irene T Regan & Rae Regan & Tyler A Regan & Tony K Start,"",Long-term Rental,"",,,,
2566 w 7th av,2572 w 7th av,Kitsilano,2566 w 7th av,007576188,"",4,1912,,,,,,Vicky Haralambopoulos & Robert Haralambopoulos,Vicky Haralambopoulos & Robert Haralambopoulos,"",Long-term Rental,"",,,,
2228 macdonald st,"",Kitsilano,2228 macdonald st,011858621,70643560000,4,1914,,RT-8,Residential,1766000,139000,Gordon J Carlton (Gordon Carlton),Gordon J Carlton (Gordon Carlton),"",Long-term Rental,"",,,,
705 e 22nd av,715 e 22nd av,Kensington-Cedar Cottage,705 e 22nd av,010777580,210698960000,4,1910,RT-2,RT-2,Residential,2364000,60900,,,,,,,,,
1456 e 8th av,"",Grandview-Woodland,1456 e 8th av,006268374,648232560000,4,1910,,RM-4,Residential,1568000,105000,(Marcia Nozick),(Marcia Nozick),"",Long-term Rental,"",,,,
3036 w 7th av,"",Kitsilano,3036 w 7th av,011780771,646058260000,4,1912,RT-7,RT-7,Residential,1987000,75200,,,,,,,,,
2740 st catherines st,"",Mount Pleasant,2740 st catherines st,010015400,214665400000,4,1911,,R3-2,Residential,1285000,106000,William B Davis (William Davis),William B Davis (William Davis),"",Long-term Rental,"",,,,
283 e 11th av,"",Mount Pleasant,283 e 11th av,015604411,664191830000,4,1969,,C-3A,Commercial,1235000,893000,COAST FOUNDATION SOCIETY (1974),COAST FOUNDATION SOCIETY (1974),Coast Mental Health,Long-term Rental,"",,,,
1437 e 10th av,"",Kensington-Cedar Cottage,1437 e 10th av,008115028,655230370000,4,1912,,RT-5,Residential,1730000,106000,674999 BC Ltd & Malouf Ould-Braham,674999 BC Ltd & Malouf Ould-Braham,"",Long-term Rental,"",,,,
617 kingsway,619 kingsway;621 kingsway;623 kingsway;625 kingsway;629 kingsway,Mount Pleasant,617 kingsway,015601811,687207230000,4,1910,C-2C,C-2A,Commercial,2353000,1135000,,,,,,,,,
470 e 10th av,"",Mount Pleasant,470 e 10th av,028810899,655198700000,4,1912,,R3-2,Residential,1817000,516000,Andreas Naumann & Marta Farevaag,Andreas Naumann & Marta Farevaag,"",Long-term Rental,"",,,,
1220 e 13th av,1222 e 13th av,Mount Pleasant,1220 e 13th av,005176549,683225300000,4,1907,,R3-2,Residential,2234000,110000,(Stephen Ferguson),(Stephen Ferguson),"",Long-term Rental,"",,,,
1831 william st,1833 william st,Grandview-Woodland,1831 william st,015048527,606252310000,4,1910,RT-5,RT-5,Residential,1821000,474000,,,,,,,,,
985 w 22nd av,"",South Cambie,985 w 22nd av,014599961,703150290000,4,1913,,R1-1,Residential Inclusive,2682000,39900,Bosco Kong Toa & Kathryn Hau Kwan Toa,Bosco Kong Toa & Kathryn Hau Kwan Toa,"",Long-term Rental,"",,,,
1572 grant st,"",Grandview-Woodland,1572 grant st,015218325,612234920000,4,1912,RM-4,RM-4,Residential,1651000,228000,,,,,,,,,
1140 e 13th av,"",Mount Pleasant,1140 e 13th av,015491455;015491757,683222280000,4,1912,,R3-2,Residential,1858000,120000,(Oleg Litwinow),(Oleg Litwinow),"",Long-term Rental,"",,,,
95 e 17th av,3289 quebec st,Riley Park,95 e 17th av,010853821,691185950000,4,1911,,R1-1,Residential Inclusive,2253000,523000,,,,,,,,,
3012 vanness av,3016 vanness av;3018 vanness av,Renfrew-Collingwood,3016 vanness av,009856889,"",4,2008,C-1,,,,,,,,,,,,,
1922 venables st,"",Grandview-Woodland,1922 venables st,014236800,600253220000,4,1912,RT-5,RT-5,Residential,1559000,122000,,,,,,,,,
3990 marguerite st,"",Shaughnessy,3990 marguerite st,011540567,122705480000,4,1918,FSHCA,FSD,Comprehensive Development,4974000,1558000,,,,,,,,,
509 carrall st,511 carrall st;522 shanghai alley;524 shanghai alley,Downtown,509 carrall st,015092411,178592130000,4,1901,,HA-1,Historical Area,2076800,238000,(Joseph Lee),(Joseph Lee),"",Long-term Rental,"",,,,
2027 e 31st av,"",Kensington-Cedar Cottage,2027 e 31st av,014492491,726250270000,4,1910,,R1-1,Residential Inclusive,1731000,311000,,,,,,,,,
1941 turner st,1939 turner st,Grandview-Woodland,1941 turner st,013260341,594253410000,4,1912,RT-5,RT-5,Residential,1284000,178000,,,,,,,,,
2106 trutch st,"",Kitsilano,2106 trutch st,"","",4,1912,RT-7,,,,,,,,,,,,,
1824 venables st,1826 venables st,Grandview-Woodland,1824 venables st,015298884,600252220000,4,1910,,RT-5,Residential,1695000,406000,Hawthorne Charitable Foundation,Hawthorne Charitable Foundation,Kinbrace Community Society,Long-term Rental,"",,,1,http://app.vancouver.ca/RPS_Net/Default.aspx?num=1824&street=VENABLES%20STREET
406 e hastings st,400 dunlevy av;402 dunlevy av;406 dunlevy av;408 dunlevy av;408 e hastings st;410 e hastings st;412 e hastings st;418 dunlevy av;428 dunlevy av,Strathcona,402 dunlevy av,015578801;015578810;015577716,"",4,1986,DEOD,,,,,,,,,,,,,
1957 venables st,"",Grandview-Woodland,1957 venables st,006379184,600253570000,4,1910,RT-5,RT-5,Residential,1567000,119000,,,,,,,,,
5839 vine st,"",Kerrisdale,5839 vine st,013674412,79750630000,4,1954,RM-3,RM-3,Residential,1267000,641000,,,,,,,,,
1644 woodland dr,"",Grandview-Woodland,1644 woodland dr,007957211,234616720000,4,1910,RM-4N,RM-4,Residential,1360000,207000,,,,,,,,,
362 w 15th av,364 w 15th av;366 w 15th av;368 w 15th av,Mount Pleasant,366 w 15th av,014568314,"",4,1910,RT-6,,,,,,,,,,,,,
2471 w 5th av,2473 w 5th av;2475 w 5th av;2477 w 5th av,Kitsilano,2471 w 5th av,004351916,642077270000,4,1912,,RT-8,Residential,2548000,219000,Jack K Chow & Pamela H Chow,Jack K Chow & Pamela H Chow,"",Long-term Rental,"",,,,
650 e cordova st,652 e cordova st,Strathcona,650 e cordova st,015582663,589198520000,4,1907,DEOD,DEOD,Comprehensive Development,969000,117000,,,,,,,,,
1845 dunbar st,"",Kitsilano,1845 dunbar st,011846895,41636570000,4,1912,RT-8,RT-8,Residential,2810000,342000,,,,,,,,,
316 w 5th av,"",Mount Pleasant,316 w 5th av,"","",4,1910,DEOD,,,,,,,,,,,,,
2150 e 3rd av,"",Grandview-Woodland,2150 e 3rd av,013938665;015154378,633259500000,4,1912,,RT-5,Residential,1776000,367000,The Joint (Artisans Workshop) Ltd,The Joint (Artisans Workshop) Ltd,"",Long-term Rental,"",,,,
2632 w 2nd av,"",Kitsilano,2632 w 2nd av,015133648,636072620000,4,1908,RT-8,RT-8,Residential,3123000,38700,,,,,,,,,
3528 e hastings st,3532 e hastings st;3536 e hastings st,Hastings-Sunrise,3532 e hastings st,031505287,590305340000,4,2000,C-2C1,CD-1 (820),Comprehensive Development,2741000,3647000,,,,,,,,,
4578 main st,4580 main st,Riley Park,4578 main st,006070671,190722820000,4,1988,C-2,C-2A,Commercial,1572000,3767000,,,,,,,,,
3272 main st,3278 main st,Riley Park,3278 main st,003137091,"",4,1908,C-2,,,,,,,,,,,,,
5750 oak st,5770 oak st,Oakridge,5750 oak st,LMS4350,"",4,2001,,,,,,,,,,,The Crowne,Vancouver Jewish Building Society,,
258 e 16th av,"",Riley Park,258 e 16th av,"","",4,1910,RT-2,,,,,,,,,,,,,
2035 w 14th av,"",Kitsilano,2035 w 14th av,013269372,686090650000,4,1912,,R3-2,Residential,3221000,176000,PJ Dolman Holdings Ltd,PJ Dolman Holdings Ltd,"",Long-term Rental,"",,,1,http://app.vancouver.ca/RPS_Net/Default.aspx?num=2035&street=W%2014TH%20AVENUE
431 e king edward av,433 e king edward av,Riley Park,431 e king edward av,007370717,710197330000,4,1913,,R1-1,Residential Inclusive,1155000,124000,(Charisse Chand),(Charisse Chand),"",Long-term Rental,"",,,,
354 w 15th av,"",Mount Pleasant,354 w 15th av,012614581,687171420000,4,1910,RT-6,R3-2,Residential,2807000,202000,,,,,,,,,
703 w 16th av,3195 heather st;705 w 16th av;707 w 16th av,Fairview,703 w 16th av,014623099,163688970000,4,1910,,C-2A,Commercial,1184000,907000,Yiu Bun Wong Yun Ning Wong,Yiu Bun Wong Yun Ning Wong,"",Long-term Rental,"",,,,
240 e 20th av,242 e 20th av,Riley Park,240 e 20th av,"","",4,1955,RT-2,,,,,,,,,,,,,
1921 collingwood st,"",Kitsilano,1921 collingwood st,015420868,42638470000,4,1912,,RT-8,Residential,2543000,268000,(Werner Gerlach),(Werner Gerlach),"",Long-term Rental,"",,,,
2346 balaclava st,"",Kitsilano,2346 balaclava st,011780291,58646940000,4,1912,,RT-7,Residential,1721000,39000,,,,,,,,,
1440 comox st,"",West End,1440 comox st,015758982,607115360000,4,1905,RM-5,RM-5,Residential,1205000,280000,,,,,,,,,
2635 e hastings st,2637 e hastings st;2639 e hastings st,Hastings-Sunrise,2639 e hastings st,015296148,"",4,1973,C-2C,,,,,,,,,,,,,
1113 thurlow st,"",West End,1113 thurlow st,014687909,119607870000,4,2003,,RM-5B,Residential,272000,131000,,,,,,Mole Hill - Phase II,Mole Hill Community Housing Society,,
3020 fraser st,3022 fraser st,Mount Pleasant,3020 fraser st,031822991,210684200000,4,1910,RT-5,RT-5,Residential,1462000,83800,,,,,,,,,
3460 triumph st,"",Hastings-Sunrise,3460 triumph st,002826046,586300540000,4,1935,RS-1,R1-1,Residential Inclusive,1901000,86100,,,,,,,,,
3166 point grey rd,"",Kitsilano,3166 point grey rd,015433935,630053160000,4,1912,,RT-8,Residential,4943000,10000,(Albert Hui),(Albert Hui),"",Long-term Rental,"",,,,
5594 fraser st,5596 fraser st,Kensington-Cedar Cottage,5596 fraser st,013523643,210744540000,4,1988,C-2,C-2A,Commercial,1207000,1599000,,,,,,,,,
3090 point grey rd,1710 balaclava st;3088 point grey rd,Kitsilano,3090 point grey rd,011257237,630058060000,4,1922,RT-8,RT-8,Residential,3174000,789000,,,,,,,,,
5797 vine st,"",Kerrisdale,5797 vine st,013674315,79750390000,4,1954,RM-3,RM-3,Residential,1267000,641000,,,,,,,,,
1945 w 13th av,1947 w 13th av,Kitsilano,1945 w 13th av,012948314,683095570000,4,1939,RT-8,R3-2,Residential,3221000,82200,,,,,,,,,
3040 w 7th av,3042 w 7th av,Kitsilano,3040 w 7th av,006702953,646058220000,4,1912,,RT-7,Residential,1987000,35400,Matthew Philip Haussmann (Matthew Haussmann),Matthew Philip Haussmann (Matthew Haussmann),"",Long-term Rental,"",,,,
644 e 12th av,"",Mount Pleasant,644 e 12th av,015330435,670206440000,4,1910,,R3-2,Residential,1453000,88100,Thomas Wei Wah Chan (Thomas Chan),Thomas Wei Wah Chan (Thomas Chan),"",Long-term Rental,"",,,,
2560 trafalgar st,"",Kitsilano,2560 trafalgar st,007048572,73650560000,4,1924,RS-7,R1-1,Residential Inclusive,2380000,157000,,,,,,,,,
2815 fraser st,2817 fraser st,Mount Pleasant,2815 fraser st,014892022,210670070000,4,1953,,RT-5,Residential,1453000,57900,,,,,,,,,
386 w 13th av,"",Mount Pleasant,386 w 13th av,002555271,683171140000,4,1931,,R3-2,Residential,2365000,104000,Jose Dos Santos (Jose Santos),Jose Dos Santos (Jose Santos),"",Long-term Rental,"",,,,
151 e 21st av,"",Riley Park,151 e 21st av,015258831,702187510000,4,1911,RS-7,R1-1,Residential Inclusive,2108000,205000,,,,,,,,,
1957 w 1st av,1955 w 1st av;1959 w 1st av,Kitsilano,1957 w 1st av,031984819,634095470000,4,1912,RM-4,RM-4,Residential,2052000,855000,,,,,,,,,
2834 victoria dr,"",Kensington-Cedar Cottage,2834 victoria dr,012072087,253670340000,4,1910,RT-5,RT-5,Residential,1729000,150000,,,,,,,,,
4128 main st,4132 main st,Riley Park,4128 main st,014619661,190710320000,4,1912,,C-2A,Commercial,893000,1573000,YJM Investments Ltd,YJM Investments Ltd,"",Long-term Rental,"",,,,
3167 w 6th av,"",Kitsilano,3167 w 6th av,002397706,643053250000,4,1912,RT-7,RT-7,Residential,2221000,59100,,,,,,,,,
3503 w 1st av,"",Kitsilano,3503 w 1st av,006435653,42630950000,4,1912,RT-8,RT-8,Residential,2498000,778000,,,,,,,,,
3377 cambie st,3373 cambie st,South Cambie,3377 cambie st,013785613,170691750000,4,1998,,C-2A,Commercial,2359000,2705000,David M Ko and Adelina Ko,David M Ko and Adelina Ko,"",Long-term Rental,"",,,,
1729 commercial dr,1731 commercial dr;1733 commercial dr;1735 commercial dr,Grandview-Woodland,1731 commercial dr,029343135,"",4,1912,C-2C,,,,,,,,,,,,,
1302 victoria dr,1306 victoria dr;1902 charles st,Grandview-Woodland,1902 charles st,015210243;015210260,"",4,1912,RT-5,,,,,,,,,,,,,
32 w 11th av,34 w 11th av,Mount Pleasant,32 w 11th av,004251644,664182620000,4,1978,RT-6,R5-2,Residential,2781000,110000,,,,,,,,,
6602 main st,210 e 50th av;216 e 50th av;6604 main st;6606 main st,Sunset,6606 main st,014054582,190791040000,4,1956,C-2,C-2A,Commercial,1385000,1671000,,,,,,,,,
118 main st,"",Strathcona,118 main st,015700844,190579180000,4,1932,,DEOD,Comprehensive Development,1230000,7400,Anthony Yiu Keung Ng (Anthony Ng),Anthony Yiu Keung Ng (Anthony Ng),"",Long-term Rental,"",,,,
1436 e 10th av,"",Kensington-Cedar Cottage,1436 e 10th av,014871009,655230620000,4,1910,,RT-5,Residential,1730000,115000,(Glenn Warren),(Glenn Warren),"",Long-term Rental,"",,,,
2629 w 1st av,2633 w 1st av,Kitsilano,2629 w 1st av,015137775,634072370000,4,1905,,RT-8,Residential,3347000,215000,Margaret Lai & Karen Lo,Margaret Lai & Karen Lo,"",Long-term Rental,"",,,,
1849 trafalgar st,1853 trafalgar st;1857 trafalgar st;1863 trafalgar st,Kitsilano,1849 trafalgar st,015133818,73636950000,4,1910,,RT-8,Residential,2468000,120000,(Irini Georgas),(Irini Georgas),"",Long-term Rental,"",,,,
1955 larch st,1965 larch st;1975 larch st;1985 larch st,Kitsilano,1955 larch st,014980428,640073950000,4,1937,,RM-4,Residential,1813000,2038000,Christopher A Parks & Yulia N Parks,Christopher A Parks & Yulia N Parks,"",Long-term Rental,"",,,,
534 e 15th av,"",Mount Pleasant,534 e 15th av,009888136,687199340000,4,1951,,R3-3,Residential,2354000,91700,John H Strang (John Strang),John H Strang (John Strang),"",Long-term Rental,"",,,,
111 w 11th av,115 w 11th av;2647 manitoba st;2655 manitoba st,Mount Pleasant,2647 manitoba st,015549194,"",4,1905,RT-6,,,,,,,,,,,,,
3622 w 3rd av,"",Kitsilano,3622 w 3rd av,009672907,638040780000,4,1912,RT-8,RT-8,Residential,2543000,228000,,,,,,,,,
1390 nanaimo st,1386 nanaimo st;1394 nanaimo st,Hastings-Sunrise,1390 nanaimo st,011291541;011291567,270607920000,4,1977,,C-1,Commercial,2140000,469000,(Angelo Mion),(Angelo Mion),Kitchener Enterprises,Long-term Rental,"",,,,
489 w 23rd av,491 w 23rd av;495 w 23rd av,Riley Park,489 w 23rd av,011534630,170703920000,4,1942,,RM-3A,Residential,2565200,99500,(Julia Huoh),(Julia Huoh),"",Long-term Rental,"",,,,
3074 w 3rd av,3076 w 3rd av,Kitsilano,3074 w 3rd av,006692389,638058140000,4,1924,RT-8,RT-8,Residential,3302000,132000,,,,,,,,,
3437 w 2nd av,"",Kitsilano,3437 w 2nd av,011774215,636042510000,4,1910,,RT-8,Residential,2677000,142000,(Judy Tung),(Judy Tung),"",Long-term Rental,"",,,,
3663 w 1st av,"",Kitsilano,3663 w 1st av,015444929,634040170000,4,1912,,RT-8,Residential,2677000,241000,(Albert Hutton),(Albert Hutton),"",Long-term Rental,"",,,,
2345 st catherines st,"",Mount Pleasant,2345 st catherines st,002703840,214646450000,4,1910,RM-4,R3-3,Residential,1441000,124000,,,,,,,,,
1338 commercial dr,1340 commercial dr;1342 commercial dr;1344 commercial dr,Grandview-Woodland,1338 commercial dr,012813389;012813371,250607400000,4,1946,,C-2C,Commercial,1890000,3512000,,,,,,,,,
1967 w 1st av,"",Kitsilano,1967 w 1st av,009214160,634095330000,4,1912,,RM-4,Residential,2068000,157000,(Mitra Abedi),(Mitra Abedi),"",Long-term Rental,"",,,,
233 w 13th av,"",Mount Pleasant,233 w 13th av,014563568,683173350000,4,1912,RT-6,R3-2,Residential,2807000,188000,,,,,,,,,
1335 walnut st,1337 walnut st,Kitsilano,1335 walnut st,013930621,96627310000,4,1912,RT-9,RT-9,Residential,2672000,41000,,,,,,,,,
1925 w 10th av,"",Kitsilano,1925 w 10th av,014191407,654095750000,4,1912,,R5-2,Residential,2899000,43400,STEEVES BROTHERS HOLDINGS LIMITED,STEEVES BROTHERS HOLDINGS LIMITED,"",Long-term Rental,"",,,,
716 e 11th av,718 e 11th av,Mount Pleasant,716 e 11th av,015416291,665210160000,4,1908,RT-5,RT-5,Residential,1817000,125000,,,,,,,,,
3934 main st,3936 main st;3938 main st,Riley Park,3934 main st,002806061,190706380000,4,1963,C-2,C-2A,Commercial,1349000,2701000,,,,,,,,,
1752 e 12th av,"",Kensington-Cedar Cottage,1752 e 12th av,009879854,670250300000,4,1955,,RM-11,Residential,1894000,52700,Charanjit K Dhillon & Kuldip S Dhillon,Charanjit K Dhillon & Kuldip S Dhillon,"",Long-term Rental,"",,,,
21 e 22nd av,"",Riley Park,21 e 22nd av,015256723,703184210000,4,1913,RS-7,R1-1,Residential Inclusive,2108000,264000,,,,,,,,,
186 w 17th av,"",Riley Park,186 w 17th av,014205050,691179180000,4,1913,RS-7,R1-1,Residential Inclusive,2642000,682000,,,,,,,,,
154 e 7th av,156 e 7th av,Mount Pleasant,154 e 7th av,002738031,646186840000,4,2003,,C-3A,Commercial,635000,1973000,Rick Erickson Holdings Ltd,Rick Erickson Holdings Ltd,"",Long-term Rental,"",,,,
1304 cotton dr,1604 charles st,Grandview-Woodland,1304 cotton dr,014969254;014969289,236607040000,4,1910,RM-4,RM-4,Residential,1607000,167000,,,,,,,,,
2666 cambridge st,"",Hastings-Sunrise,2666 cambridge st,015259293,576274680000,4,1912,RS-1,R1-1,Residential Inclusive,1682000,65500,,,,,,,,,
2312 w 6th av,2314 w 6th av;2316 w 6th av;2318 w 6th av,Kitsilano,2312 w 6th av,015018806,643078860000,4,1979,,RT-8,Residential,2689000,196000,(Annette Gardiner),(Annette Gardiner),"",Long-term Rental,"",,,,
2210 commercial dr,2216 commercial dr,Grandview-Woodland,2216 commercial dr,010083006;010082999,"",4,1967,C-2C,,,,,,,,,,,,,
438 e 10th av,"",Mount Pleasant,438 e 10th av,013301411,655198380000,4,1912,RT-5,R3-2,Residential,1838000,147000,,,,,,,,,
2515 w 2nd av,"",Kitsilano,2515 w 2nd av,015020771,636073850000,4,1957,,RT-8,Residential,2779000,70200,Kit S Hung & Shuk Y Hung,Kit S Hung & Shuk Y Hung,"",Long-term Rental,"",,,,
2955 commercial dr,2957 commercial dr;2959 commercial dr,Kensington-Cedar Cottage,2959 commercial dr,007752580,"",4,1973,C-2C1,,,,,,,,,,,,,
3909 knight st,3911 knight st;3913 knight st,Kensington-Cedar Cottage,3909 knight st,013990870,230706130000,4,1950,,C-2A,Commercial,1254000,1185000,Kit Chiu Siu (Kit Siu),Kit Chiu Siu (Kit Siu),"",Long-term Rental,"",,,,
3227 w 2nd av,3229 w 2nd av,Kitsilano,3227 w 2nd av,004775791,636050610000,4,1915,,RT-8,Residential,2677000,160000,,,,,,,,,
2117 venables st,"",Grandview-Woodland,2117 venables st,014894874,600259170000,4,1913,,RT-5,Residential,1821000,117000,(Peter Stewart),(Peter Stewart),"",Long-term Rental,"",,,,
4605 main st,4607 main st;4609 main st,Riley Park,4607 main st,014531275,"",4,1910,C-2,,,,,,,,,,,,,
930 w 70th av,940 w 70th av,Marpole,930 w 70th av,004939107,152830050000,4,1952,RM-3A,RM-3A,Residential,1594000,100000,,,,,,,,,
3235 w broadway,3239 w broadway;3243 w broadway,Kitsilano,3239 w broadway,015451763,650050750000,4,1965,C-2C1,C-2A,Commercial,1515000,1396000,,,,,,,,,
291 e 19th av,"",Riley Park,291 e 19th av,008838119,694190870000,4,1910,RS-7,R1-1,Residential Inclusive,1670000,381000,,,,,,,,,
3264 w 6th av,"",Kitsilano,3264 w 6th av,004553837,643050180000,4,1912,,RT-7,Residential,2310000,44200,Sammy Su & Maria Su,Sammy Su & Maria Su,"",Long-term Rental,"",,,,
1184 richelieu av,1186 richelieu av;1188 richelieu av,Shaughnessy,1186 richelieu av,011192011,694146150000,4,1911,FSHCA,FSD,Comprehensive Development,3610000,281000,,,,,,,,,
1744 commercial dr,1746 commercial dr;1748 commercial dr;1752 commercial dr,Grandview-Woodland,1746 commercial dr,004313623;004313640,"",4,1910,C-2C,,,,,,,,,,,,,
4194 w 10th av,"",West Point Grey,4194 w 10th av,008354863,670028120000,4,1936,RS-1,R1-1,Residential Inclusive,1839000,76800,,,,,,,,,
3461 w 3rd av,"",Kitsilano,3461 w 3rd av,007215991,638042250000,4,1912,,RT-8,Residential,2672000,70000,Knox Holdings Ltd,Knox Holdings Ltd,"",Long-term Rental,"",,,,
1820 w 10th av,"",Kitsilano,1820 w 10th av,014184800,654097740000,4,1912,,R3-2,Residential,3221000,494000,Valerie Anne Jenkinson (Valerie Jenkinson),Valerie Anne Jenkinson (Valerie Jenkinson),"",Long-term Rental,"",,,,
2556 w 3rd av,"",Kitsilano,2556 w 3rd av,014980266,638073380000,4,1912,,RT-8,Residential,3035000,244000,,,,,,,,,
3024 w 7th av,"",Kitsilano,3024 w 7th av,005519756,646058440000,4,1912,RT-7,RT-7,Residential,1987000,84000,,,,,,,,,
196 e 38th av,198 e 38th av,Riley Park,196 e 38th av,004533925,190741070000,4,1988,RT-2,RT-2,Residential,1564000,257000,,,,,,,,,
2315 w 8th av,"",Kitsilano,2315 w 8th av,012065196,648078850000,4,1912,,RT-8,Residential,2458000,90800,Donald J Taylor & Rhonda K Taylor,Donald J Taylor & Rhonda K Taylor,"",Long-term Rental,"",,,,
2010 balaclava st,2012 balaclava st;2032 balaclava st,Kitsilano,2010 balaclava st,005215951,640058060000,4,1943,RM-4,RM-4,Residential,2842000,137000,,,,,,,,,
1537 frances st,"",Grandview-Woodland,1537 frances st,007352824,594233650000,4,1910,RM-4,RM-4,Residential,1568000,963000,,,,,,,,,
117 w 15th av,"",Mount Pleasant,117 w 15th av,014562812,687179770000,4,1923,RT-6,R3-2,Residential,2690000,34500,,,,,,,,,
1815 w 12th av,1817 w 12th av,Kitsilano,1815 w 12th av,014183811,670097870000,4,1913,RT-8,R3-2,Residential,2415000,142000,,,,,,,,,
2386 w 7th av,2388 w 7th av;2390 w 7th av,Kitsilano,2386 w 7th av,026401177,646078160000,4,2007,RT-8,RT-8,Residential,2689000,1074000,,,,,,,,,
3906 fraser st,3902 fraser st;3904 fraser st,Kensington-Cedar Cottage,3906 fraser st,013852914,210706040000,4,1977,,C-2A,Commercial,1824000,1381000,Wojciech Latek & Regina Latek,Wojciech Latek & Regina Latek,"",Long-term Rental,"",,,,
509 n nanaimo st,511 n nanaimo st;515 n nanaimo st;517 n nanaimo st,Grandview-Woodland,509 n nanaimo st,015695590,270566510000,4,1954,RM-3A,RM-3A,Residential,2210000,85900,,,,,,,,,
2241 w 3rd av,"",,2241 w 3rd av,"","",4,2001,,,,,,Goerge Kefalas & Maria Kefalas,Goerge Kefalas & Maria Kefalas,"",Long-term Rental,"",,,,
2916 windsor st,2918 windsor st,Mount Pleasant,2916 windsor st,015257550,217683160000,4,1910,RT-5,R3-2,Residential,1281000,44400,,,,,,,,,
2904 w 4th av,2902 w 4th av;2906 w 4th av;2908 w 4th av,Kitsilano,2908 w 4th av,031941451,640062360000,4,1912,C-2,C-2A,Commercial,4841000,34351000,,,,,,,,,
3136 w 2nd av,"",Kitsilano,3136 w 2nd av,015425762,636053440000,4,1912,RT-8,RT-8,Residential,2674000,50800,Elizabeth Taylor & Patricia Macdonald,Elizabeth Taylor & Patricia Macdonald,"",Long-term Rental,"",,,,
253 e 17th av,"",Riley Park,253 e 17th av,011251956,691191530000,4,1908,RS-7,R1-1,Residential Inclusive,2222000,511000,,,,,,,,,
2366 w 7th av,"",Kitsilano,2366 w 7th av,006409598,646078340000,4,1910,RT-8,RT-8,Residential,2816000,111000,,,,,,,,,
2905 w 8th av,2901 w 8th av;2909 w 8th av,Kitsilano,2905 w 8th av,014542731,648062330000,4,1912,RT-7,RT-7,Residential,2385000,359000,,,,,,,,,
1861 e 12th av,1863 e 12th av,Kensington-Cedar Cottage,1861 e 12th av,012094234,670250750000,4,1909,,RM-4,Residential,1435000,95100,,,,,,,,,
3207 fraser st,3201 fraser st;3205 fraser st,Riley Park,3207 fraser st,015612775,210689070000,4,1982,,C-2A,Commercial,2537000,1641000,Ocean Victoria Enterprises Ltd,Ocean Victoria Enterprises Ltd,"",Long-term Rental,"",,,,
2116 maple st,"",Kitsilano,2116 maple st,008358095,95642480000,4,1912,RM-4,R5-4,Residential,2000000,83700,,,,,,,,,
5535 main st,5537 main st,Riley Park,5535 main st,003500454,190743370000,4,1984,RT-2,RT-2,Residential,1616000,142000,,,,,,,,,
351 w 16th av,353 w 16th av;355 w 16th av;359 w 16th av,Mount Pleasant,351 w 16th av,014568489,690172410000,4,1933,,CD-1 (916),Comprehensive Development,2711000,59500,,,,,,,,,
936 e 17th av,938 e 17th av,Kensington-Cedar Cottage,936 e 17th av,012457850,691214360000,4,1913,,RM-1,Residential,1583000,528000,,,,,,,,,
122 w 14th av,124 w 14th av;126 w 14th av;128 w 14th av,Mount Pleasant,126 w 14th av,014562707,"",4,1929,RT-6,,,,,,,,,,,,,
1855 w 14th av,1857 w 14th av,Kitsilano,1855 w 14th av,012762491,686097470000,4,1979,RT-8,R3-2,Residential,3221000,135000,,,,,,,,,
173 w 17th av,"",Riley Park,173 w 17th av,"","",4,1940,RS-7,,,,,,,,,,,,,
43 w 11th av,"",Mount Pleasant,43 w 11th av,013914235,664182470000,4,1909,RT-6,R5-2,Residential,2167000,323000,,,,,,,,,
1642 e 4th av,1644 e 4th av;1646 e 4th av;1648 e 4th av,Grandview-Woodland,1642 e 4th av,015500462,634234760000,4,1911,,RM-4,Residential,939000,532000,Antonio Di Lorenzo and Domenico Di Lorenzo,Antonio Di Lorenzo and Domenico Di Lorenzo,"",Long-term Rental,"",,,,
5330 joyce st,5332 joyce st,Renfrew-Collingwood,5330 joyce st,013825127,306722540000,4,1912,,R1-1,Residential Inclusive,1490000,6600,Veronica Wong & Kwok Chiu Wong,Veronica Wong & Kwok Chiu Wong,"",Long-term Rental,"",,,,
906 salsbury dr,"",Grandview-Woodland,906 salsbury dr,005739624,600252060000,4,1910,RT-5,RT-5,Residential,1878000,218000,,,,,,,,,
2208 alder st,1190 w 6th av;2218 alder st;2222 alder st;2228 alder st;2238 alder st;2248 alder st,Fairview,1190 w 6th av,EPS1633,"",4,1910,FM-1,,,,,,,,,,,,,
1100 e 13th av,"",Mount Pleasant,1100 e 13th av,008399522,683222040000,4,1910,,R3-2,Residential,1766000,88300,(Foad Zandieh),(Foad Zandieh),"",Long-term Rental,"",,,,
1981 trutch st,1979 trutch st;1983 trutch st;3201 w 4th av,Kitsilano,1981 trutch st,"","",4,2013,RM-4,,,,,,,,,,,,,
2532 prince albert st,2534 prince albert st;801 e 10th av,Mount Pleasant,2532 prince albert st,007045441,212650960000,4,1910,,R3-2,Residential,1726000,211000,,,,,,,,,
2930 glen dr,"",Mount Pleasant,2930 glen dr,011156163,222683300000,4,1912,,R3-2,Residential,2217000,83100,(Peter Ballarin),(Peter Ballarin),"",Long-term Rental,"",,,,
2486 w 4th av,2484 w 4th av;2488 w 4th av;2490 w 4th av,Kitsilano,2488 w 4th av,024466191,"",4,2000,RM-4,,,,,,,,,,,,,
315 w 11th av,311 w 11th av;313 w 11th av,Mount Pleasant,315 w 11th av,EPS5217,"",4,1921,RT-6,,,,,,,,,,,,,
1932 w 13th av,1934 w 13th av;1936 w 13th av;1938 w 13th av,Kitsilano,1934 w 13th av,013159208,"",4,1999,RT-8,,,,,,,,,,,,,
204 w 15th av,206 w 15th av;3121 columbia st;3123 columbia st,Mount Pleasant,204 w 15th av,EPS11745,"",4,1947,RT-6,,,,,,,,,,,,,
121 w 11th av,"",Mount Pleasant,121 w 11th av,015549135,664179710000,4,1912,RT-6,R3-2,Residential,2760000,90600,,,,,,,,,
2833 quebec st,"",Mount Pleasant,2833 quebec st,011278331,186670370000,4,1911,RM-4,R5-4,Residential,1720000,80300,,,,,,,,,
3125 yukon st,3135 yukon st;3145 yukon st;3155 yukon st,Mount Pleasant,3135 yukon st,014568705,687170960000,4,1938,,R3-2,Residential,2793000,726000,NH & Associates Holdings Inc,NH & Associates Holdings Inc,"",Long-term Rental,"",,,,
3411 commercial st,1770 e 18th av,Kensington-Cedar Cottage,3411 commercial st,014894319,243692050000,4,1978,,MC-1,Industrial,2103000,245200,(Frank Ghilarducci),(Frank Ghilarducci),"",Long-term Rental,"",,,,
2058 w 5th av,"",Kitsilano,2058 w 5th av,015223736,642090460000,4,1908,RM-4,R5-3,Residential,3527600,123000,,,,,,,,,
6448 main st,6450 main st;6452 main st,Sunset,6448 main st,013673254,190769500000,4,2007,,C-2A,Commercial,1154000,1293000,Gudy Singh Sahota (Gudy Sahota),Gudy Singh Sahota (Gudy Sahota),"",Long-term Rental,"",,,,
4921 joyce st,4923 joyce st;4925 joyce st;4927 joyce st,Renfrew-Collingwood,4921 joyce st,013585754,306715150000,4,1973,,RM-4,Residential,988000,98500,Dailoon Enterprises Ltd,Dailoon Enterprises Ltd,"",Long-term Rental,"",,,,
2535 w 8th av,"",Kitsilano,2535 w 8th av,011593385,648073670000,4,1912,,RT-8,Residential,2816000,53700,,,,,,,,,
500 e 11th av,2710 st george st;502 e 11th av,Mount Pleasant,500 e 11th av,015272869,665201020000,4,1902,RT-5,R3-2,Residential,1817000,188000,,,,,,,,,
1815 w 13th av,"",Kitsilano,1815 w 13th av,006057446,683097850000,4,1912,RT-8,R3-2,Residential,3221000,201000,,,,,,,,,
4902 victoria dr,2006 e 33rd av;4906 victoria dr,Kensington-Cedar Cottage,4906 victoria dr,011587113,"",4,1929,C-2,,,,,,,,,,,,,
1244 e 8th av,"",Mount Pleasant,1244 e 8th av,015031756,648225440000,4,1910,,R5-3,Residential,1774000,226000,(Theonimfi Prinianaki),(Theonimfi Prinianaki),"",Long-term Rental,"",,,,
2950 w 4th av,2015 bayswater st;2952 w 4th av,Kitsilano,2950 w 4th av,011494581,640058920000,4,1922,C-2,C-2A,Commercial,2280000,210000,,,,,,,,,
649 e 15th av,647 e 15th av,Mount Pleasant,647 e 15th av,008588279,"",4,1930,C-2C,,,,,,,,,,,,,
2739 granville st,2741 granville st,Fairview,2739 granville st,015014088,130664770000,4,1910,,C-3A,Commercial,1858000,4217000,Alexis Enterprises Ltd,Alexis Enterprises Ltd,"",Long-term Rental,"",,,,
2354 w 8th av,2356 w 8th av,Kitsilano,2354 w 8th av,014864053,648078460000,4,1910,RT-8,RT-8,Residential,2753000,57300,Brian Zelenika & Margarita Zelenika,Brian Zelenika & Margarita Zelenika,"",Long-term Rental,"",,,,
2068 w 41st av,2070 w 41st av;2072 w 41st av;2074 w 41st av;2076 w 41st av;2082 w 41st av,Kerrisdale,2074 w 41st av,031080103,750091240000,4,1953,C-2,C-2A,Commercial,6366000,15000,,,,,,,,,
40 e 22nd av,36 e 22nd av;38 e 22nd av;42 e 22nd av,Riley Park,40 e 22nd av,015391132,703184400000,4,1910,RS-7,R1-1,Residential Inclusive,2256000,153000,,,,,,,,,
2033 ferndale st,"",,2033 ferndale st,"","",4,1981,,,,,,,,,,,Vancouver East Co-op,Vancouver East Co-op Housing Association,,
2926 w 3rd av,"",Kitsilano,2926 w 3rd av,010257730,638062120000,4,1910,,RT-8,Residential,2186000,191000,(Hisako Sung),(Hisako Sung),"",Long-term Rental,"",,,,
4936 victoria dr,4938 victoria dr;4940 victoria dr,Kensington-Cedar Cottage,4936 victoria dr,010949054,250730420000,4,1991,,C-2A,Commercial,1041000,1355000,LIB Investments Ltd,LIB Investments Ltd,"",Long-term Rental,"",,,,
520 e 7th av,"",Mount Pleasant,520 e 7th av,006901492,646201200000,4,1910,,RM-4,Residential,1774000,139000,Erma Morrissey & Lisa Marie Morrissey,Erma Morrissey & Lisa Marie Morrissey,"",Long-term Rental,"",,,,
2360 victoria dr,2364 victoria dr,Grandview-Woodland,2360 victoria dr,015278182,253646600000,4,1970,RT-5N,RT-5,Residential,2044000,84600,,,,,,,,,
1541 e 10th av,1545 e 10th av,Kensington-Cedar Cottage,1541 e 10th av,032544341,655234230000,4,1910,RT-5,RT-5,Residential,2127000,450000,,,,,,,,,
1142 victoria dr,1144 victoria dr;1146 victoria dr;1148 victoria dr,Grandview-Woodland,1142 victoria dr,013479555;013479547,253604420000,4,1929,,RT-5,Residential,1784000,8600,(John Engleman),(John Engleman),"",Long-term Rental,"",,,,
1761 graveley st,"",Grandview-Woodland,1761 graveley st,015385469,616250610000,4,1921,RT-5,RT-5,Residential,1916000,570000,,,,,,,,,
1165 e 14th av,1167 e 14th av,Mount Pleasant,1165 e 14th av,005932971,684222370000,4,1956,RT-5,R3-2,Residential,2234000,62200,,,,,,,,,
4366 w 10th av,4370 w 10th av,West Point Grey,4370 w 10th av,011613645,"",4,2005,C-2,,,,,,,,,,,,,
303 e 8th av,"",Mount Pleasant,303 e 8th av,015551610,648194030000,4,1922,CD-1 (560),CD-1 (560),Comprehensive Development,3072000,43400,,,,,,,,,
6105 fraser st,696 e 45th av,Sunset,696 e 45th av,013656473,"",4,1914,C-2,,,,,,,,,,,,,
962 e 13th av,"",Mount Pleasant,962 e 13th av,015258785,683214620000,4,1913,RT-5,R3-2,Residential,1817000,411000,,,,,,,,,
3144 w 7th av,"",Kitsilano,3144 w 7th av,015402703,646053500000,4,1912,,RT-7,Residential,2260000,42700,,,,,,,,,
214 carrall st,216 carrall st,Downtown,214 carrall st,028178939,178580500000,4,1970,,HA-2,Historical Area,5951000,283700,Hipspace Inc,Hipspace Inc,"",Long-term Rental,"",,,,
80 w 21st av,"",Riley Park,80 w 21st av,013373048,702182220000,4,1909,,R1-1,Residential Inclusive,2528000,94500,James D Davie & Maria D Davie,James D Davie & Maria D Davie,"",Long-term Rental,"",,,,
1922 stephens st,"",Kitsilano,1922 stephens st,014118742,72638540000,4,1913,RT-8,RT-8,Residential,2123000,295000,,,,,,,,,
195 w 12th av,2750 columbia st;2770 columbia st,Mount Pleasant,195 w 12th av,014561174,670179050000,4,1921,,R3-2,Residential,2607716,872000,Ing Two Holdings Ltd,Ing Two Holdings Ltd,"",Long-term Rental,"",,,,
3568 e pender st,"",Hastings-Sunrise,3568 e pender st,013905449,592305660000,4,1912,,R1-1,Residential Inclusive,1614000,116000,,,,,,,,,
2520 carolina st,"",Mount Pleasant,2520 carolina st,011468912,206650300000,4,1906,RT-5,R3-2,Residential,2001000,311000,,,,,,,,,
255 e georgia st,257 e georgia st,Strathcona,255 e georgia st,014659425,596190550000,4,1981,,HA-1A,Historical Area,1794000,1000000,515619 B C Ltd,515619 B C Ltd,"",Long-term Rental,"",,,,
123 w 13th av,"",Mount Pleasant,123 w 13th av,012283151,683179630000,4,1912,,R3-2,Residential,2207000,170000,Mary Ellen Sanajko (Mary Sanajko),Mary Ellen Sanajko (Mary Sanajko),"",Long-term Rental,"",,,,
3018 point grey rd,"",Kitsilano,3018 point grey rd,006708986,630058560000,4,1924,,RT-8,Residential,3174000,44500,Norma A Dallas (Norma Dallas),Norma A Dallas (Norma Dallas),"",Long-term Rental,"",,,,
1754 graveley st,1752 graveley st;1756 graveley st;1758 graveley st,Grandview-Woodland,1754 graveley st,EPS6926,"",4,1908,RT-5,,,,,,,,,,,,,
2744 ontario st,"",Mount Pleasant,2744 ontario st,"","",4,1901,RM-4N,,,,,,,,,,,,,
1847 venables st,"",Grandview-Woodland,1847 venables st,003335160,600252470000,4,1910,,RT-5,Residential,1646000,375000,Malouf Blanchard & Jeffrey Rose,Malouf Blanchard & Jeffrey Rose,"",Long-term Rental,"",,,,
1932 mcnicoll av,"",Kitsilano,1932 mcnicoll av,013931750,625095680000,4,1912,RT-9,RT-9,Residential,3385000,162000,,,,,,,,,
4392 miller st,"",Kensington-Cedar Cottage,4392 miller st,008058121,242770860000,4,1947,RM-1,RM-1,Residential,1355000,38400,,,,,,,,,
2496 w 7th av,"",Kitsilano,2496 w 7th av,015016935,646077060000,4,1911,,RT-8,Residential,2964000,112000,Anna Nelson & Maria Karfakis,Anna Nelson & Maria Karfakis,"",Long-term Rental,"",,,2,http://app.vancouver.ca/RPS_Net/Default.aspx?num=2496&street=W%207TH%20AVENUE
24 e 12th av,22 e 12th av,Mount Pleasant,24 e 12th av,EPS7062,"",4,1911,RM-4N,,,,,,,,,,,,,
4574 w 10th av,4572 w 10th av;4576 w 10th av,West Point Grey,4574 w 10th av,006766951,670022140000,4,1985,,C-2A,Commercial,3521000,618000,Constellation Properties Ltd,Constellation Properties Ltd,"",Long-term Rental,"",,,,
3522 w 1st av,"",Kitsilano,3522 w 1st av,006720668,634041760000,4,1912,,RT-8,Residential,2677000,211000,(Jennifer Burke),(Jennifer Burke),"",Long-term Rental,"",,,2,http://app.vancouver.ca/RPS_Net/Default.aspx?num=3522&street=W%201ST%20AVENUE
3984 commercial st,3981 beatrice st,Kensington-Cedar Cottage,3981 beatrice st,014610256,"",4,1911,RT-10,,,,,,,,,,,,,
1029 commercial dr,1033 commercial dr,Grandview-Woodland,1029 commercial dr,014612798,250601530000,4,1910,C-2C1,C-2C1,Commercial,1055000,3115000,,,,,,,,,
170 w 21st av,172 w 21st av;174 w 21st av;178 w 21st av,Riley Park,174 w 21st av,003264441,"",4,1913,,,,,,Boris Kanevsky & Yelena Kanevsky,Boris Kanevsky & Yelena Kanevsky,"",Long-term Rental,"",,,,
2010 e 3rd av,"",Grandview-Woodland,2010 e 3rd av,002814641,633255120000,4,1911,RT-5,RT-5,Residential,1821000,174000,,,,,,,,,
1543 frances st,"",Grandview-Woodland,1543 frances st,015292118,594233750000,4,1910,RM-4,RM-4,Residential,1568000,705000,,,,,,,,,
3370 laurel st,"",South Cambie,3370 laurel st,011145552,153691660000,4,1912,,R1-1,Residential Inclusive,2383000,149000,,,,,,,,,
355 w 17th av,357 w 17th av;361 w 17th av;363 w 17th av,Riley Park,355 w 17th av,014214687,691172170000,4,1914,RS-7,R1-1,Residential Inclusive,2642000,39800,,,,,,,,,
1856 venables st,"",Grandview-Woodland,1856 venables st,007622066,600252560000,4,1908,,RT-5,Residential,1688000,159000,Jeffrey Bernstein Sarah Bernstein Eyal Daniel Jonathan Katz Renee Katz & Ellen Weisenthal,Jeffrey Bernstein Sarah Bernstein Eyal Daniel Jonathan Katz Renee Katz & Ellen Weisenthal,"",Long-term Rental,"",,,,
2991 w 2nd av,"",Kitsilano,2991 w 2nd av,004782968,636058770000,4,1912,RT-8,RT-8,Residential,2548000,241000,,,,,,,,,
2221 stephens st,"",Kitsilano,2221 stephens st,011754044,72643410000,4,1914,RT-8,RT-8,Residential,1855000,203000,,,,,,,,,
1085 w 11th av,1087 w 11th av;1095 w 11th av;1097 w 11th av,Fairview,1085 w 11th av,015014398,664149170000,4,1941,,R5-3,Residential,3157242,154000,(Cary Kwan),(Cary Kwan),"",Long-term Rental,"",,,,
246 e 13th av,"",Mount Pleasant,246 e 13th av,015607593;015607615,683191460000,4,1910,,R3-3,Residential,2035000,67600,Greg Pittam & James Hutchinson,Greg Pittam & James Hutchinson,"",Long-term Rental,"",,,,
955 e 10th av,953 e 10th av,Mount Pleasant,955 e 10th av,009131442,655214550000,4,1912,RT-5,R3-2,Residential,1817000,565000,,,,,,,,,
1907 kitchener st,1911 kitchener st,Grandview-Woodland,1907 kitchener st,010707310,253607920000,4,1945,RT-5,RT-5,Residential,1639000,122000,,,,,,,,,
1608 commercial dr,1612 commercial dr,Grandview-Woodland,1612 commercial dr,014848511,"",4,1911,C-2C,,,,,,,,,,,,,
480 e 16th av,482 e 16th av,Riley Park,480 e 16th av,015612279,689197820000,4,1923,RT-2,RT-2,Residential,1906000,125000,,,,,,,,,
1026 commercial dr,1016 commercial dr;1018 commercial dr;1020 commercial dr,Grandview-Woodland,1026 commercial dr,014938901,250601160000,4,1969,,C-2C1,Commercial,2376000,2941000,Tak Wai Holdings Ltd,Tak Wai Holdings Ltd,"",Long-term Rental,"",,,,
3345 cambie st,"",South Cambie,3345 cambie st,"","",4,1911,C-2,,,,,,,,,,,,,
1641 e 13th av,1643 e 13th av,Kensington-Cedar Cottage,1641 e 13th av,014032287,683234770000,4,1912,,RT-5,Residential,1730000,259000,,,,,,,,,
2103 macdonald st,2101 macdonald st,Kitsilano,2103 macdonald st,011985887,70642070000,4,1912,DD,RT-7,Residential,1728000,633000,,,,,,,,,
5521 main st,5523 main st,Riley Park,5521 main st,002935902,190743210000,4,1986,RT-2,RT-2,Residential,1618000,354000,,,,,,,,,
796 e 13th av,"",Mount Pleasant,796 e 13th av,006754228,683210960000,4,1910,,R3-2,Residential,1817000,465000,Wenyaho Lin & Wingyan Kong & Gang Lin & Yuehua Ma,Wenyaho Lin & Wingyan Kong & Gang Lin & Yuehua Ma,"",Long-term Rental,"",,,,
2445 w 5th av,"",Kitsilano,2445 w 5th av,014973235,642077570000,4,1928,RT-8,RT-8,Residential,2572000,70600,,,,,,,,,
6420 fraser st,6426 fraser st;6428 fraser st,Sunset,6420 fraser st,014643952,210769260000,4,1992,,C-2A,Commercial,1435000,1615000,Samurai Sushi & Noodle Restaurant Ltd,Samurai Sushi & Noodle Restaurant Ltd,"",Long-term Rental,"",,,,
1823 e 2nd av,1825 e 2nd av,Grandview-Woodland,1823 e 2nd av,014066670,631250630000,4,1909,RT-5,RT-5,Residential,1821000,114000,,,,,,,,,
2811 alberta st,2815 alberta st;2823 alberta st;2827 alberta st,Mount Pleasant,2811 alberta st,005410614,670171940000,4,1949,,R5-2,Residential,2807000,112000,Annie Yee Nee Mew,Annie Yee Nee Mew,"",Long-term Rental,"",,,,
652 e 63rd av,"",Sunset,652 e 63rd av,007220596,821203520000,4,1949,RS-1,R1-1,Residential Inclusive,1385000,44600,,,,,,,,,
354 w 12th av,364 w 12th av,Mount Pleasant,354 w 12th av,014565552,670171300000,4,1925,RT-6,R5-2,Residential,2799733,166000,,,,,,,,,
535 e 50th av,"",Sunset,535 e 50th av,013739506,791201310000,4,1911,,R1-1,Residential Inclusive,1671000,34700,,,,,,,,,
3648 point grey rd,"",Kitsilano,3648 point grey rd,015444643,630040380000,4,1912,,RT-8,Residential,3029000,44500,,,,,,,,,
3171 w broadway,3173 w broadway;3175 w broadway,Kitsilano,3173 w broadway,015450465,650053270000,4,1948,C-2C,C-2A,Commercial,1649000,1052000,,,,,,,,,
2200 w 7th av,2204 w 7th av;2305 yew st,Kitsilano,2200 w 7th av,013961055,87646070000,4,1910,RM-4,R5-3,Residential,923000,1208000,,,,,,,,,
4424 james st,4426 james st,Riley Park,4424 james st,012267775,185716260000,4,1910,,R1-1,Residential Inclusive,2113000,118000,,,,,,,,,
2440 w 1st av,2446 w 1st av,Kitsilano,2440 w 1st av,015020061,634077500000,4,1912,RM-4,RM-4,Residential,3500000,174000,,,,,,,,,
1624 e georgia st,"",Grandview-Woodland,1624 e georgia st,015166104,596235240000,4,1910,,RM-4,Residential,875000,297000,Ho Yeung Jew (Ho Jew),Ho Yeung Jew (Ho Jew),"",Long-term Rental,"",,,,
3053 w 8th av,"",Kitsilano,3053 w 8th av,014611091,648058110000,4,1910,RT-7,RT-7,Residential,2669000,61500,,,,,,,,,
1616 e 22nd av,"",Kensington-Cedar Cottage,1616 e 22nd av,009399551,701237060000,4,1905,RT-10,RT-10,Residential,1927000,110000,,,,,,,,,
25 w 12th av,"",Mount Pleasant,25 w 12th av,015545962,670182730000,4,1924,,R3-2,Residential,2781000,7500,CSMG Holdings Inc,CSMG Holdings Inc,"",Long-term Rental,"",,,,
2848 pandora st,"",Hastings-Sunrise,2848 pandora st,003418731,587277420000,4,1912,,R1-1,Residential Inclusive,1577000,107000,,,,,,,,,
1676 w 16th av,"",Shaughnessy,1676 w 16th av,003184595,690122140000,4,1920,FSHCA,FSD,Comprehensive Development,2730375,194000,,,,,,,,,
2023 e 1st av,"",Grandview-Woodland,2023 e 1st av,015420523,630255230000,4,1912,,RM-12,Residential,1473000,130000,(Catherine Tombs),(Catherine Tombs),"",Long-term Rental,"",,,,
350 e 10th av,352 e 10th av,Mount Pleasant,350 e 10th av,015607381;015607399,654193500000,4,1909,C-3A,C-3A,Commercial,1227000,1561000,,,,,,,,,
33 w 17th av,35 w 17th av;39 w 17th av,Riley Park,33 w 17th av,004911016,691182650000,4,1911,,R1-1,Residential Inclusive,2698000,755000,,,,,,,,,
2950 fraser st,721 e 14th av,Mount Pleasant,2950 fraser st,014866145,210683960000,4,1912,RT-5,RT-5,Residential,1359000,154000,,,,,,,,,
3315 w 6th av,"",Kitsilano,3315 w 6th av,005046084,643045770000,4,1912,,RT-7,Residential,2236000,40600,Nick Zaferopoulos & Janna Iverson,Nick Zaferopoulos & Janna Iverson,"",Long-term Rental,"",,,,
3535 w 1st av,"",Kitsilano,3535 w 1st av,008427607,634041630000,4,1912,RT-8,RT-8,Residential,2677000,555000,,,,,,,,,
38 w 17th av,"",Riley Park,38 w 17th av,010832815,691182680000,4,1911,,R1-1,Residential Inclusive,2731000,40600,,,,,,,,,
160 w hastings st,162 w hastings st;164 w hastings st;166 w hastings st,Downtown,160 w hastings st,005004977;005004969,590157220000,4,1985,,DD,Comprehensive Development,5100000,21100,625726 BC Ltd,625726 BC Ltd,"",Long-term Rental,"",,,,
8648 granville st,8652 granville st;8662 granville st;8664 granville st,Marpole,8664 granville st,008016143,"",4,1978,C-2,,,,,,,,,,,,,
3901 w 18th av,"",Dunbar-Southlands,3901 w 18th av,002706580;002707641,692032930000,4,1914,RS-5,R1-1,Residential Inclusive,4833000,10000,,,,,,,,,
6556 victoria dr,6554 victoria dr;6560 victoria dr;6564 victoria dr;6566 victoria dr,Victoria-Fraserview,6556 victoria dr,007578598,250790640000,4,1944,,C-2A,Commercial,2183000,1223000,NSL Holdings Co Ltd,NSL Holdings Co Ltd,"",Long-term Rental,"",,,,
6682 main st,6684 main st;6686 main st,Sunset,6682 main st,014054671,190791860000,4,1955,C-2,C-2A,Commercial,1319000,1650000,,,,,,,,,
2053 e hastings st,2055 e hastings st,Grandview-Woodland,2053 e hastings st,015670201,590255750000,4,1981,C-2C1,C-2A,Commercial,2068000,2423000,,,,,,,,,
555 e 49th av,"",Sunset,555 e 49th av,007926952,790201210000,4,1911,RS-1,R1-1,Residential Inclusive,1624000,627000,,,,,,,,,
1380 thurlow st,"",West End,1380 thurlow st,015749088,119615560000,4,1910,RM-5A,RM-5A,Residential,1602000,972000,,,,,,,,,
2072 w 15th av,"",Kitsilano,2072 w 15th av,009571540,688090260000,4,1912,RT-8,R3-2,Residential,2462000,268000,,,,,,,,,
237 e 23rd av,"",Riley Park,237 e 23rd av,011244925,706190370000,4,1913,RS-7,R1-1,Residential Inclusive,1922000,156000,,,,,,,,,
131 w 14th av,127 w 14th av;129 w 14th av;133 w 14th av,Mount Pleasant,127 w 14th av,014562138,"",4,1979,RT-6,,,,,,,,,,,,,
2232 macdonald st,"",Kitsilano,2232 macdonald st,011984139,70643700000,4,1914,,RT-8,Residential,1766000,163000,Davor Braletic & Radica Braletic,Davor Braletic & Radica Braletic,"",Long-term Rental,"",,,,
1859 napier st,"",Grandview-Woodland,1859 napier st,008807167;008807108,604252590000,4,1912,RT-5,RT-5,Residential,3642000,1056000,,,,,,,,,
522 union st,"",Strathcona,522 union st,004099869,598196220000,4,1905,,RT-3,Residential,1471000,64300,Deborah Beaulieu & Leo Beaulieu,Deborah Beaulieu & Leo Beaulieu,"",Long-term Rental,"",,,,
2535 w 2nd av,"",Kitsilano,2535 w 2nd av,007071833,636073550000,4,1912,RT-8,RT-8,Residential,3341000,167000,,,,,,,,,
2416 w 7th av,"",Kitsilano,2416 w 7th av,032314175,646077860000,4,1912,RT-8,RT-8,Residential,2828000,431000,,,,,,,,,
210 e 15th av,"",Mount Pleasant,210 e 15th av,011252031,687191060000,4,1919,,R3-3,Residential,1513000,6400,(Daniel Yung),(Daniel Yung),"",Long-term Rental,"",,,,
3616 w 3rd av,"",Kitsilano,3616 w 3rd av,011518642,638040860000,4,1912,,RT-8,Residential,2543000,161000,,,,,,,,,
3024 alberta st,3022 alberta st;3026 alberta st,Mount Pleasant,3024 alberta st,003683991,173684460000,4,2023,,R3-2,Residential,2807000,315000,Michael Rudd & Joshua Rudd,Michael Rudd & Joshua Rudd,"",Long-term Rental,"",,,,
1054 e 11th av,"",Mount Pleasant,1054 e 11th av,010139753,665217540000,4,1912,,R3-2,Residential,1817000,171000,(Michel Daigneault),(Michel Daigneault),"",Long-term Rental,"",,,,
1829 kitchener st,"",Grandview-Woodland,1829 kitchener st,014995719,611252290000,4,1912,RT-5,RT-5,Residential,1821000,479000,,,,,,,,,
112 e 24th av,"",Riley Park,112 e 24th av,013642979,708184520000,3,1910,RS-7,R1-1,Residential Inclusive,1587000,69300,,,,,,,,,
2654 cambridge st,"",Hastings-Sunrise,2654 cambridge st,008479321,576274540000,3,1913,RS-1,R1-1,Residential Inclusive,1682000,88700,,,,,,,,,
1735 e 3rd av,1737 e 3rd av,Grandview-Woodland,1735 e 3rd av,014896851,633250170000,3,1912,RT-5,RT-5,Residential,1821000,527000,,,,,,,,,
3263 w 10th av,"",Kitsilano,3263 w 10th av,003002641,670050250000,3,1912,RS-5,R1-1,Residential Inclusive,1881000,146000,,,,,,,,,
3267 napier st,"",Hastings-Sunrise,3267 napier st,004314972,604296710000,3,1918,RS-1,R1-1,Residential Inclusive,1480000,51900,,,,,,,,,
3521 w 1st av,3523 w 1st av;3525 w 1st av,Kitsilano,3521 w 1st av,002678896,634041870000,3,1912,RT-8,RT-8,Residential,2677000,132000,,,,,,,,,
1800 commercial dr,1720 e 2nd av;1806 commercial dr,Grandview-Woodland,1800 commercial dr,014896478,250631020000,3,1968,C-2C,C-2C,Commercial,1306000,1757000,,,,,,,,,
1930 e 19th av,1932 e 19th av,Kensington-Cedar Cottage,1930 e 19th av,002481219,693253300000,3,1910,RT-5,RT-5,Residential,1538000,235000,,,,,,,,,
2139 stephens st,"",Kitsilano,2139 stephens st,003121305,72642690000,3,1914,RT-8,RT-8,Residential,1858000,137000,,,,,,,,,
204 w 14th av,"",Mount Pleasant,204 w 14th av,014562961;014562979,684173960000,3,1910,RT-6,R3-2,Residential,2819000,281000,,,,,,,,,
1128 rose st,"",Grandview-Woodland,1128 rose st,010433643,257604280000,3,1911,RT-5,RT-5,Residential,1361000,650000,,,,,,,,,
1604 e 4th av,"",Grandview-Woodland,1604 e 4th av,005106656,634234520000,3,1909,RM-4,RM-4,Residential,1463000,131000,,,,,,,,,
5806 main st,"",Sunset,5806 main st,004315120,190751440000,3,1958,,RT-2,Residential,1636000,573000,Shu Yi Lin (Shu Lin),Shu Yi Lin (Shu Lin),"",Long-term Rental,"",,,,
46 e 15th av,"",Mount Pleasant,46 e 15th av,002805707,687184540000,3,1927,,R3-3,Residential,2035000,74400,,,,,,,,,
2043 macdonald st,"",Kitsilano,2043 macdonald st,014555743,70640830000,3,1910,,RT-7,Residential,1723000,52700,,,,,,,,,
2613 e 22nd av,"",Renfrew-Collingwood,2613 e 22nd av,004245725,700274170000,3,1921,RS-1,R1-1,Residential Inclusive,1481000,55900,,,,,,,,,
2735 carolina st,2733 carolina st,Mount Pleasant,2735 carolina st,008588597,206665350000,3,1913,,R3-2,Residential,1482000,307000,,,,,,,,,
494 e 12th av,"",Mount Pleasant,494 e 12th av,008161411,670198940000,3,1910,RT-5,R3-2,Residential,1503000,228000,,,,,,,,,
1774 e 1st av,"",Grandview-Woodland,1774 e 1st av,014895871,630250740000,3,1912,RM-11N,RM-11,Residential,1456000,118000,,,,,,,,,
1416 e 10th av,1418 e 10th av,Kensington-Cedar Cottage,1416 e 10th av,014870878,655230500000,3,1912,RT-5,RT-5,Residential,1730000,300000,,,,,,,,,
6868 victoria dr,6870 victoria dr,Victoria-Fraserview,6868 victoria dr,008129614,250799580000,3,1953,RT-2,RT-2,Residential,1667000,81500,,,,,,,,,
4313 miller st,4311 miller st,Kensington-Cedar Cottage,4313 miller st,013244531,242770130000,3,1910,RM-1,RM-1,Residential,1257000,108000,,,,,,,,,
1203 e 13th av,"",Mount Pleasant,1203 e 13th av,015489582,683225270000,3,1966,RT-5,R3-2,Residential,2234000,73600,,,,,,,,,
116 w 20th av,118 w 20th av,Riley Park,116 w 20th av,013359169,697179800000,3,1912,RS-1,R1-1,Residential Inclusive,2373000,393000,,,,,,,,,
2622 mackenzie st,"",Kitsilano,2622 mackenzie st,005804221,67670460000,3,1912,RS-5,R1-1,Residential Inclusive,1916000,134000,,,,,,,,,
1848 collingwood st,"",Kitsilano,1848 collingwood st,015432327,42636960000,3,1912,RT-8,RT-8,Residential,2281000,204000,,,,,,,,,
321 n kootenay st,"",Hastings-Sunrise,321 n kootenay st,011192518,312569930000,3,1930,RS-1,R1-1,Residential Inclusive,1849000,70900,,,,,,,,,
2068 grant st,2070 grant st,Grandview-Woodland,2068 grant st,004487681,612255700000,3,1912,RT-5,RT-5,Residential,1740000,225000,,,,,,,,,
1622 charles st,"",Grandview-Woodland,1622 charles st,014968142,607236220000,3,1909,RM-4,RM-4,Residential,1670000,276000,,,,,,,,,
257 e 60th av,"",Sunset,257 e 60th av,013755757,814190310000,3,1911,RS-1,R1-1,Residential Inclusive,1554000,44500,,,,,,,,,
2162 venables st,2160 venables st,Grandview-Woodland,2162 venables st,014913003,600259620000,3,1910,RT-5,RT-5,Residential,1821000,515000,,,,,,,,,
931 w 17th av,933 w 17th av;935 w 17th av,South Cambie,931 w 17th av,009475851,691150670000,3,1911,RS-7,R1-1,Residential Inclusive,2323000,231000,,,,,,,,,
1375 graveley st,"",Grandview-Woodland,1375 graveley st,015412709,616230910000,3,1908,RM-4,RM-4,Residential,1651000,93200,,,,,,,,,
611 e 11th av,613 e 11th av,Mount Pleasant,611 e 11th av,004341422,665206110000,3,1968,RT-5,R3-2,Residential,2224000,61300,,,,,,,,,
2770 w 3rd av,"",Kitsilano,2770 w 3rd av,008358818,638070260000,3,1920,,RT-8,Residential,2502000,415000,Linda Margaret Sircus & Jan Sircus,Linda Margaret Sircus & Jan Sircus,"",Long-term Rental,"",,,,
983 windermere st,3187 parker st;3191 parker st;3195 parker st;985 windermere st,Hastings-Sunrise,3187 parker st,002459884,"",3,1946,C-1,,,,,,,,,,,,,
3100 ontario st,"",Mount Pleasant,3100 ontario st,014664259,184687060000,3,1910,,R3-3,Residential,1667000,157000,,,,,,,,,
5867 main st,"",Sunset,5867 main st,013987071,190751670000,3,1953,RT-2,RT-2,Residential,1255000,51700,,,,,,,,,
1137 e 10th av,1139 e 10th av,Mount Pleasant,1137 e 10th av,015025080,655222390000,3,1911,,R3-2,Residential,1817000,84600,Louis De Sousa Silva & Maria D Silva,Louis De Sousa Silva & Maria D Silva,"",Long-term Rental,"",,,,
874 e 16th av,876 e 16th av;878 e 16th av,Kensington-Cedar Cottage,874 e 16th av,006169538,689212780000,3,1913,,RT-5,Residential,1713000,141000,Taryn Court Apartments Ltd,Taryn Court Apartments Ltd,"",Long-term Rental,"",,,,
1947 charles st,"",Grandview-Woodland,1947 charles st,011451009,607253270000,3,1910,RT-5,RT-5,Residential,1623000,186000,,,,,,,,,
2528 woodland dr,"",Kensington-Cedar Cottage,2528 woodland dr,011116439,234650620000,3,1912,,RT-5,Residential,1439000,129000,,,,,,,,,
2749 carolina st,"",Mount Pleasant,2749 carolina st,010535187,206665910000,3,1913,RT-5,R3-2,Residential,1185000,123000,,,,,,,,,
2763 w 11th av,"",Kitsilano,2763 w 11th av,003053300,664070230000,3,1920,RS-7,R1-1,Residential Inclusive,2146000,60800,,,,,,,,,
1821 e 3rd av,1823 e 3rd av,Grandview-Woodland,1821 e 3rd av,015078396,633250610000,3,1911,RT-5,RT-5,Residential,1821000,117000,,,,,,,,,
1393 laburnum st,1395 laburnum st,Kitsilano,1393 laburnum st,013930753,92627570000,3,1944,RT-9,RT-9,Residential,3006000,206000,,,,,,,,,
2201 york av,1575 yew st,Kitsilano,2201 york av,003794610,631084970000,3,1965,,C-2A,Commercial,1718000,3424000,(Elsie Semlacher),(Elsie Semlacher),"",Long-term Rental,"",,,,
3024 w 10th av,"",Kitsilano,3024 w 10th av,011233974,670058840000,3,1926,RS-5,R1-1,Residential Inclusive,2973000,360000,,,,,,,,,
3515 w 3rd av,3517 w 3rd av;3519 w 3rd av,Kitsilano,3517 w 3rd av,015432726,638041850000,3,1912,RT-8,RT-8,Residential,2677000,904000,,,,,,,,,
2770 w 5th av,2766 w 5th av;2774 w 5th av,Kitsilano,2770 w 5th av,015124321,642070140000,3,1924,RT-8,RT-8,Residential,2738000,140000,,,,,,,,,
2984 clark dr,2986 clark dr;2988 clark dr,Kensington-Cedar Cottage,2984 clark dr,009857729,230683960000,3,1955,,RT-5,Residential,1856000,77800,Yip Wan Wong (Yip Wong),Yip Wan Wong (Yip Wong),"",Long-term Rental,"",,,,
2334 stephens st,"",Kitsilano,2334 stephens st,015122611,72646700000,3,1912,RT-8,RT-8,Residential,1643000,58500,,,,,,,,,
2127 guelph st,"",Mount Pleasant,2127 guelph st,014829649,198643270000,3,1910,,R5-3,Residential,1320000,99900,(Michael Apostolides),(Michael Apostolides),"",Long-term Rental,"",,,,
66 w 17th av,"",Riley Park,66 w 17th av,014202263,691182360000,3,1914,RS-7,R1-1,Residential Inclusive,2731000,268000,,,,,,,,,
3135 w 2nd av,3137 w 2nd av,Kitsilano,3135 w 2nd av,008304327,636053630000,3,1912,RT-8,RT-8,Residential,2677000,67500,,,,,,,,,
4015 victoria dr,4018 alice st,Kensington-Cedar Cottage,4015 victoria dr,EPS10123,"",3,1910,RS-1A,,,,,,,,,,,,,
801 e 13th av,2850 prince albert st;803 e 13th av,Mount Pleasant,801 e 13th av,015269841,683212030000,3,1911,RT-5,R3-2,Residential,1817000,135000,,,,,,,,,
1170 davie st,1168 davie st;1172 davie st,West End,1170 davie st,015747212,612118260000,3,1947,,C-5,Commercial,2614000,1098000,Sokun Chhuon & Peou (Paula) Chhuon,Sokun Chhuon & Peou (Paula) Chhuon,"",Long-term Rental,"",,,,
1145 lily st,"",Grandview-Woodland,1145 lily st,013479610,254604450000,3,1911,RT-5,RT-5,Residential,1546000,67400,,,,,,,,,
3347 w 7th av,"",Kitsilano,3347 w 7th av,007937547,646045470000,3,1912,RT-7,RT-7,Residential,2236000,66500,,,,,,,,,
3077 victoria dr,"",Kensington-Cedar Cottage,3077 victoria dr,014926474,253684770000,3,1956,,RT-5,Residential,1729000,57300,,,,,,,,,
225 e 17th av,"",Riley Park,225 e 17th av,011251999,691191250000,3,1993,C-2,C-2A,Commercial,1509000,2225000,,,,,,,,,
1755 e 2nd av,"",Grandview-Woodland,1755 e 2nd av,014019582,631250310000,3,1910,RT-5,RT-5,Residential,1821000,347000,,,,,,,,,
2249 w 6th av,2253 w 6th av,Kitsilano,2249 w 6th av,010554670,643084490000,3,1912,,R5-4,Residential,2068000,46900,,,,,,,,,
2006 e 32nd av,2008 e 32nd av;4808 victoria dr,Kensington-Cedar Cottage,2006 e 32nd av,014166518;014166526,728250080000,3,1951,,RT-2,Residential,2553000,10000,Andrew Lau & Margaret Lau,Andrew Lau & Margaret Lau,"",Long-term Rental,"",,,,
3880 clark dr,"",Kensington-Cedar Cottage,3880 clark dr,010286438,228701960000,3,1944,RM-1,RM-1,Residential,1824000,50300,,,,,,,,,
1929 e broadway,1931 e broadway,Grandview-Woodland,1929 e broadway,015278123,650253310000,3,1948,RT-5N,RT-5,Residential,1511000,56000,,,,,,,,,
873 w 18th av,875 w 18th av,South Cambie,873 w 18th av,004393571,693153310000,3,1912,,R1-1,Residential Inclusive,2446000,34100,,,,,,,,,
283 e 32nd av,"",Riley Park,283 e 32nd av,011722738,728190770000,3,1910,RS-1,R1-1,Residential Inclusive,1853000,268000,,,,,,,,,
2120 e pender st,"",Grandview-Woodland,2120 e pender st,013359860,592259140000,3,1912,RT-5,RT-5,Residential,1551000,708000,,,,,,,,,
1745 e 1st av,"",Grandview-Woodland,1745 e 1st av,003749398,630250450000,3,1911,,RM-11,Residential,1698000,119000,,,,,,,,,
802 semlin dr,804 semlin dr,Grandview-Woodland,802 semlin dr,004554167,255598040000,3,1912,RT-5,RT-5,Residential,1546000,155000,,,,,,,,,
1751 e 3rd av,"",Grandview-Woodland,1751 e 3rd av,014828286,633250250000,3,1912,RT-5,RT-5,Residential,1821000,128000,,,,,,,,,
1845 e 8th av,"",Grandview-Woodland,1845 e 8th av,011895047,648251750000,3,1912,RT-5,RT-5,Residential,1872000,84800,,,,,,,,,
3556 w 5th av,"",Kitsilano,3556 w 5th av,015204731,642041260000,3,1912,RT-7,RT-7,Residential,2236000,115000,,,,,,,,,
1127 e 13th av,1129 e 13th av,Mount Pleasant,1127 e 13th av,012290050,683222150000,3,1912,RT-5,R3-2,Residential,1644000,114000,,,,,,,,,
3108 w 2nd av,3110 w 2nd av,Kitsilano,3108 w 2nd av,009211934,636053840000,3,1912,RT-8,RT-8,Residential,2674000,536000,,,,,,,,,
3030 w 7th av,3032 w 7th av;3034 w 7th av,Kitsilano,3030 w 7th av,011780789,646058320000,3,1912,,RT-7,Residential,1987000,106000,D Joan McDermid (D McDermid),D Joan McDermid (D McDermid),"",Long-term Rental,"",,,,
2741 carolina st,"",Mount Pleasant,2741 carolina st,014088665,206665410000,3,1913,RT-5,R3-2,Residential,1334000,116000,,,,,,,,,
1059 e 11th av,1061 e 11th av;1063 e 11th av,Mount Pleasant,1059 e 11th av,007817401,665217590000,3,1910,RT-5,R3-2,Residential,1817000,189000,,,,,,,,,
1505 salsbury dr,"",Grandview-Woodland,1505 salsbury dr,014059606,252612050000,3,1910,RT-5,RT-5,Residential,1540000,179000,,,,,,,,,
635 e 44th av,637 e 44th av,Sunset,635 e 44th av,011444495,757201750000,3,1910,RM-2,RM-2,Residential,1621000,98200,,,,,,,,,
2760 yale st,"",Hastings-Sunrise,2760 yale st,007518731,566275460000,3,1912,,R1-1,Residential Inclusive,1727000,106000,,,,,,,,,
73 w 19th av,"",Riley Park,73 w 19th av,007625715,694182270000,3,1912,RS-7,R1-1,Residential Inclusive,2528000,64600,,,,,,,,,
2322 balaclava st,"",Kitsilano,2322 balaclava st,011555246,58646480000,3,1912,RT-7,RT-7,Residential,1940000,130000,,,,,,,,,
3347 w 8th av,"",Kitsilano,3347 w 8th av,015404790,648045250000,3,1914,,RT-7,Residential,2236000,44300,Lazar Klot & Lyubov Klot,Lazar Klot & Lyubov Klot,"",Long-term Rental,"",,,,
1021 e 14th av,1023 e 14th av,Mount Pleasant,1021 e 14th av,004146387,684217230000,3,1912,RT-5,R3-2,Residential,1711000,178000,,,,,,,,,
1126 comox st,"",West End,1126 comox st,015750396,607118680000,3,1943,RM-5B,RM-5B,Residential,2613000,94300,,,,,,,,,
3396 william st,"",Hastings-Sunrise,3396 william st,013602241,606298980000,3,1924,RS-1,R1-1,Residential Inclusive,1441000,29500,,,,,,,,,
1848 macdonald st,1850 macdonald st;2791 w 3rd av,Kitsilano,1848 macdonald st,013122452,70636960000,3,1910,,RT-8,Residential,1996000,761000,,,,,,,,,
1749 trafalgar st,"",Kitsilano,1749 trafalgar st,003618706,73634950000,3,1905,RT-8,RT-8,Residential,2055000,40500,,,,,,,,,
3191 w 10th av,"",Kitsilano,3191 w 10th av,007924712,670053070000,3,1929,RS-5,R1-1,Residential Inclusive,2129000,114000,,,,,,,,,
757 e 10th av,"",Mount Pleasant,757 e 10th av,015252191,655210570000,3,1913,,R3-2,Residential,1726000,135000,,,,,,,,,
523 e 11th av,525 e 11th av,Mount Pleasant,523 e 11th av,EPS11055,"",3,1918,RT-5,,,,,,,,,,,,,
2904 w 6th av,2906 w 6th av,Kitsilano,2904 w 6th av,011574429,643058920000,3,1912,RT-7,RT-7,Residential,2005000,1295000,,,,,,,,,
215 e 15th av,"",Mount Pleasant,215 e 15th av,005744962,687191150000,3,1997,RM-4,R3-3,Residential,2239000,88500,,,,,,,,,
2617 w 12th av,"",Kitsilano,2617 w 12th av,013523040,670072750000,3,1929,,R1-1,Residential Inclusive,1966000,87100,,,,,,,,,
1308 e 11th av,1312 e 11th av,Kensington-Cedar Cottage,1308 e 11th av,005490014;005489784;005489270;005489725,665230060000,3,1956,,RT-5,Residential,1774000,57500,,,,,,,,,
2439 trinity st,"",Hastings-Sunrise,2439 trinity st,015203999,568270410000,3,1912,,R1-1,Residential Inclusive,1956000,715000,,,,,,,,,
335 w 14th av,"",Mount Pleasant,335 w 14th av,014566974,684171550000,3,1912,,R3-2,Residential,2365000,158000,,,,,,,,,
1445 e 4th av,"",Grandview-Woodland,1445 e 4th av,015283356,634232450000,3,1956,RM-4,RM-4,Residential,1651000,70200,,,,,,,,,
3416 w 2nd av,"",Kitsilano,3416 w 2nd av,004813383,636042640000,3,1914,,RT-8,Residential,2677000,131000,Mounir Alberto El-Baba (Mounir El-Baba),Mounir Alberto El-Baba (Mounir El-Baba),"",Long-term Rental,"",,,,
1761 e 3rd av,"",Grandview-Woodland,1761 e 3rd av,011839112,633250330000,3,1912,RT-5,RT-5,Residential,1821000,120000,,,,,,,,,
1271 e 33rd av,"",Kensington-Cedar Cottage,1271 e 33rd av,014139961,730225710000,3,1953,RS-1,R1-1,Residential Inclusive,1303000,52600,,,,,,,,,
1573 e 10th av,"",Kensington-Cedar Cottage,1573 e 10th av,008288089,655234390000,3,1910,,RT-5,Residential,1769000,98900,(Lidio Daneluzzi),(Lidio Daneluzzi),"",Long-term Rental,"",,,,
1704 victoria dr,1706 victoria dr,Grandview-Woodland,1704 victoria dr,007750137,253630040000,3,1912,,RM-11,Residential,1106000,219000,,,,,,,,,
3705 renfrew st,2890 e 21st av;2892 e 21st av;3707 renfrew st,Renfrew-Collingwood,3705 renfrew st,006886175,280698050000,3,1960,C-1,C-1,Commercial,1477000,404000,,,,,,,,,
1906 alma st,"",Kitsilano,1906 alma st,008798125,40638060000,3,1930,RT-8,RT-8,Residential,2123000,61600,,,,,,,,,
517 e 13th av,"",Mount Pleasant,517 e 13th av,015441199,683201170000,3,1910,RT-5,R3-2,Residential,1817000,119000,,,,,,,,,
1400 w 70th av,1412 w 70th av;1414 w 70th av,Marpole,1400 w 70th av,014344432,135830070000,3,1912,RM-3A,RM-3A,Residential,1739000,9600,,,,,,,,,
3431 w 2nd av,"",Kitsilano,3431 w 2nd av,015436624,636042630000,3,1912,RT-8,RT-8,Residential,2677000,265000,,,,,,,,,
3696 w 1st av,"",Kitsilano,3696 w 1st av,015438228,40634040000,3,1922,RT-8,RT-8,Residential,2543000,176000,,,,,,,,,
1143 e 10th av,"",Mount Pleasant,1143 e 10th av,015025039,655222430000,3,1912,,R3-2,Residential,1817000,126000,City of Vancouver,City of Vancouver,"",Long-term Rental,"",,,,
296 w 17th av,"",Riley Park,296 w 17th av,014206005,691172520000,3,1911,,R1-1,Residential Inclusive,2642000,593000,Elena Margot Feder (Elena Feder),Elena Margot Feder (Elena Feder),"",Long-term Rental,"",,,,
2506 w 3rd av,1949 larch st;2508 w 3rd av,Kitsilano,2506 w 3rd av,014980312,638073940000,3,1940,RT-8,RT-8,Residential,3035000,66600,,,,,,,,,
518 e 18th av,"",Riley Park,518 e 18th av,EPS10148,"",3,1932,RS-1,,,,,,,,,,,,,
2716 w 11th av,"",Kitsilano,2716 w 11th av,011054191,664070840000,3,1928,RS-7,R1-1,Residential Inclusive,2540000,314000,,,,,,,,,
1750 e 1st av,1752 e 1st av,Grandview-Woodland,1750 e 1st av,011520311,630250520000,3,1910,RM-11N,RM-11,Residential,1456000,132000,,,,,,,,,
6672 main st,6674 main st;6676 main st,Sunset,6672 main st,014054655,190791760000,3,1954,C-2,C-2A,Commercial,1320000,1196000,,,,,,,,,
588 w 16th av,"",South Cambie,588 w 16th av,010433597,690165200000,3,2003,,RM-4,Residential,2078000,38200,Sheng Pei-Chi Lu (Sheng Lu),Sheng Pei-Chi Lu (Sheng Lu),"",Long-term Rental,"",,,,
3942 fraser st,3944 fraser st,Kensington-Cedar Cottage,3942 fraser st,013852965,210706180000,3,1978,,C-2A,Commercial,1586000,1117000,Xiao Ping Tan & Hip Keung Cheung,Xiao Ping Tan & Hip Keung Cheung,"",Long-term Rental,"",,,,
3012 knight st,3014 knight st,Kensington-Cedar Cottage,3012 knight st,014825953,230684140000,3,1956,RT-2,RT-2,Residential,1424000,74500,,,,,,,,,
935 e 17th av,"",Kensington-Cedar Cottage,935 e 17th av,015617823,691214350000,3,1908,,R1-1,Residential Inclusive,2007000,98300,,,,,,,,,
4570 w 5th av,"",West Point Grey,4570 w 5th av,006984673;006984649,642022300000,3,1910,RS-1,R1-1,Residential Inclusive,4399000,185000,,,,,,,,,
1907 e 12th av,1909 e 12th av,Kensington-Cedar Cottage,1907 e 12th av,010671528,670253070000,3,1956,RM-4N,RM-4,Residential,1649000,57700,,,,,,,,,
3517 w 6th av,3519 w 6th av,Kitsilano,3517 w 6th av,015405346,643041750000,3,1912,RT-7,RT-7,Residential,2012000,40100,,,,,,,,,
705 e 11th av,707 e 11th av,Mount Pleasant,707 e 11th av,015249671,"",3,1927,RT-5,,,,,,,,,,,,,
704 woodland dr,"",Grandview-Woodland,704 woodland dr,014849526,235596040000,3,1907,RM-4,RM-4,Residential,1150000,44800,,,,,,,,,
3637 w 3rd av,"",Kitsilano,3637 w 3rd av,002649144,638040630000,3,1916,RT-8,RT-8,Residential,2677000,208000,,,,,,,,,
257 e 17th av,"",Riley Park,257 e 17th av,011251948,691191570000,3,1910,,R1-1,Residential Inclusive,2222000,88700,,,,,,,,,
46 w 21st av,"",Riley Park,46 w 21st av,013373099,702182500000,3,1912,RS-1,R1-1,Residential Inclusive,2528000,57900,,,,,,,,,
1742 e 3rd av,"",Grandview-Woodland,1742 e 3rd av,015186342,633250280000,3,1912,RT-5,RT-5,Residential,1654000,217000,,,,,,,,,
869 w 18th av,871 w 18th av,South Cambie,869 w 18th av,004550897,693153370000,3,1910,RS-7,R1-1,Residential Inclusive,2446000,603000,,,,,,,,,
3555 w 5th av,"",Kitsilano,3555 w 5th av,015589528,642041270000,3,1912,,RT-7,Residential,2104000,81900,,,,,,,,,
3259 w 10th av,"",Kitsilano,3259 w 10th av,011681501,670050370000,3,1912,RS-5,R1-1,Residential Inclusive,1881000,130000,,,,,,,,,
2405 collingwood st,"",Kitsilano,2405 collingwood st,015461866,42648050000,3,1912,RT-7,RT-7,Residential,1992000,712000,,,,,,,,,
729 e 14th av,"",Mount Pleasant,729 e 14th av,005216567,684210290000,3,1910,,R3-2,Residential,1726000,271000,(John Malusa),(John Malusa),"",Long-term Rental,"",,,,
1829 w 2nd av,1831 w 2nd av,Kitsilano,1829 w 2nd av,015227197,636097650000,3,1908,RM-4,R3-3,Residential,1575000,41100,,,,,,,,,
137 w 11th av,"",Mount Pleasant,137 w 11th av,015549151,664179430000,3,1912,,R3-2,Residential,1923000,327000,Merle McKenzie & Nancy Mckenzie,Merle McKenzie & Nancy Mckenzie,"",Long-term Rental,"",,,,
3267 w 10th av,"",Kitsilano,3267 w 10th av,011681497,670050130000,3,1912,RS-5,R1-1,Residential Inclusive,1881000,139000,,,,,,,,,
3322 w 2nd av,3320 w 2nd av,Kitsilano,3322 w 2nd av,015430847,636045740000,3,1918,RT-8,RT-8,Residential,2677000,717000,,,,,,,,,
1236 e 7th av,"",Mount Pleasant,1236 e 7th av,002571293,646225360000,3,1913,RM-4,R5-3,Residential,1774000,83100,,,,,,,,,
1218 maple st,"",Kitsilano,1218 maple st,010137971,95626540000,3,1912,,RT-9,Residential,2943000,169000,Grant H Vanderhoek & Sylvia A Vanderhoek,Grant H Vanderhoek & Sylvia A Vanderhoek,"",Long-term Rental,"",,,,
2525 w 8th av,2523 w 8th av;2527 w 8th av,Kitsilano,2525 w 8th av,EPS9594,"",3,1922,RT-8,,,,,,,,,,,,,
4814 fraser st,4818 fraser st,Kensington-Cedar Cottage,4814 fraser st,014122405,210728140000,3,1973,C-2,C-2A,Commercial,1272000,1278000,,,,,,,,,
1736 macdonald st,1738 macdonald st,Kitsilano,1736 macdonald st,003734323,70634540000,3,1908,RT-8,RT-8,Residential,2489000,55800,,,,,,,,,
1949 e 1st av,"",Grandview-Woodland,1949 e 1st av,015421651,630253490000,3,1912,,RM-11,Residential,1473000,337000,,,,,,,,,
1603 e 11th av,"",Kensington-Cedar Cottage,1603 e 11th av,008587248,665234550000,3,1912,RT-5,RT-5,Residential,1769000,144000,,,,,,,,,
2275 w 14th av,2277 w 14th av,Kitsilano,2275 w 14th av,013890727,686084250000,3,1912,RT-7,R3-2,Residential,2899000,214000,,,,,,,,,
459 e pender st,"",Strathcona,459 e pender st,015578348,592194590000,3,1901,,RT-3,Residential,1307000,130000,Hoy Yin Association,Hoy Yin Association,"",Long-term Rental,"",,,,
2841 quebec st,"",Mount Pleasant,2841 quebec st,011278323,186670570000,3,1911,RM-4,R5-4,Residential,1720000,153000,,,,,,,,,
3443 w 2nd av,"",Kitsilano,3443 w 2nd av,015436713,636042390000,3,1912,RT-8,RT-8,Residential,2677000,59700,,,,,,,,,
261 union st,265 union st,Strathcona,265 union st,015644391,"",3,1990,HA-1A,,,,,,,,,,,,,
135 w 13th av,"",Mount Pleasant,135 w 13th av,014561875,683179410000,3,2008,,R3-2,Residential,2773000,310000,Mark Jones Inc,Mark Jones Inc,"",Long-term Rental,"",,,,
1950 adanac st,1948 adanac st,Grandview-Woodland,1950 adanac st,008742723,598253500000,3,1912,RT-5,RT-5,Residential,1837000,483000,,,,,,,,,
362 w 18th av,364 w 18th av;366 w 18th av,Riley Park,362 w 18th av,013871412,693172240000,3,1910,RS-7,R1-1,Residential Inclusive,2446000,277000,,,,,,,,,
1894 whyte av,1896 whyte av,Kitsilano,1894 whyte av,006597157,626097020000,3,1940,,RT-9,Residential,3385000,83800,,,,,,,,,
108 e 20th av,"",Riley Park,108 e 20th av,008470065,697187080000,3,1906,RS-7,R1-1,Residential Inclusive,2108000,76300,,,,,,,,,
2050 macdonald st,"",Kitsilano,2050 macdonald st,011975440,70640960000,3,1910,,RT-8,Residential,1672000,188000,,,,,,,,,
2411 w 7th av,2415 w 7th av;2419 w 7th av,Kitsilano,2411 w 7th av,015019128,646077850000,3,1912,,RT-8,Residential,2912000,55200,,,,,,,,,
1717 stephens st,1719 stephens st,Kitsilano,1717 stephens st,009768491,72634350000,3,1910,RT-8,RT-8,Residential,2222000,76900,,,,,,,,,
584 e 49th av,586 e 49th av,Sunset,584 e 49th av,EPS9814,"",3,1910,RS-1,,,,,,,,,,,,,
516 e 12th av,"",Mount Pleasant,516 e 12th av,007124457,670201160000,3,1912,,R3-2,Residential,1453000,111000,,,,,,,,,
1943 charles st,"",Grandview-Woodland,1943 charles st,008767190,607253230000,3,1912,,RT-5,Residential,1623000,85800,,,,,,,,,
2239 blenheim st,3303 w 7th av,Kitsilano,2239 blenheim st,EPS4286,"",3,1912,RT-7,,,,,,,,,,,,,
1242 e 7th av,"",Mount Pleasant,1242 e 7th av,015280365,646225420000,3,1909,RM-4,R5-3,Residential,1791000,91700,,,,,,,,,
625 e 48th av,"",Sunset,625 e 48th av,004792955,769201670000,3,1910,,R1-1,Residential Inclusive,1635000,89200,,,,,,,,,
3136 w 10th av,3138 w 10th av,Kitsilano,3136 w 10th av,007627564,670053540000,3,1912,RS-5,R1-1,Residential Inclusive,2310000,165000,,,,,,,,,
2032 dunbar st,2034 dunbar st,Kitsilano,2032 dunbar st,011717548,41640540000,3,1916,RT-7,RT-7,Residential,1802000,49700,,,,,,,,,
2213 oxford st,2215 oxford st,Grandview-Woodland,2213 oxford st,015692256,577265150000,3,1956,RM-3A,RM-3A,Residential,1919000,69600,,,,,,,,,
6821 main st,6823 main st,Sunset,6821 main st,012144029,190795230000,3,1956,,RT-2,Residential,1463000,55700,,,,,,,,,
373 w 20th av,375 w 20th av;377 w 20th av,Riley Park,373 w 20th av,003717003,697172170000,3,1914,,R1-1,Residential Inclusive,2654000,163000,Eugene Mah & Jennie Mah,Eugene Mah & Jennie Mah,"",Long-term Rental,"",,,,
315 e 17th av,"",Riley Park,315 e 17th av,008614865,691194190000,3,1901,,R1-1,Residential Inclusive,1964000,265000,,,,,,,,,
2629 ontario st,"",Mount Pleasant,2629 ontario st,015549259,184654550000,3,1912,RT-6,R5-2,Residential,1527000,162000,,,,,,,,,
5389 victoria dr,5391 victoria dr,Kensington-Cedar Cottage,5389 victoria dr,013166085,250741750000,3,1913,,C-2A,Commercial,1151000,618000,Collingwood Investments Ltd,Collingwood Investments Ltd,"",Long-term Rental,"",,,,
2452 balsam st,"",Kitsilano,2452 balsam st,014864231,650078070000,3,1925,,RM-4,Residential,2350000,116000,,,,,,,,,
2616 mackenzie st,"",Kitsilano,2616 mackenzie st,007930372,67670360000,3,1912,RS-5,R1-1,Residential Inclusive,1916000,116000,,,,,,,,,
1455 e 11th av,"",Kensington-Cedar Cottage,1455 e 11th av,014265460,665230550000,3,1912,RT-5,RT-5,Residential,1730000,100000,,,,,,,,,
1973 w 1st av,"",Kitsilano,1973 w 1st av,010219366,634095270000,3,1912,RM-4,RM-4,Residential,2068000,523000,,,,,,,,,
1857 e 11th av,1839 e 11th av;1855 e 11th av;2631 victoria dr;2633 victoria dr;2635 victoria dr;2645 victoria dr;2653 victoria dr;2655 victoria dr;2657 victoria dr,Kensington-Cedar Cottage,2631 victoria dr,"","",3,1911,RM-4,,,,,,,,,,,,,
2136 graveley st,"",Grandview-Woodland,2136 graveley st,005686270,616259360000,3,1912,RT-5,RT-5,Residential,1821000,449000,,,,,,,,,
2078 w 6th av,"",Kitsilano,2078 w 6th av,015223027,643090260000,3,1908,RM-4,R5-3,Residential,4056200,41700,,,,,,,,,
2804 w 3rd av,"",Kitsilano,2804 w 3rd av,014487136,638062940000,3,1912,,RT-8,Residential,1943000,68100,Kats Rugby Football Club,Kats Rugby Football Club,"",Long-term Rental,"",,,,
2624 w 8th av,"",Kitsilano,2624 w 8th av,006015352,648072620000,3,1912,RT-8,RT-8,Residential,2218000,122000,,,,,,,,,
228 e 38th av,226 e 38th av,Riley Park,228 e 38th av,012623938,741190280000,3,1911,RS-1,R1-1,Residential Inclusive,1829000,408000,,,,,,,,,
2374 oxford st,"",Grandview-Woodland,2374 oxford st,015684296,577267740000,3,1911,RM-3A,RM-3A,Residential,1621000,108000,,,,,,,,,
115 w 20th av,119 w 20th av,Riley Park,115 w 20th av,013851993;013851951,697179810000,3,1914,,R1-1,Residential Inclusive,3378000,47500,,,,,,,,,
148 garden dr,"",Grandview-Woodland,148 garden dr,010123679,267586960000,3,1912,RM-3A,RM-3A,Residential,1344000,120000,,,,,,,,,
1281 e 22nd av,1288 kingsway;1290 kingsway,Kensington-Cedar Cottage,1281 e 22nd av,015081401,770225860000,3,1947,C-2,C-2A,Commercial,1205000,984000,,,,,,,,,
556 w 18th av,"",South Cambie,556 w 18th av,005226490,693165940000,3,1913,,R1-1,Residential Inclusive,2079000,56700,,,,,,,,,
2374 w 5th av,2376 w 5th av;2378 w 5th av,Kitsilano,2376 w 5th av,014966450,"",3,1912,RT-8,,,,,,,,,,,,,
1132 e 12th av,1130 e 12th av,Mount Pleasant,1130 e 12th av,003076881,670222260000,3,1912,RT-5,R3-2,Residential,1487000,120000,,,,,,,,,
2887 w 15th av,"",Kitsilano,2887 w 15th av,013720139,688067150000,3,1932,,R1-1,Residential Inclusive,2377000,77600,,,,,,,,,
2215 stephens st,2213 stephens st,Kitsilano,2215 stephens st,011754001,72643270000,3,1914,RT-8,RT-8,Residential,1855000,1246000,,,,,,,,,
625 e 49th av,"",Sunset,625 e 49th av,013958411,790201630000,3,1909,RS-1,R1-1,Residential Inclusive,1623000,125000,,,,,,,,,
1934 william st,"",Grandview-Woodland,1934 william st,015149340;015149307,606253340000,3,1910,RT-5,RT-5,Residential,3021000,10000,,,,,,,,,
44 w 17th av,42 w 17th av,Riley Park,44 w 17th av,014202344,691182600000,3,1911,RS-7,R1-1,Residential Inclusive,2731000,393000,,,,,,,,,
829 e 12th av,831 e 12th av,Mount Pleasant,829 e 12th av,005431433,670212290000,3,1912,RT-5,R3-2,Residential,1296000,96300,,,,,,,,,
4502 main st,208 e 29th av,Riley Park,4502 main st,014497727,190722020000,3,1946,C-2,C-2A,Commercial,1356000,528000,,,,,,,,,
3633 knight st,"",Kensington-Cedar Cottage,3633 knight st,012053279,230696330000,3,1910,,RM-1,Residential,1418000,87500,,,,,,,,,
3615 w 10th av,3617 w 10th av,Kitsilano,3615 w 10th av,004860985,670040850000,3,1916,RS-5,R1-1,Residential Inclusive,2130000,154000,,,,,,,,,
1618 e 10th av,"",Kensington-Cedar Cottage,1618 e 10th av,015519180,655234520000,3,1912,RT-5,RT-5,Residential,1533000,312000,,,,,,,,,
7039 main st,"",Sunset,7039 main st,013336061;013336053,190803390000,3,1954,RT-2,RT-2,Residential,2524000,10000,,,,,,,,,
644 e 13th av,"",Mount Pleasant,644 e 13th av,014103281,683206440000,3,1909,,R3-2,Residential,1817000,167000,Paul Whitehead & Lenore Frank,Paul Whitehead & Lenore Frank,"",Long-term Rental,"",,,,
2731 e 6th av,"",Hastings-Sunrise,2731 e 6th av,011691701,641275330000,3,1953,RS-1,R3-1,Residential,1625000,41300,,,,,,,,,
1150 e 13th av,1146 e 13th av;1148 e 13th av,Mount Pleasant,1146 e 13th av,003257622,"",3,1911,RT-5,,,,,,,,,,,,,
832 salsbury dr,"",Grandview-Woodland,832 salsbury dr,003843921,251598520000,3,1908,,RT-5,Residential,1347000,210000,,,,,,,,,
123 e hastings st,"",Downtown,123 e hastings st,015686418,590186350000,3,1903,DEOD,DEOD,Comprehensive Development,1227000,11500,,,,,,,,,
3125 st catherines st,"",Mount Pleasant,3125 st catherines st,014274329,214687250000,3,1910,RT-5,R3-2,Residential,1562000,104000,,,,,,,,,
1736 william st,"",Grandview-Woodland,1736 william st,011455667,606250360000,3,1912,RT-5,RT-5,Residential,1837000,270000,,,,,,,,,
1040 lakewood dr,"",Grandview-Woodland,1040 lakewood dr,011091321,259601400000,3,1912,,RT-5,Residential,1411000,96200,,,,,,,,,
3537 w 6th av,"",Kitsilano,3537 w 6th av,015405303,643041550000,3,1912,,RT-7,Residential,2012000,137000,(Frank Berger),(Frank Berger),"",Long-term Rental,"",,,,
1321 e 1st av,"",Grandview-Woodland,1321 e 1st av,"","",3,1910,RM-4N,,,,,,,,,,,,,
2376 w 8th av,2378 w 8th av,Kitsilano,2376 w 8th av,014864037,648078260000,3,1999,RT-8,RT-8,Residential,2753000,842000,,,,,,,,,
3240 w 1st av,3242 w 1st av;3244 w 1st av,Kitsilano,3240 w 1st av,015434079,634050440000,3,1910,RT-8,RT-8,Residential,3480000,162000,,,,,,,,,
2218 e 35th av,"",Kensington-Cedar Cottage,2218 e 35th av,005097029,735254180000,3,1955,RT-11,RT-11,Residential,2029000,106000,,,,,,,,,
1339 maple st,"",Kitsilano,1339 maple st,005220068,95627330000,3,1912,,RT-9,Residential,2672000,40200,(Richard Laurencelle),(Richard Laurencelle),"",Long-term Rental,"",,,,
1922 adanac st,"",Grandview-Woodland,1922 adanac st,003502368,598253220000,3,1912,RT-5,RT-5,Residential,1837000,201000,,,,,,,,,
2024 e 1st av,"",Grandview-Woodland,2024 e 1st av,012200549,630255240000,3,1912,RM-12N,RM-12,Residential,1456000,120000,,,,,,,,,
940 w 15th av,"",Fairview,940 w 15th av,003989283,688150700000,3,1925,RM-4,R3-3,Residential,1266000,167000,,,,,,,,,
458 e 13th av,"",Mount Pleasant,458 e 13th av,012461351,682198580000,3,1912,RT-5,R3-2,Residential,1369000,48800,,,,,,,,,
2304 st catherines st,"",Mount Pleasant,2304 st catherines st,015390624,214646040000,3,1912,,R3-3,Residential,1448000,265000,Vancouver Smartlipo Services Inc,Vancouver Smartlipo Services Inc,"",Long-term Rental,"",,,,
166 w 17th av,168 w 17th av,Riley Park,166 w 17th av,014205084,691179360000,3,1912,RS-7,R1-1,Residential Inclusive,2642000,32600,,,,,,,,,
3148 point grey rd,"",Kitsilano,3148 point grey rd,015433668,630053260000,3,1910,,RT-8,Residential,3617000,250000,(Phillip Larsen),(Phillip Larsen),"",Long-term Rental,"",,,,
1786 e 3rd av,1784 e 3rd av,Grandview-Woodland,1786 e 3rd av,004427742,633250480000,3,1908,RT-5,RT-5,Residential,1361000,278000,,,,,,,,,
810 e 12th av,812 e 12th av,Mount Pleasant,810 e 12th av,015269787,670212120000,3,1956,RT-5,R3-2,Residential,1453000,56700,,,,,,,,,
1909 trafalgar st,"",Kitsilano,1909 trafalgar st,015124924,73638270000,3,1910,,RT-8,Residential,1771000,71500,,,,,,,,,
1933 e broadway,1941 e broadway,Grandview-Woodland,1933 e broadway,015278131,650253370000,3,1955,RT-5N,RT-5,Residential,1511000,48800,,,,,,,,,
2549 prince albert st,2551 prince albert st,Mount Pleasant,2549 prince albert st,013554417,212650970000,3,1911,,R3-2,Residential,1307000,97100,(George Solymosi),(George Solymosi),"",Long-term Rental,"",,,,
3345 w 6th av,"",Kitsilano,3345 w 6th av,004425821,643045370000,3,1910,RT-7,RT-7,Residential,2236000,49900,,,,,,,,,
3325 w 2nd av,3327 w 2nd av,Kitsilano,3327 w 2nd av,015435105,636045710000,3,1912,RT-8,RT-8,Residential,2677000,662000,,,,,,,,,
1804 e 6th av,"",Grandview-Woodland,1804 e 6th av,"","",3,1912,RT-5,,,,,,,,,,,,,
122 w 18th av,"",Riley Park,122 w 18th av,003124312,693179720000,3,1912,,R1-1,Residential Inclusive,2446000,155000,,,,,,,,,
33 w 14th av,"",Mount Pleasant,33 w 14th av,007786379,684182570000,3,1907,,R3-2,Residential,2729000,96400,Helga E Stopper & Christian R Scullard,Helga E Stopper & Christian R Scullard,"",Long-term Rental,"",,,,
1856 e 13th av,"",Kensington-Cedar Cottage,1856 e 13th av,014984946,683250840000,3,1913,RT-5,RT-5,Residential,1729000,143000,,,,,,,,,
559 w 19th av,"",South Cambie,559 w 19th av,004214986,694165810000,3,1914,,R1-1,Residential Inclusive,2446000,51100,,,,,,,,,
946 w 14th av,952 w 14th av,Fairview,946 w 14th av,014031302,686150560000,3,1912,RM-4,R3-3,Residential,2900000,42100,,,,,,,,,
2521 balaclava st,"",Kitsilano,2521 balaclava st,004446046,58650650000,3,1914,,R1-1,Residential Inclusive,1882000,161000,,,,,,,,,
2590 w 2nd av,"",Kitsilano,2590 w 2nd av,014981076,636073060000,3,1912,RT-8,RT-8,Residential,3445000,410000,,,,,,,,,
2814 w 7th av,"",Kitsilano,2814 w 7th av,011455250,646069840000,3,1920,,RT-7,Residential,2187000,68800,George Salatelis & Despina Salatelis,George Salatelis & Despina Salatelis,"",Long-term Rental,"",,,,
681 w 19th av,"",South Cambie,681 w 19th av,014632586,694163470000,3,1911,,R1-1,Residential Inclusive,2446000,67100,,,,,,,,,
4231 sophia st,"",Riley Park,4231 sophia st,009744363,194713210000,3,1910,RS-7,R1-1,Residential Inclusive,1798000,140000,,,,,,,,,
506 e 43rd av,"",Sunset,506 e 43rd av,011953284,755201080000,3,1913,,RM-2,Residential,1613000,156000,Meaghan Duthie & Kevin Kingdon,Meaghan Duthie & Kevin Kingdon,"",Long-term Rental,"",,,,
1560 e 11th av,"",Kensington-Cedar Cottage,1560 e 11th av,032771568,665234360000,3,1912,RT-5,RT-5,Residential,,,,,,,,,,,
941 semlin dr,"",Grandview-Woodland,941 semlin dr,013545728,255600410000,3,1912,RT-5,RT-5,Residential,1399000,123000,,,,,,,,,
411 w 18th av,415 w 18th av,Riley Park,411 w 18th av,007680937,693170850000,3,1938,,R1-1,Residential Inclusive,2642000,38100,Lai K Yeung (Lai Yeung),Lai K Yeung (Lai Yeung),"",Long-term Rental,"",,,,
755 e 13th av,757 e 13th av;759 e 13th av,Mount Pleasant,755 e 13th av,015416887,683210570000,3,1910,RT-5,R3-2,Residential,1817000,163000,,,,,,,,,
533 union st,"",Strathcona,533 union st,006071767,598196330000,3,1900,RT-3,RT-3,Residential,1452000,251000,,,,,,,,,
1343 e 13th av,1345 e 13th av,Kensington-Cedar Cottage,1343 e 13th av,014928680,683230290000,3,1912,RT-5,RT-5,Residential,1730000,127000,,,,,,,,,
728 e 28th av,"",Kensington-Cedar Cottage,728 e 28th av,005200946,717210280000,3,1911,RS-1,R1-1,Residential Inclusive,1706000,43500,,,,,,,,,
3283 w 16th av,3287 w 16th av,Kitsilano,3283 w 16th av,013987011,690050130000,3,1955,C-1,C-1,Commercial,1746400,144000,,,,,,,,,
64 w 12th av,66 w 12th av,Mount Pleasant,64 w 12th av,010827731,670182160000,3,1950,RT-6,R3-2,Residential,2199000,30400,,,,,,,,,
810 e 10th av,812 e 10th av,Mount Pleasant,810 e 10th av,008502463,655212120000,3,1911,RT-5,R3-2,Residential,1817000,110000,,,,,,,,,
937 w 17th av,939 w 17th av,South Cambie,937 w 17th av,014527316,691150610000,3,1911,RS-7,R1-1,Residential Inclusive,2323000,35300,,,,,,,,,
1918 e 1st av,"",Grandview-Woodland,1918 e 1st av,015325423,630253180000,3,1912,RM-11N,RM-11,Residential,1242000,88700,,,,,,,,,
2614 w 7th av,"",Kitsilano,2614 w 7th av,004059841,646072860000,3,1912,RT-8,RT-8,Residential,2299000,68800,,,,,,,,,
305 w 16th av,3183 alberta st;3187 alberta st,Mount Pleasant,305 w 16th av,EPS5510,"",3,1919,RT-5,,,,,,,,,,,,,
3675 w 3rd av,3677 w 3rd av,Kitsilano,3675 w 3rd av,008470031,638040150000,3,1920,RT-8,RT-8,Residential,2677000,34700,,,,,,,,,
2315 e 1st av,"",Grandview-Woodland,2315 e 1st av,007887485,630267150000,3,1927,RM-12N,RM-12,Residential,1417000,84300,,,,,,,,,
1867 e 6th av,"",Grandview-Woodland,1867 e 6th av,014532247;014532255,641250890000,3,1912,RT-5,RT-5,Residential,1336000,127000,,,,,,,,,
3404 e 26th av,"",Renfrew-Collingwood,3404 e 26th av,014161109,704303120000,3,1912,RS-1,R1-1,Residential Inclusive,1650000,64100,,,,,,,,,
646 semlin dr,"",Grandview-Woodland,646 semlin dr,012986941,255594460000,3,1912,RT-5,RT-5,Residential,1322000,197000,,,,,,,,,
2536 guelph st,"",Mount Pleasant,2536 guelph st,014828235,198650360000,3,1910,RT-5,R5-2,Residential,1512000,215000,,,,,,,,,
950 e 12th av,"",Mount Pleasant,950 e 12th av,015258572,670214500000,3,1911,,R3-2,Residential,1729000,49900,Natale Pasqua & Lisa Pasqua,Natale Pasqua & Lisa Pasqua,"",Long-term Rental,"",,,,
1991 cornwall av,1995 cornwall av;1997 cornwall av,Kitsilano,1991 cornwall av,007067534,95627940000,3,1981,C-2B,C-2A,Commercial,2845000,3056000,,,,,,,,,
2717 franklin st,"",Hastings-Sunrise,2717 franklin st,015267857,588275150000,3,1909,,R1-1,Residential Inclusive,1577000,51800,,,,,,,,,
3305 sophia st,"",Riley Park,3305 sophia st,011251395,194691050000,3,1910,,R1-1,Residential Inclusive,1518000,568000,,,,,,,,,
1617 e 11th av,1619 e 11th av,Kensington-Cedar Cottage,1617 e 11th av,028289315,665234630000,3,1921,,RT-5,Residential,1730000,265000,,,,,,,,,
843 e 13th av,845 e 13th av,Mount Pleasant,843 e 13th av,008132798,683212430000,3,1911,,R3-2,Residential,1817000,80200,,,,,,,,,
3014 fraser st,3016 fraser st;3018 fraser st,Mount Pleasant,3014 fraser st,014643154,210684160000,3,1910,,RT-5,Residential,1493000,153000,Natalie Siu Locke (Natalie Locke),Natalie Siu Locke (Natalie Locke),"",Long-term Rental,"",,,,
2715 w 2nd av,2717 w 2nd av,Kitsilano,2715 w 2nd av,007764871,636070870000,3,1910,,RT-8,Residential,3523000,127000,Tanya Gertsoyg & Michael Gertsoyg & Yan Gertsoyg,Tanya Gertsoyg & Michael Gertsoyg & Yan Gertsoyg,"",Long-term Rental,"",,,,
3505 ash st,"",South Cambie,3505 ash st,011303468,165694430000,3,1911,RS-7,R1-1,Residential Inclusive,2104000,41800,,,,,,,,,
2653 w 3rd av,"",Kitsilano,2653 w 3rd av,015133711,638072350000,3,1912,,RT-8,Residential,2619000,114000,(Donald Gordon),(Donald Gordon),"",Long-term Rental,"",,,,
929 e 30th av,"",Kensington-Cedar Cottage,929 e 30th av,013733621,724214290000,3,1910,RS-1,R1-1,Residential Inclusive,1351000,311000,,,,,,,,,
1767 parker st,"",Grandview-Woodland,1767 parker st,015150551,601250670000,3,1912,RT-5,RT-5,Residential,1821000,140000,,,,,,,,,
1926 w 14th av,"",Kitsilano,1926 w 14th av,"","",3,1987,RT-8,,,,,,,,,,,,,
1039 e 41st av,"",Kensington-Cedar Cottage,1039 e 41st av,014812991,750216390000,3,1910,RS-1,R1-1,Residential Inclusive,1342000,103000,,,,,,,,,
2245 w 13th av,"",Kitsilano,2245 w 13th av,009298606,683084510000,3,1910,RT-7,R3-2,Residential,2899000,132000,,,,,,,,,
1823 e 8th av,"",Grandview-Woodland,1823 e 8th av,014207265,648251590000,3,1914,RT-5,RT-5,Residential,1862000,975000,,,,,,,,,
6585 victoria dr,1985 e 50th av;6591 victoria dr,Victoria-Fraserview,6585 victoria dr,014227428,250790910000,3,1929,,C-2A,Commercial,1342000,8000,(Yiu-Chung Chiu),(Yiu-Chung Chiu),"",Long-term Rental,"",,,,
1811 trafalgar st,"",Kitsilano,1811 trafalgar st,015133591,636072940000,3,1912,,RT-8,Residential,2298000,93100,,,,,,,,,
1963 w 1st av,"",Kitsilano,1963 w 1st av,014954800,634095390000,3,1912,RM-4,RM-4,Residential,2068000,851000,,,,,,,,,
1848 william st,"",Grandview-Woodland,1848 william st,014587700,606252480000,3,1913,RT-5,RT-5,Residential,1805000,142000,,,,,,,,,
2153 kingsway,"",Kensington-Cedar Cottage,2153 kingsway,"","",3,1947,C-2,,,,,,,,,,,,,
730 e 10th av,732 e 10th av,Mount Pleasant,732 e 10th av,012344427,"",3,1911,RT-5,,,,,,,,,,,,,
815 e 12th av,817 e 12th av,Mount Pleasant,815 e 12th av,007563256,670212170000,3,1912,RT-5,R3-2,Residential,1296000,80700,,,,,,,,,
3362 w 2nd av,3366 w 2nd av,Kitsilano,3362 w 2nd av,015430791,636045140000,3,1911,RT-8,RT-8,Residential,2677000,184000,,,,,,,,,
1924 parker st,"",Grandview-Woodland,1924 parker st,005401615,601253240000,3,1908,,RT-5,Residential,1821000,298000,Matthew Hinton & Robert Parkes,Matthew Hinton & Robert Parkes,"",Long-term Rental,"",,,,
4972 main st,"",Riley Park,4972 main st,003148262,190730320000,3,1956,RT-2,RT-2,Residential,1309000,113000,,,,,,,,,
3574 franklin st,"",Hastings-Sunrise,3574 franklin st,012893552,588305700000,3,1956,RS-1,R1-1,Residential Inclusive,1498000,39500,,,,,,,,,
214 w 14th av,"",Mount Pleasant,214 w 14th av,003968413,684173760000,3,1910,,R3-2,Residential,2511000,157000,(Edwin Nelson),(Edwin Nelson),"",Long-term Rental,"",,,,
4355 granville st,1515 w 28th av,Shaughnessy,4355 granville st,011016795,130717970000,3,1912,RS-5,R1-1,Residential Inclusive,2891000,338000,,,,,,,,,
1503 e 3rd av,"",Grandview-Woodland,1503 e 3rd av,006687202,633234030000,3,1910,,RM-4,Residential,1318000,112000,,,,,,,,,
2532 mackenzie st,"",Kitsilano,2532 mackenzie st,011681462,67650640000,3,1912,RS-5,R1-1,Residential Inclusive,1872000,47300,,,,,,,,,
1866 e 12th av,1868 e 12th av,Kensington-Cedar Cottage,1866 e 12th av,024140015,670250860000,3,1961,RM-11N,RM-11,Residential,1455000,60500,,,,,,,,,
1523 e 10th av,1525 e 10th av,Kensington-Cedar Cottage,1523 e 10th av,002425971,655234110000,3,1912,RT-5,RT-5,Residential,1769000,91600,,,,,,,,,
1942 charles st,"",Grandview-Woodland,1942 charles st,003507653,607253280000,3,1912,RT-5,RT-5,Residential,1568000,122000,,,,,,,,,
853 e king edward av,"",Kensington-Cedar Cottage,853 e king edward av,002460726,710212530000,3,1910,,R1-1,Residential Inclusive,1561000,78700,,,,,,,,,
2232 w 7th av,"",Kitsilano,2232 w 7th av,015214141,646084780000,3,1908,RM-4,R5-3,Residential,2068000,58700,,,,,,,,,
6192 fraser st,6196 fraser st;6198 fraser st,Sunset,6198 fraser st,013830104;013830112,"",3,1956,C-2,,,,,,,,,,,,,
743 e 14th av,"",Mount Pleasant,743 e 14th av,015414922,684210430000,3,1912,,R3-2,Residential,1817000,132000,,,,,,,,,
2037 macdonald st,2039 macdonald st,Kitsilano,2037 macdonald st,003571343,70640690000,3,1910,RT-7,RT-7,Residential,1723000,77500,,,,,,,,,
8877 granville st,8875 granville st;8879 granville st,Marpole,8877 granville st,013241958,130833770000,3,1946,RM-3A,RM-3A,Residential,659000,6100,,,,,,,,,
133 w 12th av,"",Mount Pleasant,133 w 12th av,011233869,670179530000,3,1912,RT-6,R3-2,Residential,1918000,89000,,,,,,,,,
117 w 13th av,"",Mount Pleasant,117 w 13th av,003484335,683179790000,3,1912,RT-6,R3-2,Residential,2207000,278000,,,,,,,,,
3337 w 2nd av,"",Kitsilano,3337 w 2nd av,015435130,636045550000,3,1912,RT-8,RT-8,Residential,2677000,243000,,,,,,,,,
2700 w 5th av,2704 w 5th av;2708 w 5th av,Kitsilano,2700 w 5th av,012441317,642070940000,3,1911,RT-8,RT-8,Residential,2205000,56700,,,,,,,,,
251 e 18th av,"",Riley Park,251 e 18th av,011251476;011251468,692190590000,3,1901,RS-7,R1-1,Residential Inclusive,2482000,126000,,,,,,,,,
2255 turner st,2257 turner st,Grandview-Woodland,2255 turner st,005677858,594265570000,3,1925,,RT-5,Residential,1551000,61900,,,,,,,,,
2241 e pender st,"",Grandview-Woodland,2241 e pender st,015907511,592265430000,3,1910,RM-8A,RM-8A,Residential,1690000,306000,,,,,,,,,
1336 maple st,1334 maple st,Kitsilano,1336 maple st,004119614,95627320000,3,1925,,RT-9,Residential,2672000,66800,,,,,,,,,
1335 e 12th av,"",Kensington-Cedar Cottage,1335 e 12th av,008413681,670230250000,3,1913,RM-11N,RM-11,Residential,1511000,87500,,,,,,,,,
1511 e 3rd av,"",Grandview-Woodland,1511 e 3rd av,008194408,633234110000,3,1910,RM-4,RM-4,Residential,1318000,172000,,,,,,,,,
314 w 12th av,"",Mount Pleasant,314 w 12th av,014565617,670171860000,3,1910,,R5-2,Residential,2805066,91300,,,,,,,,,
3085 knight st,3087 knight st,Kensington-Cedar Cottage,3085 knight st,009857800,230684870000,3,1955,RT-2,RT-2,Residential,1782000,76300,,,,,,,,,
1344 graveley st,"",Grandview-Woodland,1344 graveley st,015327264,616230440000,3,1912,,RM-4,Residential,1651000,172000,(Angelo Mior),(Angelo Mior),"",Long-term Rental,"",,,,
6357 beatrice st,"",Victoria-Fraserview,6357 beatrice st,009602780,246762510000,3,1957,,RT-2,Residential,2048000,72400,,,,,,,,,
7649 main st,7665 main st,Sunset,7649 main st,010682163,190814570000,3,1969,RT-2,RT-2,Residential,1787000,58700,,,,,,,,,
4824 fraser st,"",Kensington-Cedar Cottage,4824 fraser st,014122413;014122421,210728240000,3,1950,C-2,C-2A,Commercial,2546000,12600,,,,,,,,,
428 e 43rd av,430 e 43rd av,Sunset,428 e 43rd av,011136499,755197280000,3,1911,RM-2,RM-2,Residential,1617000,199000,,,,,,,,,
1222 e 18th av,1224 e 18th av,Kensington-Cedar Cottage,1222 e 18th av,008278113,692225240000,3,1910,RT-10,RT-10,Residential,1667000,234000,,,,,,,,,
1944 e 12th av,1946 e 12th av,Kensington-Cedar Cottage,1944 e 12th av,012072303,670253440000,3,1913,RM-11N,RM-11,Residential,1511000,125000,,,,,,,,,
280 e 19th av,"",Riley Park,280 e 19th av,EPS10949,"",3,1910,RS-7,,,,,,,,,,,,,
2627 w 5th av,2629 w 5th av,Kitsilano,2629 w 5th av,008411751,"",3,1912,RT-8,,,,,,,,,,,,,
2866 w 5th av,"",Kitsilano,2866 w 5th av,014557118,642062480000,3,1912,,RT-7,Residential,2851000,68500,,,,,,,,,
228 n nanaimo st,"",Hastings-Sunrise,228 n nanaimo st,013325353,270575500000,3,1907,,RM-3A,Residential,1227000,66700,Katherine L Bye (Katherine Bye),Katherine L Bye (Katherine Bye),"",Long-term Rental,"",,,,
555 w 20th av,3585 tupper st,South Cambie,555 w 20th av,014826755,697165970000,3,1910,,R1-1,Residential Inclusive,2243000,75100,(Remigio Rasman),(Remigio Rasman),"",Long-term Rental,"",,,,
2367 e georgia st,2369 e georgia st,Grandview-Woodland,2367 e georgia st,014922967,596267690000,3,1912,RT-5N,RT-5,Residential,1559000,38200,,,,,,,,,
2151 kitchener st,"",Grandview-Woodland,2151 kitchener st,014687526,611259510000,3,1912,,RT-5,Residential,1822000,47300,,,,,,,,,
6341 beatrice st,"",Victoria-Fraserview,6341 beatrice st,009602771,246762470000,3,1957,,RT-2,Residential,2048000,73500,,,,,,,,,
3276 ontario st,"",Riley Park,3276 ontario st,013596322,184690760000,3,1910,RS-7,R1-1,Residential Inclusive,1708000,120000,,,,,,,,,
186 w 12th av,188 w 12th av;190 w 12th av,Mount Pleasant,186 w 12th av,003145506,670179220000,3,1911,RT-6,R3-2,Residential,2251584,72900,(XIONG YUN HUANG),(XIONG YUN HUANG),"",Long-term Rental,"",,,,
3526 w 3rd av,3530 w 3rd av,Kitsilano,3526 w 3rd av,015420701,638041640000,3,1912,,RT-8,Residential,2142000,157000,(Odie Kaplan),(Odie Kaplan),"",Long-term Rental,"",,,,
1474 e 8th av,"",Grandview-Woodland,1474 e 8th av,010178961,648232740000,3,1929,RM-4,RM-4,Residential,1568000,114000,,,,,,,,,
820 w 18th av,822 w 18th av,South Cambie,820 w 18th av,015022218,693153800000,3,1913,RS-7,R1-1,Residential Inclusive,2446000,54000,,,,,,,,,
996 ringwood av,998 ringwood av,Kensington-Cedar Cottage,996 ringwood av,002813611,721214960000,3,1910,RS-1,R1-1,Residential Inclusive,1523000,193000,,,,,,,,,
3652 point grey rd,3654 point grey rd;3656 point grey rd,Kitsilano,3652 point grey rd,007762020,630040300000,3,1914,,RT-8,Residential,2989000,202000,(Yashar Khalighi),(Yashar Khalighi),"",Long-term Rental,"",,,,
1902 blenheim st,3260 w 3rd av,Kitsilano,1902 blenheim st,011763787,50638060000,3,1915,RT-8,RT-8,Residential,2498000,210000,,,,,,,,,
1824 stephens st,"",Kitsilano,1824 stephens st,010448942,72636540000,3,1910,RT-8,RT-8,Residential,2336000,164000,,,,,,,,,
1249 e 18th av,"",Kensington-Cedar Cottage,1249 e 18th av,009428259,692225490000,3,1913,,RT-10,Residential,1667000,79900,Foundation Enterprises Ltd,Foundation Enterprises Ltd,"",Long-term Rental,"",,,,
3895 quebec st,"",Riley Park,3895 quebec st,012532541,187703870000,3,1912,,R1-1,Residential Inclusive,1738000,198000,,,,,,,,,
3130 w 6th av,3132 w 6th av,Kitsilano,3130 w 6th av,015409724,643053640000,3,1912,RT-7,RT-7,Residential,2221000,172000,,,,,,,,,
3346 w 10th av,"",Kitsilano,3346 w 10th av,005012899,670045360000,3,1927,RS-5,R1-1,Residential Inclusive,2989000,324000,,,,,,,,,
2828 windsor st,2830 windsor st;2832 windsor st,Mount Pleasant,2828 windsor st,015257517,217670300000,3,1912,RT-5,R3-2,Residential,1236000,114000,,,,,,,,,
1603 e 13th av,"",Kensington-Cedar Cottage,1603 e 13th av,015552616,683234530000,3,1912,RT-5,RT-5,Residential,1738000,128000,,,,,,,,,
1260 e 12th av,"",Mount Pleasant,1260 e 12th av,015489515,670222840000,3,1910,RT-5,R3-2,Residential,1596000,84300,,,,,,,,,
1862 venables st,"",Grandview-Woodland,1862 venables st,015028577,600252620000,3,1910,RT-5,RT-5,Residential,1599000,172000,,,,,,,,,
1030 e pender st,1032 e pender st;1034 e pender st,Strathcona,1030 e pender st,015573745,592218340000,3,1905,,RT-3,Residential,1380000,257000,,,,,,,,,
3315 w 11th av,"",Kitsilano,3315 w 11th av,011038829,674045850000,3,1927,RS-5,R1-1,Residential Inclusive,2690000,461000,,,,,,,,,
447 w 19th av,"",Riley Park,447 w 19th av,014198011,694170550000,3,1911,,R1-1,Residential Inclusive,2446000,33100,Robert Ludlow & Ann Sleeper,Robert Ludlow & Ann Sleeper,"",Long-term Rental,"",,,,
2736 w 3rd av,2738 w 3rd av,Kitsilano,2736 w 3rd av,015125289,638070500000,3,1947,RT-8,RT-8,Residential,2866000,169000,,,,,,,,,
1906 blenheim st,1908 blenheim st,Kitsilano,1906 blenheim st,007630051,50638260000,3,1915,,RT-8,Residential,2498000,168000,Right At Home Ltd,Right At Home Ltd,"",Long-term Rental,"",,,,
854 e 12th av,856 e 12th av,Mount Pleasant,854 e 12th av,011948116,670212560000,3,1907,,R3-2,Residential,1453000,110000,,,,,,,,,
3417 w 3rd av,"",Kitsilano,3417 w 3rd av,015432106,638042850000,3,1912,,RT-8,Residential,2672000,131000,(Myra Elson),(Myra Elson),"",Long-term Rental,"",,,,
65 w 17th av,67 w 17th av,Riley Park,65 w 17th av,014211670,691182370000,3,1912,RS-7,R1-1,Residential Inclusive,2731000,35100,,,,,,,,,
457 e 11th av,459 e 11th av;461 e 11th av,Mount Pleasant,457 e 11th av,029308836,"",3,1905,,,,,,Shree Vidya Pitha Hindu Temple,Shree Vidya Pitha Hindu Temple,"",Long-term Rental,Non-Profit Housing,,,,
2582 w 5th av,"",Kitsilano,2582 w 5th av,011166690,642073160000,3,1912,RT-8,RT-8,Residential,2655000,304000,,,,,,,,,
6181 fraser st,6183 fraser st;6185 fraser st;6187 fraser st;6191 fraser st;689 e 46th av,Sunset,6183 fraser st,003499979;003499936,210758910000,3,1912,C-2,C-2A,Commercial,2819000,2062000,,,,,,,,,
537 e 10th av,539 e 10th av,Mount Pleasant,537 e 10th av,"","",3,1910,RT-5,,,,,,,,,,,,,
1983 whyte av,1985 whyte av,Kitsilano,1985 whyte av,"","",3,1946,RT-9,,,,,,,,,,,,,
1434 parker st,"",Grandview-Woodland,1434 parker st,013427105,601231340000,3,1910,RM-4,RM-4,Residential,1423000,166000,,,,,,,,,
3657 w 3rd av,3659 w 3rd av;3661 w 3rd av,Kitsilano,3657 w 3rd av,006671942,638040390000,3,1912,RT-8,RT-8,Residential,2677000,93000,,,,,,,,,
528 e 47th av,"",Sunset,528 e 47th av,010789758,765201220000,3,1928,RS-1,R1-1,Residential Inclusive,1635000,104000,,,,,,,,,
2546 trinity st,"",Hastings-Sunrise,2546 trinity st,009475044,568271460000,3,1911,RS-1,R1-1,Residential Inclusive,1574000,49700,,,,,,,,,
465 e 16th av,"",Mount Pleasant,465 e 16th av,014497000,689197650000,3,1956,RM-4N,R3-3,Residential,1922000,73600,,,,,,,,,
2221 ontario st,"",Mount Pleasant,2221 ontario st,002860481,184645450000,3,1908,I-1,I-1,Industrial,2348000,10000,,,,,,,,,
1049 e 10th av,1051 e 10th av,Mount Pleasant,1049 e 10th av,015056686,655217490000,3,1912,RT-5,R3-2,Residential,1817000,102000,,,,,,,,,
3348 w 3rd av,3350 w 3rd av,Kitsilano,3348 w 3rd av,015418812,638045360000,3,1912,RT-8,RT-8,Residential,2409000,191000,,,,,,,,,
4673 fraser st,"",Riley Park,4673 fraser st,012961850,210723730000,3,1955,,RT-2,Residential,1201000,136000,Christina M Scali & William J Thompson,Christina M Scali & William J Thompson,"",Long-term Rental,"",,,,
835 e 13th av,837 e 13th av;839 e 13th av,Mount Pleasant,835 e 13th av,012477079,683212370000,3,1911,,R3-2,Residential,1817000,194000,Craig Newcomb & Margaret Yee,Craig Newcomb & Margaret Yee,"",Long-term Rental,"",,,,
6993 fraser st,"",Sunset,6993 fraser st,009298479,210799930000,3,1950,RT-2,RT-2,Residential,1464000,36400,,,,,,,,,
383 e hastings st,"",Strathcona,383 e hastings st,011141034,590192830000,3,1901,,DEOD,Comprehensive Development,1250000,66100,,,,,,,,,
2158 wall st,"",Grandview-Woodland,2158 wall st,013469461,255570960000,3,1905,RM-3A,RM-3A,Residential,1867000,645000,,,,,,,,,
3080 clark dr,"",Kensington-Cedar Cottage,3080 clark dr,014825902,228684800000,3,1956,,RT-2,Residential,1584000,109000,,,,,,,,,
3080 w 5th av,"",Kitsilano,3080 w 5th av,011495022,642058160000,3,1921,RT-7,RT-7,Residential,2236000,42700,,,,,,,,,
3012 victoria dr,3016 victoria dr;3018 victoria dr,Kensington-Cedar Cottage,3012 victoria dr,012069574,253684160000,3,1910,,RT-5,Residential,1729000,59600,Justin Mattioli & Eileen Mattioli,Justin Mattioli & Eileen Mattioli,"",Long-term Rental,"",,,,
1060 w 15th av,1058 w 15th av;1062 w 15th av;1066 w 15th av,Fairview,1060 w 15th av,EPS9772,"",3,1912,RT-2,,,,,,,,,,,,,
1453 e 21st av,"",Kensington-Cedar Cottage,1453 e 21st av,012824241,698231150000,3,1910,RT-10,RT-10,Residential,1682000,112000,,,,,,,,,
3417 w 2nd av,"",Kitsilano,3417 w 2nd av,002515148,636042870000,3,1910,RT-8,RT-8,Residential,2677000,136000,,,,,,,,,
1115 semlin dr,1117 semlin dr,Grandview-Woodland,1115 semlin dr,011829206;011829281,255604170000,3,1911,RT-5,RT-5,Residential,1654000,174000,,,,,,,,,
1749 charles st,1751 charles st,Grandview-Woodland,1749 charles st,007945132,607250490000,3,1910,RT-5,RT-5,Residential,1709000,293000,,,,,,,,,
1612 e 8th av,"",Grandview-Woodland,1612 e 8th av,006723659,648234640000,3,1912,RM-4,RM-4,Residential,1568000,103000,,,,,,,,,
1057 e 13th av,"",Mount Pleasant,1057 e 13th av,015257479,683217570000,3,1912,RT-5,R3-2,Residential,1817000,1135000,,,,,,,,,
1805 e 11th av,"",Kensington-Cedar Cottage,1805 e 11th av,013237381,665250470000,3,1910,,RM-4,Residential,1568000,132000,(Kirstin Shaw),(Kirstin Shaw),"",Long-term Rental,"",,,,
3002 w 3rd av,"",Kitsilano,3002 w 3rd av,007333331,638058620000,3,1912,,RT-8,Residential,3275000,146000,425687 BC Ltd,425687 BC Ltd,"",Long-term Rental,"",,,,
3121 w 6th av,3119 w 6th av,Kitsilano,3121 w 6th av,014519461,643053750000,3,1913,RT-7,RT-7,Residential,2221000,643000,,,,,,,,,
3540 w 1st av,3542 w 1st av;3544 w 1st av,Kitsilano,3542 w 1st av,005270031,634041460000,3,1912,,RT-8,Residential,2677000,152000,(Tom Atkinson),(Tom Atkinson),"",Long-term Rental,"",,,,
1761 william st,1763 william st,Grandview-Woodland,1761 william st,014979080,606250610000,3,1912,RT-5,RT-5,Residential,1846000,134000,,,,,,,,,
314 w 13th av,316 w 13th av,Mount Pleasant,314 w 13th av,011722746,683171840000,3,1952,RT-6,R3-2,Residential,2365000,128000,,,,,,,,,
3206 w 6th av,"",Kitsilano,3206 w 6th av,011100036,643050940000,3,1926,,RT-7,Residential,2236000,65800,,,,,,,,,
900 w 15th av,3121 laurel st;904 w 15th av,Fairview,900 w 15th av,014032023,688150940000,3,1913,RM-4,R3-3,Residential,1482000,207000,,,,,,,,,
2294 mclean dr,"",Grandview-Woodland,2294 mclean dr,014682290,232641940000,3,1956,,RM-4,Residential,1412000,103000,1139198 BC Ltd,1139198 BC Ltd,"",Long-term Rental,"",,,,
909 e 16th av,907 e 16th av,Mount Pleasant,907 e 16th av,004474007,"",3,1910,RT-5,,,,,,,,,,,,,
338 w 14th av,"",Mount Pleasant,338 w 14th av,010816615,684171440000,3,1910,,R3-2,Residential,2807000,277000,MW Consulting Ltd,MW Consulting Ltd,"",Long-term Rental,"",,,,
1749 e 7th av,"",Grandview-Woodland,1749 e 7th av,003808246,646250270000,3,1912,,RT-5,Residential,1821000,154000,,,,,,,,,
3409 prince edward st,"",Riley Park,3409 prince edward st,011249919,197692110000,3,1910,RS-1,R1-1,Residential Inclusive,1482000,237000,,,,,,,,,
2412 stephens st,"",Kitsilano,2412 stephens st,015121844,72648260000,3,1912,RT-8,RT-8,Residential,1952000,103000,,,,,,,,,
256 e 16th av,"",Riley Park,256 e 16th av,004057384,689191560000,3,1908,RT-2,RT-2,Residential,1799000,226000,,,,,,,,,
2620 w 10th av,"",Kitsilano,2620 w 10th av,008853011,654072740000,3,1912,RS-7,R1-1,Residential Inclusive,2078000,95700,,,,,,,,,
3663 w 3rd av,"",Kitsilano,3663 w 3rd av,015433587,638040310000,3,1912,,RT-8,Residential,2677000,159000,,,,,,,,,
2072 kitchener st,1415 lakewood dr,Grandview-Woodland,2072 kitchener st,015431002,611255920000,3,1912,RT-5,RT-5,Residential,1740000,831000,,,,,,,,,
282 e 19th av,"",Riley Park,282 e 19th av,011249030,694190820000,3,1910,RS-7,R1-1,Residential Inclusive,1868000,126000,,,,,,,,,
4443 w 16th av,"",West Point Grey,4443 w 16th av,013025929,690024570000,3,1930,RS-1,R1-1,Residential Inclusive,2177000,141000,,,,,,,,,
1649 e 13th av,"",Kensington-Cedar Cottage,1649 e 13th av,014032279,683234810000,3,1920,RT-5,RT-5,Residential,1730000,212000,,,,,,,,,
1777 e 2nd av,"",Grandview-Woodland,1777 e 2nd av,010175229,631250390000,3,1912,,RT-5,Residential,1821000,340000,Jonathan Katz & Renee Katz,Jonathan Katz & Renee Katz,"",Long-term Rental,"",,,,
407 e 45th av,"",Sunset,407 e 45th av,013905210,758197110000,3,1910,,R1-1,Residential Inclusive,1788000,88200,,,,,,,,,
1628 graveley st,1626 graveley st,Grandview-Woodland,1628 graveley st,015158349,616236300000,3,1908,RM-4,RM-4,Residential,1651000,31700,,,,,,,,,
2130 napier st,2128 napier st,Grandview-Woodland,2130 napier st,EPS10334,"",3,1912,RT-5,,,,,,,,,,,,,
4046 beatrice st,"",Kensington-Cedar Cottage,4046 beatrice st,007968205,245701560000,3,1914,RT-10,RT-10,Residential,1421000,76700,,,,,,,,,
833 e 12th av,835 e 12th av,Mount Pleasant,833 e 12th av,008161461,670212330000,3,1912,RT-5,R3-2,Residential,1296000,150000,,,,,,,,,
1336 e 11th av,"",Kensington-Cedar Cottage,1336 e 11th av,014808846,665230180000,3,1912,,RT-5,Residential,1730000,165000,(Zou Deng),(Zou Deng),"",Long-term Rental,"",,,,
1233 e 33rd av,"",Kensington-Cedar Cottage,1233 e 33rd av,014139863,730225330000,3,1910,RS-1,R1-1,Residential Inclusive,1353000,56500,,,,,,,,,
1356 laburnum st,1358 laburnum st,Kitsilano,1356 laburnum st,EPS3195,"",3,1920,RT-9,,,,,,,,,,,,,
982 e 28th av,"",Kensington-Cedar Cottage,982 e 28th av,014125684,717214820000,3,1912,RS-1,R1-1,Residential Inclusive,1731000,93600,,,,,,,,,
1745 graveley st,"",Grandview-Woodland,1745 graveley st,015385515,616250450000,3,1912,,RT-5,Residential,1916000,72500,Zayvin Akbar Haqq (Zayvin Haqq),Zayvin Akbar Haqq (Zayvin Haqq),"",Long-term Rental,"",,,,
2054 trafalgar st,"",Kitsilano,2054 trafalgar st,004569091;004569075,73640540000,3,1912,,RT-8,Residential,2421000,134000,Bento Fernandes & Lydia Fernandes,Bento Fernandes & Lydia Fernandes,"",Long-term Rental,"",,,,
1337 cotton dr,"",Grandview-Woodland,1337 cotton dr,014659646,236607710000,3,1911,RM-4,RM-4,Residential,1268000,135000,,,,,,,,,
1776 e 2nd av,"",Grandview-Woodland,1776 e 2nd av,014896761,631250400000,3,1911,RT-5,RT-5,Residential,1821000,473000,,,,,,,,,
2305 cypress st,"",Kitsilano,2305 cypress st,010093231,97646070000,3,1912,RM-4,R5-3,Residential,1771000,142000,,,,,,,,,
2316 parker st,"",Grandview-Woodland,2316 parker st,004473647,601267160000,3,1912,RT-5,RT-5,Residential,1701000,81000,,,,,,,,,
2154 w 13th av,"",Kitsilano,2154 w 13th av,013890131,683087480000,3,1912,RT-7,R3-2,Residential,1924000,55500,,,,,,,,,
4794 fraser st,"",Kensington-Cedar Cottage,4794 fraser st,015322963,210727940000,3,1910,RT-2,RT-2,Residential,1213000,101000,,,,,,,,,
3436 point grey rd,3438 point grey rd,Kitsilano,3436 point grey rd,008930686,630042540000,3,1912,RT-8,RT-8,Residential,2102000,227000,,,,,,,,,
2641 cambridge st,"",Hastings-Sunrise,2641 cambridge st,003360938,576274410000,3,1929,RS-1,R1-1,Residential Inclusive,1595000,71600,,,,,,,,,
2424 stephens st,"",Kitsilano,2424 stephens st,015121861,72648460000,3,1912,,RT-8,Residential,1952000,32600,(Apostole Tzotzolis),(Apostole Tzotzolis),"",Long-term Rental,"",,,,
773 e 51st av,"",Sunset,773 e 51st av,004211545,793210730000,3,1913,RS-1,R1-1,Residential Inclusive,1661000,44500,,,,,,,,,
79 w 19th av,"",Riley Park,79 w 19th av,011829524,694182210000,3,1912,RS-7,R1-1,Residential Inclusive,2528000,44200,,,,,,,,,
737 e 13th av,"",Mount Pleasant,737 e 13th av,006531580,683210370000,3,1910,RT-5,R3-2,Residential,1817000,496000,,,,,,,,,
1428 parker st,1430 parker st,Grandview-Woodland,1428 parker st,025703455,601231280000,3,1910,,RM-4,Residential,1403000,269000,,,,,,,,,
2157 w 8th av,"",Kitsilano,2157 w 8th av,007797001,648087430000,3,1910,,R5-3,Residential,2068000,84200,(Patricia Reid),(Patricia Reid),"",Long-term Rental,"",,,,
2117 trafalgar st,2115 trafalgar st;2119 trafalgar st,Kitsilano,2115 trafalgar st,012318248,73642330000,3,1914,RT-8,RT-8,Residential,1643000,35800,,,,,,,,,
4120 commercial st,4126 commercial st,Kensington-Cedar Cottage,4120 commercial st,010498443,244701560000,3,1908,RT-10,RT-10,Residential,1450000,163000,,,,,,,,,
3025 yukon st,3027 yukon st,Mount Pleasant,3025 yukon st,004657322;004657306,171684350000,3,1920,RT-6,R3-2,Residential,2793000,180000,,,,,,,,,
474 e 12th av,472 e 12th av,Mount Pleasant,474 e 12th av,013940473,670198720000,3,1909,RT-5,R3-2,Residential,1330000,242000,,,,,,,,,
1842 e 8th av,"",Grandview-Woodland,1842 e 8th av,004259572,648251420000,3,1911,RT-5,RT-5,Residential,1613000,146000,,,,,,,,,
325 w 14th av,"",Mount Pleasant,325 w 14th av,014566958,684171690000,3,1912,,R3-2,Residential,2365000,231000,Donald A Silvan (Donald Silvan),Donald A Silvan (Donald Silvan),"",Long-term Rental,"",,,1,http://app.vancouver.ca/RPS_Net/Default.aspx?num=325&street=W%2014TH%20AVENUE
2420 carolina st,2418 carolina st,Mount Pleasant,2420 carolina st,013483366,206648200000,3,1997,RM-4,R5-4,Residential,1355000,425000,,,,,,,,,
215 w 12th av,"",Mount Pleasant,215 w 12th av,014563703,670173770000,3,1910,RT-6,R5-2,Residential,2668000,257000,,,,,,,,,
1123 e 10th av,1121 e 10th av,Mount Pleasant,1123 e 10th av,EPS4298,"",3,1908,RT-5,,,,,,,,,,,,,
440 w 17th av,438 w 17th av;442 w 17th av,Riley Park,440 w 17th av,005394996;005394899,691170580000,3,2008,RS-7,R1-1,Residential Inclusive,3364000,95900,,,,,,,,,
3030 glen dr,3028 glen dr,Mount Pleasant,3030 glen dr,005162092,222684300000,3,1912,RT-5,R3-2,Residential,1797000,829000,,,,,,,,,
2645 w 5th av,"",Kitsilano,2645 w 5th av,003637301,642072270000,3,1912,,RT-8,Residential,1772000,101000,,,,,,,,,
58 w 17th av,56 w 17th av,Riley Park,58 w 17th av,014202298,691182440000,3,1911,RS-7,R1-1,Residential Inclusive,2731000,621000,,,,,,,,,
1816 e 11th av,"",Kensington-Cedar Cottage,1816 e 11th av,014861470,665250500000,3,1912,RM-4,RM-4,Residential,1604000,34500,,,,,,,,,
3015 maddams st,3017 maddams st,Kensington-Cedar Cottage,3015 maddams st,013889877,231684150000,3,1912,RT-2,RT-2,Residential,1635000,147000,,,,,,,,,
4050 perry st,"",Kensington-Cedar Cottage,4050 perry st,013213237,237701500000,3,1910,RM-1,RM-1,Residential,1650000,19400,,,,,,,,,
2134 e pender st,2136 e pender st,Grandview-Woodland,2134 e pender st,015655920,592259340000,3,1924,,RT-5,Residential,1551000,130000,,,,,,,,,
818 semlin dr,822 semlin dr,Grandview-Woodland,818 semlin dr,014068800,255598220000,3,1912,RT-5,RT-5,Residential,1469000,179000,,,,,,,,,
2641 w 11th av,"",Kitsilano,2641 w 11th av,012440868,664072350000,3,1912,RS-7,R1-1,Residential Inclusive,2188000,395000,,,,,,,,,
474 w 18th av,478 w 18th av,Riley Park,474 w 18th av,014198185,693170300000,3,1914,,R1-1,Residential Inclusive,2446000,105000,(Lynn Dolan),(Lynn Dolan),"",Long-term Rental,"",,,,
227 w 18th av,225 w 18th av,Riley Park,227 w 18th av,003021637;003021521,693172790000,3,1913,RS-7,R1-1,Residential Inclusive,3364000,1100000,,,,,,,,,
1845 e 15th av,"",Kensington-Cedar Cottage,1845 e 15th av,004070062,685251450000,3,1912,RT-5,RT-5,Residential,1729000,160000,,,,,,,,,
2850 mackenzie st,2860 mackenzie st,Kitsilano,2850 mackenzie st,EPS10233,"",3,1928,RS-5,,,,,,,,,,,,,
166 w 18th av,"",Riley Park,166 w 18th av,013868381,693179340000,3,1910,,R1-1,Residential Inclusive,2446000,104000,,,,,,,,,
34 w 19th av,36 w 19th av,Riley Park,34 w 19th av,009823514,694182620000,3,1912,RS-7,R1-1,Residential Inclusive,2743000,295000,,,,,,,,,
1936 grant st,"",Grandview-Woodland,1936 grant st,015423158,"",3,1912,,,,,,,,,,,,,,
1143 e 13th av,"",Mount Pleasant,1143 e 13th av,012290149,683222310000,3,1912,RT-5,R3-2,Residential,1647000,196000,,,,,,,,,
1958 mcnicoll av,"",Kitsilano,1958 mcnicoll av,013931709,625095380000,3,1931,RT-9,RT-9,Residential,3385000,98700,,,,,,,,,
2142 grant st,"",Grandview-Woodland,2142 grant st,014646358,612259440000,3,1911,RT-5,RT-5,Residential,1709000,178000,,,,,,,,,
1750 e 5th av,1752 e 5th av,Grandview-Woodland,1752 e 5th av,015164527,638250300000,3,1910,RT-5,RT-5,Residential,1336000,814000,,,,,,,,,
327 e 18th av,"",Riley Park,327 e 18th av,011251565,692194270000,3,1905,RS-1,R1-1,Residential Inclusive,2348000,375000,,,,,,,,,
2740 w 4th av,2742 w 4th av;2744 w 4th av;2746 w 4th av,Kitsilano,2740 w 4th av,015124665,640070620000,3,1922,,C-2A,Commercial,2471000,561000,Athanase N T Varzeliotis (Athanase Varzeliotis),Athanase N T Varzeliotis (Athanase Varzeliotis),"",Long-term Rental,"",,,,
1879 triumph st,1881 triumph st;1883 triumph st,Grandview-Woodland,1879 triumph st,010969047,586251630000,3,1901,M-2,M-2,Industrial,2379000,7500,,,,,,,,,
2156 e 2nd av,2158 e 2nd av,Grandview-Woodland,2158 e 2nd av,007200471,631259560000,3,1912,RT-5,RT-5,Residential,1821000,818000,,,,,,,,,
2129 ferndale st,"",Grandview-Woodland,2129 ferndale st,005262038,593259290000,3,1913,RT-5,RT-5,Residential,1551000,87300,,,,,,,,,
122 w 19th av,126 w 19th av,Riley Park,122 w 19th av,013851781,694179740000,3,1910,RS-7,R1-1,Residential Inclusive,3046000,461000,,,,,,,,,
2617 w 7th av,"",Kitsilano,2617 w 7th av,015124134,646072870000,3,1912,RT-8,RT-8,Residential,2442000,95400,,,,,,,,,
3308 ash st,"",South Cambie,3308 ash st,029060800,165691060000,3,1902,,R1-1,Residential Inclusive,2007000,39400,(Eugene Sawka),(Eugene Sawka),"",Long-term Rental,"",,,,
1556 adanac st,809 woodland dr,Grandview-Woodland,1556 adanac st,002858622,598233940000,3,1910,,RM-4,Residential,1568000,86100,George Graydon & Sue Graydon & Stacy Graydon,George Graydon & Sue Graydon & Stacy Graydon,"",Long-term Rental,"",,,,
1734 stephens st,1736 stephens st,Kitsilano,1734 stephens st,014313685,72634500000,3,1912,RT-8,RT-8,Residential,2219000,176000,,,,,,,,,
3285 w 8th av,"",Kitsilano,3285 w 8th av,015403955,648050270000,3,1927,RT-7,RT-7,Residential,2236000,214000,,,,,,,,,
2918 woodland dr,"",Kensington-Cedar Cottage,2918 woodland dr,015495272,234683180000,3,1912,RT-5,RT-5,Residential,1926000,145000,,,,,,,,,
844 e 28th av,846 e 28th av,Kensington-Cedar Cottage,844 e 28th av,010934294,717212480000,3,2006,,R1-1,Residential Inclusive,1575000,173000,Drs S Larigakis & C Ferris Inc,Drs S Larigakis & C Ferris Inc,"",Long-term Rental,"",,,,
5008 gladstone st,"",Kensington-Cedar Cottage,5008 gladstone st,014086549,254733080000,3,1913,,RT-11,Residential,1623000,60800,,,,,,,,,
3495 w 14th av,"",Kitsilano,3495 w 14th av,006497993,686042070000,3,1930,RS-5,R1-1,Residential Inclusive,2377000,55900,,,,,,,,,
616 e 10th av,"",Mount Pleasant,616 e 10th av,004400399,655206160000,3,1906,RT-5,R3-2,Residential,1817000,137000,,,,,,,,,
3480 yukon st,"",Riley Park,3480 yukon st,009456732,172693960000,3,1912,RS-7,R1-1,Residential Inclusive,2632000,49900,,,,,,,,,
1760 napier st,"",Grandview-Woodland,1760 napier st,014979209,604250600000,3,1912,RT-5,RT-5,Residential,1846000,306000,,,,,,,,,
3440 point grey rd,3442 point grey rd,Kitsilano,3440 point grey rd,015263371,630042440000,3,1915,RT-8,RT-8,Residential,2150000,225000,,,,,,,,,
1930 e 12th av,"",Kensington-Cedar Cottage,1930 e 12th av,012072290,670253300000,3,1911,,RM-11,Residential,1511000,75400,,,,,,,,,
429 e pender st,"",Strathcona,429 e pender st,015578780,592194290000,3,1901,RT-3,RT-3,Residential,1307000,38700,,,,,,,,,
2271 pandora st,"",Grandview-Woodland,2271 pandora st,011365625,587265710000,3,1910,RM-3A,RM-3A,Residential,1361000,113000,,,,,,,,,
1611 e 10th av,"",Kensington-Cedar Cottage,1611 e 10th av,004580842,655234550000,3,1910,RT-5,RT-5,Residential,1785000,160000,,,,,,,,,
3642 w 11th av,"",Kitsilano,3642 w 11th av,015247864,674040460000,3,1915,RS-5,R1-1,Residential Inclusive,2502000,226000,,,,,,,,,
2719 ontario st,2721 ontario st,Mount Pleasant,2719 ontario st,015545954,184664570000,3,1912,,R5-2,Residential,1854000,101000,Eric Wallace & Janet Douglas,Eric Wallace & Janet Douglas,"",Long-term Rental,"",,,,
1860 e 2nd av,"",Grandview-Woodland,1860 e 2nd av,006614540,631250760000,3,1912,,RT-5,Residential,1821000,105000,Gary Sanvido & Alan Sanvido,Gary Sanvido & Alan Sanvido,"",Long-term Rental,"",,,,
3155 w 6th av,"",Kitsilano,3155 w 6th av,004412028,643053450000,3,1912,RT-7,RT-7,Residential,2221000,149000,,,,,,,,,
2720 windsor st,"",Mount Pleasant,2720 windsor st,011795808,217665200000,3,1912,RT-5,R3-2,Residential,1349000,218000,,,,,,,,,
3014 yukon st,372 w 14th av;374 w 14th av,Mount Pleasant,374 w 14th av,015947645,"",3,1928,RT-6,,,,,,,,,,,,,
3299 fleming st,"",Kensington-Cedar Cottage,3299 fleming st,015101363,237687390000,3,1911,RS-2,R1-1,Residential Inclusive,2028000,125000,,,,,,,,,
1718 victoria dr,"",Grandview-Woodland,1718 victoria dr,002647702,253630180000,3,1912,RM-11N,RM-11,Residential,1103000,561000,,,,,,,,,
882 e 32nd av,"",Kensington-Cedar Cottage,882 e 32nd av,012122700,728212820000,3,1913,RS-1,R1-1,Residential Inclusive,1750000,290000,,,,,,,,,
972 e 17th av,"",Kensington-Cedar Cottage,972 e 17th av,013000985,691214720000,3,1913,,RM-1,Residential,1667000,86100,,,,,,,,,
3629 w 2nd av,3631 w 2nd av,Kitsilano,3631 w 2nd av,005656681,"",3,1912,RT-8,,,,,,,,,,,,,
2920 carolina st,"",Mount Pleasant,2920 carolina st,014103028;014102935;014103087,206683200000,3,1913,RT-5,R3-2,Residential,1797000,91900,,,,,,,,,
2464 e 19th av,"",Renfrew-Collingwood,2464 e 19th av,006937101,693271780000,3,1926,RS-1,R1-1,Residential Inclusive,1519000,80100,,,,,,,,,
1836 e 1st av,"",Grandview-Woodland,1836 e 1st av,015078264,630252360000,3,1908,RM-11N,RM-11,Residential,1456000,39300,,,,,,,,,
1146 e 49th av,"",Sunset,1146 e 49th av,009738657,790221460000,3,1946,,R1-1,Residential Inclusive,1365000,279000,,,,,,,,,
2010 ferndale st,2012 ferndale st,Grandview-Woodland,2010 ferndale st,010496343,593255120000,3,1910,RT-5,RT-5,Residential,1284000,135000,,,,,,,,,
549 e 10th av,"",Mount Pleasant,549 e 10th av,"","",3,1934,RT-5,,,,,,,,,,,,,
1783 venables st,"",Grandview-Woodland,1783 venables st,015162761,600250830000,3,1957,,C-2C1,Commercial,1565000,67800,Eyal Daniel & Ellen Wiesenthal,Eyal Daniel & Ellen Wiesenthal,"",Long-term Rental,"",,,,
1912 blenheim st,"",Kitsilano,1912 blenheim st,011763795,50638460000,3,1915,RT-8,RT-8,Residential,2123000,167000,,,,,,,,,
735 w 18th av,"",South Cambie,735 w 18th av,004264452,693159570000,3,1910,,R1-1,Residential Inclusive,2446000,29100,,,,,,,,,
419 w 18th av,"",Riley Park,419 w 18th av,014207729,693170810000,3,1914,RS-7,R1-1,Residential Inclusive,2642000,34400,,,,,,,,,
2239 balaclava st,"",Kitsilano,2239 balaclava st,011557940,58643790000,3,1913,RT-7,RT-7,Residential,1897000,165000,,,,,,,,,
2487 kitchener st,1377 kamloops st,Hastings-Sunrise,2487 kitchener st,011291630,271607950000,3,1928,RS-5,R1-1,Residential Inclusive,1760000,200000,,,,,,,,,
250 e georgia st,"",Strathcona,250 e georgia st,015644464,596190500000,3,2007,HA-1A,HA-1A,Historical Area,1794000,1411000,,,,,,,,,
1924 whyte av,"",Kitsilano,1924 whyte av,013931172,626095740000,3,1912,RT-9,RT-9,Residential,3385000,567000,,,,,,,,,
1105 granville st,"",Downtown,1105 granville st,027388387,130608030000,3,1928,DD,DD,Comprehensive Development,8271000,167000,,,,,,,,,
1346 e 12th av,"",Kensington-Cedar Cottage,1346 e 12th av,013240889,670230280000,3,1912,RM-11N,RM-11,Residential,1511000,74000,,,,,,,,,
1803 e 8th av,"",Grandview-Woodland,1803 e 8th av,014207362,648251410000,3,1910,,RT-5,Residential,1821000,51600,,,,,,,,,
1994 e 12th av,2817 semlin dr;2819 semlin dr;2821 semlin dr,Kensington-Cedar Cottage,1994 e 12th av,012072346,670253940000,3,1955,,RM-11,Residential,1910000,225000,(Marina Lam),(Marina Lam),"",Long-term Rental,"",,,,
4336 elgin st,"",Kensington-Cedar Cottage,4336 elgin st,002606062,219714360000,3,1910,RS-1,R1-1,Residential Inclusive,1771000,64900,,,,,,,,,
3106 alberta st,"",Mount Pleasant,3106 alberta st,010239308,173687040000,3,1913,C-3A,R3-2,Residential,2807000,719000,,,,,,,,,
2322 graveley st,2320 graveley st,Grandview-Woodland,2322 graveley st,EPS8731,"",3,1912,RT-5,,,,,,,,,,,,,
245 w 12th av,247 w 12th av,Mount Pleasant,245 w 12th av,013903934,670173170000,3,1979,RT-6,R5-2,Residential,2807000,112000,,,,,,,,,
1930 e 3rd av,"",Grandview-Woodland,1930 e 3rd av,"","",3,1910,RT-5,,,,,,,,,,,,,
757 e 12th av,"",Mount Pleasant,757 e 12th av,011905824,670210570000,3,1911,RT-5,R3-2,Residential,1453000,116000,,,,,,,,,
1832 napier st,"",Grandview-Woodland,1832 napier st,015047482,604252240000,3,1910,RT-5,RT-5,Residential,1821000,347000,,,,,,,,,
1072 e 55th av,"",Sunset,1072 e 55th av,009240560,805216720000,3,1910,,R1-1,Residential Inclusive,1493000,104000,Avraham Malki and Nona Malki,Avraham Malki and Nona Malki,"",Long-term Rental,"",,,,
2006 e 3rd av,"",Grandview-Woodland,2006 e 3rd av,015330125,633255060000,3,1909,,RT-5,Residential,1821000,170000,,,,,,,,,
3228 w 1st av,3230 w 1st av;3232 w 1st av,Kitsilano,3228 w 1st av,015434125,634050640000,3,1912,,RT-8,Residential,4015000,249000,Deborah H Macdonald (Deborah Macdonald),Deborah H Macdonald (Deborah Macdonald),"",Long-term Rental,"",,,,
3139 st catherines st,"",Mount Pleasant,3139 st catherines st,011112841,214687970000,3,1913,,R3-2,Residential,1562000,131000,(William Squibb),(William Squibb),"",Long-term Rental,"",,,,
3555 w 3rd av,3557 w 3rd av;3559 w 3rd av,Kitsilano,3555 w 3rd av,015432858,638041250000,3,1911,RT-8,RT-8,Residential,2677000,146000,,,,,,,,,
2456 w 8th av,"",Kitsilano,2456 w 8th av,014865386,648077440000,3,1912,RT-8,RT-8,Residential,2753000,136000,,,,,,,,,
2825 ontario st,2823 ontario st,Mount Pleasant,2825 ontario st,004216202,184670450000,3,1901,RT-6,R3-2,Residential,1615237,707000,,,,,,,,,
700 princess av,"",Strathcona,700 princess av,014740851,596198060000,3,1905,RT-3,RT-3,Residential,1452000,767000,,,,,,,,,
1668 frances st,1670 frances st,Grandview-Woodland,1668 frances st,015165728,594235680000,3,1956,RM-4,RM-4,Residential,1579000,70400,,,,,,,,,
2662 eton st,"",Hastings-Sunrise,2662 eton st,010874950,575274680000,3,1909,RS-1,R1-1,Residential Inclusive,1596000,1342000,,,,,,,,,
871 e 13th av,"",Mount Pleasant,871 e 13th av,011948558,683212910000,3,1911,RT-5,R3-2,Residential,1817000,115000,,,,,,,,,
3461 fleming st,"",Kensington-Cedar Cottage,3461 fleming st,009441689,236692610000,3,1910,,RT-10,Residential,1540000,50000,,,,,,,,,
2238 stephens st,"",Kitsilano,2238 stephens st,015123987,72643840000,3,1912,RT-8,RT-8,Residential,1783000,68600,,,,,,,,,
1140 e georgia st,"",Strathcona,1140 e georgia st,014662159,596222400000,3,1908,RT-3,RT-3,Residential,1380000,246000,,,,,,,,,
1568 grant st,"",Grandview-Woodland,1568 grant st,015313280,612234700000,3,1913,RM-4,RM-4,Residential,1651000,87000,,,,,,,,,
2706 carolina st,608 e 11th av,Mount Pleasant,2706 carolina st,008697884,206665060000,3,1911,RT-5,R3-2,Residential,1482000,454000,,,,,,,,,
2216 e broadway,"",Kensington-Cedar Cottage,2216 e broadway,004575997,650265160000,3,1926,RS-1,R1-1,Residential Inclusive,1445000,96800,,,,,,,,,
3543 w 3rd av,3545 w 3rd av,Kitsilano,3543 w 3rd av,015432840,638041450000,3,1912,,RT-8,Residential,2677000,157000,(Barry Huggins),(Barry Huggins),"",Long-term Rental,"",,,,
2245 w 15th av,"",Kitsilano,2245 w 15th av,013887467,688084550000,3,1908,,R3-2,Residential,1932000,96500,,,,,,,,,
5778 main st,"",Sunset,5778 main st,010371621,190751140000,3,1958,,RT-2,Residential,1636000,62300,,,,,,,,,
3910 laurel st,"",South Cambie,3910 laurel st,013639978,153706040000,3,1944,RS-5,R1-1,Residential Inclusive,2609000,179000,,,,,,,,,
2237 e pender st,"",Grandview-Woodland,2237 e pender st,015669947,592265370000,3,1997,RM-8A,RM-8A,Residential,2101000,129000,,,,,,,,,
747 e 14th av,749 e 14th av,Mount Pleasant,747 e 14th av,015414906,"",3,1912,RT-5,,,,,,,,,,,,,
1063 e 13th av,"",Mount Pleasant,1063 e 13th av,015257461,683217630000,3,1912,,R3-2,Residential,1817000,102000,Andrew Marlo Ramlo (Andrew Ramlo),Andrew Marlo Ramlo (Andrew Ramlo),"",Long-term Rental,"",,,,
1387 w 7th av,1391 w 7th av;1399 w 7th av,Fairview,1391 w 7th av,003429113,"",3,1912,FM-1,,,,,,,,,,,,,
4949 joyce st,4955 joyce st;4959 joyce st,Renfrew-Collingwood,4955 joyce st,005099722,"",3,1976,RM-4N,,,,,,,,,,,,,
2913 woodland dr,2915 woodland dr,Kensington-Cedar Cottage,2913 woodland dr,012857068,234683150000,3,1913,RT-5,RT-5,Residential,1611000,156000,,,,,,,,,
2925 woodland dr,"",Kensington-Cedar Cottage,2925 woodland dr,012857131,234683250000,3,1912,,RT-5,Residential,1629000,107000,W M MacDonald (W MacDonald),W M MacDonald (W MacDonald),"",Long-term Rental,"",,,,
2130 e 3rd av,"",Grandview-Woodland,2130 e 3rd av,013938371,633259300000,3,1912,RT-5,RT-5,Residential,1777000,915000,,,,,,,,,
1243 victoria dr,"",Grandview-Woodland,1243 victoria dr,005411173,253606730000,3,1912,RT-5,RT-5,Residential,1306000,162000,,,,,,,,,
827 e 13th av,829 e 13th av;831 e 13th av,Mount Pleasant,827 e 13th av,013736621,683212290000,3,1911,,R3-2,Residential,1817000,103000,,,,,,,,,
1876 charles st,"",Grandview-Woodland,1876 charles st,006720854,607252960000,3,2014,,RT-5,Residential,1729000,438000,Picaflor Holdings Ltd,Picaflor Holdings Ltd,"",Long-term Rental,"",,,,
1976 grant st,"",Grandview-Woodland,1976 grant st,015423069,612253960000,3,1912,RT-5,RT-5,Residential,1740000,123000,,,,,,,,,
8364 shaughnessy st,"",Marpole,8364 shaughnessy st,014113112,151826260000,3,1959,,RT-2,Residential,1868000,71900,,,,,,,,,
59 e 22nd av,"",Riley Park,59 e 22nd av,009655271,703184590000,3,1911,RS-7,R1-1,Residential Inclusive,2108000,398000,,,,,,,,,
2556 w 2nd av,"",Kitsilano,2556 w 2nd av,005163731,636073560000,3,1912,RT-8,RT-8,Residential,3372000,862000,,,,,,,,,
3602 w 3rd av,"",Kitsilano,3602 w 3rd av,012192309,638040940000,3,1912,RT-8,RT-8,Residential,2543000,172000,,,,,,,,,
1747 trafalgar st,"",Kitsilano,1747 trafalgar st,011119501,73634750000,3,1905,RT-8,RT-8,Residential,1953000,93900,,,,,,,,,
755 e 16th av,"",Mount Pleasant,755 e 16th av,013737741,689211550000,3,1910,RT-5,R3-2,Residential,1535000,54100,,,,,,,,,
1943 napier st,"",Grandview-Woodland,1943 napier st,012454010,604253710000,3,1909,RT-5,RT-5,Residential,1675000,468000,,,,,,,,,
351 w 19th av,"",Riley Park,351 w 19th av,013871897,694172270000,3,1912,RS-7,R1-1,Residential Inclusive,2446000,54700,,,,,,,,,
749 e 21st av,"",Kensington-Cedar Cottage,749 e 21st av,013115391,698210490000,3,1912,RS-1,R1-1,Residential Inclusive,1835000,332000,,,,,,,,,
3068 clark dr,3066 clark dr,Kensington-Cedar Cottage,3066 clark dr,014825881,"",3,2002,RT-2,,,,,,,,,,,,,
1340 woodland dr,"",Grandview-Woodland,1340 woodland dr,002492512,234607720000,3,1910,RM-4,RM-4,Residential,1335000,204000,,,,,,,,,
2750 st george st,"",Mount Pleasant,2750 st george st,011275588,201665940000,3,1912,RT-5,R3-2,Residential,1190000,117000,,,,,,,,,
447 w 17th av,"",Riley Park,447 w 17th av,014214954,691170570000,3,1935,RS-7,R1-1,Residential Inclusive,2510000,45600,,,,,,,,,
1830 stephens st,"",Kitsilano,1830 stephens st,015133681,72636640000,3,1910,RT-8,RT-8,Residential,2220000,212000,,,,,,,,,
395 e 20th av,3545 prince edward st,Riley Park,395 e 20th av,011249439,696194950000,3,1926,RS-1,R1-1,Residential Inclusive,1925000,58300,,,,,,,,,
3929 knight st,3931 knight st,Kensington-Cedar Cottage,3931 knight st,013990934,"",3,1949,C-2,,,,,,,,,,,,,
2218 e 38th av,2216 e 38th av,Kensington-Cedar Cottage,2218 e 38th av,EPS10029,"",3,1912,RS-1,,,,,,,,,,,,,
344 w 16th av,342 w 16th av;346 w 16th av;348 w 16th av;350 w 16th av,Riley Park,344 w 16th av,014214342,690172420000,3,1942,RT-5,RT-5,Residential,3252000,3318000,,,,,,,,,
2051 e 4th av,2049 e 4th av;2053 e 4th av;2055 e 4th av,Grandview-Woodland,2051 e 4th av,EPS11379,"",3,1924,RT-5,,,,,,,,,,,,,
2119 macdonald st,2121 macdonald st,Kitsilano,2119 macdonald st,002493004,70642470000,3,1912,,RT-7,Residential,1728000,581000,,,,,,,,,
2890 w 8th av,"",Kitsilano,2890 w 8th av,002553546,648062380000,3,1912,RT-7,RT-7,Residential,1861000,39000,VERBANIA INVESTMENTS LTD.,VERBANIA INVESTMENTS LTD.,"",Long-term Rental,"",,,,
1418 e 12th av,"",Kensington-Cedar Cottage,1418 e 12th av,014356228,670230540000,3,1956,RM-11N,RM-11,Residential,1511000,50700,,,,,,,,,
2025 w 16th av,"",Kitsilano,2025 w 16th av,006975411,690091790000,3,1912,RT-8,R3-2,Residential,2288000,236000,,,,,,,,,
2485 w 7th av,"",Kitsilano,2485 w 7th av,002700875,646077150000,3,1919,RT-8,RT-8,Residential,2816000,78100,,,,,,,,,
3356 w 2nd av,"",Kitsilano,3356 w 2nd av,011127881,636045240000,3,1910,RT-8,RT-8,Residential,2677000,41200,,,,,,,,,
171 w 18th av,173 w 18th av;175 w 18th av,Riley Park,171 w 18th av,014205211,693179290000,3,1911,,R1-1,Residential Inclusive,2642000,34900,,,,,,,,,
2536 w 8th av,2532 w 8th av,Kitsilano,2532 w 8th av,002704676,"",3,1912,RT-8,,,,,,,,,,,,,
4374 prince edward st,"",Riley Park,4374 prince edward st,014530147,197713760000,3,1964,RS-1,R1-1,Residential Inclusive,1456000,106000,,,,,,,,,
2090 turner st,"",Grandview-Woodland,2090 turner st,008636800,594255960000,3,1930,RT-5,RT-5,Residential,1626000,92600,,,,,,,,,
3316 w 3rd av,"",Kitsilano,3316 w 3rd av,015418855,638045760000,3,1912,RT-8,RT-8,Residential,2409000,244000,,,,,,,,,
1717 dunbar st,"",Kitsilano,1717 dunbar st,011763779,41634470000,3,1912,RT-8,RT-8,Residential,2496000,204000,,,,,,,,,
180 w 18th av,"",Riley Park,180 w 18th av,013868349,693179220000,3,1912,RS-7,R1-1,Residential Inclusive,2446000,139000,,,,,,,,,
1855 parker st,1857 parker st,Grandview-Woodland,1855 parker st,009428691,601252570000,3,1912,,RT-5,Residential,1821000,102000,Komak Holdings Ltd,Komak Holdings Ltd,"",Long-term Rental,"",,,,
3516 w 2nd av,"",Kitsilano,3516 w 2nd av,006417604,636041860000,3,1912,RT-8,RT-8,Residential,2458000,142000,,,,,,,,,
2748 st catherines st,2750 st catherines st,Mount Pleasant,2748 st catherines st,013435647,214665980000,3,1911,RT-5,R3-2,Residential,1082000,113000,,,,,,,,,
861 e 14th av,863 e 14th av,Mount Pleasant,861 e 14th av,007248474,684212630000,3,1910,RT-5,R3-2,Residential,1817000,198000,,,,,,,,,
4339 fraser st,4343 fraser st,Riley Park,4339 fraser st,013825381,210714470000,3,1968,,C-2A,Commercial,1318000,1366000,Jurinak Holdings Ltd,Jurinak Holdings Ltd,"",Long-term Rental,"",,,,
2001 e 3rd av,1888 semlin dr,Grandview-Woodland,2001 e 3rd av,015328970;015329003,633255010000,3,1912,RT-5,RT-5,Residential,2003000,166000,,,,,,,,,
1887 w 3rd av,"",Kitsilano,1887 w 3rd av,011455764,638097150000,3,1912,,R3-3,Residential,2068000,83000,,,,,,,,,
1924 kitchener st,"",Grandview-Woodland,1924 kitchener st,015429539,611253240000,3,1912,RT-5,RT-5,Residential,1740000,138000,,,,,,,,,
1950 grant st,"",Grandview-Woodland,1950 grant st,015423026,612253500000,3,1912,RT-5,RT-5,Residential,1740000,83900,,,,,,,,,
1948 turner st,1950 turner st,Grandview-Woodland,1948 turner st,003161137,594253500000,3,1911,RT-5,RT-5,Residential,1671000,174000,,,,,,,,,
8594 fremlin st,8596 fremlin st;895 w 70th av,Marpole,8594 fremlin st,012817732,830152070000,3,1951,RM-3A,RM-3A,Residential,1187600,47900,,,,,,,,,
3486 w 2nd av,"",Kitsilano,3486 w 2nd av,014448297,636042120000,3,1914,,RT-8,Residential,2677000,155000,Dr Barbara Finlayson (Barbara Finlayson),Dr Barbara Finlayson (Barbara Finlayson),"",Long-term Rental,"",,,,
45 w 15th av,"",Mount Pleasant,45 w 15th av,012935735,687182390000,3,1905,RT-6,R3-2,Residential,2256000,49000,,,,,,,,,
3533 w 5th av,"",Kitsilano,3533 w 5th av,015412539,642041750000,3,1910,,RT-7,Residential,2125000,74200,,,,,,,,,
3342 w 7th av,"",Kitsilano,3342 w 7th av,015404536,646045540000,3,1912,RT-7,RT-7,Residential,2236000,107000,,,,,,,,,
3616 w 5th av,"",Kitsilano,3616 w 5th av,004070861,642040780000,3,1912,RT-7,RT-7,Residential,2236000,783000,,,,,,,,,
1807 collingwood st,"",Kitsilano,1807 collingwood st,006378471,42636070000,3,1912,RT-8,RT-8,Residential,2405000,251000,,,,,,,,,
1734 e 1st av,1738 e 1st av,Grandview-Woodland,1734 e 1st av,014895692,630250340000,3,1908,RM-11N,RM-11,Residential,1456000,360000,,,,,,,,,
3664 w 2nd av,"",Kitsilano,3664 w 2nd av,015433196,636040300000,3,2001,,RT-8,Residential,2677000,357000,Steve Fiskilis & Vicky Fiskilis,Steve Fiskilis & Vicky Fiskilis,"",Long-term Rental,"",,,,
2720 w 6th av,2722 w 6th av;2724 w 6th av,Kitsilano,2720 w 6th av,015050157,643070840000,3,1914,RT-8,RT-8,Residential,1967000,463000,,,,,,,,,
461 w 19th av,"",Riley Park,461 w 19th av,002982188,694170430000,3,1911,,R1-1,Residential Inclusive,2446000,33800,Satnam Dhillon & Paula Dhillon & Baljit Dhillon,Satnam Dhillon & Paula Dhillon & Baljit Dhillon,"",Long-term Rental,"",,,,
148 e 26th av,152 e 26th av,Riley Park,148 e 26th av,004008006,711187520000,3,1912,RS-7,R1-1,Residential Inclusive,1851000,171000,,,,,,,,,
3550 point grey rd,3552 point grey rd,Kitsilano,3550 point grey rd,004985915,630041380000,3,1924,RT-8,RT-8,Residential,2203000,418000,,,,,,,,,
2806 w 6th av,2205 macdonald st;2808 w 6th av,Kitsilano,2806 w 6th av,011454385,643062940000,3,1929,RT-7,RT-7,Residential,2624000,235000,,,,,,,,,
1613 salsbury dr,1615 salsbury dr;1617 salsbury dr,Grandview-Woodland,1613 salsbury dr,015385353,252616150000,3,1912,,RT-5,Residential,1288000,222000,Jade Tree Homes Ltd,Jade Tree Homes Ltd,"",Long-term Rental,"",,,,
649 e 11th av,651 e 11th av,Mount Pleasant,649 e 11th av,015265731,665206490000,3,1910,RT-5,R3-2,Residential,1817000,142000,,,,,,,,,
1942 mcnicoll av,"",Kitsilano,1942 mcnicoll av,013931725,625095560000,3,1912,RT-9,RT-9,Residential,3385000,170000,,,,,,,,,
770 e pender st,774 e pender st,Strathcona,770 e pender st,015575802;015575781,592205740000,3,1953,,RT-3,Residential,2815000,26500,,,,,,,,,
2150 adanac st,"",Grandview-Woodland,2150 adanac st,014894742,598259500000,3,1911,RT-5,RT-5,Residential,1766000,133000,,,,,,,,,
2901 w 5th av,"",Kitsilano,2901 w 5th av,002622301,642062270000,3,1912,RT-7,RT-7,Residential,2255000,220000,,,,,,,,,
3377 e 27th av,"",Renfrew-Collingwood,3377 e 27th av,014395002,706300470000,3,1912,RS-1,R1-1,Residential Inclusive,1716000,84200,,,,,,,,,
1033 e 12th av,1035 e 12th av,Mount Pleasant,1033 e 12th av,013319116,670217330000,3,2007,RT-5,R3-2,Residential,1453000,322000,,,,,,,,,
1241 e 13th av,1243 e 13th av,Mount Pleasant,1241 e 13th av,EPS3210,"",3,1907,RT-5,,,,,,,,,,,,,
1612 e 57th av,"",Victoria-Fraserview,1612 e 57th av,006945945,810236120000,3,1956,,R1-1,Residential Inclusive,1496000,119000,,,,,,,,,
1640 alma st,"",Kitsilano,1640 alma st,015444988,40630540000,3,1912,RT-8,RT-8,Residential,2543000,1641000,,,,,,,,,
83 e 22nd av,"",Riley Park,83 e 22nd av,015256766,703184830000,3,1910,RS-7,R1-1,Residential Inclusive,2108000,364000,,,,,,,,,
1923 graveley st,"",Grandview-Woodland,1923 graveley st,015423131,616253230000,3,1907,,RT-5,Residential,1595000,128000,Wendy A Chatwin (Wendy Chatwin),Wendy A Chatwin (Wendy Chatwin),"",Long-term Rental,"",,,,
956 e 16th av,958 e 16th av,Kensington-Cedar Cottage,956 e 16th av,010183566,689214580000,3,1914,,RT-5,Residential,1906000,169000,(Lynn Siddaway),(Lynn Siddaway),"",Long-term Rental,"",,,,
3522 point grey rd,3526 point grey rd,Kitsilano,3522 point grey rd,015444147,630041700000,3,1912,,RT-8,Residential,2138000,166000,Right At Home Ltd,Right At Home Ltd,"",Long-term Rental,"",,,,
1374 e 10th av,1376 e 10th av;1378 e 10th av,Kensington-Cedar Cottage,1374 e 10th av,014868385,655230400000,3,1920,RT-5,RT-5,Residential,1730000,135000,,,,,,,,,
3235 w 2nd av,3237 w 2nd av,Kitsilano,3235 w 2nd av,015434451,636050530000,3,1915,RT-8,RT-8,Residential,2677000,772000,,,,,,,,,
1351 salsbury dr,"",Grandview-Woodland,1351 salsbury dr,013743856,252607910000,3,1912,,RT-5,Residential,1310000,164000,Chi Koo Chow (Chi Chow),Chi Koo Chow (Chi Chow),"",Long-term Rental,"",,,,
7556 fraser st,"",Sunset,7556 fraser st,014487853,210813560000,3,1956,RT-2,RT-2,Residential,1384000,63700,,,,,,,,,
978 e 37th av,976 e 37th av,Kensington-Cedar Cottage,978 e 37th av,008590036,741215800000,3,1910,RS-1,R1-1,Residential Inclusive,1568000,208000,,,,,,,,,
4330 watson st,4332 watson st;4334 watson st,Riley Park,4330 watson st,003693112,191713840000,3,1910,,R1-1,Residential Inclusive,1216000,154000,Donald M Pallesen (Donald Pallesen),Donald M Pallesen (Donald Pallesen),"",Long-term Rental,"",,,,
4054 fleming st,"",Kensington-Cedar Cottage,4054 fleming st,012889288,236701860000,3,1911,,RM-1,Residential,1799000,179000,Amarvir S Minhas & Surinder K Minhas,Amarvir S Minhas & Surinder K Minhas,"",Long-term Rental,"",,,,
801 e broadway,"",Mount Pleasant,801 e broadway,015065090,650212010000,3,1910,RM-4N,R3-3,Residential,897000,910000,,,,,,,,,
3648 w 2nd av,"",Kitsilano,3648 w 2nd av,015433200,636040440000,3,1912,RT-8,RT-8,Residential,2677000,985000,,,,,,,,,
1956 grant st,1958 grant st,Grandview-Woodland,1956 grant st,015423034,612253560000,3,1912,RT-5,RT-5,Residential,1740000,97900,,,,,,,,,
2325 e 1st av,"",Grandview-Woodland,2325 e 1st av,014699923,630267250000,3,1922,RM-12N,RM-12,Residential,1334000,455000,,,,,,,,,
448 e 10th av,444 e 10th av,Mount Pleasant,448 e 10th av,EPS7363,"",3,1910,RT-5,,,,,,,,,,,,,
2940 w 6th av,"",Kitsilano,2940 w 6th av,011574402,643058760000,3,1912,RT-7,RT-7,Residential,2219000,95300,,,,,,,,,
1735 e 12th av,1745 e 12th av,Kensington-Cedar Cottage,1735 e 12th av,004377681,670250190000,3,1969,RM-4N,RM-4,Residential,1817000,68300,,,,,,,,,
3523 w 2nd av,"",Kitsilano,3523 w 2nd av,008142874,636041750000,3,1912,,RT-8,Residential,2677000,153000,Thomas Szigeti and Gavriella Szigeti,Thomas Szigeti and Gavriella Szigeti,"",Long-term Rental,"",,,,
4504 beatrice st,"",Kensington-Cedar Cottage,4504 beatrice st,004556542,246770360000,3,1914,RS-1,R1-1,Residential Inclusive,1572000,141000,,,,,,,,,
307 w 18th av,"",Riley Park,307 w 18th av,003966712,693172450000,3,1911,RS-7,R1-1,Residential Inclusive,2642000,38100,,,,,,,,,
679 w 19th av,"",South Cambie,679 w 19th av,003126757,694163550000,3,1911,,R1-1,Residential Inclusive,2446000,61900,,,,,,,,,
3160 dunbar st,3190 dunbar st,Kitsilano,3160 dunbar st,013300768;013300750,690041050000,3,1927,,R1-1,Residential Inclusive,3850000,10000,,,,,,,,,
2537 balaclava st,"",Kitsilano,2537 balaclava st,011809035,58650850000,3,1914,RS-5,R1-1,Residential Inclusive,1882000,892000,,,,,,,,,
47 e 22nd av,"",Riley Park,47 e 22nd av,015256740,703184470000,3,1913,RS-7,R1-1,Residential Inclusive,2108000,383000,,,,,,,,,
1755 e 1st av,"",Grandview-Woodland,1755 e 1st av,003749363,630250550000,3,1910,,RM-11,Residential,1694000,10000,,,,,,,,,
1071 e 12th av,1073 e 12th av,Mount Pleasant,1071 e 12th av,002822881,670217710000,3,1911,,R3-2,Residential,1262000,88700,,,,,,,,,
2646 w 7th av,"",Kitsilano,2646 w 7th av,004018192,646072300000,3,1912,RT-8,RT-8,Residential,2184000,566000,,,,,,,,,
5074 victoria dr,5076 victoria dr,Kensington-Cedar Cottage,5074 victoria dr,014654857,250733780000,3,1968,,C-2A,Commercial,1325000,438000,K & A Enterpirses Ltd,K & A Enterpirses Ltd,"",Long-term Rental,"",,,,
522 keefer st,"",Strathcona,522 keefer st,009824120,594196220000,3,1910,RT-3,RT-3,Residential,1452000,314000,,,,,,,,,
517 e 11th av,"",Mount Pleasant,517 e 11th av,"","",3,1909,RT-6,,,,,,,,,,,,,
1154 e 11th av,1156 e 11th av,Mount Pleasant,1154 e 11th av,006686192,665222340000,3,1912,RT-5,R3-2,Residential,1817000,232000,,,,,,,,,
537 e 17th av,"",Riley Park,537 e 17th av,014495082,691199370000,3,1921,,R1-1,Residential Inclusive,1526000,93200,,,,,,,,,
1670 commercial dr,1674 commercial dr;1678 commercial dr,Grandview-Woodland,1674 commercial dr,014848996,"",3,1911,C-2C,,,,,,,,,,,,,
4598 moss st,"",Renfrew-Collingwood,4598 moss st,013319043,282715540000,3,1912,RS-1,R1-1,Residential Inclusive,1615000,59500,,,,,,,,,
1470 graveley st,1468 graveley st,Grandview-Woodland,1470 graveley st,010163425,616232700000,3,1910,RM-4,RM-4,Residential,1651000,275000,,,,,,,,,
3622 w 18th av,"",Dunbar-Southlands,3622 w 18th av,011672811,692037860000,3,1938,RS-5,R1-1,Residential Inclusive,2361000,249000,,,,,,,,,
1543 victoria dr,1541 victoria dr,Grandview-Woodland,1541 victoria dr,015385299,"",3,1911,M-2,,,,,,,,,,,,,
4796 victoria dr,"",Kensington-Cedar Cottage,4796 victoria dr,008870560,250726960000,3,1956,RT-2,RT-2,Residential,1359000,57900,,,,,,,,,
2829 victoria dr,"",Kensington-Cedar Cottage,2829 victoria dr,004016254,253670590000,3,1911,RT-5,RT-5,Residential,1729000,183000,,,,,,,,,
1819 w 15th av,1825 w 15th av,Kitsilano,1819 w 15th av,EPS7524,"",3,1913,RT-8,,,,,,,,,,,,,
504 cassiar st,"",Hastings-Sunrise,504 cassiar st,014461323,300592040000,3,1927,RS-1,R1-1,Residential Inclusive,1347000,90000,,,,,,,,,
582 w 16th av,"",South Cambie,582 w 16th av,015156427,690165340000,3,1910,,RM-4,Residential,2078000,31000,,,,,,,,,
556 e 11th av,558 e 11th av,Mount Pleasant,556 e 11th av,015272931,665201580000,3,1908,,R3-2,Residential,1817000,78400,,,,,,,,,
1124 e 14th av,"",Mount Pleasant,1124 e 14th av,011921315,684222120000,3,1957,RT-5,R3-2,Residential,2281000,74000,,,,,,,,,
649 e 10th av,"",Mount Pleasant,649 e 10th av,007764847,655206490000,3,1910,RT-5,R3-2,Residential,1726000,175000,,,,,,,,,
2900 w 3rd av,2906 w 3rd av;2908 w 3rd av,Kitsilano,2900 w 3rd av,002632691,638062320000,3,1912,RT-8,RT-8,Residential,2420000,160000,,,,,,,,,
1350 e 10th av,"",Kensington-Cedar Cottage,1350 e 10th av,006757855,655230280000,3,1912,RT-5,RT-5,Residential,1730000,100000,,,,,,,,,
2146 william st,"",Grandview-Woodland,2146 william st,015303063,606259460000,3,1912,RT-5,RT-5,Residential,1821000,509000,,,,,,,,,
2286 w 6th av,"",Kitsilano,2286 w 6th av,015224619,643084180000,3,1910,,R5-4,Residential,2068000,105000,,,,,,,,,
6957 lanark st,"",Victoria-Fraserview,6957 lanark st,010124667,231799570000,3,1952,RS-1,R1-1,Residential Inclusive,1833000,60700,,,,,,,,,
2314 st george st,"",Mount Pleasant,2314 st george st,002556057,201646140000,3,1903,,RM-4,Residential,1774000,92300,,,,,,,,,
1742 e 12th av,1744 e 12th av,Kensington-Cedar Cottage,1742 e 12th av,009315144,670250200000,3,1913,RM-11N,RM-11,Residential,1296000,145000,,,,,,,,,
3516 sophia st,"",Riley Park,3516 sophia st,005442184,194694160000,3,1910,,R1-1,Residential Inclusive,1586000,187000,,,,,,,,,
1986 w 13th av,"",Kitsilano,1986 w 13th av,008625280,683095140000,3,1910,RT-8,R3-2,Residential,3221000,316000,,,,,,,,,
3258 w 7th av,"",Kitsilano,3258 w 7th av,008666725,646050240000,3,1912,RT-7,RT-7,Residential,2236000,89500,,,,,,,,,
1844 e georgia st,1846 e georgia st,Grandview-Woodland,1844 e georgia st,015654397,596251460000,3,1906,,RM-4,Residential,1557000,82800,,,,,,,,,
1785 e 2nd av,"",Grandview-Woodland,1785 e 2nd av,014895951,631250470000,3,1912,RT-5,RT-5,Residential,1821000,284000,,,,,,,,,
153 w 19th av,"",Riley Park,153 w 19th av,004783000,694179450000,3,1914,RS-7,R1-1,Residential Inclusive,2446000,79600,,,,,,,,,
5434 killarney st,"",Renfrew-Collingwood,5434 killarney st,013022181,284770280000,3,1910,RS-1,R1-1,Residential Inclusive,1568000,70000,,,,,,,,,
193 e 48th av,195 e 48th av;197 e 48th av,Sunset,193 e 48th av,003428982,769188950000,3,1953,,RT-2,Residential,1254000,59100,Van Phan & Mui Au,Van Phan & Mui Au,"",Long-term Rental,"",,,,
2629 e hastings st,2631 e hastings st;2633 e hastings st,Hastings-Sunrise,2633 e hastings st,015296164,"",3,1946,C-2C,,,,,,,,,,,,,
1803 mcspadden av,1805 mcspadden av,Grandview-Woodland,1803 mcspadden av,012024635,637250490000,3,1912,RT-5,RT-5,Residential,1558000,445000,,,,,,,,,
1524 victoria dr,1526 victoria dr;1528 victoria dr,Grandview-Woodland,1524 victoria dr,013710591,253612240000,3,1910,,RT-5,Residential,1402000,118000,(Oliver Schneider),(Oliver Schneider),"",Long-term Rental,"",,,,
3561 w 5th av,3563 w 5th av,Kitsilano,3561 w 5th av,010827790,642041150000,3,1912,,RT-7,Residential,2104000,100000,,,,,,,,,
541 prior st,"",Strathcona,541 prior st,EPS11464,"",3,1910,,,,,,(Christopher Ong),(Christopher Ong),"",Long-term Rental,"",,,,
2040 pandora st,2048 pandora st;2050 pandora st,Grandview-Woodland,2048 pandora st,015680851;015680835,"",3,1913,RM-3A,,,,,,,,,,,,,
3016 w 11th av,"",Kitsilano,3016 w 11th av,011205784,674058980000,3,1927,,R1-1,Residential Inclusive,3059000,57100,,,,,,,,,
1746 william st,"",Grandview-Woodland,1746 william st,011104741,606250460000,3,1910,RT-5,RT-5,Residential,1837000,158000,,,,,,,,,
3563 w 1st av,3565 w 1st av,Kitsilano,3563 w 1st av,008371474,634041150000,3,1939,RT-8,RT-8,Residential,3023000,305000,,,,,,,,,
2366 w 6th av,"",Kitsilano,2366 w 6th av,015018644,643078360000,3,1920,,RT-8,Residential,2816000,63400,,,,,,,,,
995 w 22nd av,"",South Cambie,995 w 22nd av,006549853,703150250000,3,1914,RS-5,R1-1,Residential Inclusive,2279000,441000,,,,,,,,,
1646 charles st,"",Grandview-Woodland,1646 charles st,014968185,607236460000,3,1911,RM-4,RM-4,Residential,1670000,794000,,,,,,,,,
3112 point grey rd,"",Kitsilano,3112 point grey rd,015433722,630053860000,3,1925,RT-8,RT-8,Residential,2810000,287000,,,,,,,,,
543 e 10th av,"",Mount Pleasant,543 e 10th av,"","",3,1937,RT-5,,,,,,,,,,,,,
1062 e 12th av,"",Mount Pleasant,1062 e 12th av,007627602,670217620000,3,1912,,R3-2,Residential,1453000,81300,,,,,,,,,
2849 prince albert st,"",Mount Pleasant,2849 prince albert st,004317572,212670910000,3,1912,,R3-2,Residential,1506000,121000,,,,,,,,,
2752 w 7th av,"",Kitsilano,2752 w 7th av,012707881,646070240000,3,1912,RT-8,RT-8,Residential,1965000,48300,,,,,,,,,
628 e 12th av,630 e 12th av;632 e 12th av,Mount Pleasant,628 e 12th av,015330419,670206280000,3,1914,,R3-2,Residential,1453000,188000,,,,,,,,,
912 e 10th av,916 e 10th av,Mount Pleasant,912 e 10th av,015270556,655214160000,3,1909,RT-5,R3-2,Residential,1817000,75800,,,,,,,,,
3457 w 7th av,"",Kitsilano,3457 w 7th av,004824369,646042250000,3,1912,RT-7,RT-7,Residential,2236000,50400,,,,,,,,,
2112 w 8th av,"",Kitsilano,2112 w 8th av,015196020,648087860000,3,1911,RM-4,RM-4,Residential,2112000,62800,,,,,,,,,
3275 w 16th av,3277 w 16th av,Kitsilano,3275 w 16th av,013987003,690050210000,3,1955,C-1,C-1,Commercial,1770000,139000,,,,,,,,,
1828 e 11th av,1830 e 11th av,Kensington-Cedar Cottage,1828 e 11th av,006612431,665250600000,3,1912,,RM-4,Residential,1604000,117000,,,,,,,,,
3445 w 1st av,3447 w 1st av;3449 w 1st av,Kitsilano,3445 w 1st av,015443698,634042390000,3,1912,,RT-8,Residential,2302000,217000,(Frances Ritch),(Frances Ritch),"",Long-term Rental,"",,,,
3034 glen dr,3036 glen dr,Mount Pleasant,3034 glen dr,005218047,222684360000,3,1912,RT-5,R3-2,Residential,1708000,76300,,,,,,,,,
1989 w king edward av,"",Shaughnessy,1989 w king edward av,016125045,710095050000,3,1920,,FSD,Comprehensive Development,3356395,141000,Zui Chu Lee (Zui Lee),Zui Chu Lee (Zui Lee),"",Long-term Rental,"",,,,
3321 w 6th av,"",Kitsilano,3321 w 6th av,010735607,643045690000,3,1912,RT-7,RT-7,Residential,2236000,167000,,,,,,,,,
2411 cambridge st,2415 cambridge st,Hastings-Sunrise,2411 cambridge st,005429269,576270290000,3,1913,RM-3A,RM-3A,Residential,1607000,135000,,,,,,,,,
1654 e 11th av,"",Kensington-Cedar Cottage,1654 e 11th av,015564801,665234840000,3,1920,RT-5,RT-5,Residential,1759000,69900,,,,,,,,,
2061 e 4th av,"",Grandview-Woodland,2061 e 4th av,015330231;015330249,634255610000,3,1920,,RT-5,Residential,2228000,156000,,,,,,,,,
2924 alberta st,2926 alberta st;2928 alberta st,Mount Pleasant,2924 alberta st,014563401,173683660000,3,2006,,R3-2,Residential,2363000,912000,Pip Peri Pembo Management Ltd,Pip Peri Pembo Management Ltd,"",Long-term Rental,"",,,,
4896 argyle st,"",Kensington-Cedar Cottage,4896 argyle st,012973611,238728960000,3,1910,,R1-1,Residential Inclusive,1660000,37500,,,,,,,,,
3790 quebec st,"",Riley Park,3790 quebec st,007283873,187702920000,3,1910,RS-7,R1-1,Residential Inclusive,1579000,95100,,,,,,,,,
2245 w 5th av,"",Kitsilano,2245 w 5th av,004881044,642084710000,3,1910,,R3-3,Residential,2003000,142000,Robert T Helgason (Robert Helgason),Robert T Helgason (Robert Helgason),"",Long-term Rental,"",,,,
3457 w 1st av,"",Kitsilano,3457 w 1st av,015443728,634042310000,3,1912,RT-8,RT-8,Residential,2302000,106000,,,,,,,,,
6653 main st,6655 main st;6657 main st,Sunset,6653 main st,014040182,190791570000,3,1959,C-2,C-2A,Commercial,1319000,709000,,,,,,,,,
3291 w 3rd av,"",Kitsilano,3291 w 3rd av,012198153,638050050000,3,1917,RT-8,RT-8,Residential,2677000,125000,,,,,,,,,
1824 cotton dr,"",Grandview-Woodland,1824 cotton dr,015314961,236631240000,3,1911,,RM-4,Residential,1188000,140000,,,,,,,,,
1336 e 17th av,1338 e 17th av,Kensington-Cedar Cottage,1336 e 17th av,013970551,691228360000,3,1910,RT-10,RT-10,Residential,1667000,532000,,,,,,,,,
3142 w 6th av,"",Kitsilano,3142 w 6th av,012111988,643053440000,3,1912,RT-7,RT-7,Residential,2124000,53000,,,,,,,,,
3793 main st,199 e 22nd av;3795 main st,Riley Park,3793 main st,015257851,190698990000,3,1927,C-2,C-2A,Commercial,1050000,1234000,,,,,,,,,
3359 church st,"",Renfrew-Collingwood,3359 church st,013118412,728306590000,3,1914,RS-1,R1-1,Residential Inclusive,1449000,64900,,,,,,,,,
3484 w 6th av,3488 w 6th av;3492 w 6th av,Kitsilano,3484 w 6th av,007864345,643042040000,3,1924,RT-7,RT-7,Residential,2124000,250000,,,,,,,,,
4410 ontario st,"",Riley Park,4410 ontario st,015261671,184716120000,3,1910,,R1-1,Residential Inclusive,2218000,573000,,,,,,,,,
3290 dumfries st,3292 dumfries st,Kensington-Cedar Cottage,3290 dumfries st,015101312,235687620000,3,1907,,R1-1,Residential Inclusive,2210000,108000,(Antonios Tsigounis),(Antonios Tsigounis),"",Long-term Rental,"",,,,
2217 w 6th av,2219 w 6th av,Kitsilano,2217 w 6th av,014735423,643084850000,3,1903,,R5-4,Residential,2418000,45100,(Keenman Feng),(Keenman Feng),"",Long-term Rental,"",,,,
2824 w 5th av,"",Kitsilano,2824 w 5th av,011985917,642062780000,3,1912,RT-7,RT-7,Residential,2034000,180000,,,,,,,,,
780 victoria dr,"",Grandview-Woodland,780 victoria dr,015251756,253596800000,3,1910,,RM-4,Residential,1304000,88300,(Nicola Virginillo),(Nicola Virginillo),"",Long-term Rental,"",,,,
2081 turner st,"",Grandview-Woodland,2081 turner st,011172584,594255810000,3,1925,RT-5,RT-5,Residential,1551000,90900,,,,,,,,,
3010 cambie st,3012 cambie st,Mount Pleasant,3012 cambie st,013640810,"",3,1976,C-2C,,,,,,,,,,,,,
3289 w 11th av,"",Kitsilano,3289 w 11th av,013885529,674050150000,3,1930,RS-5,R1-1,Residential Inclusive,2378000,279000,,,,,,,,,
2993 w 3rd av,2997 w 3rd av,Kitsilano,2993 w 3rd av,012270741,638058630000,3,1912,RT-8,RT-8,Residential,2640000,175000,,,,,,,,,
2535 carolina st,"",Mount Pleasant,2535 carolina st,007733496;007733364,206650950000,3,1906,,R5-2,Residential,1898000,77600,,,,,,,,,
2038 victoria dr,2040 victoria dr,Grandview-Woodland,2038 victoria dr,014239655,253634400000,3,1910,RT-5,RT-5,Residential,1421000,89100,,,,,,,,,
1445 commercial dr,1447 commercial dr,Grandview-Woodland,1445 commercial dr,006233465,250611930000,3,1976,,C-2C,Commercial,1312000,2647000,KCC 257 Holdings Ltd,KCC 257 Holdings Ltd,"",Long-term Rental,"",,,,
5204 fraser st,5206 fraser st;5208 fraser st,Kensington-Cedar Cottage,5204 fraser st,004316932,210735320000,3,1908,,RT-2,Residential,1260000,81500,Leo S Vergara (Leo Vergara),Leo S Vergara (Leo Vergara),"",Long-term Rental,"",,,,
6377 main st,"",Sunset,6377 main st,014393654,190765770000,3,1946,RT-2,RT-2,Residential,1255000,48700,,,,,,,,,
1595 e 14th av,"",Kensington-Cedar Cottage,1595 e 14th av,014206765,684234470000,3,1925,RT-5,RT-5,Residential,1744600,533000,,,,,,,,,
1835 cotton dr,1837 cotton dr,Grandview-Woodland,1835 cotton dr,010351469,236631630000,3,1910,RM-4,RM-4,Residential,1297000,37900,,,,,,,,,
1825 venables st,"",Grandview-Woodland,1825 venables st,005118425,600251750000,3,1928,RT-5,RT-5,Residential,1642000,130000,,,,,,,,,
3146 w 2nd av,3148 w 2nd av,Kitsilano,3146 w 2nd av,015425703,636053240000,3,1912,RT-8,RT-8,Residential,2674000,35300,,,,,,,,,
2544 w 8th av,"",Kitsilano,2544 w 8th av,004355652,648073540000,3,1910,,RT-8,Residential,2753000,92700,Dietrich Klaue & Ute Klaue,Dietrich Klaue & Ute Klaue,"",Long-term Rental,"",,,,
838 e 11th av,836 e 11th av,Mount Pleasant,836 e 11th av,013588826,"",3,1912,RT-5,,,,,,,,,,,,,
1823 kitchener st,1825 kitchener st,Grandview-Woodland,1823 kitchener st,014995689,611252230000,3,1912,RT-5,RT-5,Residential,1821000,104000,,,,,,,,,
1552 w 66th av,"",Marpole,1552 w 66th av,EPS11603,"",3,1922,RS-1,,,,,,,,,,,,,
2056 e 2nd av,2058 e 2nd av,Grandview-Woodland,2056 e 2nd av,015327761,631255560000,3,1912,RT-5,RT-5,Residential,1821000,574000,,,,,,,,,
905 e 17th av,907 e 17th av,Kensington-Cedar Cottage,905 e 17th av,015217353,691214070000,3,1936,,R1-1,Residential Inclusive,2004000,70900,,,,,,,,,
3055 glen dr,"",Mount Pleasant,3055 glen dr,003457613,222684550000,3,1950,RT-5,R3-2,Residential,1436000,48700,,,,,,,,,
2330 cornwall av,"",Kitsilano,2330 cornwall av,008338736,630078740000,3,1912,,RM-4,Residential,2662000,640000,Right At Home Ltd,Right At Home Ltd,"",Long-term Rental,"",,,,
3317 kingsway,"",Renfrew-Collingwood,3317 kingsway,013538667,770306270000,3,1991,C-2,C-2A,Commercial,1178000,1560000,,,,,,,,,
2735 st catherines st,"",Mount Pleasant,2735 st catherines st,015272770,214665350000,3,1912,RT-5,R3-2,Residential,1482000,98500,,,,,,,,,
3504 w 11th av,"",Kitsilano,3504 w 11th av,015179001,674041940000,3,1912,RS-5,R1-1,Residential Inclusive,2377000,414000,,,,,,,,,
3668 oak st,3670 oak st;3672 oak st,South Cambie,3668 oak st,013390929,150697720000,3,1945,RM-3A,RM-3A,Residential,1415200,174000,,,,,,,,,
2016 e 1st av,"",Grandview-Woodland,2016 e 1st av,006270921,630255160000,3,1909,RM-12N,RM-12,Residential,1783000,142000,,,,,,,,,
2310 prince albert st,"",Mount Pleasant,2310 prince albert st,015280519,212646120000,3,1910,RM-4,R3-3,Residential,1206000,100000,,,,,,,,,
610 salsbury dr,"",Grandview-Woodland,610 salsbury dr,014510545,251594120000,3,1910,RM-4,RM-4,Residential,1319000,181000,,,,,,,,,
1541 maple st,"",Kitsilano,1541 maple st,011300159,95630730000,3,1912,RM-4,RM-4,Residential,1771000,192000,,,,,,,,,
2876 w 5th av,"",Kitsilano,2876 w 5th av,014557100,642062420000,3,1912,RT-7,RT-7,Residential,2851000,855000,,,,,,,,,
1506 victoria dr,1502 victoria dr,Grandview-Woodland,1502 victoria dr,004688937,"",3,1905,,,,,,Linda Belton & Derek Belton,Linda Belton & Derek Belton,"",Long-term Rental,"",,,,
2275 w 3rd av,2277 w 3rd av,Kitsilano,2275 w 3rd av,015281116,638084270000,3,1910,RM-4,R3-3,Residential,2068000,169000,,,,,,,,,
1652 frances st,1650 frances st;1654 frances st,Grandview-Woodland,1652 frances st,015165710,594235520000,3,1912,,RM-4,Residential,1568000,743000,Joseph Walters & Karla Walters,Joseph Walters & Karla Walters,"",Long-term Rental,"",,,,
2565 w 2nd av,"",Kitsilano,2565 w 2nd av,032300239,636073270000,3,1926,RT-8,RT-8,Residential,2456000,1428000,,,,,,,,,
2603 mackenzie st,"",Kitsilano,2603 mackenzie st,011780193,67670070000,3,1913,,R1-1,Residential Inclusive,1862000,44700,Monika R Young & Eric W Young,Monika R Young & Eric W Young,"",Long-term Rental,"",,,,
261 e 22nd av,"",Riley Park,261 e 22nd av,005834147,703190610000,3,1923,,R1-1,Residential Inclusive,1923000,100000,Ken Rocliffe & Nancy Barr,Ken Rocliffe & Nancy Barr,Rocliffe-Barr,Long-term Rental,"",,,,
1375 e 14th av,"",Kensington-Cedar Cottage,1375 e 14th av,011711434,684230490000,3,1912,RT-5,RT-5,Residential,1730000,316000,,,,,,,,,
1353 e 15th av,1355 e 15th av,Kensington-Cedar Cottage,1353 e 15th av,009857826,687228550000,3,1955,RT-2,RT-2,Residential,1841000,51000,,,,,,,,,
870 w 19th av,"",South Cambie,870 w 19th av,010502980,694153300000,3,1930,,R1-1,Residential Inclusive,2446000,63800,,,,,,,,,
1871 e 7th av,1873 e 7th av,Grandview-Woodland,1871 e 7th av,008386854,646250890000,3,1912,RT-5N,RT-5,Residential,1452000,335000,,,,,,,,,
2460 w 12th av,"",Kitsilano,2460 w 12th av,012032778,670077360000,3,1912,RS-5,R1-1,Residential Inclusive,1770000,355000,,,,,,,,,
2714 carolina st,2716 carolina st,Mount Pleasant,2714 carolina st,014285991,206665140000,3,1911,,R3-2,Residential,1408000,216000,Todd Biffard & Simone Gruenig,Todd Biffard & Simone Gruenig,"",Long-term Rental,"",,,,
827 e 16th av,"",Mount Pleasant,827 e 16th av,014274442,689212270000,3,1910,RT-5,R3-2,Residential,1657000,149000,,,,,,,,,
3391 w 7th av,"",Kitsilano,3391 w 7th av,015412164,646045070000,3,1927,RT-7,RT-7,Residential,2236000,91700,,,,,,,,,
2136 franklin st,"",Grandview-Woodland,2136 franklin st,013990292;013990322,588259360000,3,1913,RM-3A,RM-3A,Residential,1436000,43700,,,,,,,,,
2095 e georgia st,"",Grandview-Woodland,2095 e georgia st,011172533,259594950000,3,1912,RT-5,RT-5,Residential,1739000,56700,,,,,,,,,
2322 macdonald st,2324 macdonald st,Kitsilano,2322 macdonald st,012547344,70646460000,3,1912,,RT-8,Residential,1766000,120000,,,,,,,,,
2544 balaclava st,"",Kitsilano,2544 balaclava st,005697727,58650820000,3,1914,RS-5,R1-1,Residential Inclusive,1874000,123000,,,,,,,,,
2375 w 10th av,"",Kitsilano,2375 w 10th av,012033359,654078250000,3,1925,,RT-8,Residential,2814000,113000,,,,,,,,,
651 union st,"",Strathcona,651 union st,012518786,598198510000,3,1905,RT-3,RT-3,Residential,1452000,121000,,,,,,,,,
153 e 8th av,151 e 8th av;155 e 8th av,Mount Pleasant,153 e 8th av,011192623,648186850000,3,1901,C-3A,C-3A,Commercial,578000,2324000,,,,,,,,,
3719 w 3rd av,"",West Point Grey,3719 w 3rd av,011482630,638037850000,3,1931,RS-1,R1-1,Residential Inclusive,3570000,43400,,,,,,,,,
3381 columbia st,3383 columbia st,Riley Park,3381 columbia st,EPS9842,"",3,1935,RS-7,,,,,,,,,,,,,
3331 w 2nd av,"",Kitsilano,3331 w 2nd av,015435121,636045630000,3,1912,RT-8,RT-8,Residential,2677000,133000,,,,,,,,,
3005 st catherines st,890 e 14th av,Mount Pleasant,3005 st catherines st,002863324,214684050000,3,1913,RT-5,R3-2,Residential,1721000,287000,,,,,,,,,
1727 macdonald st,1729 macdonald st,Kitsilano,1727 macdonald st,015093913,70634270000,3,1911,,RT-8,Residential,2461000,162000,,,,,,,,,
3003 w 10th av,"",Kitsilano,3003 w 10th av,015063691,670058970000,3,1914,RS-5,R1-1,Residential Inclusive,2570000,96400,,,,,,,,,
3115 w 6th av,"",Kitsilano,3115 w 6th av,015400875,643053850000,3,1913,RT-7,RT-7,Residential,2105000,131000,,,,,,,,,
2210 macdonald st,"",Kitsilano,2210 macdonald st,012141879,70643140000,3,1912,,RT-8,Residential,1762000,585000,,,,,,,,,
2332 prince albert st,2334 prince albert st,Mount Pleasant,2332 prince albert st,009224441,212646340000,3,1912,RM-4,R3-3,Residential,1277000,65300,,,,,,,,,
815 e 31st av,"",Kensington-Cedar Cottage,815 e 31st av,010402730,727212150000,3,1949,RS-1,R1-1,Residential Inclusive,1820000,82000,,,,,,,,,
2742 w 2nd av,"",Kitsilano,2742 w 2nd av,002463334,636070380000,3,1926,RT-8,RT-8,Residential,2606000,91000,,,,,,,,,
2629 w 3rd av,2631 w 3rd av,Kitsilano,2629 w 3rd av,015133761,638072550000,3,1910,RT-8,RT-8,Residential,2616000,410000,,,,,,,,,
944 semlin dr,"",Grandview-Woodland,944 semlin dr,012969630,255600440000,3,1912,RT-5,RT-5,Residential,1476000,54700,,,,,,,,,
3236 w 3rd av,3238 w 3rd av,Kitsilano,3236 w 3rd av,015418111,638050440000,3,1912,RT-8,RT-8,Residential,2409000,127000,,,,,,,,,
3356 w 3rd av,"",Kitsilano,3356 w 3rd av,008847533,638045260000,3,1914,RT-8,RT-8,Residential,2409000,47200,,,,,,,,,
1007 e 12th av,1009 e 12th av,Mount Pleasant,1007 e 12th av,011380977,670217110000,3,1912,,R3-2,Residential,1453000,79000,,,,,,,,,
3430 w 3rd av,"",Kitsilano,3430 w 3rd av,015419673,638042740000,3,1912,RT-8,RT-8,Residential,2544000,57700,,,,,,,,,
3154 st george st,"",Mount Pleasant,3154 st george st,013534904,199687540000,3,1910,,R3-3,Residential,1902000,111000,,,,,,,,,
1916 e 3rd av,"",Grandview-Woodland,1916 e 3rd av,012164119,633253160000,3,1911,RT-5,RT-5,Residential,1821000,149000,,,,,,,,,
1004 e 11th av,"",Mount Pleasant,1004 e 11th av,011795743,665217040000,3,1912,RT-5,R3-2,Residential,1441000,226000,,,,,,,,,
1157 e pender st,"",Strathcona,1157 e pender st,015365514,592222570000,3,1911,RT-3,RT-3,Residential,1234000,135000,,,,,,,,,
1206 e 13th av,1208 e 13th av,Mount Pleasant,1206 e 13th av,010660950,683225220000,3,1910,RT-5,R3-2,Residential,1610000,219000,,,,,,,,,
1748 charles st,"",Grandview-Woodland,1748 charles st,005904307,607250500000,3,1910,RT-5,RT-5,Residential,1663000,262000,,,,,,,,,
1556 e 1st av,"",Grandview-Woodland,1556 e 1st av,014953251,630234560000,3,1912,,RM-4,Residential,1238000,39200,Edmund F Sunday & Barbara Sunday & Christopher A Sunday,Edmund F Sunday & Barbara Sunday & Christopher A Sunday,"",Long-term Rental,"",,,,
155 e 54th av,"",Sunset,155 e 54th av,013337033,803188550000,3,1946,RS-1,R1-1,Residential Inclusive,1819000,40300,,,,,,,,,
594 e 49th av,"",Sunset,594 e 49th av,013736507,790201780000,3,1910,,R1-1,Residential Inclusive,1560000,108000,Kamaljit Minhas and Sukhwinder Minhas,Kamaljit Minhas and Sukhwinder Minhas,"",Long-term Rental,"",,,,
1972 whyte av,1970 whyte av,Kitsilano,1972 whyte av,013931130,626095320000,3,1912,RT-9,RT-9,Residential,3385000,193000,,,,,,,,,
1080 denman st,1086 denman st;1088 denman st;1090 denman st;1094 denman st;1096 denman st,West End,1080 denman st,016099257,110607300000,3,1905,C-5,C-5,Commercial,3471000,6210000,,,,,,,,,
2960 w 2nd av,2962 w 2nd av;2964 w 2nd av,Kitsilano,2960 w 2nd av,012270695,636058800000,3,1912,RT-8,RT-8,Residential,2635000,83600,,,,,,,,,
2650 w 1st av,2658 w 1st av,Kitsilano,2650 w 1st av,009292209,634072360000,3,1910,,RT-8,Residential,3347000,326000,,,,,,,,,
4836 victoria dr,"",Kensington-Cedar Cottage,4836 victoria dr,014166836,250728360000,3,1954,,RT-2,Residential,1318000,52200,(Lino Lazaro),(Lino Lazaro),"",Long-term Rental,"",,,,
1803 e 11th av,"",Kensington-Cedar Cottage,1803 e 11th av,008243310,665250430000,3,1910,,RM-4,Residential,1604000,136000,,,,,,,,,
1145 e 33rd av,4897 ross st,Kensington-Cedar Cottage,1145 e 33rd av,014063620,730221930000,3,1949,RS-1,R1-1,Residential Inclusive,1353000,33900,,,,,,,,,
4661 fraser st,"",Riley Park,4661 fraser st,012961825,210723610000,3,1955,RT-2,RT-2,Residential,1201000,63500,,,,,,,,,
6538 main st,6540 main st,Sunset,6538 main st,014058944,190790400000,3,1950,C-2,C-2A,Commercial,1320000,1214000,,,,,,,,,
3035 yukon st,"",Mount Pleasant,3035 yukon st,014569264,171684650000,3,1912,,R3-2,Residential,2498000,116000,(Alvena Teufel),(Alvena Teufel),"",Long-term Rental,"",,,,
1742 macdonald st,"",Kitsilano,1742 macdonald st,003486338,70634740000,3,1908,RT-8,RT-8,Residential,1963000,58700,,,,,,,,,
755 e 15th av,"",Mount Pleasant,755 e 15th av,008596514,687210550000,3,1909,,R3-2,Residential,1825000,112000,David Uri Robens (David Robens),David Uri Robens (David Robens),"",Long-term Rental,"",,,,
1806 w 10th av,"",Kitsilano,1806 w 10th av,014184818,654097940000,3,1912,,R3-2,Residential,2738000,97100,(Arlene Nikolopoulos),(Arlene Nikolopoulos),"",Long-term Rental,"",,,,
3389 heather st,3391 heather st,South Cambie,3389 heather st,014747774,163691950000,3,1920,,RM-3A,Residential,2264000,43300,(Odie Kaplan),(Odie Kaplan),"",Long-term Rental,"",,,,
1335 laburnum st,"",Kitsilano,1335 laburnum st,013930770,92627210000,3,1927,RT-9,RT-9,Residential,2672000,95800,,,,,,,,,
716 e 15th av,"",Mount Pleasant,716 e 15th av,007268700,687210160000,3,1910,RT-5,R3-2,Residential,1622000,36300,,,,,,,,,
2128 graveley st,"",Grandview-Woodland,2128 graveley st,014184664,616259240000,3,1912,RT-5,RT-5,Residential,1821000,253000,,,,,,,,,
3319 sophia st,"",Riley Park,3319 sophia st,011251417,194691190000,3,1910,,R1-1,Residential Inclusive,1518000,265000,,,,,,,,,
1118 maple st,"",Kitsilano,1118 maple st,031852025,95625440000,3,1911,RT-9,RT-9,Residential,3386000,519000,,,,,,,,,
2895 w 5th av,"",Kitsilano,2895 w 5th av,012127469,642062330000,3,1912,RT-7,RT-7,Residential,2264000,52400,,,,,,,,,
746 e 12th av,"",Mount Pleasant,746 e 12th av,010873139,670210460000,3,1924,RT-5,R3-2,Residential,1453000,0,,,,,,,,,
1807 e 11th av,"",Kensington-Cedar Cottage,1807 e 11th av,014861402,665250510000,3,1910,RM-4,RM-4,Residential,1604000,55100,,,,,,,,,
833 heatley av,"",Strathcona,833 heatley av,011120118,205598330000,3,1908,RT-3,RT-3,Residential,1241000,84700,,,,,,,,,
355 w 14th av,"",Mount Pleasant,355 w 14th av,014567016,684171270000,3,1923,RT-6,R3-2,Residential,2250000,258000,,,,,,,,,
1298 e hastings st,"",Strathcona,1298 e hastings st,"","",3,1928,M-1,,,,,,,,,,,,,
2768 pandora st,"",Hastings-Sunrise,2768 pandora st,003437230,587275600000,3,1910,RS-1,R1-1,Residential Inclusive,1577000,111000,,,,,,,,,
2710 point grey rd,2712 point grey rd,Kitsilano,2710 point grey rd,005261309,630070860000,3,1948,,RT-8,Residential,3177000,115000,,,,,,,,,
650 e 12th av,"",Mount Pleasant,650 e 12th av,015330443,670206500000,3,1910,RT-5,R3-2,Residential,1453000,180000,,,,,,,,,
3379 heather st,"",South Cambie,3379 heather st,014747740,163691830000,3,1948,RM-3A,RM-3A,Residential,2264000,47000,,,,,,,,,
3527 w 1st av,"",Kitsilano,3527 w 1st av,006729231,634041750000,3,1912,RT-8,RT-8,Residential,2677000,865000,,,,,,,,,
1936 w 14th av,"",Kitsilano,1936 w 14th av,013265652,686095660000,3,1988,RT-8,R3-2,Residential,3221000,274000,,,,,,,,,
1554 e 13th av,1556 e 13th av,Kensington-Cedar Cottage,1554 e 13th av,015495329,683234280000,3,1911,RT-5,RT-5,Residential,1798000,256000,,,,,,,,,
2028 turner st,"",Grandview-Woodland,2028 turner st,015661156,594255280000,3,1911,RT-5,RT-5,Residential,1840000,86000,,,,,,,,,
4121 windsor st,"",Kensington-Cedar Cottage,4121 windsor st,014153637,217710210000,3,1928,RS-1,R1-1,Residential Inclusive,1809000,113000,,,,,,,,,
1933 turner st,"",Grandview-Woodland,1933 turner st,013486969,594253330000,3,1912,RT-5,RT-5,Residential,1284000,276000,,,,,,,,,
2703 woodland dr,"",Kensington-Cedar Cottage,2703 woodland dr,008209391,234665030000,3,1912,RT-5,RT-5,Residential,1558000,321000,,,,,,,,,
6031 victoria dr,6033 victoria dr,Victoria-Fraserview,6031 victoria dr,013955110,250756850000,3,1910,RT-2,RT-2,Residential,1442000,31300,,,,,,,,,
825 e 11th av,821 e 11th av,Mount Pleasant,821 e 11th av,014659956,665212250000,3,1910,RT-5,R3-2,Residential,1817000,761000,,,,,,,,,
1839 e 8th av,"",Grandview-Woodland,1839 e 8th av,003250245,648251710000,3,1912,RT-5,RT-5,Residential,1872000,428000,,,,,,,,,
1552 e 4th av,1554 e 4th av,Grandview-Woodland,1552 e 4th av,015276945,634234340000,3,1912,,RM-4,Residential,1688000,175000,,,,,,,,,
2332 w 5th av,2334 w 5th av;2338 w 5th av,Kitsilano,2334 w 5th av,014966905,"",3,1910,RT-8,,,,,,,,,,,,,
1037 e 11th av,"",Mount Pleasant,1037 e 11th av,003571351,665217370000,3,1912,RT-5,R3-2,Residential,1817000,111000,,,,,,,,,
724 e 24th av,726 e 24th av,Kensington-Cedar Cottage,724 e 24th av,014406608,708210260000,3,1925,,R1-1,Residential Inclusive,1241000,37000,(Catharinus De Wijze),(Catharinus De Wijze),"",Long-term Rental,"",,,,
231 w 12th av,235 w 12th av,Mount Pleasant,231 w 12th av,010803246,670173370000,3,1911,,R5-2,Residential,2807000,78100,Edmund Sunday & Barbara Sunday,Edmund Sunday & Barbara Sunday,"",Long-term Rental,"",,,,
407 e 19th av,"",Riley Park,407 e 19th av,011762586,694197130000,3,1928,RS-1,R1-1,Residential Inclusive,2054000,135000,,,,,,,,,
1730 william st,"",Grandview-Woodland,1730 william st,008937991,606250300000,3,1910,RT-5,RT-5,Residential,1837000,211000,,,,,,,,,
509 e 11th av,"",Mount Pleasant,509 e 11th av,030612705,665201150000,3,1901,RT-5,R3-2,Residential,1817000,704000,,,,,,,,,
2175 pandora st,"",Grandview-Woodland,2175 pandora st,006736530,587259750000,3,1958,,RM-3A,Residential,1919000,10000,Kim J Jow (Kim Jow),Kim J Jow (Kim Jow),"",Long-term Rental,"",,,,
1320 walnut st,1322 walnut st,Kitsilano,1320 walnut st,011185104,96627220000,3,1912,RT-9,RT-9,Residential,2672000,149000,,,,,,,,,
3238 fleming st,"",Kensington-Cedar Cottage,3238 fleming st,029146763,237687200000,3,1910,RS-2,R1-1,Residential Inclusive,1780000,348000,,,,,,,,,
3735 renfrew st,"",Renfrew-Collingwood,3735 renfrew st,006886221,280698270000,3,1994,,C-1,Commercial,1240000,492000,1291747 BC Ltd,1291747 BC Ltd,"",Long-term Rental,"",,,,
780 e 37th av,"",Kensington-Cedar Cottage,780 e 37th av,008116393,741211560000,3,1912,RS-1,R1-1,Residential Inclusive,1651000,133000,,,,,,,,,
2316 balaclava st,2318 balaclava st;2320 balaclava st,Kitsilano,2316 balaclava st,011555220,58646320000,3,1912,,RT-7,Residential,1940000,142000,,,,,,,,,
2547 woodland dr,1489 e 10th av,Kensington-Cedar Cottage,2547 woodland dr,004658019,234650950000,3,1912,RT-5,RT-5,Residential,1245000,1137000,,,,,,,,,
2346 w 7th av,"",,2346 w 7th av,"","",3,1910,,,,,,Gregory Chee Khoon Chan (Gregory Chan),Gregory Chee Khoon Chan (Gregory Chan),"",Long-term Rental,"",,,,
3342 w 2nd av,3344 w 2nd av,Kitsilano,3342 w 2nd av,013235192,636045440000,3,1920,RT-8,RT-8,Residential,2677000,51800,,,,,,,,,
1893 w 15th av,"",Kitsilano,1893 w 15th av,EPS6334,"",3,1925,RT-8,,,,,,,,,,,,,
844 e 22nd av,846 e 22nd av,Kensington-Cedar Cottage,844 e 22nd av,003054888,701212440000,3,1929,RS-1,R1-1,Residential Inclusive,2246000,295000,,,,,,,,,
2523 cornwall av,2525 cornwall av,Kitsilano,2523 cornwall av,005191173,630073730000,3,1908,,RT-8,Residential,3556000,87300,,,,,,,,,
2136 william st,"",Grandview-Woodland,2136 william st,015303055,606259360000,3,1912,RT-5,RT-5,Residential,1821000,252000,,,,,,,,,
1623 kitchener st,"",Grandview-Woodland,1623 kitchener st,014967910,611236230000,3,1912,RM-4,RM-4,Residential,1670000,488000,,,,,,,,,
835 e 14th av,837 e 14th av,Mount Pleasant,835 e 14th av,015270050,684212370000,3,1911,RT-5,R3-2,Residential,1817000,155000,,,,,,,,,
2123 napier st,"",Grandview-Woodland,2123 napier st,013052691,604259230000,3,1911,RT-5,RT-5,Residential,1821000,147000,,,,,,,,,
2205 pandora st,2211 pandora st;2215 pandora st,Grandview-Woodland,2205 pandora st,015677800,587265050000,3,1955,RM-3A,RM-3A,Residential,1737000,5600,,,,,,,,,
1771 e 2nd av,"",Grandview-Woodland,1771 e 2nd av,014895960,631250350000,3,1910,,RT-5,Residential,1821000,89100,,,,,,,,,
1744 venables st,"",Grandview-Woodland,1744 venables st,015150607,600250440000,3,1910,RT-5,RT-5,Residential,1714000,421000,,,,,,,,,
1780 e 1st av,1778 e 1st av,Grandview-Woodland,1780 e 1st av,014895927,630250800000,3,1912,RM-11N,RM-11,Residential,1456000,286000,,,,,,,,,
3360 laurel st,"",South Cambie,3360 laurel st,014749319,153691520000,3,1912,,R1-1,Residential Inclusive,2383000,39100,Stj Holdings Ltd,Stj Holdings Ltd,"",Long-term Rental,"",,,,
3152 w 7th av,3154 w 7th av;3156 w 7th av,Kitsilano,3152 w 7th av,004707192,646053380000,3,1912,,RT-7,Residential,2337000,63600,(Poppy Fikeris),(Poppy Fikeris),"",Long-term Rental,"",,,,
3075 w 5th av,3073 w 5th av,Kitsilano,3075 w 5th av,011494735,642058210000,3,1926,RT-7,RT-7,Residential,2123000,1027000,,,,,,,,,
3401 fleming st,"",Kensington-Cedar Cottage,3401 fleming st,014687640,236692010000,3,1910,RT-10,RT-10,Residential,1775000,781000,,,,,,,,,
615 e 45th av,"",Sunset,615 e 45th av,013909754,758201610000,3,1910,,R1-1,Residential Inclusive,1707000,81700,(Valeriy Kovalishyn),(Valeriy Kovalishyn),"",Long-term Rental,"",,,,
1340 lakewood dr,"",Grandview-Woodland,1340 lakewood dr,014687381,259607400000,3,1910,RT-5,RT-5,Residential,1801000,144000,,,,,,,,,
2624 w 3rd av,"",Kitsilano,2624 w 3rd av,010585541,638072860000,3,1910,RT-8,RT-8,Residential,2097000,504000,,,,,,,,,
2545 w 10th av,"",Kitsilano,2545 w 10th av,012033481,654073550000,3,1928,RS-7,R1-1,Residential Inclusive,2666000,281000,,,,,,,,,
1753 parker st,"",Grandview-Woodland,1753 parker st,015150542,601250530000,3,1912,,RT-5,Residential,1828000,98700,,,,,,,,,
3547 w 5th av,3549 w 5th av;3551 w 5th av,Kitsilano,3547 w 5th av,011131519,642041390000,3,1912,,RT-7,Residential,2125000,103000,(Howard Goldman),(Howard Goldman),"",Long-term Rental,"",,,,
503 e 48th av,"",Sunset,503 e 48th av,008189943,769197750000,3,1911,RS-1,R1-1,Residential Inclusive,1504000,107000,,,,,,,,,
1046 e 64th av,"",Sunset,1046 e 64th av,007517777,824216440000,3,1931,RS-1,R1-1,Residential Inclusive,1521000,156000,,,,,,,,,
571 w 18th av,573 w 18th av,South Cambie,571 w 18th av,015155749,693165630000,3,1913,,R1-1,Residential Inclusive,2445000,26800,,,,,,,,,
2351 alma st,2381 alma st,West Point Grey,2351 alma st,032091923,648037970000,3,1940,,RM-4,Residential,2183398,117000,,,,,,,,,
723 e 10th av,"",Mount Pleasant,723 e 10th av,015252591,655210230000,3,1910,RT-5,RT-5,Residential,1726000,142000,,,,,,,,,
646 e 21st av,"",Riley Park,646 e 21st av,013003461,698203460000,3,1910,RS-1,R1-1,Residential Inclusive,1903000,100000,,,,,,,,,
2730 st catherines st,2734 st catherines st,Mount Pleasant,2730 st catherines st,012907405,214665340000,3,1911,RT-5,R3-2,Residential,1353000,172000,,,,,,,,,
6169 fraser st,6171 fraser st,Sunset,6171 fraser st,008591628,"",3,1912,C-2,,,,,,,,,,,,,
1942 e 5th av,"",Grandview-Woodland,1942 e 5th av,015288625,638253420000,3,1912,RT-5,RT-5,Residential,1821000,273000,,,,,,,,,
3 se marine dr,"",Sunset,3 se marine dr,008163731,184822940000,3,1956,RS-1,R1-1,Residential Inclusive,1712000,106000,,,,,,,,,
482 w 17th av,"",Riley Park,482 w 17th av,011866888,691170200000,3,1913,,R1-1,Residential Inclusive,2744000,75400,1925481 Alberta Ltd,1925481 Alberta Ltd,"",Long-term Rental,"",,,,
1024 e 10th av,"",Mount Pleasant,1024 e 10th av,015271099,655217240000,3,1954,RT-5,R3-2,Residential,1817000,49000,,,,,,,,,
2446 w 5th av,"",Kitsilano,2446 w 5th av,014967472,642077540000,3,1912,RT-8,RT-8,Residential,2816000,190000,,,,,,,,,
352 e 6th av,"",Mount Pleasant,352 e 6th av,015552691,645194520000,3,1901,RM-4,R5-3,Residential,1774000,100000,,,,,,,,,
2201 manitoba st,"",Mount Pleasant,2201 manitoba st,013771183,182645070000,3,1905,,I-1,Industrial,1363000,198000,(Patricia Wilson),(Patricia Wilson),"",Long-term Rental,"",,,,
261 e 17th av,"",Riley Park,261 e 17th av,011251930,691191610000,3,1910,RS-7,R1-1,Residential Inclusive,2222000,138000,,,,,,,,,
2040 grant st,2042 grant st,Grandview-Woodland,2040 grant st,010661000,612255420000,3,1912,,RT-5,Residential,1740000,87400,,,,,,,,,
482 e 60th av,480 e 60th av,Sunset,482 e 60th av,008171203,814197800000,3,1923,RS-1,R1-1,Residential Inclusive,1437000,24900,,,,,,,,,
2231 oxford st,"",Grandview-Woodland,2231 oxford st,004864603,577265310000,3,1910,,RM-3A,Residential,1568000,109000,(Diana Bracken),(Diana Bracken),"",Long-term Rental,"",,,,
1936 whyte av,"",Kitsilano,1936 whyte av,004297555,626095620000,3,1941,RT-9,RT-9,Residential,3356000,187000,,,,,,,,,
2657 w 2nd av,"",Kitsilano,2657 w 2nd av,003093051,636072370000,3,1912,RT-8,RT-8,Residential,2598000,198000,,,,,,,,,
1920 e 2nd av,"",Grandview-Woodland,1920 e 2nd av,011435682,631253200000,3,1923,RT-5,RT-5,Residential,1821000,172000,,,,,,,,,
1417 e 11th av,"",Kensington-Cedar Cottage,1417 e 11th av,006793100,665230170000,3,1910,,RT-5,Residential,1730000,372000,,,,,,,,,
726 w 17th av,"",South Cambie,726 w 17th av,014747952,691159660000,3,1910,,R1-1,Residential Inclusive,2201000,47900,,,,,,,,,
4013 perry st,"",Kensington-Cedar Cottage,4013 perry st,012667447,237701490000,3,1910,RT-10,RT-10,Residential,1389000,73200,,,,,,,,,
2033 semlin dr,2035 semlin dr;2037 semlin dr,Grandview-Woodland,2033 semlin dr,013554166,255634510000,3,1910,RT-5,RT-5,Residential,1801000,143000,,,,,,,,,
2422 vine st,2428 vine st,Kitsilano,2422 vine st,003137953,84648420000,3,1912,,R5-3,Residential,1987000,266000,,,,,,,,,
2122 adanac st,"",Grandview-Woodland,2122 adanac st,008470286,598259220000,3,1911,RT-5,RT-5,Residential,1766000,78600,,,,,,,,,
2925 e 1st av,"",Hastings-Sunrise,2925 e 1st av,007189974,630280230000,3,1919,,R3-1,Residential,1401000,56100,(Rosanne Bubas),(Rosanne Bubas),"",Long-term Rental,"",,,,
3125 w 6th av,"",Kitsilano,3125 w 6th av,015400905,643053650000,3,1913,,RT-7,Residential,2221000,217000,,,,,,,,,
3998 w 10th av,"",West Point Grey,3998 w 10th av,010203672,670032080000,3,1936,RS-1,R1-1,Residential Inclusive,2557000,99600,,,,,,,,,
910 w 19th av,908 w 19th av;912 w 19th av,South Cambie,908 w 19th av,014554372,"",3,1910,,,,,,(George Exarchoulis),(George Exarchoulis),"",Long-term Rental,"",,,,
2932 fraser st,"",Mount Pleasant,2932 fraser st,003410030,210683320000,3,1912,RT-5,RT-5,Residential,1359000,85700,,,,,,,,,
916 e 23rd av,"",Kensington-Cedar Cottage,916 e 23rd av,014560399,706214160000,3,1912,RT-10,RT-10,Residential,1750000,222000,,,,,,,,,
1860 grant st,"",Grandview-Woodland,1860 grant st,004576462,612252500000,3,1906,,RT-5,Residential,1805000,391000,,,,,,,,,
756 e 14th av,754 e 14th av,Mount Pleasant,756 e 14th av,EPS7956,"",3,1908,RT-5,,,,,,,,,,,,,
2029 e 1st av,"",Grandview-Woodland,2029 e 1st av,002540525,630255290000,3,1913,,RM-12,Residential,1473000,90700,,,,,,,,,
951 e 23rd av,949 e 23rd av,Kensington-Cedar Cottage,951 e 23rd av,004057350,706214510000,3,1925,RT-10,RT-10,Residential,2035000,328000,,,,,,,,,
3429 w broadway,3431 w broadway;3433 w broadway,Kitsilano,3429 w broadway,015458652,650042550000,3,1979,C-2C1,C-2A,Commercial,3030000,3230000,,,,,,,,,
166 e 24th av,"",Riley Park,166 e 24th av,016124596,708184800000,3,1910,RS-7,R1-1,Residential Inclusive,1868000,68300,,,,,,,,,
1714 commercial dr,1710 commercial dr;1718 commercial dr,Grandview-Woodland,1710 commercial dr,004387023,250630120000,3,1912,C-2C,C-2C,Commercial,1247000,2841000,,,,,,,,,
3085 windsor st,"",Mount Pleasant,3085 windsor st,007646925,217684950000,3,1955,,R3-2,Residential,2034000,72900,,,,,,,,,
3535 w 2nd av,"",Kitsilano,3535 w 2nd av,015437248,636041510000,3,1912,,RT-8,Residential,2677000,96200,Fraser L Taylor-Mitchell (Fraser Taylor-Mitchell),Fraser L Taylor-Mitchell (Fraser Taylor-Mitchell),"",Long-term Rental,"",,,,
141 e 12th av,"",Mount Pleasant,141 e 12th av,005577012,670186650000,3,1901,RM-4N,R5-3,Residential,2241000,33100,,,,,,,,,
824 e 11th av,828 e 11th av,Mount Pleasant,824 e 11th av,008192278,665212240000,3,1912,,R3-2,Residential,1817000,138000,,,,,,,,,
1733 e 1st av,1735 e 1st av;1737 e 1st av,Grandview-Woodland,1733 e 1st av,003607437,630250350000,3,1904,RM-11N,RM-11,Residential,1698000,105000,,,,,,,,,
3416 w 8th av,3418 w 8th av,Kitsilano,3416 w 8th av,015458598,648042700000,3,1912,RT-7,RT-7,Residential,2173000,115000,,,,,,,,,
3175 w 5th av,"",Kitsilano,3175 w 5th av,011266121,642053250000,3,1920,RT-7,RT-7,Residential,2373000,116000,,,,,,,,,
3575 w 3rd av,"",Kitsilano,3575 w 3rd av,015432891,638041050000,3,1912,,RT-8,Residential,2677000,153000,657177 BC Limited,657177 BC Limited,"",Long-term Rental,"",,,,
341 w 20th av,"",Riley Park,341 w 20th av,013853601,697172310000,3,1912,RS-7,R1-1,Residential Inclusive,2654000,43100,,,,,,,,,
2830 w 3rd av,"",Kitsilano,2830 w 3rd av,014487292,638062720000,3,1912,RT-8,RT-8,Residential,2543000,53900,,,,,,,,,
2418 stephens st,"",Kitsilano,2418 stephens st,015121852,72648360000,3,1912,RT-8,RT-8,Residential,1952000,336000,,,,,,,,,
1424 e 13th av,1426 e 13th av,Kensington-Cedar Cottage,1424 e 13th av,009315268,683230720000,3,1912,RT-5,RT-5,Residential,1705800,734000,,,,,,,,,
2257 w 6th av,"",Kitsilano,2257 w 6th av,004403681,643084370000,3,1912,,R3-3,Residential,1987000,66300,Robert Helgason & Jon Helgason,Robert Helgason & Jon Helgason,"",Long-term Rental,"",,,,
1739 dunbar st,1741 dunbar st;3603 w 2nd av,Kitsilano,1739 dunbar st,006233368,41634970000,3,1912,RT-8,RT-8,Residential,2810000,2817000,,,,,,,,,
5436 victoria dr,5432 victoria dr;5438 victoria dr,Kensington-Cedar Cottage,5436 victoria dr,014012481,250741380000,3,2004,C-2,C-2A,Commercial,1383000,1042000,,,,,,,,,
803 e 15th av,805 e 15th av,Mount Pleasant,803 e 15th av,012686361,687212030000,3,1912,RT-5,R3-2,Residential,1698000,311000,,,,,,,,,
5253 taunton st,"",Renfrew-Collingwood,5253 taunton st,012247049,302722310000,3,1913,,R1-1,Residential Inclusive,1519000,62700,,,,,,,,,
1948 w 3rd av,"",Kitsilano,1948 w 3rd av,003420311,638095440000,3,1909,,R3-3,Residential,2068000,155000,,,,,,,,,
326 w 13th av,"",Mount Pleasant,326 w 13th av,014566907,683171700000,3,1912,,R3-2,Residential,2365000,164000,(Marilee Sigal),(Marilee Sigal),"",Long-term Rental,"",,,,
2203 stephens st,2205 stephens st;2710 w 6th av,Kitsilano,2203 stephens st,011753943,72643050000,3,1914,,RT-8,Residential,1855000,99300,Derek Leach & Dianne Leach,Derek Leach & Dianne Leach,"",Long-term Rental,"",,,,
191 w 17th av,"",Riley Park,191 w 17th av,009106651,691179170000,3,1913,RS-7,R1-1,Residential Inclusive,2642000,36000,,,,,,,,,
2024 e 5th av,"",Grandview-Woodland,2024 e 5th av,005013542,638255240000,3,1912,RT-5,RT-5,Residential,1821000,146000,,,,,,,,,
2298 w 2nd av,"",Kitsilano,2298 w 2nd av,015280705,636084020000,3,1907,,R3-3,Residential,2068000,115000,George Zervas & Vasilis Zervas,George Zervas & Vasilis Zervas,"",Long-term Rental,"",,,,
1975 w 1st av,"",Kitsilano,1975 w 1st av,014954826,634095210000,3,1912,RM-4,RM-4,Residential,2068000,184000,,,,,,,,,
1365 e 15th av,1367 e 15th av,Kensington-Cedar Cottage,1365 e 15th av,005694566,687228950000,3,1955,,RT-2,Residential,1758000,51500,,,,,,,,,
146 w 11th av,"",Mount Pleasant,146 w 11th av,"","",3,1910,RT-6,,,,,,,,,,,,,
3255 w 3rd av,"",Kitsilano,3255 w 3rd av,015428419,638050310000,3,1917,RT-8,RT-8,Residential,2677000,93200,,,,,,,,,
1495 e 49th av,"",Victoria-Fraserview,1495 e 49th av,011184124,790231970000,3,1946,RS-1,R1-1,Residential Inclusive,1422000,56900,,,,,,,,,
3311 sophia st,3313 sophia st,Riley Park,3311 sophia st,011251409,194691110000,3,1910,RS-7,R1-1,Residential Inclusive,1442000,867000,,,,,,,,,
2646 glen dr,"",Mount Pleasant,2646 glen dr,013188259,222655960000,3,1912,,R3-2,Residential,1512000,169000,,,,,,,,,
1865 graveley st,1867 graveley st,Grandview-Woodland,1865 graveley st,008839701,616252670000,3,1911,RT-5,RT-5,Residential,1468000,63900,,,,,,,,,
3534 w 3rd av,3536 w 3rd av;3538 w 3rd av,Kitsilano,3534 w 3rd av,015420680,638041540000,3,1912,RT-8,RT-8,Residential,2410000,264000,,,,,,,,,
1622 e 4th av,"",Grandview-Woodland,1622 e 4th av,014164060,634234640000,3,1912,,RM-4,Residential,1463000,78000,George Sing & May Sing,George Sing & May Sing,"",Long-term Rental,"",,,,
843 e 14th av,"",Mount Pleasant,843 e 14th av,015270041,684212430000,3,1914,RT-5,R3-2,Residential,1817000,180000,,,,,,,,,
5203 victoria dr,1996 e 36th av;5207 victoria dr,Kensington-Cedar Cottage,1996 e 36th av,014133091,"",3,1972,C-2,,,,,,,,,,,,,
965 w 23rd av,967 w 23rd av,South Cambie,965 w 23rd av,014599414,706150390000,3,1912,RS-5,R1-1,Residential Inclusive,2682000,38700,,,,,,,,,
2128 macdonald st,"",Kitsilano,2128 macdonald st,013018876,70642560000,3,1911,,RT-8,Residential,1672000,142000,,,,,,,,,
3222 w 1st av,3224 w 1st av;3226 w 1st av,Kitsilano,3222 w 1st av,007749040,634050740000,3,1914,,RT-8,Residential,4015000,97700,(Ikbal Virji),(Ikbal Virji),"",Long-term Rental,"",,,,
2308 dunbar st,2306 dunbar st,Kitsilano,2308 dunbar st,011877219,41646220000,3,1912,RT-7,RT-7,Residential,1897000,745000,,,,,,,,,
2056 graveley st,"",Grandview-Woodland,2056 graveley st,015420361,616255560000,3,1912,RT-5,RT-5,Residential,1842000,539000,,,,,,,,,
3678 w 30th av,"",Dunbar-Southlands,3678 w 30th av,004394488,723037580000,3,1920,RS-5,R1-1,Residential Inclusive,2351000,80200,,,,,,,,,
417 e 17th av,"",Riley Park,417 e 17th av,011445955,691197170000,3,1912,RS-1,R1-1,Residential Inclusive,1333000,23900,,,,,,,,,
1925 w 12th av,"",Kitsilano,1925 w 12th av,014184044,670095750000,3,1912,,R5-2,Residential,2415000,147000,(David Price),(David Price),"",Long-term Rental,"",,,,
1610 e 4th av,1612 e 4th av,Grandview-Woodland,1610 e 4th av,014164051,634234600000,3,1912,,RM-4,Residential,1463000,173000,,,,,,,,,
2129 e 1st av,"",Grandview-Woodland,2129 e 1st av,011453401,630259290000,3,1912,RM-12N,RM-12,Residential,1456000,115000,,,,,,,,,
862 e 14th av,"",Mount Pleasant,862 e 14th av,002872285,684212620000,3,1911,RT-5,R3-2,Residential,1721000,67600,,,,,,,,,
2300 e 11th av,"",Kensington-Cedar Cottage,2300 e 11th av,009221425,665267060000,3,1910,,RT-5,Residential,1742000,157000,,,,,,,,,
326 e 40th av,"",Riley Park,326 e 40th av,014508583,747195320000,3,1908,RS-1,R1-1,Residential Inclusive,1890000,63200,,,,,,,,,
4778 gothard st,"",Renfrew-Collingwood,4778 gothard st,013850415,274723580000,3,1954,RT-11,RT-11,Residential,1497000,65000,,,,,,,,,
3439 napier st,"",Hastings-Sunrise,3439 napier st,013601164,604300530000,3,1912,RS-1,R1-1,Residential Inclusive,1345000,152000,,,,,,,,,
3269 w 10th av,"",Kitsilano,3269 w 10th av,011681489,670050050000,3,1912,,R1-1,Residential Inclusive,1782000,149000,,,,,,,,,
1230 e 13th av,1232 e 13th av,Mount Pleasant,1230 e 13th av,005176671,683225340000,3,1913,RT-5,R3-2,Residential,1827000,401000,,,,,,,,,
3026 clark dr,"",Kensington-Cedar Cottage,3026 clark dr,002882973,228684260000,3,1912,RT-2,RT-2,Residential,1956000,137000,,,,,,,,,
117 w 10th av,"",Mount Pleasant,117 w 10th av,015550800,654179710000,3,1905,,R5-3,Residential,1775000,166000,Walden Holdings Ltd and Donald Shumka,Walden Holdings Ltd and Donald Shumka,"",Long-term Rental,"",,,,
2519 balaclava st,"",Kitsilano,2519 balaclava st,011696044,58650450000,3,1914,RS-5,R1-1,Residential Inclusive,1788000,119000,,,,,,,,,
4840 knight st,4842 knight st,Kensington-Cedar Cottage,4840 knight st,013635921,230728400000,3,1912,RS-1,R1-1,Residential Inclusive,1334000,256000,,,,,,,,,
2071 creelman av,2069 creelman av,Kitsilano,2071 creelman av,013931466,627090550000,3,1925,RT-9,RT-9,Residential,2943000,776000,,,,,,,,,
1248 e 11th av,"",Mount Pleasant,1248 e 11th av,010855653,665222660000,3,1912,RT-5,R3-2,Residential,1835000,1030000,,,,,,,,,
1031 e 11th av,1033 e 11th av,Mount Pleasant,1031 e 11th av,008666563,665217330000,3,1955,RT-5,R3-2,Residential,1817000,84200,,,,,,,,,
4377 w 14th av,"",West Point Grey,4377 w 14th av,010771000,686026170000,3,1911,RS-1,R1-1,Residential Inclusive,3091000,101000,,,,,,,,,
2304 balaclava st,2306 balaclava st,Kitsilano,2304 balaclava st,011555203,58646060000,3,1912,,RT-7,Residential,1940000,52100,,,,,,,,,
1843 kitchener st,1845 kitchener st,Grandview-Woodland,1843 kitchener st,014995646,611252430000,3,1912,RT-5,RT-5,Residential,1821000,104000,,,,,,,,,
1180 w 15th av,"",Fairview,1180 w 15th av,013244051,688146420000,3,1912,,R3-2,Residential,3373000,252000,(Grace Troje),(Grace Troje),"",Long-term Rental,"",,,,
1749 collingwood st,"",Kitsilano,1749 collingwood st,015437132,42634950000,3,1912,RT-8,RT-8,Residential,2956000,185000,,,,,,,,,
3851 main st,3853 main st,Riley Park,3853 main st,026854431,"",3,1905,C-2,,,,,,,,,,,,,
151 e 28th av,153 e 28th av,Riley Park,151 e 28th av,015269540,716185510000,3,1905,RS-7,R1-1,Residential Inclusive,2586000,229000,,,,,,,,,
2224 larch st,"",Kitsilano,2224 larch st,015018997;015019004,77643460000,3,1912,,RT-8,Residential,2964000,152000,(Maurice Wong),(Maurice Wong),"",Long-term Rental,"",,,,
820 w 23rd av,"",South Cambie,820 w 23rd av,013640208,706153760000,3,1913,RS-5,R1-1,Residential Inclusive,2037000,634000,,,,,,,,,
2415 w 8th av,2417 w 8th av;2419 w 8th av,Kitsilano,2415 w 8th av,015017036,648077870000,3,1997,,RT-8,Residential,2689000,654000,(Vassiliki Nicolidakis),(Vassiliki Nicolidakis),"",Long-term Rental,"",,,,
79 w 17th av,83 w 17th av,Riley Park,79 w 17th av,014211696,691182230000,3,1911,,R1-1,Residential Inclusive,2731000,50700,Peter Clayton-Carroll & Susan Clayton-Carroll,Peter Clayton-Carroll & Susan Clayton-Carroll,"",Long-term Rental,"",,,,
930 e 12th av,932 e 12th av,Mount Pleasant,930 e 12th av,007196407,670214320000,3,1953,RT-5,R3-2,Residential,1400000,60900,,,,,,,,,
3561 main st,3559 main st;3563 main st,Riley Park,3559 main st,015161081,"",3,1951,C-2,,,,,,,,,,,,,
2737 w 3rd av,"",Kitsilano,2737 w 3rd av,011952555,638070630000,3,1910,RT-8,RT-8,Residential,2797000,169000,,,,,,,,,
173 e 46th av,"",Sunset,173 e 46th av,014592991,761188730000,3,1912,RS-1,R1-1,Residential Inclusive,1752000,87300,,,,,,,,,
1875 w 14th av,1877 w 14th av;1879 w 14th av,Kitsilano,1875 w 14th av,012764370,686097270000,3,2005,RT-8,R3-2,Residential,3221000,70400,,,,,,,,,
2030 grant st,"",Grandview-Woodland,2030 grant st,015426220,612255300000,3,1912,,RT-5,Residential,1739000,130000,,,,,,,,,
1501 commercial dr,1503 commercial dr,Grandview-Woodland,1501 commercial dr,003429776,250612030000,3,1970,C-2C,C-2C,Commercial,1035000,1684000,,,,,,,,,
1836 parker st,"",Grandview-Woodland,1836 parker st,003534901,601252360000,3,1909,,RT-5,Residential,1821000,207000,Hanna Hadikin & Marlene Holt,Hanna Hadikin & Marlene Holt,"",Long-term Rental,"",,,,
657 e 10th av,"",Mount Pleasant,657 e 10th av,004525434,655206570000,3,1905,,RT-5,Residential,1726000,161000,Wendy Graham & Shirley Graham,Wendy Graham & Shirley Graham,"",Long-term Rental,"",,,,
1422 e 15th av,1424 e 15th av,Kensington-Cedar Cottage,1422 e 15th av,009606122,687230740000,3,1958,RT-2,RT-2,Residential,2268000,81500,,,,,,,,,
2573 w 5th av,2575 w 5th av;2577 w 5th av,Kitsilano,2573 w 5th av,009945954,642073150000,3,1912,,RT-8,Residential,2572000,41600,Konstantinos Lekakis & Eleni Lekakis,Konstantinos Lekakis & Eleni Lekakis,"",Long-term Rental,"",,,,
3449 w 6th av,"",Kitsilano,3449 w 6th av,007093144,643042530000,3,1912,RT-7,RT-7,Residential,2221000,47300,,,,,,,,,
6106 fraser st,6108 fraser st;718 e 45th av,Sunset,718 e 45th av,016873394,"",3,1998,C-2,,,,,,,,,,,,,
2637 victoria dr,"",Kensington-Cedar Cottage,2637 victoria dr,"","",3,1926,RM-4,,,,,,,,,,,,,
2121 trafalgar st,2123 trafalgar st;2125 trafalgar st,Kitsilano,2121 trafalgar st,013433768,73642430000,3,1914,,RT-8,Residential,1729000,27300,Elizabeth Clay & Michelle Shivak,Elizabeth Clay & Michelle Shivak,"",Long-term Rental,"",,,,
195 e 22nd av,197 e 22nd av,Riley Park,195 e 22nd av,015257860,703187890000,3,1905,RS-7,R1-1,Residential Inclusive,1897000,166000,,,,,,,,,
568 e 12th av,"",Mount Pleasant,568 e 12th av,015441261,670201680000,3,1908,RT-5,R3-2,Residential,1029000,108000,,,,,,,,,
2320 ash st,"",Fairview,2320 ash st,015194299,165646460000,3,1905,,C-3A,Commercial,1840000,9300,Kut Haute Coiffure Ltd,Kut Haute Coiffure Ltd,"",Long-term Rental,"",,,,
3112 windsor st,"",Mount Pleasant,3112 windsor st,013943618,217687120000,3,1956,RT-5,R3-2,Residential,1683000,327000,,,,,,,,,
2947 turner st,"",Hastings-Sunrise,2947 turner st,013826522,594280490000,3,1912,RS-1,R1-1,Residential Inclusive,1646000,321000,,,,,,,,,
337 e hastings st,339 e hastings st,Strathcona,339 e hastings st,008386811,"",3,1988,DEOD,,,,,,,,,,,,,
2030 e 1st av,2028 e 1st av,Grandview-Woodland,2030 e 1st av,013337980,630255300000,3,1912,RM-12N,RM-12,Residential,1456000,173000,,,,,,,,,
2380 victoria dr,"",Grandview-Woodland,2380 victoria dr,015278191,253646940000,3,1928,RT-5N,RT-5,Residential,2117000,90200,,,,,,,,,
3209 w 3rd av,"",Kitsilano,3209 w 3rd av,013028294,638050870000,3,1915,RT-8,RT-8,Residential,2677000,198000,,,,,,,,,
2845 victoria dr,2543 victoria dr,Kensington-Cedar Cottage,2845 victoria dr,014983851,253670770000,3,1911,RT-5,RT-5,Residential,1729000,442000,,,,,,,,,
293 e 23rd av,"",Riley Park,293 e 23rd av,011244836,706190990000,3,1910,RS-7,R1-1,Residential Inclusive,1865000,93000,,,,,,,,,
557 e 12th av,559 e 12th av,Mount Pleasant,557 e 12th av,015272958,670201570000,3,1925,,R3-2,Residential,1453000,32600,,,,,,,,,
2330 clark dr,"",Grandview-Woodland,2330 clark dr,014830078,230646300000,3,1912,RM-4N,RM-4,Residential,1240000,135000,,,,,,,,,
729 w 17th av,"",South Cambie,729 w 17th av,002974452,691159570000,3,1911,,R1-1,Residential Inclusive,2323000,32200,(Patricia Pepperman),(Patricia Pepperman),"",Long-term Rental,"",,,,
1363 e 12th av,"",Kensington-Cedar Cottage,1363 e 12th av,013696726,670230570000,3,1912,,RM-11,Residential,1511000,91400,,,,,,,,,
1704 cotton dr,"",Grandview-Woodland,1704 cotton dr,008066566,236630040000,3,1912,,RM-4,Residential,1258000,138000,Robert Alvin May & Candice Eve Woods,Robert Alvin May & Candice Eve Woods,"",Long-term Rental,"",,,,
3780 quebec st,3782 quebec st,Riley Park,3780 quebec st,EPS8300,"",3,1910,RS-7,,,,,,,,,,,,,
656 e 43rd av,652 e 43rd av;660 e 43rd av,Sunset,656 e 43rd av,013910841,755201840000,3,1912,,RM-2,Residential,1619000,137000,(Norbert Heiden),(Norbert Heiden),"",Long-term Rental,"",,,,
738 w 24th av,"",South Cambie,738 w 24th av,013273493,707159640000,3,1911,,R1-1,Residential Inclusive,2948000,205000,,,,,,,,,
2541 prince albert st,"",Mount Pleasant,2541 prince albert st,013554271,212650410000,3,1911,,R3-2,Residential,1242000,68900,(Nash Wu),(Nash Wu),"",Long-term Rental,"",,,,
3007 quebec st,3005 quebec st;88 e 14th av,Mount Pleasant,3007 quebec st,015522083,186684070000,3,2006,,R3-3,Residential,1825000,158000,Jennifer Tekano & Kenneth Tekano,Jennifer Tekano & Kenneth Tekano,"",Long-term Rental,"",,,,
2228 stephens st,"",Kitsilano,2228 stephens st,015124011,72643560000,3,1912,RT-8,RT-8,Residential,1783000,49100,,,,,,,,,
6437 main st,6439 main st;6441 main st,Sunset,6437 main st,"","",3,1948,C-2,,,,,,,,,,,,,
2779 w 13th av,"",Kitsilano,2779 w 13th av,011627301,683070170000,3,1929,RS-5,R1-1,Residential Inclusive,2258000,92400,,,,,,,,,
1871 w 11th av,1873 w 11th av;1875 w 11th av,Kitsilano,1871 w 11th av,002931826,664097250000,3,1921,RT-8,R3-2,Residential,3221000,159000,,,,,,,,,
2918 w 6th av,2922 w 6th av;2926 w 6th av,Kitsilano,2918 w 6th av,"","",3,1912,RT-7,,,,,,,,,,,,,
1115 lily st,"",Grandview-Woodland,1115 lily st,013479652,254604150000,3,1911,RT-5,RT-5,Residential,1546000,528000,,,,,,,,,
2631 prince albert st,"",Mount Pleasant,2631 prince albert st,002489252,212655310000,3,1911,RT-5,R3-2,Residential,1461000,198000,,,,,,,,,
1920 dunbar st,1922 dunbar st;1924 dunbar st,Kitsilano,1920 dunbar st,007514719,41638480000,3,1912,,RT-8,Residential,2545000,96100,Beverley & Bob & Julie Scott-Ashe,Beverley & Bob & Julie Scott-Ashe,"",Long-term Rental,"",,,,
1841 trafalgar st,"",Kitsilano,1841 trafalgar st,015133788,73636650000,3,1910,RT-8,RT-8,Residential,2250000,95100,,,,,,,,,
833 e 16th av,"",Mount Pleasant,833 e 16th av,005162599,689212330000,3,1910,,R3-2,Residential,1574000,265000,,,,,,,,,
1957 grant st,1959 grant st,Grandview-Woodland,1957 grant st,015429679,612253570000,3,1912,RT-5,RT-5,Residential,1740000,119000,,,,,,,,,
3635 e pender st,"",Hastings-Sunrise,3635 e pender st,002624877,592312290000,3,1927,RS-1,R1-1,Residential Inclusive,1353000,129000,,,,,,,,,
1760 parker st,1764 parker st,Grandview-Woodland,1760 parker st,003182339,601250600000,3,1905,RT-5,RT-5,Residential,1821000,41300,,,,,,,,,
1758 venables st,"",Grandview-Woodland,1758 venables st,015150585,600250580000,3,1909,RT-5,RT-5,Residential,1714000,443000,,,,,,,,,
3663 w 2nd av,"",Kitsilano,3663 w 2nd av,005217865,636040310000,3,1914,RT-8,RT-8,Residential,2677000,158000,,,,,,,,,
1080 e 12th av,2801 glen dr,Mount Pleasant,1080 e 12th av,008372454,670217940000,3,1912,RT-5,R3-2,Residential,1453000,255000,,,,,,,,,
2 w 19th av,"",Riley Park,2 w 19th av,013849492,694182940000,3,1912,,R1-1,Residential Inclusive,2598000,573000,Andrew Terrance Kevin Dewberry (Andrew Dewberry),Andrew Terrance Kevin Dewberry (Andrew Dewberry),"",Long-term Rental,"",,,,
2304 stephens st,"",Kitsilano,2304 stephens st,011800241,72646040000,3,1912,RT-8,RT-8,Residential,1856000,57900,,,,,,,,,
5832 main st,"",Sunset,5832 main st,013394924,190751640000,3,1955,,RT-2,Residential,1297000,71700,Myrna Mata & Wilfredo Mata,Myrna Mata & Wilfredo Mata,"",Long-term Rental,"",,,,
2475 w 7th av,"",Kitsilano,2475 w 7th av,007043236,646077250000,3,1912,,RT-8,Residential,2688000,145000,(Bill Pantazis),(Bill Pantazis),"",Long-term Rental,"",,,,
2516 w 5th av,"",Kitsilano,2516 w 5th av,005641411,642073860000,3,1910,,RT-8,Residential,2816000,56400,David Yiu Fai Ng & Nelson Ng,David Yiu Fai Ng & Nelson Ng,"",Long-term Rental,"",,,,
2343 victoria dr,"",Grandview-Woodland,2343 victoria dr,013828118,253646750000,3,1911,RT-5N,RT-5,Residential,1618000,141000,,,,,,,,,
6568 victoria dr,6570 victoria dr;6572 victoria dr,Victoria-Fraserview,6568 victoria dr,014540207,250790680000,3,1966,C-2,C-2A,Commercial,1334000,410000,,,,,,,,,
2070 kingsway,2074 kingsway;2076 kingsway,Kensington-Cedar Cottage,2070 kingsway,013532928,770250760000,3,1914,C-2,C-2A,Commercial,1792000,6000,,,,,,,,,
3028 w 7th av,"",Kitsilano,3028 w 7th av,007198159,646058380000,3,1912,RT-7,RT-7,Residential,1987000,409000,,,,,,,,,
2618 w 8th av,"",Kitsilano,2618 w 8th av,015121771,648072740000,3,1912,,RT-8,Residential,1824000,37400,,,,,,,,,
3316 w 2nd av,3312 w 2nd av;3314 w 2nd av,Kitsilano,3316 w 2nd av,015430871,636045840000,3,1999,RT-8,RT-8,Residential,2677000,269000,,,,,,,,,
179 w 17th av,"",Riley Park,179 w 17th av,014213028,691179270000,3,1913,,R1-1,Residential Inclusive,2642000,38000,(Paul Michael),(Paul Michael),"",Long-term Rental,"",,,,
774 e 10th av,"",Mount Pleasant,774 e 10th av,015249603,655210740000,3,1955,RT-5,R3-2,Residential,1817000,131000,,,,,,,,,
1605 e 11th av,"",Kensington-Cedar Cottage,1605 e 11th av,007180446,665234590000,3,1912,RT-5,RT-5,Residential,1769000,103000,,,,,,,,,
2063 graveley st,"",Grandview-Woodland,2063 graveley st,009446818,616255630000,3,1910,RT-5,RT-5,Residential,1595000,226000,,,,,,,,,
3337 w 3rd av,"",Kitsilano,3337 w 3rd av,015431151,638045610000,3,1912,RT-8,RT-8,Residential,2677000,255000,,,,,,,,,
1053 e 12th av,1055 e 12th av,Mount Pleasant,1053 e 12th av,012886734,670217550000,3,1911,RT-5,R3-2,Residential,1262000,81500,,,,,,,,,
3139 w 3rd av,"",Kitsilano,3139 w 3rd av,015426866,638053470000,3,1915,,RT-8,Residential,2677000,310000,(Randall Smith),(Randall Smith),"",Long-term Rental,"",,,,
2061 william st,2059 william st,Grandview-Woodland,2061 william st,015151280,606257610000,3,1912,,RT-5,Residential,1433000,609000,,,,,,,,,
2871 w 14th av,"",Kitsilano,2871 w 14th av,011477342,686067290000,3,1922,RS-5,R1-1,Residential Inclusive,2377000,60000,,,,,,,,,
1923 e 6th av,"",Grandview-Woodland,1923 e 6th av,015288706,641253230000,3,1912,RT-5,RT-5,Residential,1821000,78700,,,,,,,,,
8026 argyle st,"",Victoria-Fraserview,8026 argyle st,010119680,237824360000,3,1910,RS-1,R1-1,Residential Inclusive,2020000,112000,,,,,,,,,
2012 york av,"",Kitsilano,2012 york av,006082688,631090840000,3,1906,RM-4,RM-4,Residential,2068000,61000,,,,,,,,,
1923 e 5th av,"",Grandview-Woodland,1923 e 5th av,015288536,638253230000,3,1910,RT-5,RT-5,Residential,1821000,323000,,,,,,,,,
3627 w 1st av,"",Kitsilano,3627 w 1st av,015444856,634040670000,3,1924,,RT-8,Residential,2677000,203000,Klaus Krombholz & Joan Krombholz,Klaus Krombholz & Joan Krombholz,"",Long-term Rental,"",,,,
2502 wall st,"",Hastings-Sunrise,2502 wall st,013005049,565271060000,3,1922,RS-1,R1-1,Residential Inclusive,1168000,60600,,,,,,,,,
1036 e 11th av,1038 e 11th av,Mount Pleasant,1036 e 11th av,012639346,665217380000,3,1913,RT-5,R3-2,Residential,1817000,111000,,,,,,,,,
53 w 14th av,"",Mount Pleasant,53 w 14th av,008288062,684182290000,3,1910,,R3-2,Residential,1923000,92000,,,,,,,,,
3442 w 8th av,"",Kitsilano,3442 w 8th av,005399971,648042460000,3,1912,,RT-7,Residential,2173000,75000,,,,,,,,,
728 e 14th av,730 e 14th av,Mount Pleasant,728 e 14th av,014643278,684210280000,3,1908,RT-5,R3-2,Residential,1694000,193000,,,,,,,,,
2053 w 15th av,2055 w 15th av,Kitsilano,2053 w 15th av,009613226,688090550000,3,1912,RT-8,R3-2,Residential,3221000,160000,,,,,,,,,
1784 e 7th av,"",Grandview-Woodland,1784 e 7th av,013610813,646250480000,3,1910,RT-5,RT-5,Residential,1862000,164000,,,,,,,,,
172 w 17th av,174 w 17th av,Riley Park,172 w 17th av,014205076,691179280000,3,1912,RS-7,R1-1,Residential Inclusive,2642000,42100,,,,,,,,,
2155 e 7th av,"",Grandview-Woodland,2155 e 7th av,004547021,646259350000,3,1928,RT-5,RT-5,Residential,1701000,578000,,,,,,,,,
2210 balaclava st,2212 balaclava st;2214 balaclava st,Kitsilano,2212 balaclava st,012548073,"",3,1912,,,,,,,,,,,,,,
434 lakewood dr,436 lakewood dr,Grandview-Woodland,434 lakewood dr,EPS5563,"",3,1910,RM-8A,,,,,,,,,,,,,
194 e 20th av,196 e 20th av;198 e 20th av,Riley Park,194 e 20th av,005062489,697187880000,3,1910,,R1-1,Residential Inclusive,1935000,292000,Wan M Chan & Chi Y Fung,Wan M Chan & Chi Y Fung,"",Long-term Rental,"",,,,
1765 e 15th av,1767 e 15th av,Kensington-Cedar Cottage,1765 e 15th av,014726807,685250670000,3,1910,RT-5,RT-5,Residential,1729000,143000,,,,,,,,,
1246 e 11th av,1244 e 11th av,Mount Pleasant,1244 e 11th av,004404998,665222620000,3,1910,RT-5,R3-2,Residential,1737000,159000,,,,,,,,,
2057 w 13th av,"",Kitsilano,2057 w 13th av,011465123,683090450000,3,1954,,R5-2,Residential,3221000,107000,,,,,,,,,
2178 grant st,2188 grant st,Grandview-Woodland,2178 grant st,014646315,612259960000,3,1911,RT-5,RT-5,Residential,1709000,94600,,,,,,,,,
356 w 15th av,"",Mount Pleasant,356 w 15th av,EPS10756,"",3,1910,RT-6,,,,,,,,,,,,,
1220 e 11th av,1222 e 11th av,Mount Pleasant,1220 e 11th av,EPS9146,"",3,1924,RT-5,,,,,,,,,,,,,
2341 collingwood st,2343 collingwood st,Kitsilano,2341 collingwood st,011207019,42646910000,3,1912,RT-7,RT-7,Residential,1910000,40100,,,,,,,,,
3336 w 2nd av,"",Kitsilano,3336 w 2nd av,015430821,636045540000,3,1910,RT-8,RT-8,Residential,2677000,251000,,,,,,,,,
2235 w 15th av,"",Kitsilano,2235 w 15th av,012334073,688084650000,3,1908,RT-7,R3-2,Residential,1924000,81100,,,,,,,,,
4838 windsor st,"",Kensington-Cedar Cottage,4838 windsor st,014061163,217727640000,3,1910,RS-1,R1-1,Residential Inclusive,1713000,60800,,,,,,,,,
3496 w 8th av,"",Kitsilano,3496 w 8th av,015458563,648042060000,3,1930,RT-7,RT-7,Residential,2173000,62900,,,,,,,,,
4323 miller st,"",Kensington-Cedar Cottage,4323 miller st,013244540,242770230000,3,1912,RM-1,RM-1,Residential,1251000,91100,,,,,,,,,
1602 victoria dr,1604 victoria dr,Grandview-Woodland,1602 victoria dr,007848943,253616040000,3,1912,RT-5,RT-5,Residential,1128000,538000,,,,,,,,,
470 w 19th av,"",Riley Park,470 w 19th av,013856171,694170380000,3,1926,,R1-1,Residential Inclusive,2654000,70500,,,,,,,,,
1969 commercial dr,1973 commercial dr;1977 commercial dr,Grandview-Woodland,1973 commercial dr,014481782;014481731,"",3,1909,C-2C1,,,,,,,,,,,,,
1921 trafalgar st,1923 trafalgar st,Kitsilano,1921 trafalgar st,008358753,73638470000,3,1910,RT-8,RT-8,Residential,1916000,44700,,,,,,,,,
3342 w 12th av,"",Kitsilano,3342 w 12th av,011832410,678045260000,3,1912,RS-5,R1-1,Residential Inclusive,2402000,158000,,,,,,,,,
757 durward av,"",Kensington-Cedar Cottage,757 durward av,010651543,729210570000,3,1914,RS-1,R1-1,Residential Inclusive,1748000,138000,,,,,,,,,
2820 fraser st,"",Mount Pleasant,2820 fraser st,014646404,210670200000,3,1910,,RT-5,Residential,1480000,258000,Yu-Ann Lee & Jimmy Lee,Yu-Ann Lee & Jimmy Lee,"",Long-term Rental,"",,,,
854 e 16th av,852 e 16th av,Kensington-Cedar Cottage,854 e 16th av,EPS6130,"",3,1910,RT-5,,,,,,,,,,,,,
761 e 15th av,"",Mount Pleasant,761 e 15th av,005077915,687210610000,3,1912,RT-5,R3-2,Residential,1839000,386000,,,,,,,,,
390 e 23rd av,"",Riley Park,390 e 23rd av,011244518,706194920000,3,1910,RS-1,R1-1,Residential Inclusive,1927000,390000,,,,,,,,,
1890 waterloo st,"",Kitsilano,1890 waterloo st,015431240,45636960000,3,1922,RT-8,RT-8,Residential,2956000,199000,,,,,,,,,
1404 mclean dr,1406 mclean dr,Grandview-Woodland,1404 mclean dr,012986381,233611040000,3,1910,RM-4,RM-4,Residential,1153000,97200,,,,,,,,,
2211 yew st,"",Kitsilano,2211 yew st,004767101,87643270000,3,1912,RM-4,R5-4,Residential,1771000,191000,,,,,,,,,
285 e 18th av,287 e 18th av,Riley Park,287 e 18th av,EPS8955,"",3,1913,RS-7,,,,,,,,,,,,,
3380 laurel st,"",South Cambie,3380 laurel st,014749327,153691800000,3,1912,,R1-1,Residential Inclusive,2383000,166000,,,,,,,,,
1201 e 12th av,1199 e 12th av,Mount Pleasant,1201 e 12th av,013397494,670222590000,3,1912,RT-5,R3-2,Residential,1473000,435000,,,,,,,,,
1324 arbutus st,"",Kitsilano,1324 arbutus st,031053424,90627300000,3,1936,RT-9,RT-9,Residential,3300000,1639000,,,,,,,,,
4924 main st,"",Riley Park,4924 main st,008136831,190730120000,3,1955,RT-2,RT-2,Residential,1309000,75200,,,,,,,,,
1945 adanac st,"",Grandview-Woodland,1945 adanac st,015251802,598253450000,3,1911,RT-5,RT-5,Residential,1666000,106000,,,,,,,,,
1521 salsbury dr,1523 salsbury dr,Grandview-Woodland,1521 salsbury dr,013702408,252612230000,3,1910,RT-5,RT-5,Residential,1474000,113000,,,,,,,,,
1161 e 60th av,"",Sunset,1161 e 60th av,008935785,815221290000,3,1966,RS-1,R1-1,Residential Inclusive,1708000,161000,,,,,,,,,
7892 heather st,"",Marpole,7892 heather st,011479507,156818960000,3,1912,RS-1,R1-1,Residential Inclusive,2627000,1759000,,,,,,,,,
1749 bayswater st,"",Kitsilano,1749 bayswater st,008161305,62630910000,3,1912,,RT-8,Residential,2187000,45100,(Michael Mitropoulos),(Michael Mitropoulos),"",Long-term Rental,"",,,,
1761 charles st,1763 charles st,Grandview-Woodland,1761 charles st,015291197,607250630000,3,1910,RT-5,RT-5,Residential,1725000,52000,,,,,,,,,
222 e 17th av,"",Riley Park,222 e 17th av,011251328,691191220000,3,1910,C-2,C-2A,Commercial,1055000,6800,,,,,,,,,
1664 e 11th av,"",Kensington-Cedar Cottage,1664 e 11th av,010092960,665234880000,3,1910,,RT-5,Residential,1681000,123000,(Malouf Ould-Braham),(Malouf Ould-Braham),"",Long-term Rental,"",,,,
3109 w 3rd av,"",Kitsilano,3109 w 3rd av,002860961,638053810000,3,1914,,RT-8,Residential,2677000,45000,MB Prime Properties Ltd,MB Prime Properties Ltd,"",Long-term Rental,"",,,,
15 w 11th av,"",Mount Pleasant,15 w 11th av,006720722,664182870000,3,1910,RT-6,R5-2,Residential,2873000,216000,,,,,,,,,
3209 quebec st,3215 quebec st,Riley Park,3209 quebec st,010686878,186690090000,3,1945,RM-4N,RM-4,Residential,2211000,48300,,,,,,,,,
1137 e 11th av,"",Mount Pleasant,1137 e 11th av,014660407,665222210000,3,1910,RT-5,R3-2,Residential,1842000,84000,,,,,,,,,
1536 e broadway,"",Kensington-Cedar Cottage,1536 e broadway,014418070,650234200000,3,1955,RM-4N,RM-4,Residential,1321000,55700,,,,,,,,,
2223 e 8th av,"",Grandview-Woodland,2223 e 8th av,004236840,648259590000,3,1912,RT-5,RT-5,Residential,1701000,124000,,,,,,,,,
2170 e hastings st,2180 e hastings st;2190 e hastings st,Grandview-Woodland,2180 e hastings st,015667634,"",3,1971,C-2C1,,,,,,,,,,,,,
2545 w 3rd av,2547 w 3rd av,Kitsilano,2545 w 3rd av,014981106,638073550000,3,1912,,RT-8,Residential,3372000,194000,Alan Alexander & Esther Alexander,Alan Alexander & Esther Alexander,"",Long-term Rental,"",,,,
3807 victoria dr,3811 victoria dr,Kensington-Cedar Cottage,3807 victoria dr,009068821,250697150000,3,1910,,R1-1,Residential Inclusive,1517000,85000,,,,,,,,,
2456 w 1st av,"",Kitsilano,2456 w 1st av,015020002,634077380000,3,1912,RM-4,RM-4,Residential,3372000,607000,,,,,,,,,
1143 e 12th av,1145 e 12th av,Mount Pleasant,1143 e 12th av,014900459,670222310000,3,1955,,R3-2,Residential,1400000,56600,Nee Hong Cheung (Nee Cheung),Nee Hong Cheung (Nee Cheung),"",Long-term Rental,"",,,,
1931 napier st,"",Grandview-Woodland,1931 napier st,009283129,604253310000,3,1911,RT-5,RT-5,Residential,1821000,576000,,,,,,,,,
829 e 14th av,831 e 14th av,Mount Pleasant,829 e 14th av,006032621,684212290000,3,1911,RT-5,R3-2,Residential,1817000,141000,,,,,,,,,
855 e pender st,857 e pender st;861 e pender st,Strathcona,855 e pender st,015578399,592212670000,3,1901,RT-3,RT-3,Residential,1380000,251000,,,,,,,,,
248 e 24th av,250 e 24th av,Riley Park,248 e 24th av,011243261,708190160000,3,1910,RS-7,R1-1,Residential Inclusive,1704000,273000,,,,,,,,,
3349 w 21st av,"",Dunbar-Southlands,3349 w 21st av,011171910,698042810000,3,1925,RS-5,R1-1,Residential Inclusive,3364000,135000,,,,,,,,,
3210 w 2nd av,3208 w 2nd av,Kitsilano,3210 w 2nd av,015428184,636050860000,3,1912,RT-8,RT-8,Residential,2677000,301000,,,,,,,,,
1712 alma st,1714 alma st,Kitsilano,1714 alma st,011482249,40634460000,3,1912,RT-8,RT-8,Residential,2543000,530000,,,,,,,,,
1124 e 10th av,"",Mount Pleasant,1124 e 10th av,002710897,655222240000,3,1912,RT-5,R3-2,Residential,1817000,115000,,,,,,,,,
1556 e 11th av,1558 e 11th av,Kensington-Cedar Cottage,1556 e 11th av,015521231,665234340000,3,1910,RT-5,RT-5,Residential,1769000,149000,,,,,,,,,
737 e 14th av,739 e 14th av,Mount Pleasant,737 e 14th av,015414931,684210370000,3,1910,RT-5,R3-2,Residential,1817000,718000,,,,,,,,,
1964 w 5th av,"",Kitsilano,1964 w 5th av,EPS3553,"",3,1912,RM-4,,,,,,,,,,,,,
224 w 12th av,"",Mount Pleasant,224 w 12th av,014563509,670173560000,3,1912,,R3-2,Residential,2807000,114000,(Paula Havard),(Paula Havard),"",Long-term Rental,"",,,,
478 e 12th av,"",Mount Pleasant,478 e 12th av,012034100,670198780000,3,1970,RT-5,R3-2,Residential,1453000,213000,,,,,,,,,
240 e 17th av,"",Riley Park,240 e 17th av,EPS9912,"",3,1910,RS-7,,,,,,,,,,,,,
1135 e 13th av,"",Mount Pleasant,1135 e 13th av,010203761,683222230000,3,1912,RT-5,R3-2,Residential,1647000,148000,,,,,,,,,
1411 e 21st av,1413 e 21st av,Kensington-Cedar Cottage,1411 e 21st av,003581471,698230110000,3,1910,RM-1N,RM-1,Residential,1430000,483000,,,,,,,,,
2078 william st,"",Grandview-Woodland,2078 william st,015149676,606257920000,3,1911,RT-5,RT-5,Residential,1545000,86500,,,,,,,,,
1354 arbutus st,1356 arbutus st,Kitsilano,1354 arbutus st,007968256,90627560000,3,1919,RT-9,RT-9,Residential,3340000,63000,,,,,,,,,
2639 w 5th av,"",Kitsilano,2639 w 5th av,005411041,642072390000,3,1912,RT-8,RT-8,Residential,1772000,91700,,,,,,,,,
1620 mclean dr,"",Grandview-Woodland,1620 mclean dr,014083728,232616200000,3,1912,RM-4,RM-4,Residential,1072000,223000,,,,,,,,,
4891 beatrice st,"",Kensington-Cedar Cottage,4891 beatrice st,011496894,246728870000,3,1914,RS-1,R1-1,Residential Inclusive,1232000,37300,,,,,,,,,
3435 w 6th av,"",Kitsilano,3435 w 6th av,031893406,643042830000,3,1926,RT-7,RT-7,Residential,3145000,153000,,,,,,,,,
6258 beatrice st,6262 beatrice st,Victoria-Fraserview,6258 beatrice st,009710493,246762160000,3,1957,RT-2,RT-2,Residential,1941000,57500,,,,,,,,,
2942 trimble st,"",West Point Grey,2942 trimble st,011113944,26683440000,3,1932,,R1-1,Residential Inclusive,4072000,10000,,,,,,,,,
4658 windsor st,"",Kensington-Cedar Cottage,4658 windsor st,006579388,217724940000,3,1913,RS-1,R1-1,Residential Inclusive,1942000,102000,,,,,,,,,
2637 prince albert st,"",Mount Pleasant,2637 prince albert st,012108588,212655370000,3,1911,,R3-2,Residential,1461000,110000,(Brenda Crouse),(Brenda Crouse),"",Long-term Rental,"",,,,
4866 rupert st,3206 vanness av,Renfrew-Collingwood,3206 vanness av,011933925,718300040000,3,1912,RM-9BN,RM-9B,Residential,1450000,616000,,,,,,,,,
2108 maple st,2110 maple st,Kitsilano,2108 maple st,002679094,95642160000,3,1912,RM-4,R5-4,Residential,2104000,1250000,,,,,,,,,
2726 w 12th av,"",Kitsilano,2726 w 12th av,014698862,678070740000,3,1912,RS-5,R1-1,Residential Inclusive,2258000,122000,,,,,,,,,
1049 e 11th av,1051 e 11th av,Mount Pleasant,1049 e 11th av,015272621,665217490000,3,1912,RT-5,R3-2,Residential,1817000,39200,,,,,,,,,
319 e broadway,317 e broadway;323 e broadway,Mount Pleasant,319 e broadway,009892745,650194230000,3,1981,,C-3A,Commercial,1125000,3330000,B.M.G. Enterprises Ltd,B.M.G. Enterprises Ltd,"",Long-term Rental,"",,,,
2614 triumph st,"",Hastings-Sunrise,2614 triumph st,015367177,586274280000,3,1913,,R1-1,Residential Inclusive,1577000,119000,,,,,,,,,
6362 fraser st,6364 fraser st;6368 fraser st,Sunset,6362 fraser st,014643928,210765680000,3,1946,C-2,C-2A,Commercial,1341000,112000,,,,,,,,,
1758 e 2nd av,"",Grandview-Woodland,1758 e 2nd av,014896711,631250280000,3,1912,,RT-5,Residential,1821000,139000,(Dyanne Niedbala),(Dyanne Niedbala),"",Long-term Rental,"",,,,
1246 robson st,1248 robson st;1250 robson st,West End,1246 robson st,015866491,602117460000,3,1947,,DD,Comprehensive Development,3747000,335500,1244 Robson Holdings Ltd,1244 Robson Holdings Ltd,"",Long-term Rental,"",,,,
1085 w 7th av,1087 w 7th av,Fairview,1085 w 7th av,015200060,646149130000,3,1987,FM-1,R4-1,Residential,2023000,385000,,,,,,,,,
8568 oak st,"",Marpole,8568 oak st,002974550,150826840000,3,1956,RT-2,RT-2,Residential,1809000,49900,,,,,,,,,
4447 quebec st,"",Riley Park,4447 quebec st,015264980,188716470000,3,1910,RS-1,R1-1,Residential Inclusive,2055600,1472000,,,,,,,,,
2809 w 6th av,"",Kitsilano,2809 w 6th av,011987936,643062910000,3,1912,RT-7,RT-7,Residential,2805000,139000,,,,,,,,,
1549 maple st,1547 maple st,Kitsilano,1549 maple st,011300175,95630930000,3,1912,,RM-4,Residential,1853000,233000,,,,,,,,,
1330 victoria dr,1332 victoria dr,Grandview-Woodland,1330 victoria dr,015201988,253607320000,3,1910,RT-5,RT-5,Residential,1187000,252000,,,,,,,,,
579 w 17th av,"",South Cambie,579 w 17th av,015156605,691165410000,3,1912,,R1-1,Residential Inclusive,2371000,39800,WC Co-operation Ltd,WC Co-operation Ltd,"",Long-term Rental,"",,,,
1963 e 1st av,1965 e 1st av,Grandview-Woodland,1963 e 1st av,014880377,630253630000,3,1912,RM-11N,RM-11,Residential,1473000,160000,,,,,,,,,
851 union st,853 union st;857 union st,Strathcona,853 union st,EPS6405,"",3,1900,FCCDD,,,,,,,,,,,,,
5820 main st,"",Sunset,5820 main st,010371656,190751540000,3,1958,,RT-2,Residential,1601000,63300,,,,,,,,,
1615 e 14th av,1621 e 14th av,Kensington-Cedar Cottage,1615 e 14th av,009575073,684234630000,3,1959,RT-5,RT-5,Residential,2127000,67600,,,,,,,,,
2720 columbia st,"",Mount Pleasant,2720 columbia st,009517685,179664460000,3,1912,,R3-2,Residential,2128000,518000,(Patrick Everett),(Patrick Everett),"",Long-term Rental,"",,,,
5704 kerr st,"",Killarney,5704 kerr st,014576970,302750020000,3,1941,RS-1,R1-1,Residential Inclusive,1551000,90600,,,,,,,,,
816 victoria dr,"",Grandview-Woodland,816 victoria dr,014550407,253598160000,3,1910,RM-4,RM-4,Residential,1110000,187000,,,,,,,,,
2741 w 3rd av,2739 w 3rd av;2743 w 3rd av,Kitsilano,2741 w 3rd av,030168635,638070530000,3,1910,,RT-8,Residential,2315000,757000,Louise E Duffy & Augustine C Dias-Lalcaca,Louise E Duffy & Augustine C Dias-Lalcaca,"",Long-term Rental,"",,,,
660 e 10th av,662 e 10th av,Mount Pleasant,660 e 10th av,006353924,655206620000,3,1906,RT-5,RT-5,Residential,1726000,125000,,,,,,,,,
301 e 21st av,303 e 21st av;3690 sophia st,Riley Park,301 e 21st av,011248327,698194030000,3,1910,RS-1,R1-1,Residential Inclusive,2354000,72700,,,,,,,,,
1915 bayswater st,1917 bayswater st,Kitsilano,1915 bayswater st,005418950,"",3,1912,RT-8,,,,,,,,,,,,,
2130 collingwood st,2134 collingwood st,Kitsilano,2130 collingwood st,008171785,42642560000,3,1912,RT-7,RT-7,Residential,2454000,291000,,,,,,,,,
2209 stephens st,"",Kitsilano,2209 stephens st,011753978,72643130000,3,1914,,RT-8,Residential,1855000,33900,,,,,,,,,
1934 w 5th av,"",Kitsilano,1934 w 5th av,015197701,642095860000,3,1905,,R3-3,Residential,3378000,36900,Anfrid Enterprises Ltd,Anfrid Enterprises Ltd,"",Long-term Rental,"",,,,
2912 w 3rd av,2914 w 3rd av,Kitsilano,2912 w 3rd av,012400033,638062220000,3,1912,RT-8,RT-8,Residential,2503000,169000,,,,,,,,,
281 e 32nd av,"",Riley Park,281 e 32nd av,014477823,728190750000,3,1909,RS-1,R1-1,Residential Inclusive,1853000,219000,,,,,,,,,
949 e 11th av,"",Mount Pleasant,949 e 11th av,015272117,665214490000,3,1912,RT-5,R3-2,Residential,1817000,151000,,,,,,,,,
197 w 14th av,"",Mount Pleasant,197 w 14th av,014562120,684179050000,3,1912,RT-6,R3-2,Residential,2773000,55600,,,,,,,,,
830 e 12th av,"",Mount Pleasant,830 e 12th av,005784166,670212300000,3,1912,RT-5,R3-2,Residential,1453000,107000,,,,,,,,,
2656 w 5th av,"",Kitsilano,2656 w 5th av,013250949,642072240000,3,1915,RT-8,RT-8,Residential,2226000,93600,,,,,,,,,
1710 cotton dr,"",Grandview-Woodland,1710 cotton dr,004259424,236630120000,3,1912,RM-4N,RM-4,Residential,1406000,117000,,,,,,,,,
2528 waterloo st,"",Kitsilano,2528 waterloo st,007969198,45650560000,3,1912,,R1-1,Residential Inclusive,2109000,442000,,,,,,,,,
1939 e 1st av,1941 e 1st av,Grandview-Woodland,1939 e 1st av,015421660,630253410000,3,1913,RM-11N,RM-11,Residential,1473000,115000,,,,,,,,,
1726 e 6th av,"",Grandview-Woodland,1726 e 6th av,015652971,641250340000,3,1912,RT-5,RT-5,Residential,2239000,103000,,,,,,,,,
1329 walnut st,1331 walnut st,Kitsilano,1329 walnut st,013702076,96627270000,3,1912,,RT-9,Residential,2672000,132000,Khonas Bichins & Charna Jones,Khonas Bichins & Charna Jones,"",Long-term Rental,"",,,,
2245 mcgill st,"",Grandview-Woodland,2245 mcgill st,009930779,570255650000,3,1956,RM-3A,RM-3A,Residential,1919000,102000,,,,,,,,,
874 e 11th av,876 e 11th av,Mount Pleasant,874 e 11th av,007268386,665212960000,3,1910,RT-5,R3-2,Residential,2224000,158000,,,,,,,,,
1842 stephens st,2689 w 3rd av,Kitsilano,1842 stephens st,005245125,72636940000,3,1910,,RT-8,Residential,2336000,214000,Craig W Freeman (Craig Freeman),Craig W Freeman (Craig Freeman),"",Long-term Rental,"",,,,
2836 st catherines st,2838 st catherines st,Mount Pleasant,2836 st catherines st,012892718,214670360000,3,1911,RT-5,R3-2,Residential,1391000,117000,,,,,,,,,
4068 w 16th av,"",Dunbar-Southlands,4068 w 16th av,004473426,690030360000,3,1927,,R1-1,Residential Inclusive,2081000,96900,,,,,,,,,
1364 e 12th av,1366 e 12th av,Kensington-Cedar Cottage,1364 e 12th av,014928841,670230340000,3,1912,RM-11N,RM-11,Residential,1511000,139000,,,,,,,,,
775 e 12th av,"",Mount Pleasant,775 e 12th av,015416453,670210750000,3,1912,,R3-2,Residential,1453000,76000,Wayne W Lee & Ut Kio Lee,Wayne W Lee & Ut Kio Lee,"",Long-term Rental,"",,,,
2648 cambridge st,"",Hastings-Sunrise,2648 cambridge st,007421338,576274480000,3,1910,,R1-1,Residential Inclusive,1682000,99100,(Guy Boucher),(Guy Boucher),"",Long-term Rental,"",,,,
1616 kitchener st,1400 cotton dr,Grandview-Woodland,1400 cotton dr,008983011;008982767,"",3,2005,RM-4,,,,,,,,,,,,,
286 w 18th av,"",Riley Park,286 w 18th av,013871587,693172600000,3,1914,,R1-1,Residential Inclusive,2446000,47800,Dimitrios Karabelas & Angela Karabelas,Dimitrios Karabelas & Angela Karabelas,"",Long-term Rental,"",,,,
2705 w 2nd av,2707 w 2nd av,Kitsilano,2705 w 2nd av,013416294,636070950000,3,1910,RT-8,RT-8,Residential,2562000,625000,,,,,,,,,
2125 w 14th av,"",Kitsilano,2125 w 14th av,013890450,686087770000,3,1912,,RT-7,Residential,2899000,36200,(Diamanto Floros),(Diamanto Floros),"",Long-term Rental,"",,,,
1737 bayswater st,"",Kitsilano,1737 bayswater st,008496927,62630610000,3,1912,,RT-8,Residential,2187000,56000,,,,,,,,,
960 w 19th av,"",South Cambie,960 w 19th av,014554330,694150600000,3,1916,RS-7,R1-1,Residential Inclusive,2446000,40300,,,,,,,,,
3271 kingsway,3273 kingsway;3275 kingsway;3277 kingsway,Renfrew-Collingwood,3271 kingsway,011176474,770305550000,3,1966,C-2,C-2A,Commercial,1199000,1047000,,,,,,,,,
2982 w 3rd av,"",Kitsilano,2982 w 3rd av,003634141,638058860000,3,1914,RT-8,RT-8,Residential,2239000,98000,,,,,,,,,
3555 w 2nd av,"",Kitsilano,3555 w 2nd av,006440851,636041150000,3,1912,,RT-8,Residential,2677000,155000,(Ann Chasmar),(Ann Chasmar),"",Long-term Rental,"",,,,
2233 stephens st,"",Kitsilano,2233 stephens st,004220145,72643690000,3,1914,,RT-8,Residential,1855000,160000,,,,,,,,,
2623 w 5th av,2621 w 5th av,Kitsilano,2623 w 5th av,010329501,642072750000,3,1912,RT-8,RT-8,Residential,1776000,698000,,,,,,,,,
4143 welwyn st,"",Kensington-Cedar Cottage,4143 welwyn st,014528274,239701890000,3,1912,,RM-1,Residential,1408000,123000,,,,,,,,,
3230 w 2nd av,"",Kitsilano,3230 w 2nd av,007052413,636050560000,3,1912,,RT-8,Residential,2677000,66200,,,,,,,,,
1040 commercial dr,1042 commercial dr;1044 commercial dr,Grandview-Woodland,1040 commercial dr,014938600,250601440000,3,1965,,C-2C1,Commercial,1187000,1215000,(Eddie Yen),(Eddie Yen),"",Long-term Rental,"",,,,
2015 w 13th av,2019 w 13th av,Kitsilano,2015 w 13th av,014180308,683090850000,3,1942,,R5-2,Residential,3221000,63200,,,,,,,,,
2546 waterloo st,"",Kitsilano,2546 waterloo st,012243744,45650800000,3,1912,,R1-1,Residential Inclusive,2220000,228000,G&M Enterprises Ltd,G&M Enterprises Ltd,"",Long-term Rental,"",,,,
2216 w 15th av,"",Kitsilano,2216 w 15th av,005630614,688084820000,3,1906,,R3-2,Residential,2899000,39500,,,,,,,,,
120 e king edward av,"",Riley Park,120 e king edward av,005668131,710187200000,3,1910,RS-7,R1-1,Residential Inclusive,1453000,288000,,,,,,,,,
2722 carolina st,2724 carolina st,Mount Pleasant,2722 carolina st,008730580,206665220000,3,1911,RT-5,R3-2,Residential,1482000,655000,,,,,,,,,
469 w 17th av,471 w 17th av,Riley Park,469 w 17th av,011070790,691170390000,3,1911,RS-7,R1-1,Residential Inclusive,2510000,134000,,,,,,,,,
1909 bayswater st,1911 bayswater st,Kitsilano,1909 bayswater st,011974036,62638270000,3,1912,,RT-8,Residential,2098000,75700,Dr. B A Huff Inc,Dr. B A Huff Inc,"",Long-term Rental,"",,,,
1232 victoria dr,"",Grandview-Woodland,1232 victoria dr,015218473;015218627,253606320000,3,1910,RT-5,RT-5,Residential,1250000,317000,,,,,,,,,
1846 w 14th av,1842 w 14th av,Kitsilano,1846 w 14th av,EPS5066,"",3,1912,RT-8,,,,,,,,,,,,,
64 e 6th av,"",Mount Pleasant,64 e 6th av,015554031,645184860000,3,1909,I-1,I-1,Industrial,2647000,10000,,,,,,,,,
1765 graveley st,1767 graveley st,Grandview-Woodland,1765 graveley st,EPS11696,"",3,1912,RT-5,,,,,,,,,,,,,
2049 semlin dr,"",Grandview-Woodland,2049 semlin dr,013554204,255634910000,3,1910,,RT-5,Residential,1854000,144000,Jose A Ribeiro (Jose Ribeiro),Jose A Ribeiro (Jose Ribeiro),"",Long-term Rental,"",,,,
4698 w 4th av,"",West Point Grey,4698 w 4th av,010824707,640020020000,3,1905,RS-1,R1-1,Residential Inclusive,3079000,187000,,,,,,,,,
4546 quebec st,"",Riley Park,4546 quebec st,007351631,188722460000,3,1909,,R1-1,Residential Inclusive,1933000,399000,,,,,,,,,
2621 st george st,2619 st george st,Mount Pleasant,2621 st george st,013940228,"",3,1908,RT-5,,,,,,,,,,,,,
760 e 14th av,762 e 14th av,Mount Pleasant,762 e 14th av,EPS10089,"",3,1908,RT-5,,,,,,,,,,,,,
2403 cambridge st,"",Hastings-Sunrise,2403 cambridge st,010913785,576270210000,3,1909,RM-3A,RM-3A,Residential,1607000,248000,,,,,,,,,
3066 point grey rd,"",Kitsilano,3066 point grey rd,011257253,630058260000,3,1920,RT-8,RT-8,Residential,3174000,132000,,,,,,,,,
1866 e 35th av,"",Kensington-Cedar Cottage,1866 e 35th av,007215495,734243380000,3,1912,RS-1,R1-1,Residential Inclusive,1538000,137000,,,,,,,,,
911 w 23rd av,"",South Cambie,911 w 23rd av,009278681,706150790000,3,1911,RS-5,R1-1,Residential Inclusive,2547000,39100,,,,,,,,,
1947 e 3rd av,"",Grandview-Woodland,1947 e 3rd av,015205011,633253470000,3,1927,,RT-5,Residential,1821000,68100,,,,,,,,,
1314 walnut st,1316 walnut st,Kitsilano,1314 walnut st,007103531,96627180000,3,1913,RT-9,RT-9,Residential,2672000,74700,,,,,,,,,
835 e 11th av,833 e 11th av,Mount Pleasant,833 e 11th av,008192901,665212350000,3,1912,,R3-2,Residential,1817000,83400,,,,,,,,,
3442 w 1st av,"",Kitsilano,3442 w 1st av,015436560,634042500000,3,1912,RT-8,RT-8,Residential,2677000,719000,,,,,,,,,
2220 stephens st,2222 stephens st,Kitsilano,2220 stephens st,014032317,72643420000,3,1912,RT-8,RT-8,Residential,1783000,570000,,,,,,,,,
1965 turner st,"",Grandview-Woodland,1965 turner st,017220874,594253750000,3,1913,RT-5,RT-5,Residential,1551000,322000,,,,,,,,,
1445 semlin dr,"",Grandview-Woodland,1445 semlin dr,013435256,255611730000,3,1913,RT-5,RT-5,Residential,1360000,127000,,,,,,,,,
5819 main st,"",Sunset,5819 main st,008470537,190751190000,3,1953,RT-2,RT-2,Residential,1255000,55800,,,,,,,,,
1112 e 10th av,"",Mount Pleasant,1112 e 10th av,003430570,655222120000,3,1956,RT-5,R3-2,Residential,1802000,79600,,,,,,,,,
3460 fleming st,3462 fleming st,Kensington-Cedar Cottage,3460 fleming st,014687771;014687798,236692620000,3,1910,RT-10,RT-10,Residential,1605000,83800,,,,,,,,,
475 e 49th av,"",Sunset,475 e 49th av,014018047,790197750000,3,1912,RS-1,R1-1,Residential Inclusive,1624000,183000,,,,,,,,,
3303 w 3rd av,1841 blenheim st;3305 w 3rd av,Kitsilano,3303 w 3rd av,014891981,638045950000,3,1912,RT-8,RT-8,Residential,2677000,48600,,,,,,,,,
2993 alberta st,305 w 14th av;307 w 14th av,Mount Pleasant,305 w 14th av,014566923,"",3,1946,RT-6,,,,,,,,,,,,,
21 w 13th av,"",Mount Pleasant,21 w 13th av,015529941,683182730000,3,1905,RT-6,R3-2,Residential,2738000,103000,,,,,,,,,
803 e 24th av,3970 prince albert st,Kensington-Cedar Cottage,803 e 24th av,011450134,708212030000,3,1910,RS-1,R1-1,Residential Inclusive,1580000,474000,,,,,,,,,
1856 w 14th av,"",Kitsilano,1856 w 14th av,012757721,686097440000,3,1920,RT-8,R3-2,Residential,3221000,123000,,,,,,,,,
261 w 18th av,"",Riley Park,261 w 18th av,014206102,693172650000,3,1911,RS-7,R1-1,Residential Inclusive,2642000,92500,,,,,,,,,
3161 w 6th av,"",Kitsilano,3161 w 6th av,004077296,643053350000,3,1912,,RT-7,Residential,2222000,222000,,,,,,,,,
1633 stephens st,"",Kitsilano,1633 stephens st,005410762,72631230000,3,1908,RT-8,RT-8,Residential,2241000,120000,,,,,,,,,
1962 e 2nd av,"",Grandview-Woodland,1962 e 2nd av,004588398,631253620000,3,1912,RT-5,RT-5,Residential,1729000,534000,,,,,,,,,
2934 yew st,"",Kitsilano,2934 yew st,013890565,87683560000,3,1912,RT-7,R3-2,Residential,2138000,168000,,,,,,,,,
2334 graveley st,"",Grandview-Woodland,2334 graveley st,014699893,616267340000,3,1907,C-1,C-1,Commercial,1565000,137000,,,,,,,,,
1617 kitchener st,"",Grandview-Woodland,1617 kitchener st,032202008,611236170000,3,1912,RM-4,RM-4,Residential,1651000,113000,,,,,,,,,
119 w 13th av,121 w 13th av,Mount Pleasant,119 w 13th av,012283240,"",3,1912,RT-6,,,,,,,,,,,,,
1006 clark dr,"",Grandview-Woodland,1006 clark dr,008690707,230601060000,3,1927,I-2,I-2,Industrial,1638000,100000,,,,,,,,,
1900 w 1st av,1729 cypress st,Kitsilano,1900 w 1st av,015227553;015227588,634095940000,3,1963,C-2B,C-2A,Commercial,2863000,1674000,,,,,,,,,
1737 charles st,"",Grandview-Woodland,1737 charles st,011851741,607250370000,3,1912,,RT-5,Residential,1837000,123000,,,,,,,,,
567 w 18th av,569 w 18th av,South Cambie,567 w 18th av,010472550,693165710000,3,1914,,R1-1,Residential Inclusive,2445000,28300,,,,,,,,,
1829 e 12th av,"",Kensington-Cedar Cottage,1829 e 12th av,014861631;014861640,670250550000,3,1960,,RM-4,Residential,2938000,10000,,,,,,,,,
2758 w 7th av,"",Kitsilano,2758 w 7th av,015123405,646070140000,3,1912,RT-8,RT-8,Residential,1961000,231000,,,,,,,,,
4555 w 2nd av,4559 w 2nd av,West Point Grey,4555 w 2nd av,013718088;013718061,636022870000,3,1925,RS-1,R1-1,Residential Inclusive,4162000,174000,,,,,,,,,
3823 w 10th av,"",West Point Grey,3823 w 10th av,"","",3,1942,RS-1,,,,,,,,,,,,,
3473 fleming st,"",Kensington-Cedar Cottage,3473 fleming st,008518009,236692730000,3,1910,RT-10,RT-10,Residential,1540000,64100,,,,,,,,,
2837 woodland dr,"",Kensington-Cedar Cottage,2837 woodland dr,014356457,234670730000,3,1912,,RT-5,Residential,1730000,142000,Dana Wainwright & Calvin Wainwright,Dana Wainwright & Calvin Wainwright,"",Long-term Rental,"",,,,
3636 point grey rd,"",Kitsilano,3636 point grey rd,013843346,630040540000,3,1914,RT-8,RT-8,Residential,2889000,396000,,,,,,,,,
448 e 17th av,"",Riley Park,448 e 17th av,003255395,691197480000,3,1910,RS-1,R1-1,Residential Inclusive,1335000,81100,,,,,,,,,
3217 w 2nd av,3219 w 2nd av;3221 w 2nd av,Kitsilano,3217 w 2nd av,015434419,636050770000,3,1912,RT-8,RT-8,Residential,2677000,151000,,,,,,,,,
5764 main st,"",Sunset,5764 main st,010371605,190750760000,3,1958,,RT-2,Residential,1472000,84300,,,,,,,,,
2637 e pender st,"",Hastings-Sunrise,2637 e pender st,010803572,592274350000,3,1912,RS-1,R1-1,Residential Inclusive,1469000,171000,,,,,,,,,
2610 mackenzie st,"",Kitsilano,2610 mackenzie st,011778008,67670260000,3,1912,RS-5,R1-1,Residential Inclusive,1916000,240000,,,,,,,,,
2543 prince albert st,"",Mount Pleasant,2543 prince albert st,013554336,212650430000,3,1911,,R3-2,Residential,1242000,119000,(George Solymosi),(George Solymosi),"",Long-term Rental,"",,,,
1454 e 15th av,"",Kensington-Cedar Cottage,1454 e 15th av,003551644,687232040000,3,1907,,RT-2,Residential,1500000,115000,(Oleg Litwinow),(Oleg Litwinow),"",Long-term Rental,"",,,,
122 w 20th av,"",Riley Park,122 w 20th av,011133694,697179740000,3,1912,RS-1,R1-1,Residential Inclusive,2373000,108000,,,,,,,,,
1448 lakewood dr,1450 lakewood dr,Grandview-Woodland,1448 lakewood dr,003904024,259611960000,3,1911,,RT-5,Residential,1514000,35200,,,,,,,,,
2155 graveley st,2157 graveley st,Grandview-Woodland,2155 graveley st,013320289,616259550000,3,1912,,RT-5,Residential,1612000,111000,,,,,,,,,
485 e 19th av,"",Riley Park,485 e 19th av,013218701,694197850000,3,1924,RS-1,R1-1,Residential Inclusive,1914000,40300,,,,,,,,,
6368 main st,"",Sunset,6368 main st,014383268,190765680000,3,1955,,RT-2,Residential,1276000,57500,Isabel Yurika Ann Nishi (Isabel Nishi),Isabel Yurika Ann Nishi (Isabel Nishi),"",Long-term Rental,"",,,,
2604 mackenzie st,2606 mackenzie st,Kitsilano,2604 mackenzie st,008989052,67670060000,3,1912,RS-5,R1-1,Residential Inclusive,1819000,391000,,,,,,,,,
3305 w 11th av,"",Kitsilano,3305 w 11th av,011038764,674045950000,3,1928,,R1-1,Residential Inclusive,2680000,507000,,,,,,,,,
809 e 24th av,"",Kensington-Cedar Cottage,809 e 24th av,008154228,708212110000,3,1910,RS-1,R1-1,Residential Inclusive,1498000,120000,,,,,,,,,
2547 dundas st,"",Hastings-Sunrise,2547 dundas st,006568751,580271410000,3,1920,RS-1,R1-1,Residential Inclusive,1482000,27100,,,,,,,,,
3883 w 10th av,"",West Point Grey,3883 w 10th av,010948783,670034230000,3,1937,RS-1,R1-1,Residential Inclusive,2636000,43800,,,,,,,,,
2555 w 6th av,2557 w 6th av,Kitsilano,2555 w 6th av,015082954,643073470000,3,1912,RT-8,RT-8,Residential,2816000,83300,,,,,,,,,
2316 e 11th av,"",Kensington-Cedar Cottage,2316 e 11th av,008793743,665267160000,3,1910,RT-5,RT-5,Residential,1742000,201000,,,,,,,,,
1536 e 13th av,1538 e 13th av,Kensington-Cedar Cottage,1536 e 13th av,006633862,683234200000,3,1911,RT-5,RT-5,Residential,1778000,502000,,,,,,,,,
864 e 16th av,868 e 16th av,Kensington-Cedar Cottage,864 e 16th av,EPS12265,"",3,1910,RT-5,,,,,,,,,,,,,
1687 e 22nd av,"",Kensington-Cedar Cottage,1687 e 22nd av,011045884,701239570000,3,1927,RT-10,RT-10,Residential,1727000,288000,,,,,,,,,
4578 moss st,"",Renfrew-Collingwood,4578 moss st,006911447,282715440000,3,1909,RS-1,R1-1,Residential Inclusive,1534000,80800,,,,,,,,,
1182 e 13th av,1184 e 13th av,Mount Pleasant,1182 e 13th av,009197419,683225140000,3,1912,RT-5,R3-2,Residential,1610000,430000,,,,,,,,,
2849 quebec st,"",Mount Pleasant,2849 quebec st,004484177,186670970000,3,1911,RM-4,R3-3,Residential,1720000,166000,,,,,,,,,
4589 victoria dr,"",Kensington-Cedar Cottage,4589 victoria dr,010630040,250721430000,3,1935,RT-2,RT-2,Residential,1457000,44500,,,,,,,,,
842 cardero st,"",West End,842 cardero st,003289885,114602660000,3,1901,RM-5,RM-5,Residential,1308000,93400,,,,,,,,,
2242 balaclava st,3081 w 7th av;3083 w 7th av,Kitsilano,2242 balaclava st,003346285,58643940000,3,1912,RT-7,RT-7,Residential,1969000,156000,,,,,,,,,
1804 e 12th av,1806 e 12th av,Kensington-Cedar Cottage,1804 e 12th av,014983745,670250440000,3,1910,RM-11N,RM-11,Residential,1524000,75200,,,,,,,,,
2540 guelph st,2542 guelph st,Mount Pleasant,2540 guelph st,014828251,198650960000,3,1910,RT-5,R5-2,Residential,1840000,205000,,,,,,,,,
1041 e 14th av,"",Mount Pleasant,1041 e 14th av,014598922,684217410000,3,1912,RT-5,R3-2,Residential,1711000,102000,,,,,,,,,
3262 ontario st,"",Riley Park,3262 ontario st,013596276,184690620000,3,1912,RS-7,R1-1,Residential Inclusive,1796000,1243000,,,,,,,,,
918 victoria dr,"",Grandview-Woodland,918 victoria dr,008116172,253600180000,3,1912,RT-5,RT-5,Residential,1547000,153000,,,,,,,,,
2435 w 13th av,2437 w 13th av,Kitsilano,2435 w 13th av,008236623,683077650000,3,1913,RS-5,R1-1,Residential Inclusive,3117000,30900,,,,,,,,,
2030 e 12th av,"",Kensington-Cedar Cottage,2030 e 12th av,012069981,670255300000,3,1912,RM-11N,RM-11,Residential,1511000,88100,,,,,,,,,
2134 w 13th av,2132 w 13th av,Kitsilano,2132 w 13th av,005012228,"",3,1912,RT-7,,,,,,,,,,,,,
3448 w 5th av,"",Kitsilano,3448 w 5th av,015217973;015218007,642042380000,3,1912,RT-7,RT-7,Residential,2997000,53900,,,,,,,,,
928 e 17th av,"",Kensington-Cedar Cottage,928 e 17th av,013000926,691214280000,3,1912,,RM-1,Residential,1551000,136000,,,,,,,,,
1870 ogden av,1868 ogden av;1872 ogden av,Kitsilano,1870 ogden av,004707371,624097300000,3,1938,,RT-9,Residential,5323000,158000,William Neville Grut (William Grut),William Neville Grut (William Grut),"",Long-term Rental,"",,,,
4418 w 10th av,4420 w 10th av;4422 w 10th av;4424 w 10th av;4426 w 10th av,West Point Grey,4418 w 10th av,003046125,670024780000,3,1989,,C-2A,Commercial,3202000,4019000,(Gilbert Tonello),(Gilbert Tonello),"",Long-term Rental,"",,,,
14 w 12th av,"",Mount Pleasant,14 w 12th av,015529860,670182840000,3,1905,,R3-2,Residential,2459000,104000,Claire Saez Co & Jocelyn Sia,Claire Saez Co & Jocelyn Sia,"",Long-term Rental,"",,,,
3543 w 1st av,"",Kitsilano,3543 w 1st av,005088861,634041510000,3,1912,,RT-8,Residential,2677000,225000,Artia Golestani & Narly-Arta Golestani,Artia Golestani & Narly-Arta Golestani,"",Long-term Rental,"",,,,
2851 w 3rd av,"",Kitsilano,2851 w 3rd av,011157356,638062350000,3,1927,RT-8,RT-8,Residential,2619000,85300,,,,,,,,,
751 w 18th av,"",South Cambie,751 w 18th av,014747847,693159470000,3,1993,,R1-1,Residential Inclusive,2446000,40300,(Eileen Paget),(Eileen Paget),"",Long-term Rental,"",,,,
3136 w 7th av,3138 w 7th av;3140 w 7th av,Kitsilano,3136 w 7th av,010838279,646053620000,3,1912,,RT-7,Residential,2260000,70400,Marjorie D Ross (Marjorie Ross),Marjorie D Ross (Marjorie Ross),"",Long-term Rental,"",,,,
662 e 11th av,"",Mount Pleasant,662 e 11th av,013238281,665206620000,3,1908,RT-5,RT-5,Residential,1726000,388000,,,,,,,,,
1837 e 1st av,"",Grandview-Woodland,1837 e 1st av,013394118,630252370000,3,1912,,RM-11,Residential,1456000,62600,,,,,,,,,
2874 w 8th av,"",Kitsilano,2874 w 8th av,007662076,648062560000,3,1912,RT-7,RT-7,Residential,2310000,69300,,,,,,,,,
3782 ontario st,"",Riley Park,3782 ontario st,015256707,184702820000,3,1929,RS-7,R1-1,Residential Inclusive,1958000,108000,,,,,,,,,
227 main st,229 main st;231 main st,Downtown,227 main st,002547911,190580570000,3,1904,DEOD,DEOD,Comprehensive Development,1229000,556000,,,,,,,,,
1545 e 18th av,"",Kensington-Cedar Cottage,1545 e 18th av,008479640,692235450000,3,1910,RS-2,R1-1,Residential Inclusive,1391000,135000,,,,,,,,,
1819 collingwood st,"",Kitsilano,1819 collingwood st,008553025,42636470000,3,1912,RT-8,RT-8,Residential,3230000,165000,,,,,,,,,
2491 e 1st av,"",Hastings-Sunrise,2491 e 1st av,002600978,271616950000,3,1941,RS-5,R1-1,Residential Inclusive,1495000,42600,,,,,,,,,
668 w 17th av,"",South Cambie,668 w 17th av,014001055,691163340000,3,1910,,R1-1,Residential Inclusive,2446000,44800,,,,,,,,,
2130 e 1st av,"",Grandview-Woodland,2130 e 1st av,013920723,630259300000,3,1912,RM-12N,RM-12,Residential,1456000,87000,,,,,,,,,
2631 victoria dr,1839 e 11th av;1855 e 11th av;1857 e 11th av;2633 victoria dr;2635 victoria dr;2645 victoria dr;2653 victoria dr;2655 victoria dr;2657 victoria dr,Kensington-Cedar Cottage,2631 victoria dr,"","",3,1910,RM-4,,,,,,,,,,,,,
1642 woodland dr,1640 woodland dr,Grandview-Woodland,1642 woodland dr,014243270,234616620000,3,1910,RM-4N,RM-4,Residential,1360000,466000,,,,,,,,,
1627 e 12th av,"",Kensington-Cedar Cottage,1627 e 12th av,008885214,670234670000,3,1912,,RT-5,Residential,1317000,290000,,,,,,,,,
3850 glen dr,"",Kensington-Cedar Cottage,3850 glen dr,012979091,222701500000,3,1925,RT-10,RT-10,Residential,1612000,183000,,,,,,,,,
1421 e 14th av,"",Kensington-Cedar Cottage,1421 e 14th av,013889761,684230810000,3,1912,RT-5,RT-5,Residential,1732000,145000,,,,,,,,,
2640 glen dr,2642 glen dr;2644 glen dr,Mount Pleasant,2640 glen dr,013188283,222655420000,3,1912,,R3-2,Residential,1485000,109000,David Earn & Sigal Balshine,David Earn & Sigal Balshine,"",Long-term Rental,"",,,,
3668 w 2nd av,"",Kitsilano,3668 w 2nd av,015433188,636040220000,3,1912,RT-8,RT-8,Residential,2677000,318000,,,,,,,,,
1762 e 1st av,1768 e 1st av,Grandview-Woodland,1762 e 1st av,014895773,630250620000,3,1912,RM-11N,RM-11,Residential,1456000,219000,,,,,,,,,
2819 w 14th av,"",Kitsilano,2819 w 14th av,003577121,686067770000,3,1931,,R1-1,Residential Inclusive,2377000,52300,,,,,,,,,
2030 kitchener st,"",Grandview-Woodland,2030 kitchener st,015430839,611255300000,3,1910,RT-5,RT-5,Residential,1740000,155000,,,,,,,,,
1956 kitchener st,"",Grandview-Woodland,1956 kitchener st,015429636,611253560000,3,1913,RT-5,RT-5,Residential,1740000,158000,,,,,,,,,
463 victoria dr,465 victoria dr;485 victoria dr,Grandview-Woodland,465 victoria dr,032029721,253590950000,3,1937,RM-4,RM-4,Residential,1569000,291000,,,,,,,,,
6671 fraser st,6669 fraser st;6673 fraser st,Sunset,6671 fraser st,011134291,210791730000,3,1947,C-2,C-2A,Commercial,1279000,1614000,,,,,,,,,
1136 e 27th av,"",Kensington-Cedar Cottage,1136 e 27th av,007471475,714222360000,3,1912,RS-1,R1-1,Residential Inclusive,1684000,33300,,,,,,,,,
125 e 62nd av,127 e 62nd av,Sunset,125 e 62nd av,010551671,818184630000,3,1912,RS-1,R1-1,Residential Inclusive,1792000,96700,,,,,,,,,
2067 w 16th av,2069 w 16th av;2071 w 16th av,Kitsilano,2067 w 16th av,013266748,690090550000,3,1912,,R3-2,Residential,1819000,493000,(David Fedor),(David Fedor),"",Long-term Rental,"",,,,
3744 w broadway,"",West Point Grey,3744 w broadway,011490721,650037680000,3,1926,,R1-1,Residential Inclusive,1987000,92900,,,,,,,,,
1607 e 10th av,1609 e 10th av,Kensington-Cedar Cottage,1607 e 10th av,011924748,655234510000,3,1910,RT-5,RT-5,Residential,1769000,183000,,,,,,,,,
1049 e 13th av,1047 e 13th av,Mount Pleasant,1047 e 13th av,011475374,"",3,1913,RT-5,,,,,,,,,,,,,
6326 beatrice st,6330 beatrice st,Victoria-Fraserview,6326 beatrice st,008715891,246762320000,3,1957,,RT-2,Residential,1941000,73700,Koon Sing Low & Chai Ping Low,Koon Sing Low & Chai Ping Low,"",Long-term Rental,"",,,,
2509 w 5th av,2507 w 5th av,Kitsilano,2509 w 5th av,008445931,642073850000,3,1925,RT-8,RT-8,Residential,1991000,1013000,,,,,,,,,
2516 w 6th av,"",Kitsilano,2516 w 6th av,007025823,643073840000,3,1924,RT-8,RT-8,Residential,2687000,44600,,,,,,,,,
1281 kingsway,"",,1281 kingsway,"","",3,2012,,,,,,Song Xanh Holdings Ltd,Song Xanh Holdings Ltd,"",Long-term Rental,"",,,,
2414 vine st,2416 vine st;2418 vine st,Kitsilano,2416 vine st,009423010,"",3,1912,RM-4,,,,,,,,,,,,,
5790 main st,"",Sunset,5790 main st,010371630,190751240000,3,1958,,RT-2,Residential,1636000,213000,,,,,,,,,
45 e 48th av,"",Sunset,45 e 48th av,014398672,"",3,1930,RS-1,,,,,,,,,,,,,
1020 victoria dr,"",Grandview-Woodland,1020 victoria dr,"","",3,2010,CD-1 (477),,,,,,,,,,,,,
1003 e 11th av,1005 e 11th av,Mount Pleasant,1003 e 11th av,012098876,665217030000,3,1912,RT-5,R3-2,Residential,1451000,193000,,,,,,,,,
2071 w 6th av,2075 w 6th av;2077 w 6th av,Kitsilano,2071 w 6th av,015226964,643090270000,3,1906,RM-4,R5-3,Residential,4056200,39600,,,,,,,,,
2102 e pender st,"",Grandview-Woodland,2102 e pender st,015655857,592259040000,3,1912,RT-5,RT-5,Residential,1633000,150000,,,,,,,,,
3535 w 3rd av,3537 w 3rd av;3539 w 3rd av,Kitsilano,3535 w 3rd av,009262270,638041550000,3,1912,RT-8,RT-8,Residential,2677000,149000,,,,,,,,,
1143 rose st,1142 semlin dr;1144 semlin dr,Grandview-Woodland,1142 semlin dr,006734553;006734421,"",3,1910,RT-5,,,,,,,,,,,,,
248 e 28th av,"",Riley Park,248 e 28th av,014423197;014423189,717191980000,3,1910,,R1-1,Residential Inclusive,2016000,99400,(Natan Cheifetz),(Natan Cheifetz),"",Long-term Rental,"",,,2,http://app.vancouver.ca/RPS_Net/Default.aspx?num=248&street=E%2028TH%20AVENUE
7514 fraser st,7512 fraser st,Sunset,7514 fraser st,005651506,210813140000,3,1956,RT-2,RT-2,Residential,1384000,89700,,,,,,,,,
2550 point grey rd,2558 point grey rd,Kitsilano,2550 point grey rd,015099261,629073620000,3,1981,RT-8,RT-8,Residential,4678000,294000,,,,,,,,,
159 w 19th av,"",Riley Park,159 w 19th av,013868608,694179410000,3,1914,RS-7,R1-1,Residential Inclusive,2446000,317000,,,,,,,,,
5294 fraser st,5292 fraser st,Kensington-Cedar Cottage,5294 fraser st,007190000,210735760000,3,1933,RT-2,RT-2,Residential,1260000,307000,,,,,,,,,
5835 main st,5837 main st,Sunset,5837 main st,013987054,"",3,1955,RT-2,,,,,,,,,,,,,
252 e woodstock av,"",Riley Park,252 e woodstock av,014806860,748190740000,3,1920,RS-1,R1-1,Residential Inclusive,1342000,33100,,,,,,,,,
3668 w 3rd av,3678 w 3rd av;3688 w 3rd av,Kitsilano,3668 w 3rd av,026321416,638040220000,3,2006,RT-8,RT-8,Residential,2526000,871000,,,,,,,,,
255 e 17th av,"",Riley Park,255 e 17th av,007198281,691191550000,3,1910,RS-7,R1-1,Residential Inclusive,2222000,183000,,,,,,,,,
1170 comox st,"",West End,1170 comox st,015750523,607118180000,3,2003,,RM-5B,Residential,136000,117000,,,,,,Mole Hill - Phase II,Mole Hill Community Housing Society,,
1752 e 13th av,1754 e 13th av,Kensington-Cedar Cottage,1752 e 13th av,008132844,683250240000,3,1912,,RT-5,Residential,1729000,143000,,,,,,,,,
536 e 11th av,538 e 11th av,Mount Pleasant,536 e 11th av,EPS10648,"",3,1926,RT-5,,,,,,,,,,,,,
3415 garden dr,"",Kensington-Cedar Cottage,3415 garden dr,004388810,267693150000,3,1948,,R1-1,Residential Inclusive,2037000,78600,,,,,,,,,
1456 e 10th av,1458 e 10th av,Kensington-Cedar Cottage,1456 e 10th av,004423330,655230760000,3,1914,RT-5,RT-5,Residential,1730000,133000,,,,,,,,,
4651 fraser st,"",Riley Park,4651 fraser st,012961787,210723510000,3,1955,RT-2,RT-2,Residential,1201000,66600,,,,,,,,,
1117 e 10th av,"",Mount Pleasant,1117 e 10th av,010614087,655222170000,3,1910,,R3-2,Residential,1817000,84900,,,,,,,,,
2222 macdonald st,"",Kitsilano,2222 macdonald st,012141895,70643420000,3,1912,RT-8,RT-8,Residential,1762000,168000,,,,,,,,,
2721 fraser st,"",Mount Pleasant,2721 fraser st,004308794,210665210000,3,1910,RT-5,RT-5,Residential,1185000,206000,,,,,,,,,
2098 waverley av,"",Victoria-Fraserview,2098 waverley av,013597230,765250500000,3,1912,RS-1,R1-1,Residential Inclusive,1591000,59300,,,,,,,,,
3315 w 3rd av,3317 w 3rd av;3319 w 3rd av,Kitsilano,3317 w 3rd av,015431126,638045810000,3,1912,RT-8,RT-8,Residential,2677000,108000,,,,,,,,,
1742 dunbar st,"",Kitsilano,1742 dunbar st,010469192,41634740000,3,1912,RT-8,RT-8,Residential,2543000,669000,,,,,,,,,
3309 e 29th av,"",Renfrew-Collingwood,3309 e 29th av,013031732,710300150000,3,1910,RS-1,R1-1,Residential Inclusive,1448000,45800,,,,,,,,,
1950 graveley st,"",Grandview-Woodland,1950 graveley st,015421449,616253500000,3,1912,RT-5,RT-5,Residential,1841000,180000,,,,,,,,,
1817 e 3rd av,1819 e 3rd av,Grandview-Woodland,1817 e 3rd av,013244001,633250570000,3,1912,RT-5,RT-5,Residential,1821000,141000,,,,,,,,,
4148 gladstone st,"",Kensington-Cedar Cottage,4148 gladstone st,009541136,266704480000,3,1912,RS-1,R1-1,Residential Inclusive,2166000,144000,,,,,,,,,
4108 victoria dr,"",Kensington-Cedar Cottage,4108 victoria dr,003904849,250703080000,3,1923,,R1-1,Residential Inclusive,1556000,111000,,,,,,,,,
331 w 16th av,333 w 16th av,Mount Pleasant,331 w 16th av,014568438,690172690000,3,1921,RT-5,R3-2,Residential,2726000,96200,,,,,,,,,
1731 e 5th av,1733 e 5th av,Grandview-Woodland,1733 e 5th av,015167321,"",3,1914,RT-5,,,,,,,,,,,,,
3636 w 3rd av,"",Kitsilano,3636 w 3rd av,008172838,638040540000,3,1923,RT-8,RT-8,Residential,2543000,54100,,,,,,,,,
2831 windsor st,2833 windsor st;2835 windsor st,Mount Pleasant,2833 windsor st,015258866,217670350000,3,1912,RT-5,R3-2,Residential,1576000,292000,,,,,,,,,
3708 point grey rd,"",West Point Grey,3708 point grey rd,011479230,630037920000,3,1942,RS-1,R1-1,Residential Inclusive,2966000,92600,,,,,,,,,
2706 point grey rd,2708 point grey rd,Kitsilano,2706 point grey rd,013838504,630070940000,3,1948,RT-8,RT-8,Residential,3650000,117000,,,,,,,,,
1526 e 10th av,1528 e 10th av,Kensington-Cedar Cottage,1526 e 10th av,015561232,655234160000,3,1963,RT-5,RT-5,Residential,2127000,71200,,,,,,,,,
2187 e 33rd av,"",Kensington-Cedar Cottage,2187 e 33rd av,007955065,730253430000,3,1914,RM-7,RM-7,Residential,1432000,46800,,,,,,,,,
1855 e 15th av,"",Kensington-Cedar Cottage,1855 e 15th av,004207815,685251550000,3,1956,,RT-5,Residential,1729000,53600,,,,,,,,,
510 e 10th av,512 e 10th av,Mount Pleasant,510 e 10th av,011938374,655201140000,3,1912,,R3-2,Residential,1896000,406000,,,,,,,,,
3044 clark dr,"",Kensington-Cedar Cottage,3044 clark dr,014825864,228684440000,3,1956,RT-2,RT-2,Residential,1505000,141000,,,,,,,,,
2024 e 12th av,2022 e 12th av,Kensington-Cedar Cottage,2022 e 12th av,002429438,670255240000,3,1912,RM-11N,RM-11,Residential,1511000,426000,,,,,,,,,
1155 e 15th av,1157 e 15th av,Mount Pleasant,1155 e 15th av,010129634,687222550000,3,1911,,R3-2,Residential,2395000,212000,,,,,,,,,
1339 walnut st,1341 walnut st;1343 walnut st,Kitsilano,1339 walnut st,013930583,96627370000,3,1912,,RT-9,Residential,2672000,102000,Andrew Wilson & Caroline Sanche,Andrew Wilson & Caroline Sanche,"",Long-term Rental,"",,,,
2888 fraser st,705 e 13th av;707 e 13th av,Mount Pleasant,2888 fraser st,EPS5979,"",3,1912,RT-5,,,,,,,,,,,,,
3550 welwyn st,"",Kensington-Cedar Cottage,3550 welwyn st,004077229,242692680000,3,1906,,R1-1,Residential Inclusive,1558000,82400,,,,,,,,,
1624 e 2nd av,"",Grandview-Woodland,1624 e 2nd av,004791886,631236240000,3,1910,RM-4,RM-4,Residential,1651000,120000,,,,,,,,,
1962 kingsway,1968 kingsway,Kensington-Cedar Cottage,1962 kingsway,008194343;013745140,770246660000;770246780000,3,2008,,C-2A,Commercial,1059000,1898000,0863540 BC Ltd,0863540 BC Ltd,"",Long-term Rental,"",,,,
2146 charles st,"",Grandview-Woodland,2146 charles st,014687038,607259460000,3,1911,RT-5,RT-5,Residential,1821000,71900,,,,,,,,,
824 e 12th av,"",Mount Pleasant,824 e 12th av,010140883,670212240000,3,1911,RT-5,R3-2,Residential,1453000,87800,,,,,,,,,
956 w 21st av,"",South Cambie,956 w 21st av,014599759,702150460000,3,1922,RS-5,R1-1,Residential Inclusive,2682000,50200,,,,,,,,,
1915 w 16th av,"",Kitsilano,1915 w 16th av,002439701,690095850000,3,1929,RT-8,R3-2,Residential,2421000,185000,,,,,,,,,
4575 knight st,"",Kensington-Cedar Cottage,4575 knight st,004574893,230723330000,3,1946,RS-1,R1-1,Residential Inclusive,1250000,36300,,,,,,,,,
741 e 11th av,743 e 11th av,Mount Pleasant,741 e 11th av,003446131,665210410000,3,1913,RT-5,R3-2,Residential,1817000,382000,,,,,,,,,
643 e 11th av,641 e 11th av,Mount Pleasant,643 e 11th av,012679143,665206430000,3,1910,RT-5,R3-2,Residential,1817000,702000,,,,,,,,,
1024 e 20th av,1026 e 20th av,Kensington-Cedar Cottage,1024 e 20th av,"","",3,1910,RM-1,,,,,,,,,,,,,
270 e woodstock av,"",Riley Park,270 e woodstock av,006738508,748190860000,3,1926,RS-1,R1-1,Residential Inclusive,1394000,188000,,,,,,,,,
2065 w 15th av,"",Kitsilano,2065 w 15th av,013268597,688090450000,3,1912,RT-8,R3-2,Residential,2824000,132000,,,,,,,,,
460 e 16th av,462 e 16th av,Riley Park,460 e 16th av,014118866,689197620000,3,1912,RT-2,RT-2,Residential,1906000,239000,,,,,,,,,
76 e 21st av,"",Riley Park,76 e 21st av,015256634,702184760000,3,1905,RS-7,R1-1,Residential Inclusive,2108000,315000,,,,,,,,,
2633 prince albert st,"",Mount Pleasant,2633 prince albert st,002625342,212655330000,3,1911,,R3-2,Residential,1461000,144000,1298585 BC Ltd,1298585 BC Ltd,"",Long-term Rental,"",,,,
914 w 21st av,912 w 21st av,South Cambie,914 w 21st av,002772876,702150800000,3,1914,,R1-1,Residential Inclusive,2682000,145000,Mary Beck & Langley Evans & Frank Janssens,Mary Beck & Langley Evans & Frank Janssens,"",Long-term Rental,"",,,,
271 e 24th av,"",Riley Park,271 e 24th av,011243830,708190710000,3,1912,RS-7,R1-1,Residential Inclusive,1913000,365000,,,,,,,,,
3707 dunbar st,"",Dunbar-Southlands,3707 dunbar st,011658592,40698070000,3,1928,RS-5,R1-1,Residential Inclusive,1807000,47700,,,,,,,,,
1009 salsbury dr,"",Grandview-Woodland,1009 salsbury dr,011073586,252601050000,3,1928,,RT-5,Residential,1827000,169000,,,,,,,,,
3756 ontario st,3752 ontario st;3760 ontario st,Riley Park,3752 ontario st,015256774,"",3,1911,RS-7,,,,,,,,,,,,,
2035 collingwood st,2037 collingwood st,Kitsilano,2037 collingwood st,006901689,"",3,1912,RT-7,,,,,,,,,,,,,
866 e king edward av,864 e king edward av,Kensington-Cedar Cottage,866 e king edward av,028938828,710212640000,3,1920,,R1-1,Residential Inclusive,1700000,1098000,,,,,,,,,
2515 windsor st,2517 windsor st,Mount Pleasant,2515 windsor st,015270742,217650050000,3,1951,RM-4N,R3-3,Residential,1380000,53600,Chui Hing Fung (Chui Fung),Chui Hing Fung (Chui Fung),"",Long-term Rental,"",,,,
1866 e 2nd av,1868 e 2nd av,Grandview-Woodland,1866 e 2nd av,015078540,631250820000,3,1912,RT-5,RT-5,Residential,1821000,341000,,,,,,,,,
2455 w 7th av,2457 w 7th av,Kitsilano,2455 w 7th av,EPS2681,"",3,1912,,,,,,,,,,,,,,
3650 w 3rd av,3652 w 3rd av,Kitsilano,3650 w 3rd av,005712556,638040380000,3,1912,RT-8,RT-8,Residential,2543000,240000,,,,,,,,,
929 e 11th av,931 e 11th av,Mount Pleasant,929 e 11th av,014206838,665214310000,3,1912,RT-5,R3-2,Residential,1817000,170000,,,,,,,,,
4675 knight st,"",Kensington-Cedar Cottage,4675 knight st,003558410,230726610000,3,1954,RS-1,R1-1,Residential Inclusive,1434000,35200,,,,,,,,,
258 e 19th av,"",Riley Park,258 e 19th av,008989630,694190580000,3,1910,RS-7,R1-1,Residential Inclusive,1868000,648000,,,,,,,,,
1599 e 11th av,"",Kensington-Cedar Cottage,1599 e 11th av,003576311,665234510000,3,1912,RT-5,RT-5,Residential,1769000,160000,,,,,,,,,
1246 e 12th av,"",Mount Pleasant,1246 e 12th av,015489221,670222740000,3,1910,RT-5,R3-2,Residential,1322000,141000,,,,,,,,,
2503 oxford st,"",Hastings-Sunrise,2503 oxford st,015259854,577271050000,3,1924,RS-1,R1-1,Residential Inclusive,1597000,392000,,,,,,,,,
4855 main st,4857 main st;4859 main st,Riley Park,4859 main st,014629119,"",3,1949,C-2,,,,,,,,,,,,,
1943 e 7th av,"",Grandview-Woodland,1943 e 7th av,015275621,646253430000,3,1912,RT-5,RT-5,Residential,1821000,167000,,,,,,,,,
2415 prince edward st,2421 prince edward st,Mount Pleasant,2415 prince edward st,015536157,197648150000,3,1905,,RM-4,Residential,1380000,90200,,,,,,,,,
3161 w 3rd av,3167 w 3rd av,Kitsilano,3161 w 3rd av,015426891,638053110000,3,1912,RT-8,RT-8,Residential,2677000,46800,,,,,,,,,
3563 w 3rd av,"",Kitsilano,3563 w 3rd av,015432866,638041190000,3,1912,RT-8,RT-8,Residential,2458000,48300,,,,,,,,,
728 e 41st av,"",Sunset,728 e 41st av,011810815,750210660000,3,1930,RS-1,R1-1,Residential Inclusive,1192000,106000,,,,,,,,,
2116 macdonald st,2114 macdonald st,Kitsilano,2114 macdonald st,012548031,"",3,1911,RT-2,,,,,,,,,,,,,
3540 w 3rd av,3542 w 3rd av,Kitsilano,3540 w 3rd av,005284945,638041440000,3,1912,,RT-8,Residential,2410000,202000,,,,,,,,,
2031 charles st,2033 charles st,Grandview-Woodland,2031 charles st,004835671,607253890000,3,1912,RT-5,RT-5,Residential,1623000,114000,,,,,,,,,
3173 w 6th av,"",Kitsilano,3173 w 6th av,015401022,643053150000,3,1912,,RT-7,Residential,2338000,132000,,,,,,,,,
2986 point grey rd,2982 point grey rd;2988 point grey rd,Kitsilano,2988 point grey rd,029573246,630058700000,3,1924,RT-8,RT-8,Residential,3072000,499000,,,,,,,,,
1556 e 10th av,"",Kensington-Cedar Cottage,1556 e 10th av,003206815,655234300000,3,1912,,RT-5,Residential,1778000,101000,Anthony Ng & Yumy Ng,Anthony Ng & Yumy Ng,"",Long-term Rental,"",,,3,http://app.vancouver.ca/RPS_Net/Default.aspx?num=1556&street=E%2010TH%20AVENUE
1961 creelman av,1963 creelman av;1965 creelman av,Kitsilano,1961 creelman av,012233145,627095570000,3,1913,RT-9,RT-9,Residential,2943000,352000,,,,,,,,,
395 w 20th av,"",Riley Park,395 w 20th av,013853589,697172050000,3,1930,RS-7,R1-1,Residential Inclusive,2808000,484000,,,,,,,,,
132 w 11th av,136 w 11th av,Mount Pleasant,132 w 11th av,015548741,"",3,1910,RT-6,,,,,,,,,,,,,
1641 collingwood st,1643 collingwood st,Kitsilano,1643 collingwood st,011681527,42630710000,3,1912,RT-8,RT-8,Residential,2498000,1139000,,,,,,,,,
2617 w 5th av,2615 w 5th av,Kitsilano,2615 w 5th av,015148505,642072870000,3,1913,RT-8,RT-8,Residential,1751000,58100,,,,,,,,,
3196 w 13th av,"",Kitsilano,3196 w 13th av,"","",3,1928,RS-5,,,,,,,,,,,,,
95 e 15th av,"",Mount Pleasant,95 e 15th av,010797751,687184970000,3,1946,RM-4,R3-3,Residential,2171000,46000,,,,,,,,,
1904 w 16th av,"",Shaughnessy,1904 w 16th av,011521287,690095960000,3,1913,FSHCA,FSD,Comprehensive Development,3522945,249000,,,,,,,,,
5461 earles st,"",Renfrew-Collingwood,5461 earles st,012238520,281741430000,3,1975,RT-11,RT-11,Residential,1737000,85100,,,,,,,,,
1565 commercial dr,1567 commercial dr,Grandview-Woodland,1567 commercial dr,014264439,"",3,1912,C-2C,,,,,,,,,,,,,
241 w 17th av,"",Riley Park,241 w 17th av,014214431,691172690000,3,1913,RS-7,R1-1,Residential Inclusive,2642000,178000,,,,,,,,,
1624 salsbury dr,"",Grandview-Woodland,1624 salsbury dr,004657411,252616240000,3,1910,,RT-5,Residential,1725000,191000,,,,,,,,,
3248 w 1st av,3250 w 1st av;3252 w 1st av,Kitsilano,3248 w 1st av,005269067,634050340000,3,1912,RT-8,RT-8,Residential,3480000,291000,,,,,,,,,
6631 main st,6635 main st,Sunset,6631 main st,005411157,190791350000,3,1958,,C-2A,Commercial,1320000,1604000,,,,,,,,,
2425 w 7th av,2427 w 7th av,Kitsilano,2425 w 7th av,EPS11602,"",3,1912,RT-8,,,,,,,,,,,,,
2465 triumph st,2467 triumph st,Hastings-Sunrise,2465 triumph st,EPS9548,"",3,1927,RS-1,,,,,,,,,,,,,
5907 fraser st,5919 fraser st;686 e 43rd av,Sunset,686 e 43rd av,013910884;013910906,"",3,2009,C-2,,,,,,,,,,,,,
545 e 49th av,"",Sunset,545 e 49th av,014017997,790201150000,3,1911,,R1-1,Residential Inclusive,1624000,153000,,,,,,,,,
2333 collingwood st,2335 collingwood st;2337 collingwood st,Kitsilano,2333 collingwood st,011207035,42646710000,3,1912,RT-7,RT-7,Residential,1819000,29900,,,,,,,,,
2406 stephens st,"",Kitsilano,2406 stephens st,014881365,72648060000,3,1912,RT-8,RT-8,Residential,2055000,153000,,,,,,,,,
3145 w 2nd av,3147 w 2nd av,Kitsilano,3145 w 2nd av,015433820,636053510000,3,1912,RT-8,RT-8,Residential,2677000,100000,,,,,,,,,
5087 chester st,"",Kensington-Cedar Cottage,5087 chester st,014936836,211730850000,3,1911,,R1-1,Residential Inclusive,1549000,31300,,,,,,,,,
2610 w 10th av,"",Kitsilano,2610 w 10th av,012440698,654072840000,3,1912,RS-7,R1-1,Residential Inclusive,2078000,591000,,,,,,,,,
303 e king edward av,4088 sophia st,Riley Park,303 e king edward av,011243465,710194030000,3,1912,RS-7,R1-1,Residential Inclusive,1409000,302000,,,,,,,,,
1342 e 18th av,"",Kensington-Cedar Cottage,1342 e 18th av,014613468,692228420000,3,1912,,RT-10,Residential,1667000,88400,,,,,,,,,
2635 w 5th av,"",Kitsilano,2635 w 5th av,009860983,642072510000,3,1912,,RT-8,Residential,2062000,77600,,,,,,,,,
252 w 22nd av,"",Riley Park,252 w 22nd av,013376896,703172720000,3,1938,RS-1,R1-1,Residential Inclusive,2776000,99600,,,,,,,,,
1111 e 12th av,"",Mount Pleasant,1111 e 12th av,008917060,670222070000,3,1911,,R3-2,Residential,1539000,135000,,,,,,,,,
837 e 15th av,839 e 15th av,Mount Pleasant,837 e 15th av,009420517,687212370000,3,1911,,R3-2,Residential,1766000,74600,,,,,,,,,
3562 w 3rd av,3566 w 3rd av;3570 w 3rd av,Kitsilano,3562 w 3rd av,015420663,638041140000,3,1912,RT-8,RT-8,Residential,2544000,203000,,,,,,,,,
1221 e 11th av,1223 e 11th av,Mount Pleasant,1221 e 11th av,013397681,665222650000,3,1912,RT-5,R3-2,Residential,1842000,88500,,,,,,,,,
75 e 18th av,"",Riley Park,75 e 18th av,014963736,693184750000,3,1914,,R1-1,Residential Inclusive,1855000,132000,,,,,,,,,
990 nicola st,1455 nelson st;1457 nelson st;994 nicola st;996 nicola st,West End,990 nicola st,005799767,115605940000,3,1920,,RM-5,Residential,1870000,2330000,WNK Development Corp,WNK Development Corp,"",Long-term Rental,"",,,,
2116 w 1st av,2118 w 1st av;2120 w 1st av,Kitsilano,2116 w 1st av,025674218,634087840000,3,2005,RM-4,R3-3,Residential,2385000,210000,,,,,,,,,
766 e 12th av,768 e 12th av,Mount Pleasant,766 e 12th av,005911273,670210680000,3,1908,RT-5,R3-2,Residential,1453000,160000,,,,,,,,,
511 e 52nd av,"",Sunset,511 e 52nd av,017049865,795201070000,3,1929,RS-1,R1-1,Residential Inclusive,2553000,118000,,,,,,,,,
1912 w 7th av,"",Kitsilano,1912 w 7th av,015184544,646095800000,3,1906,RM-4,R5-3,Residential,2068000,142000,,,,,,,,,
2127 e 8th av,"",Grandview-Woodland,2127 e 8th av,006357407,648259210000,3,1914,RT-5,RT-5,Residential,1701000,139000,,,,,,,,,
3496 w 3rd av,"",Kitsilano,3496 w 3rd av,003122999,638042060000,3,1928,RT-8,RT-8,Residential,2544000,177000,,,,,,,,,
1980 kitchener st,"",Grandview-Woodland,1980 kitchener st,015429652,611253800000,3,1913,RT-5,RT-5,Residential,1740000,42000,,,,,,,,,
1447 semlin dr,"",Grandview-Woodland,1447 semlin dr,009804188,255611930000,3,1913,RT-5,RT-5,Residential,1432000,96800,,,,,,,,,
1754 e 1st av,"",Grandview-Woodland,1754 e 1st av,010853863,630250540000,3,2005,RM-11N,RM-11,Residential,1456000,218000,,,,,,,,,
1817 kitchener st,1819 kitchener st;1821 kitchener st,Grandview-Woodland,1819 kitchener st,014995697,"",3,1912,RT-5,,,,,,,,,,,,,
2176 w 13th av,"",Kitsilano,2176 w 13th av,013889991,683087280000,3,1912,RT-7,R3-2,Residential,2899000,46900,,,,,,,,,
1512 e 11th av,1514 e 11th av,Kensington-Cedar Cottage,1512 e 11th av,002974312,665234160000,3,1917,,RT-5,Residential,1778000,91400,,,,,,,,,
1540 salsbury dr,"",Grandview-Woodland,1540 salsbury dr,003342999,252612940000,3,1910,RT-5,RT-5,Residential,1643000,164000,,,,,,,,,
3124 w 3rd av,"",Kitsilano,3124 w 3rd av,015417221,638053720000,3,1912,RT-8,RT-8,Residential,2540000,269000,,,,,,,,,
719 durward av,"",Kensington-Cedar Cottage,719 durward av,014122502,729210190000,3,1927,RS-1,R1-1,Residential Inclusive,1661000,338000,,,,,,,,,
2291 e 10th av,"",Kensington-Cedar Cottage,2291 e 10th av,015397386,655265910000,3,1928,,RM-8A,Residential,1701000,266000,,,,,,,,,
1985 w 15th av,"",Kitsilano,1985 w 15th av,013265725,688095170000,3,1912,,R3-2,Residential,3221000,57100,John Robert Dowling (John Dowling),John Robert Dowling (John Dowling),"",Long-term Rental,"",,,,
3655 ash st,"",South Cambie,3655 ash st,015409406,165697510000,3,1912,RS-5,R1-1,Residential Inclusive,2131000,327000,,,,,,,,,
357 e hastings st,359 e hastings st,Strathcona,357 e hastings st,015584763,590192570000,3,1994,DEOD,DEOD,Comprehensive Development,1248000,1903000,,,,,,,,,
2828 alberta st,2838 alberta st;2840 alberta st,Mount Pleasant,2828 alberta st,011014946,173670640000,3,1918,,R3-2,Residential,2807000,90700,Li Mei Tsuei (Li Tsuei),Li Mei Tsuei (Li Tsuei),"",Long-term Rental,"",,,,
4411 rupert st,"",Renfrew-Collingwood,4411 rupert st,023099755,300708250000,3,1913,C-1,C-1,Commercial,1411000,79100,,,,,,,,,
734 w 17th av,"",South Cambie,734 w 17th av,004738080,691159340000,3,1914,,R1-1,Residential Inclusive,2446000,31600,,,,,,,,,
2743 w 2nd av,2747 w 2nd av,Kitsilano,2743 w 2nd av,011944129,636070390000,3,1910,RT-8,RT-8,Residential,2418000,174000,,,,,,,,,
3116 w 2nd av,3114 w 2nd av;3118 w 2nd av,Kitsilano,3116 w 2nd av,012600814,636053740000,3,1912,RT-8,RT-8,Residential,2674000,665000,,,,,,,,,
1575 salsbury dr,"",Grandview-Woodland,1575 salsbury dr,011712937,616250950000,3,1923,RT-5,RT-5,Residential,2017000,278000,,,,,,,,,
950 victoria dr,1903 parker st;1909 parker st,Grandview-Woodland,1909 parker st,014999269,253600960000,3,1909,RT-5,RT-5,Residential,1797000,629000,,,,,,,,,
2615 w 2nd av,"",Kitsilano,2615 w 2nd av,015136736,636072770000,3,1910,RT-8,RT-8,Residential,2618000,641000,,,,,,,,,
1051 wolfe av,"",Shaughnessy,1051 wolfe av,011531100,149694420000,3,1949,FSHCA,FSD,Comprehensive Development,4412000,190000,,,,,,,,,
3246 fleming st,"",Kensington-Cedar Cottage,3246 fleming st,029146771,237687240000,3,1910,RS-2,R1-1,Residential Inclusive,1729000,184000,,,,,,,,,
2318 macdonald st,"",Kitsilano,2318 macdonald st,012547328,70646360000,3,1912,,RT-8,Residential,1766000,46900,,,,,,,,,
4351 commercial st,"",Kensington-Cedar Cottage,4351 commercial st,011330562,244770110000,3,1925,RT-10,RT-10,Residential,1412000,58600,,,,,,,,,
570 w 19th av,572 w 19th av,South Cambie,572 w 19th av,008932841,"",3,1912,,,,,,,,,,,,,,
1618 e 13th av,"",Kensington-Cedar Cottage,1618 e 13th av,002804549,683234580000,3,1912,,RT-5,Residential,1533000,242000,,,,,,,,,
1622 e 1st av,"",Grandview-Woodland,1622 e 1st av,010734341,630236220000,3,1912,RM-4N,RM-4,Residential,1206000,80200,,,,,,,,,
1317 walnut st,"",Kitsilano,1317 walnut st,010939814,96627170000,3,1912,,RT-9,Residential,2672000,134000,,,,,,,,,
1740 e 2nd av,"",Grandview-Woodland,1740 e 2nd av,"","",3,1910,RT-5,,,,,,,,,,,,,
1020 e 12th av,"",Mount Pleasant,1020 e 12th av,015257428,670217200000,3,1926,RT-5,R3-2,Residential,1453000,252000,,,,,,,,,
3030 ontario st,"",Mount Pleasant,3030 ontario st,015524051,184684360000,3,1911,,R3-3,Residential,1724000,366000,,,,,,,,,
2616 woodland dr,"",Kensington-Cedar Cottage,2616 woodland dr,014407574,234655240000,3,1912,RT-5,RT-5,Residential,1420000,308000,,,,,,,,,
1529 e 10th av,"",Kensington-Cedar Cottage,1529 e 10th av,009598260;009598316,655234150000,3,1912,RT-5,RT-5,Residential,1798000,145000,,,,,,,,,
3613 point grey rd,3609 point grey rd,Kitsilano,3613 point grey rd,015053369,630040750000,3,1918,,R1-1,Residential Inclusive,2779000,275000,(Mirjana Kremonic-Lee),(Mirjana Kremonic-Lee),"",Long-term Rental,"",,,,
1139 e 13th av,1141 e 13th av,Mount Pleasant,1139 e 13th av,004254350,683222270000,3,1912,,R3-2,Residential,1647000,218000,,,,,,,,,
1326 lakewood dr,1328 lakewood dr,Grandview-Woodland,1326 lakewood dr,004119762,259607280000,3,1981,RT-5,RT-5,Residential,1801000,161000,,,,,,,,,
2104 macdonald st,"",Kitsilano,2104 macdonald st,012548057,70642040000,3,1911,RT-8,RT-8,Residential,1765000,187000,,,,,,,,,
1009 e 11th av,1011 e 11th av,Mount Pleasant,1009 e 11th av,012098884,665217110000,3,1912,,R3-2,Residential,1451000,256000,,,,,,,,,
1330 e 17th av,"",Kensington-Cedar Cottage,1330 e 17th av,003047776,691228300000,3,1912,RT-10,RT-10,Residential,1667000,78700,,,,,,,,,
3227 fraser st,3229 fraser st,Riley Park,3227 fraser st,007383487,210689270000,3,1977,C-2,C-2A,Commercial,1205000,1169000,,,,,,,,,
1316 arbutus st,1318 arbutus st,Kitsilano,1316 arbutus st,013930729,90627260000,3,1927,,RT-9,Residential,3340000,837000,,,,,,,,,
4989 victoria dr,1967 e 34th av,Kensington-Cedar Cottage,1967 e 34th av,014068303,"",3,1946,C-2,,,,,,,,,,,,,
463 e 47th av,"",Sunset,463 e 47th av,014628741,765197650000,3,1910,,R1-1,Residential Inclusive,1621000,92100,,,,,,,,,
2271 w 3rd av,2273 w 3rd av,Kitsilano,2271 w 3rd av,015281108,638084330000,3,1910,RM-4,R3-3,Residential,2068000,110000,,,,,,,,,
3206 w 3rd av,"",Kitsilano,3206 w 3rd av,015418162,638050940000,3,1918,RT-8,RT-8,Residential,2409000,181000,,,,,,,,,
2607 mackenzie st,2609 mackenzie st,Kitsilano,2607 mackenzie st,011780207,67670170000,3,1912,RS-5,R1-1,Residential Inclusive,1916000,212000,,,,,,,,,
1618 e georgia st,"",Grandview-Woodland,1618 e georgia st,015166074,596235180000,3,1910,RM-4,RM-4,Residential,1568000,203000,,,,,,,,,
2535 w 3rd av,"",Kitsilano,2535 w 3rd av,014981122,638073650000,3,1912,RT-8,RT-8,Residential,3372000,168000,,,,,,,,,
450 e 16th av,"",Riley Park,450 e 16th av,015612228,689197500000,3,1959,RT-2,RT-2,Residential,1906000,76900,,,,,,,,,
2630 glen dr,2632 glen dr,Mount Pleasant,2630 glen dr,013188356,222655300000,3,1912,RT-5,R3-2,Residential,1485000,267000,,,,,,,,,
2824 oxford st,"",Hastings-Sunrise,2824 oxford st,015253376,577277220000,3,1913,RS-1,R1-1,Residential Inclusive,2019000,78500,,,,,,,,,
5050 chester st,"",Kensington-Cedar Cottage,5050 chester st,011830379,211730660000,3,1928,RS-1,R1-1,Residential Inclusive,1549000,130000,,,,,,,,,
1749 william st,"",Grandview-Woodland,1749 william st,008725292,606250490000,3,1910,,RT-5,Residential,1846000,192000,(Bruce Macdonald),(Bruce Macdonald),"",Long-term Rental,"",,,,
3529 w 3rd av,3531 w 3rd av,Kitsilano,3529 w 3rd av,015432751,638041650000,3,1922,RT-8,RT-8,Residential,2677000,42100,,,,,,,,,
1995 comox st,1030 chilco st;1040 chilco st,West End,1030 chilco st,015737098,607108070000,3,1938,RM-5B,RM-5B,Residential,2613000,311000,,,,,,,,,
743 e 15th av,741 e 15th av,Mount Pleasant,743 e 15th av,014643219,687210430000,3,1909,,R3-2,Residential,1795000,99400,,,,,,,,,
2044 turner st,"",Grandview-Woodland,2044 turner st,015661172,594255440000,3,1908,RT-5,RT-5,Residential,1840000,183000,,,,,,,,,
2292 w 13th av,"",,2292 w 13th av,"","",3,1912,,,,,,,,,,,,,,
3462 e 28th av,3464 e 28th av,Renfrew-Collingwood,3462 e 28th av,"","",3,1946,RS-1,,,,,,,,,,,,,
3561 welwyn st,"",Kensington-Cedar Cottage,3561 welwyn st,014894181,242692790000,3,1910,RT-10,RT-10,Residential,1667000,132000,,,,,,,,,
1927 e 4th av,"",Grandview-Woodland,1927 e 4th av,015356663,634253270000,3,1927,RT-5,RT-5,Residential,1821000,298000,,,,,,,,,
910 e 21st av,"",Kensington-Cedar Cottage,910 e 21st av,013630997,698214120000,3,1913,RT-10,RT-10,Residential,1750000,246000,,,,,,,,,
2891 w 29th av,"",Arbutus Ridge,2891 w 29th av,011088362,721060090000,3,1912,,R1-1,Residential Inclusive,2821000,172000,,,,,,,,,
343 e 13th av,"",Mount Pleasant,343 e 13th av,007627840,683194430000,3,1912,RM-4N,R3-3,Residential,1324000,97800,,,,,,,,,
1847 kitchener st,1849 kitchener st;1851 kitchener st,Grandview-Woodland,1847 kitchener st,014995638,611252490000,3,1912,,RT-5,Residential,1821000,230000,,,,,,,,,
1143 haro st,"",West End,1143 haro st,014009048,603118450000,3,1905,RM-5B,RM-5B,Residential,2613000,106000,,,,,,,,,
3047 w 8th av,3049 w 8th av;3051 w 8th av,Kitsilano,3051 w 8th av,014611121,"",3,1920,RT-7,,,,,,,,,,,,,
1222 e 12th av,"",Mount Pleasant,1222 e 12th av,015488632,670222620000,3,1911,,R3-2,Residential,1824000,461000,A Grewal Investments Inc,A Grewal Investments Inc,"",Long-term Rental,"",,,,
2122 macdonald st,2124 macdonald st,Kitsilano,2122 macdonald st,005589410,70642420000,3,1911,RT-8,RT-8,Residential,1762000,176000,,,,,,,,,
1736 e 32nd av,"",Kensington-Cedar Cottage,1736 e 32nd av,013861794,728238600000,3,1912,RS-1,R1-1,Residential Inclusive,2173000,85200,,,,,,,,,
551 e 12th av,"",Mount Pleasant,551 e 12th av,005130778,670201510000,3,1922,RT-5,R3-2,Residential,1453000,331000,,,,,,,,,
1881 e 7th av,"",Grandview-Woodland,1881 e 7th av,014588528,646250910000,3,1912,,RT-5,Residential,1670000,204000,Jennifer Pavich & Gregory Pavich,Jennifer Pavich & Gregory Pavich,"",Long-term Rental,"",,,,
563 prior st,"",Strathcona,563 prior st,004791797;003607631,600196670000,3,1906,RT-3,RT-3,Residential,2943000,130000,,,,,,,,,
133 w 11th av,"",Mount Pleasant,133 w 11th av,015549143,664179470000,3,1912,RT-6,R3-2,Residential,1923000,850000,,,,,,,,,
2649 fraser st,2651 fraser st;675 e 11th av,Mount Pleasant,2649 fraser st,012492043,210655910000,3,1904,RT-5,RT-5,Residential,1205000,238000,,,,,,,,,
1849 e 12th av,1847 e 12th av,Kensington-Cedar Cottage,1849 e 12th av,023153806,670250730000,3,1909,,RM-4,Residential,1403000,125000,(Claudette Mink),(Claudette Mink),"",Long-term Rental,"",,,,
3440 yukon st,"",Riley Park,3440 yukon st,"","",3,1954,RS-7,,,,,,,,,,,,,
3024 fraser st,"",Mount Pleasant,3024 fraser st,014643171,210684240000,3,1910,,RT-5,Residential,1493000,106000,(Les Laurino),(Les Laurino),"",Long-term Rental,"",,,,
1956 venables st,1958 venables st,Grandview-Woodland,1956 venables st,014999081,600253560000,3,1911,RT-5,RT-5,Residential,1821000,153000,,,,,,,,,
1663 e 11th av,1665 e 11th av,Kensington-Cedar Cottage,1663 e 11th av,013738704,"",3,1956,RT-5,,,,,,,,,,,,,
2838 fraser st,2840 fraser st,Mount Pleasant,2838 fraser st,010485015,210670400000,3,1912,,RT-5,Residential,1348000,172000,,,,,,,,,
3524 w 8th av,3526 w 8th av,Kitsilano,3524 w 8th av,015461874,648041740000,3,1914,RT-7,RT-7,Residential,2779000,106000,,,,,,,,,
2306 macdonald st,"",Kitsilano,2306 macdonald st,005296277,70646060000,3,1912,,RT-8,Residential,1833000,41500,,,,,,,,,
1742 parker st,1744 parker st,Grandview-Woodland,1742 parker st,013491741,601250420000,3,1910,,RT-5,Residential,1821000,141000,,,,,,,,,
729 semlin dr,"",Grandview-Woodland,729 semlin dr,010343504,255596290000,3,1911,RT-5,RT-5,Residential,1369000,125000,,,,,,,,,
909 e 63rd av,"",Sunset,909 e 63rd av,002473119,821212630000,3,1939,RS-1,R1-1,Residential Inclusive,1563000,35900,,,,,,,,,
2236 macdonald st,2238 macdonald st;2240 macdonald st,Kitsilano,2236 macdonald st,008399344,70643840000,3,1914,RT-8,RT-8,Residential,1766000,494000,,,,,,,,,
445 vernon dr,447 vernon dr,Strathcona,445 vernon dr,029640415,226590990000,3,1907,RT-3,RT-3,Residential,1028000,597000,,,,,,,,,
3370 findlay st,3374 findlay st;3378 findlay st,Kensington-Cedar Cottage,3370 findlay st,005284112,251687820000,3,1967,,C-2A,Commercial,1163000,1160000,0924784 BC Ltd,0924784 BC Ltd,"",Long-term Rental,"",,,,
870 e 14th av,"",Mount Pleasant,870 e 14th av,015212661,684212700000,3,1910,RT-5,R3-2,Residential,1721000,39500,,,,,,,,,
3223 w 7th av,"",Kitsilano,3223 w 7th av,011706554,646050750000,3,1912,,RT-7,Residential,2236000,119000,Peter Clayton-Carroll & Susan Clayton-Carroll,Peter Clayton-Carroll & Susan Clayton-Carroll,"",Long-term Rental,"",,,,
662 e 7th av,"",Mount Pleasant,662 e 7th av,012600580,646206620000,3,1910,RM-4,R3-3,Residential,1774000,229000,,,,,,,,,
846 e 16th av,848 e 16th av,Kensington-Cedar Cottage,846 e 16th av,003876420,689212480000,3,1956,RT-5,RT-5,Residential,1463000,70200,,,,,,,,,
2210 stephens st,"",Kitsilano,2210 stephens st,008279845,72643140000,3,1912,RT-8,RT-8,Residential,1783000,172000,,,,,,,,,
1038 cardero st,1040 cardero st;1042 cardero st,West End,1038 cardero st,013259008,114606740000,3,1905,RM-5,RM-5,Residential,1675000,192000,Christian Arnold Cervantes Tuazon & Wai Fun Monica Tuazon,Christian Arnold Cervantes Tuazon & Wai Fun Monica Tuazon,"",Long-term Rental,"",,,,
3760 quebec st,3762 quebec st,Riley Park,3760 quebec st,EPS8299,"",3,1910,RS-7,,,,,,,,,,,,,
2897 w 15th av,"",Kitsilano,2897 w 15th av,013720155,688067070000,3,1932,RS-5,R1-1,Residential Inclusive,2377000,67800,,,,,,,,,
224 w 13th av,"",Mount Pleasant,224 w 13th av,006097154,683173540000,3,1912,RT-6,R3-2,Residential,2365000,267000,,,,,,,,,
1680 parker st,"",Grandview-Woodland,1680 parker st,014965496,601238800000,3,1908,C-2C1,C-2C1,Commercial,471000,46600,,,,,,,,,
43 w 18th av,"",Riley Park,43 w 18th av,014202514,693182550000,3,1911,RS-7,R1-1,Residential Inclusive,2731000,346000,,,,,,,,,
4850 manor st,"",Renfrew-Collingwood,4850 manor st,013055054,291718300000,3,1910,RS-1,R1-1,Residential Inclusive,1356000,90000,,,,,,,,,
2172 adanac st,2174 adanac st,Grandview-Woodland,2172 adanac st,014894793,598259960000,3,1911,RT-5,RT-5,Residential,1766000,93300,,,,,,,,,
1118 e 12th av,1114 e 12th av;1116 e 12th av,Mount Pleasant,1114 e 12th av,002622840,"",3,1910,RT-5,,,,,,,,,,,,,
1212 e 13th av,"",Mount Pleasant,1212 e 13th av,012634425,683225240000,3,1910,RT-5,R3-2,Residential,1610000,187000,,,,,,,,,
507 hawks av,"",Strathcona,507 hawks av,032722265;032722257;032722273,"",3,1905,RT-3,,,,,,,,,,,,,
2136 adanac st,"",Grandview-Woodland,2136 adanac st,014894734,598259360000,3,1913,RT-5,RT-5,Residential,1766000,46900,,,,,,,,,
3349 w 3rd av,3351 w 3rd av,Kitsilano,3349 w 3rd av,015431177,638045450000,3,1912,RT-8,RT-8,Residential,2677000,172000,,,,,,,,,
455 w 19th av,"",Riley Park,455 w 19th av,004073819,694170490000,3,1911,,R1-1,Residential Inclusive,2446000,29700,,,,,,,,,
631 e cordova st,"",Strathcona,631 e cordova st,015587258,589198310000,3,1901,,DEOD,Comprehensive Development,969000,185000,,,,,,,,,
840 e 16th av,838 e 16th av;842 e 16th av,Kensington-Cedar Cottage,840 e 16th av,015615715,689212400000,3,1958,RT-5,RT-5,Residential,1688000,1061000,,,,,,,,,
3157 w 3rd av,3155 w 3rd av;3159 w 3rd av,Kitsilano,3157 w 3rd av,015426882,638053190000,3,1912,,RT-8,Residential,2677000,105000,Anthony Antoniak & Eva Antoniak,Anthony Antoniak & Eva Antoniak,"",Long-term Rental,"",,,,
2536 waterloo st,"",Kitsilano,2536 waterloo st,005047277,45650660000,3,1912,RS-5,R1-1,Residential Inclusive,2220000,435000,,,,,,,,,
757 e king edward av,"",Kensington-Cedar Cottage,757 e king edward av,002828731,710210570000,3,1910,RS-1,R1-1,Residential Inclusive,1051000,67400,,,,,,,,,
642 e 10th av,"",Mount Pleasant,642 e 10th av,015265641,655206420000,3,1907,RT-5,R3-2,Residential,1817000,81500,,,,,,,,,
3338 church st,3336 church st,Renfrew-Collingwood,3338 church st,EPS8560,"",3,1912,RS-1,,,,,,,,,,,,,
973 w 17th av,"",South Cambie,973 w 17th av,011561327,691150370000,3,1926,RS-7,R1-1,Residential Inclusive,2323000,301000,,,,,,,,,
1715 woodland dr,"",Grandview-Woodland,1715 woodland dr,008914761,234630430000,3,1913,RM-4N,RM-4,Residential,1347000,148000,,,,,,,,,
2643 w 7th av,"",Kitsilano,2643 w 7th av,011859890,646072270000,3,1912,RT-8,RT-8,Residential,2069000,44200,,,,,,,,,
1583 e 8th av,"",Grandview-Woodland,1583 e 8th av,014031779,648234570000,3,1911,RM-4N,RM-4,Residential,1464000,97200,,,,,,,,,
1862 charles st,"",Grandview-Woodland,1862 charles st,014995611,607252620000,3,1908,RT-5,RT-5,Residential,1821000,278000,,,,,,,,,
1024 e 11th av,1026 e 11th av,Mount Pleasant,1024 e 11th av,015272681,665217260000,3,1955,,R3-2,Residential,1817000,77800,(Hilario Antunes),(Hilario Antunes),"",Long-term Rental,"",,,,
646 e cordova st,"",Strathcona,646 e cordova st,"","",3,1910,DEOD,,,,,,,,,,,,,
6595 knight st,"",Sunset,6595 knight st,003135691,230790490000,3,1914,RS-1,R1-1,Residential Inclusive,1337000,52000,,,,,,,,,
1733 e 7th av,"",Grandview-Woodland,1733 e 7th av,007196784,646250150000,3,1912,RT-5,RT-5,Residential,1729000,72900,,,,,,,,,
2605 fraser st,"",Mount Pleasant,2605 fraser st,013427334,210655050000,3,1925,RT-5,RT-5,Residential,1205000,290000,,,,,,,,,
1370 e 10th av,1372 e 10th av,Kensington-Cedar Cottage,1370 e 10th av,EPS7447,"",3,1910,RT-5,,,,,,,,,,,,,
1785 w 16th av,1779 w 16th av;1781 w 16th av;3176 burrard st;3182 burrard st;3188 burrard st,Fairview,1785 w 16th av,EPS6457,"",3,1920,RT-5,,,,,,,,,,,,,
2619 grant st,"",Hastings-Sunrise,2619 grant st,008099855,612274230000,3,1934,RS-1,R1-1,Residential Inclusive,1662000,91100,,,,,,,,,
1816 e 12th av,"",Kensington-Cedar Cottage,1816 e 12th av,011147661,670250520000,3,1912,RM-11N,RM-11,Residential,1524000,82600,,,,,,,,,
2265 w 16th av,"",Kitsilano,2265 w 16th av,013886215,690084370000,3,1920,RS-5,R3-2,Residential,2650000,36500,,,,,,,,,
2911 w 5th av,2915 w 5th av;2919 w 5th av,Kitsilano,2911 w 5th av,012127485,642062210000,3,1912,,RT-7,Residential,2255000,31800,Krishna V Bagga (Krishna Bagga),Krishna V Bagga (Krishna Bagga),"",Long-term Rental,"",,,,
1965 w 16th av,"",Kitsilano,1965 w 16th av,013266934,690095350000,3,1912,RT-8,R3-2,Residential,2421000,178000,,,,,,,,,
3044 w 7th av,3046 w 7th av,Kitsilano,3044 w 7th av,011780762,646058160000,3,1912,RT-7,RT-7,Residential,1974000,49900,,,,,,,,,
761 prior st,763 prior st,Strathcona,761 prior st,015568318,"",2,1986,,,,,,,,,,,W.A. Street Homes,Affordable Housing Societies,,
837 e georgia st,839 e georgia st,Strathcona,837 e georgia st,015567940,596212370000,2,1986,,RT-3,Residential,1089000,122000,,,,,,W.A. Street Homes,Affordable Housing Societies,,
2855 w broadway,2857 w broadway;2859 w broadway,Kitsilano,2859 w broadway,011456353,"",2,1947,C-2C,,,,,,,,,,,,,
2716 point grey rd,"",Kitsilano,2716 point grey rd,013838474;013838431,630070760000,2,2022,,RT-8,Residential,2875000,631000,,,,,,,,,
1142 e georgia st,1144 e georgia st,Strathcona,1142 e georgia st,003615294,596222460000,2,1986,,RT-3,Residential,1016000,247000,,,,,,W.A. Street Homes,Affordable Housing Societies,,
1803 kitchener st,"",Grandview-Woodland,1803 kitchener st,013558668,611252030000,2,1981,,RT-5,Residential,1565000,194000,,,,,,Vancouver East Co-op,Vancouver East Co-op Housing Association,,
1153 e pender st,1155 e pender st,Strathcona,1153 e pender st,003615464,592222550000,2,1986,,RT-3,Residential,871000,277000,,,,,,W.A. Street Homes,Affordable Housing Societies,,
3916 main st,3914 main st,Riley Park,3914 main st,011243694,"",2,2008,C-2,,,,,,,,,,,,,
2304 w 6th av,2306 w 6th av,Kitsilano,2304 w 6th av,006727743,643078960000,2,1912,RT-8,RT-8,Residential,2964000,724000,,,,,,,,,
1386 thurlow st,1382 thurlow st,West End,1386 thurlow st,EPS1376,"",2,2011,,,,,,,,,,,,,,
330 union st,332 union st,Strathcona,330 union st,007014147,598192300000,2,1986,,RT-3,Residential,1335000,119000,,,,,,W.A. Street Homes,Affordable Housing Societies,,
506 e 10th av,2648 st george st,Mount Pleasant,506 e 10th av,007160097,"",2,1982,,,,,,,,,,,Lu'Ma Housing (10th Ave),Lu'Ma Native Housing Society,,
1020 e pender st,"",Strathcona,1020 e pender st,015573711,592218200000,2,1986,,RT-3,Residential,1016000,56300,,,,,,W.A. Street Homes,Affordable Housing Societies,,
1030 keefer st,1032 keefer st,Strathcona,1030 keefer st,003641074,594219300000,2,1986,,RT-3,Residential,1016000,107000,,,,,,W.A. Street Homes,Affordable Housing Societies,,
1164 comox st,"",West End,1164 comox st,015750515,607118240000,1,2002,,RM-5B,Residential,5226000,186000,,,,,,Mole Hill - Phase II,Mole Hill Community Housing Society,,
204 carrall st,202 carrall st;206 carrall st,Downtown,204 carrall st,014292491,178580240000,0,2024,,HA-2,Historical Area,5718000,498000,,,,,,Glory Hotel,BC Housing,,
