addr_key,member_count_active,member_count_all,latest_membership_year
,51,12402,2025.0
# o-2404 guelph st,0,1,2024.0
#ph11 6283 kingsway,0,1,2024.0
'-,0,3,2018.0
(lives with esther),0,3,
000 main st,0,1,
1 1075 west broadway,0,1,2020.0
1 1730 e pender,0,1,2020.0
1 2545 w 5th ave,0,1,
1 436 niagara st,0,1,
1 664 kingsway,1,1,2025.0
10 e 11th ave,0,1,2024.0
10 renaissance sq,0,1,
100 park ave,0,1,
1000 beach ave,0,1,2018.0
1001 1461 harwood st,0,1,2021.0
10011 swinton cres,0,1,
1002 1215 beach ave,0,1,2018.0
10023 imperial st,0,1,
1003 douglas cres,0,1,2023.0
10038 155 st,0,1,
10038b 92 st,0,1,2023.0
1005 jervis st,0,6,2022.0
1005 w 7,0,1,
10058 247b,0,1,
1006 cornwall st,0,1,
1006 nelson st,0,1,2018.0
1006 w 12th ave,0,1,2022.0
1007 6th ave,0,1,
10082 148 st,0,1,
1009 dublin st,0,1,
1009 w 10th ave,0,6,2023.0
1009 w10th,0,7,
101 1728 e2 ave,0,1,2018.0
101 3196 heather st,0,1,
101 3777 cambie st,0,1,2024.0
101 7th ave e,0,1,
101 e 14th ave,0,1,
101 nursery hill dr,0,1,
1010 gilford st,0,3,2018.0
1010 mckenzie ave,0,1,
1010 queens ave,0,2,
1010 richards st,0,1,2018.0
1010 russell st,0,1,
1010 salibury dr,0,1,
1010 salsbury dr,0,1,2018.0
10100 no 3 rd,0,1,2018.0
1011 beach ave,0,6,2022.0
1011 beach ave 707,0,1,2022.0
1011 richelieu ave,0,1,
10139 137 a st,0,1,
10139 137a st,0,2,
1015 3rd ave,0,1,
1015 e 29th st,0,1,
1015 e broadway,0,1,
1015 empress ave,0,1,
1015 gillespie pl,0,1,
1015 kingsway,0,1,2020.0
10151 240 st,0,1,
1016 w 13th ave,0,1,
1018 mason st,0,1,
102,0,1,2018.0
102 1635 e 6th ave,0,1,2022.0
102 2180 east hastings st,0,1,2021.0
102 2231 eton st,0,1,
102 360 east 14th ave,0,1,2018.0
102 3615 victoria dr,0,1,2018.0
102 485 44th ave e,0,1,2018.0
102 agnes st,0,1,
102 fraser st,0,1,
102 victoria dr,0,1,2021.0
1021 harwood st,0,3,2022.0
1021 howay st,0,2,2018.0
1021 wurtele pl,0,1,
1022 nelson st,0,2,2022.0
10227 144a st,0,1,
10237 133 st,0,1,
1024 hutchinson rd,0,1,
1024 ironwork psge,0,1,
1024 thomas ave,0,1,
10240 cambie rd,0,1,
1025 gilford st,1,4,2025.0
1025 granville st,0,1,2020.0
1025 standrews st,0,1,
1026 commercial dr,0,1,2020.0
1026 w 13th ave,1,1,2025.0
10263 144 st,0,1,
1027 davie st,0,1,
1028 barclay st,0,1,
1028 e 33rd ave,0,1,2018.0
10281 128a st,0,1,2020.0
1029 brothers pl,0,1,
103 16068 83 ave,0,1,2022.0
103 powell st,0,2,2018.0
1030 e 10th ave,0,1,2018.0
1030 e 7th ave,0,1,2021.0
1030 empress ave,0,1,
1030 robson st,0,1,
1030 trunk rd,0,1,
1030 w 11 ave,0,1,
1030 w 11th ave,0,1,2023.0
1030 w broadway,0,1,
10311 bissett dr,0,1,
1033 davie st,0,1,
1033 fourth ave,0,1,2018.0
1033 keefer st,1,2,2025.0
1034 e pender,0,1,2023.0
1035 fairfield rd,0,1,
1035 howie ave,0,1,
1035 pacific st,0,1,2020.0
10351 swinton cres,0,1,
1036 e 24th ave,0,1,2021.0
1036 nelson,0,1,
1036 nelson st,0,1,2022.0
10367 127b st,0,1,
1037 bayview pl,0,1,
1037 e 8th ave,0,1,
1038 lawson ave,0,1,2021.0
1039 burnaby st,0,1,
103a 611 e7th ave,0,1,
104 1125 w10th ave,0,1,
104 8430 jerichoe st,0,1,
1040 barclay st,0,1,2018.0
1040 e 50th ave,0,2,2020.0
1040 e 7th ave,0,1,2020.0
1040 e broadway,0,1,
1040 pacific st,0,2,
10405 jasper ave,0,1,
10431 no 1 rd,0,1,2022.0
10433 158 st,0,1,
1045 haro st,0,2,
1045 mcclure st,0,1,
1045 w 14 ave,0,1,2024.0
1045 w14 ave,0,1,
1046 w 12th ave,0,1,
10460 3 rd,0,2,
105 2235 40th ave w,0,1,
105 315 north nanaimo st,0,1,2024.0
105 8892 montcalm st,0,1,
105 988 w16th ave,0,1,
105 n templeton dr,0,1,2024.0
105 stanford ave w,0,1,
105 w 18,0,1,
1050 10th ave w,0,1,2018.0
1050 bidwell st,1,3,2025.0
1050 burrard st,0,2,
1050 e 12th ave,0,1,2018.0
1050 harwood st,0,2,2024.0
1050 smithe st,0,1,2023.0
1051 broughton st,1,2,2025.0
1051 e 10th ave,0,1,
10529 144 st,0,1,
1053 e 15th ave,0,1,
10530 santa monica dr,0,1,2018.0
1054 hillside ave,0,1,
1055 e broadway,0,1,2018.0
1055 e broadway vancouve,0,1,2021.0
1055 e pender st,0,1,
1055 harwood st,0,1,
1055 homer st,0,1,
1055 howie ave,0,1,2018.0
1055 rosamund rd,0,1,
1056 craigdarroch castle,0,1,
1058 nelson,0,1,
1058 nelson st,1,4,2025.0
1059 yarmouth st,0,1,
10593 128st surr,0,1,
106 2320 woodland dr,0,1,2020.0
106 2930 spruce st,0,1,2022.0
106 5450 vine st,0,1,
106 727 e 7th ave,0,1,2021.0
106 college park way,0,1,2020.0
1060 alberni st,0,1,2021.0
1060 e broadway,0,1,2024.0
1060 granville st,0,1,2021.0
1063 e 58th ave,0,1,
1064 e 51st ave,0,1,
10643 150 st,0,1,
1065 bute st,0,1,2023.0
1065 pacific st,0,1,
1065 w 10th ave,0,1,
1065 w 72nd ave,0,1,
1065 w 8 ave,0,1,2018.0
10651 seaham cres,0,1,
1066 e 8th ave,0,1,
1066 foul bay rd,0,1,
1066 harwood,0,1,2021.0
1067 e 12th ave,0,1,
106702 gloucester st,0,1,
1069 belmont cres,0,1,
107 3402 27th ave,0,1,
107 8739 osler st,0,1,2020.0
107 broadway e,1,1,2025.0
107 e broadway,0,19,2018.0
1070 13th ave e,0,1,
1070 connaught dr,0,1,2021.0
1070 townsite rd,0,1,
1072 kemano st,0,1,
1075 edgett rd,0,1,
1075 jervis st,0,2,2018.0
1075 w 14th ave,0,1,2024.0
1075 w broadway,0,1,2020.0
10754 150 st,0,1,
1076 sitka sq,0,1,2024.0
10777 university dr,0,2,
10788 number 5 rd,0,1,
1079 e41 ave,0,1,
108 15020 north bluff rd,1,1,2025.0
108 2326 eton st,0,1,
108 56th ave e,0,1,
108 ave dawson crk,0,1,
108 ave surre,0,1,
108 e 1st ave,0,1,
108 w cordova st,0,2,2024.0
108 w1 ave,0,1,2021.0
1080 gilford,0,1,
1080 pacific st,0,1,2018.0
1081 w 16 ave,0,1,
1081 w 8th ave,0,1,2018.0
10820 springmont dr,1,1,2025.0
10826 anderson cvs,0,1,
1083 e 14th ave,0,1,2018.0
10837 146th st,0,1,
1085 goldstream ave,0,1,
1086 bute #112,0,1,2018.0
1086 bute st,0,6,2024.0
1086 w11th vancouve,0,1,
10862 155 st,0,1,
1088 quebec st,0,1,
1088 richards st,0,1,2021.0
1088 w 12th ave,1,2,2025.0
10891 mortified rd,0,1,
109 8420 jellicoe st,0,1,
10900 westminster hwy,0,1,
1091 broughton st,0,1,2024.0
1095 bute st,0,1,
10964 springmont gate,0,1,
1099 marinaside cres,0,1,
1099 richards st,0,1,
10a 938 east broadway,0,1,2018.0
10th ave w,0,1,2020.0
11 601 bute st,0,1,
11 e 11th ave,1,1,2025.0
110 2255 cambridge st,0,1,2021.0
110 2425 brunswick st,0,1,
110 4th west st,0,1,
110 90 alexander stva,0,1,
110 menzies st,0,1,
110 w 10th ave,0,1,2020.0
110 w 10th vancouve,0,1,
1100 admirals rd,0,1,
1100 harwood st,0,1,
1100 hillside ave,0,1,
1100 jervis,0,1,2020.0
1100 jervis st,0,2,2022.0
11007 83rd ave nw,0,1,
1101 pacific,0,4,2021.0
1101 pacific st,0,12,2021.0
11016 third st,0,1,
1102 kilwinning st,0,1,
1103 1424 nelson st,0,1,2018.0
1103 black canary dr,0,1,2021.0
11030 136 st,0,1,
11030 ravine rd,0,1,
1104 cardero st,0,1,
1104 e 23rd,0,1,2021.0
1104 haro st,0,2,2024.0
1105 keefer st,0,1,
11051 warwick rd,0,1,
1106 pendrell st,0,1,
1107 thurlow st,0,1,2020.0
1107 w 14th,0,1,
1107 w 14th ave,0,2,2022.0
1108 1833 crowe st,0,1,2021.0
1109 688 abbott st,0,1,
1109 kensington ave,0,2,
111 8th st,0,1,
111 e pender st,0,1,
111 esplanade west,0,1,
111 n templeton dr,0,1,2021.0
111 w 10th ave,0,1,2018.0
111 w georgia st,0,3,2020.0
1110 cardero st,0,2,2024.0
1110 comox vancouve,0,1,2018.0
1110 e 27th st,0,1,
1110 lawrence ave,0,1,
1110 odlum dr,0,1,
1110 victoria,0,1,2018.0
11104 13a st,0,1,
1111 beach ave,0,1,2022.0
1111 jervis st,0,1,
1111 w 16th ave,0,1,2024.0
11111 cambie rd,0,1,
11119 no 1 rd,0,1,
1112 broughton st,0,9,2024.0
1112 e 21st,1,1,2025.0
1114 e 12th ave,0,1,
1115 cliff ave,0,1,
1115 fourth ave,0,2,
1115 nelson,0,1,2020.0
1115 nelson st,0,1,2022.0
1116 w 12th ave,0,1,2018.0
1117 comercial dr,0,1,
1117 hamilton st,0,1,
1119 munro st,0,1,
112 1110 howe st,0,1,2022.0
112 2320 trinity st,0,1,
112 esplanade,1,1,2025.0
112 nanaimo st,0,1,2024.0
112 white cap cv,0,1,
1120 barclay st,0,1,
1120 blanshard st,0,1,
1120 evergreen rd campbell riv,0,1,
1120 premier st,0,1,
1120 shawnigan/mill bay rd,0,1,
1122 burnaby st,0,1,2022.0
1122 gilford st,0,2,2020.0
1123 greenwood ave,0,1,
1123 nootka st,1,1,2025.0
11238 roxburgh rd,0,1,
1124 5115 garden city rd,0,1,
1124 e 10th ave,1,1,2025.0
1125 10th ave w,0,1,
1125 deep cove rd,0,1,
1125 e 14th ave,0,1,
1125 jervis st,0,1,2023.0
11250 loughren dr,0,1,
1126 barclay st,0,1,2022.0
1126 rockland ave,0,1,
11276 80th ave,0,1,2018.0
1128 quebec st,0,1,
1129 e 14th ave,0,2,2020.0
113 425 east 11th ave,0,1,2024.0
1130 broadway e,0,1,2024.0
1130 burnaby st,0,1,
1130 e broadway,0,2,
1130 e broadway vancouve,0,1,
1131 barclay st,0,2,
1131 burnaby st,0,3,2024.0
1132 e 12th ave,0,1,
1132 howie ave,0,1,2018.0
1132 w 64th ave,0,1,
1133 beach ave,0,1,2018.0
1133 hornby st,0,1,
1133 salsbury dr,0,1,2021.0
1134 burnaby st,0,1,
1134 burrard st,0,1,2021.0
1135 empress ave,0,1,
1135 o'flaherty gate,0,1,
1136 pacific st,0,1,2020.0
11362 royal cres,0,1,
1139 e 10th ave,0,1,2023.0
1139 pendrell st,0,1,2021.0
114 nicol st,0,1,
114 victoria dr,0,1,
1140 castle cres,0,1,
1140 cecile dr,0,3,
1140 pandora ave,0,1,2024.0
1140 pendrell,1,1,2025.0
1141 burnaby st,0,1,
1141 harwood st,1,1,2025.0
1142 e 23rd ave,0,1,
1143 e 13th ave,0,1,2022.0
1143 e pender st,0,1,
1144 windermere st,0,1,
1145 e 10th ave,0,1,
1145 pendrell st,0,1,2021.0
1145 pendrell st - 102 vancouve,0,1,
1147 quadra st,0,1,
1147 view st,0,1,
11471 284 st maple rdg,0,1,
1148 e 60th ave,0,1,
1148 victoria dr,0,1,2018.0
1149 coutts way prt,0,1,
115 2228 franklin st,0,1,2023.0
115 w 12th ave,0,1,2018.0
115 w 44th ave,0,1,2018.0
1150 barclay st,0,1,
1150 burnaby st,0,1,2021.0
1150 jervis st,0,2,2018.0
1150 jervis vancouve,0,1,
1150 w 12 ave,0,1,
1150 w 12th,0,1,
1150 w 8th ave,0,1,
1151 haro st,0,1,
1151 union st,0,1,2018.0
1153 lakewood dr,0,1,
1155 beach ave,0,3,2020.0
1155 burnaby st,0,2,
1155 commercial dr,0,1,2018.0
1155 harwood,0,1,
1155 harwood st,0,4,2020.0
1155 pandosy st,0,1,
1155 seymour st,0,2,2023.0
1155 seymour vancouve,0,1,
1155 sperling ave,0,1,
1155 union st,0,2,2018.0
1155 w 49th ave,0,1,
1156 e pender st,0,1,
1156 w 12 ave,0,1,
1156 w 12th ave,0,1,2023.0
1157 e 15th ave,0,1,2018.0
1159 kingsway,0,4,2021.0
1159 pendrell st,0,1,2024.0
115_14831 104ave,0,1,
115a st delta bc v4c 5p6,0,1,
116 e 16th ave,0,3,2020.0
1160 chateau pl,0,1,
1160 haro st,1,1,2025.0
1160 pendrell st,0,1,2021.0
1162 burdett ave,0,1,
1162 wendel pl,0,1,
1165 w 10th ave,0,1,2024.0
1166 mathers ave,0,1,
11673 7th ave,0,1,
11675 7th ave,0,1,
1168 pendrell st,0,2,
11681 88 a ave,0,1,
1169 pacific st,0,1,2022.0
1169 w 24 st,0,1,
1169 w 24th st,0,2,
117 rosemount ave,0,1,
1170 harwood st,1,2,2025.0
1171 e 14th ave,1,1,2025.0
1171 w 12th ave,0,1,
11714 96a ave,0,1,
1173 14th ave e,0,1,2024.0
11733 79a ave,0,1,
11737 82b ave,0,1,
1174 e 26th ave,0,1,
1175 14th ave e,1,1,2025.0
1175 e 14th ave,0,2,2024.0
1175 haro st,0,1,
1175 pacific st,0,1,2021.0
1176 glenayre dr prt,0,1,
1177 hornby st,0,1,
11771 mellis dr,0,1,
1178 e 13th ave,0,1,2018.0
1178 heffley cres,0,1,
11789 86 ave,0,1,
118 alexander st,0,4,2024.0
118 main st,0,1,2018.0
1180 victoria dr,1,1,2025.0
11820 no1 rd,0,1,
1185 quayside dr,0,1,
1186 victoria dr,0,1,
1188 howe st,0,2,
1188 lillooet st,0,1,2020.0
1188 pendrell st,0,1,2024.0
1189 howe st,0,1,2023.0
119 a st delta,0,1,
119 oswego st,0,1,
119 w pender st,0,1,
1190 e hastings,0,1,2020.0
1190 e hastings st,0,1,2018.0
1190 kilmer rd,0,1,
1190 lawson ave,0,1,
11902 91 st,0,1,
1191 w 12th ave,0,1,2022.0
1192 e hastings,0,1,2020.0
11932 95 ave,0,1,
1195 e 48th ave,0,1,
1195 spruce st,0,1,
1195 w 11th ave,0,2,2023.0
1195 w 8th ave,0,2,2018.0
1196 habgood st,0,1,
1198 w 70th ave,0,1,
1199 seymour st,0,1,
11b 1425 haro st,0,1,2018.0
12 athletes way,0,1,2018.0
12 laurel ave,0,1,
120 5th st e,0,1,
120 e 24th ave,0,1,
1200 w 10th ave,0,1,
1200 w georgia st,0,2,2018.0
1201 e georgia st,0,1,
1201 georgia st w,0,1,2021.0
1201 kiwanis mnr,0,1,
12018 sand point way ne,0,1,
1201b otter bay rd,0,1,
1202 harwood,0,1,2023.0
1204 e 14th ave,0,1,
1205 comox st,0,2,
1206 1022 nelson st,1,1,2025.0
1208 rockland ave,0,1,
1208 salsbury dr,0,1,
12080 92a ave,0,1,
1209 e 20 ave,0,1,
1209 jervis st,1,2,2025.0
121 w 11th ave,0,1,2018.0
1210 jerivs st,0,1,2020.0
1210 jervis,0,1,2018.0
1210 jervis st,1,7,2025.0
121014 rosecrans ave,0,1,
1211 cotton dr,0,1,
1212 howe st,0,1,2020.0
1212 vista hts,0,1,
12124 blossom st,0,1,
1214 hopkins pl,0,1,
1215 e 11th ave,0,1,2024.0
1215 w 10th ave,0,3,2020.0
1215 w 13th ave,0,2,
1216 victoria,0,1,2018.0
1216 victoria dr,0,1,2018.0
12170 york st,0,1,
1218 melville st,0,1,2018.0
1219 8th ave e,0,1,
12190 224th steet,0,1,
122 walter hardwick ave,0,1,2018.0
1220 cardero,0,1,2023.0
1220 cardero st,1,6,2025.0
1220 comox st,0,1,
1220 e pender st,0,1,
12208 92 ave,0,1,2020.0
1221 4th ave,0,1,
1221 bidwell st,0,2,
1221 burnaby st,0,2,
1221 e 22nd ave,0,1,
1221 homer st,0,2,2020.0
1221 seymour st,0,1,
1222 e 13th ave,0,1,
1222 e washington ave,0,1,
1222 pendrell st,0,1,2018.0
1224 robson st,0,2,2018.0
12248 224th st,0,1,
1225 cardero,0,1,2020.0
1225 cardero st,0,12,2024.0
1225 nelson st,0,3,2021.0
1226 rue sainte elisabeth,0,1,
1227 e 13th ave,0,4,2018.0
1227 e 23rd ave,0,1,
1228 nicola st,0,4,
123 13485 71 ave,0,1,
123 4 st,0,1,2018.0
123 fake st,0,1,
123 gorge rd e,0,1,
123 main st,0,1,
1230 burnaby st,0,1,
1230 fort st,0,1,
1230 nelson st,1,3,2025.0
1233 e 12th ave,0,1,2023.0
1233 e 13th ave,0,1,
1233 w 16th north vancouve,0,1,
12339 steveston hwy,0,1,
1234 barclay,0,1,
1234 barclay st,0,2,2018.0
1234 w 14th ave,0,2,
1234 w 14th vancouve,0,1,
1234 w georgia st,0,1,
1235 burnaby st,0,2,2022.0
1235 comox st,1,4,2025.0
1235 nelson st,1,3,2025.0
1235 w 13th ave,0,1,
1238 cardero st,0,1,2023.0
1239 w georgia st,0,2,2018.0
124 dunlevy ave,0,1,2024.0
124 warwick ave,0,1,
12409 harris rd,0,1,
1242 w 11th ave,0,1,2024.0
12421 trites rd,0,1,
1243 thurlow st,0,1,2020.0
1243 victoria dr,0,1,
1244 e 8th ave,0,1,
1245 nicola st,0,1,
1245 w 8th ave,0,1,2024.0
12451 73 ave,0,3,
1246 gladstone ave,0,1,
1246 haro st vancouver bc v6e 1e7,0,1,2022.0
1246 rue d'argenson,0,1,
1249 e 18th ave,0,1,2018.0
1249 e18th,0,1,2018.0
1249 howe st,0,1,
1249 victoria dr,0,1,
1249 w 7th,0,1,
12491 alliance dr,0,1,
125 10th ave w,0,1,2023.0
125 5th st w,0,1,
125 columbia st,0,1,
125 e 21 ave,0,1,2018.0
125 eighth st,0,1,
125 milross ave,0,2,2021.0
125 w 10th ave,0,3,2023.0
1250 bute st,0,1,2024.0
1250 comox,0,2,
1250 comox st,0,1,
12500 trites rd,0,1,2021.0
1251 cardero st,0,4,2020.0
1251 jervis st,0,2,
1252 14th st,0,1,
1252 hornby st,0,1,2018.0
1253 river dr,0,1,
1253 walnut st,0,1,
12535 97 ave,0,1,
1254 pendrell st,0,1,2018.0
1255 bidwell,0,1,2020.0
1255 bidwell st,0,2,2018.0
1255 comox st,0,1,
1256 pendrell st,0,1,2018.0
1256 w 11th ave,0,1,
12571 cambie rd,0,1,
1258 w broadway,0,1,
126 w 11th ave,0,1,
1260 bidwell st,0,1,2018.0
1260 e broadway,0,1,2024.0
1260 harwood st,0,3,2024.0
12609 98 ave,0,1,
1263 nicola st,0,3,2022.0
1265 12th ave w,0,1,2024.0
1265 13th ave w,0,1,
1265 burnaby st,0,4,2018.0
1265 cardero,0,1,2023.0
1265 cardero st,1,1,2025.0
1265 kingsway ave,0,1,
1265 w 13th ave,0,3,2024.0
1266 w 12 ave,0,1,
1266 w 12th ave,0,2,
1267 e 13th ave,0,1,
1267 w 70th ave,0,1,2024.0
127 portside ct,0,1,2024.0
1270 18 abe east,0,1,
1270 morgan rd,0,1,
1270 nicola st,0,1,
1275 haro st,0,3,2018.0
1275 pacific st,0,1,
1275 pembroke st,0,1,
1275 w 15th ave,1,2,2025.0
1277 hudson st,0,1,2020.0
128 cordova st w,0,1,
128 st,0,1,
128 w cordova st,0,2,2020.0
1280 haro st,0,1,2018.0
1281 broughton st,0,1,2018.0
1283 howe st,0,2,
1285 harwood st,1,2,2025.0
1285 kingsway,0,1,
1286 w 14th ave,0,1,2022.0
1287 w hastings st,0,1,
1288 broughton st,0,1,2022.0
1288 e 26th ave,0,1,2022.0
1288 fulton ave,0,1,
1288 w cordova st,0,1,2018.0
1288 w georgia st,0,1,
12882 26 ave,0,1,
12888 93 ave,0,1,2024.0
128th st surrey v3v5n6,0,1,
1290 w 13th ave,0,1,2023.0
1292 w 38 ave,0,1,2018.0
1295 w 12th ave,0,1,
1298 w 10th,0,1,
1298 w 10th ave,0,3,
12a 1000 sookepoint pl,0,1,
12a 328 taylor way,0,1,
12th st north vancouver v7l2m8,0,1,
13 brackenridge pl,0,1,
130 17th st e,0,1,
130 cedar ln,0,1,
130 e 15th ave,0,2,2020.0
1300 pendrell st,0,1,
1303 1055 homer st,0,1,2021.0
13039 huntley ave,0,1,2021.0
1304 cotton dr,0,1,
1305 w 12th ave,0,2,2024.0
1305 w 13th ave,1,1,2025.0
1306 bidwell st,0,1,
1309 franklin st,0,1,
131 alexander st,0,1,2022.0
131 cliffview dr,0,1,
131 e 16th ave,0,1,
131 fernway dr,0,1,
131 regiment sq,0,1,
131 rogimont sq,0,1,2018.0
131 w hastings st,0,1,2020.0
1310 burnaby,0,1,
13117 99 ave,0,1,
1312 e 8th ave,0,1,
13129 103a ave,0,1,
1315 broughton st,0,1,
1315 madison ave,0,1,2024.0
1316 w 11th ave,0,1,
1317 e 61st ave,0,1,
1318 thurlow st,0,3,
1320 bond st,0,1,
1320 bute st,0,2,
1320 cliffe ave,0,1,2020.0
1320 king albert ave,0,1,
1320 pandora ave,0,1,
1321 e 1st ave,0,1,2021.0
1322 e 34th ave,0,1,
13222 80 ave,0,1,
1325 marine dr,0,1,2018.0
1325 merritt st,0,1,
1325 rolston st,0,2,
13258 68 ave,0,1,
1326 e georgia st,0,1,2018.0
1326 w 13th ave 401,0,1,2024.0
1327 kamloops st,0,1,2018.0
1328 w pender st,0,1,
1329 e 12th ave,0,1,2018.0
133 e 7th ave,0,2,2023.0
133 gorge rd e,0,1,
133 w pender,0,1,2020.0
1330 bute st,0,1,
1330 gravely st,0,1,2018.0
1330 harwood st,0,1,2020.0
1330 jervis st,0,1,2018.0
1330 victoria dr,0,2,2021.0
13303 central ave,0,2,2021.0
1331 w geogia st,0,1,
1331 w georgia st,0,1,
1332 chesterman beach rd,0,1,
1332 salsbury dr,0,1,
13325 102a ave,0,1,
1332a e 2nd ave,0,2,2021.0
1333 e 7th ave,0,1,
1333 e broadway,0,1,
1333 haro st,0,1,2024.0
1333 hornby st,0,2,2024.0
1334 e 41st ave,0,1,
13340 60 ave,0,1,2024.0
1335 williamsport dr,0,1,2024.0
13350 old yale rd,0,1,
1335b walnut st,0,1,
1336 11 ave w,0,1,
1336 w 11th ave,0,1,
13364 102 ave,0,1,
1337 cotton dr,0,1,
1337 ottawa ave,1,1,2025.0
1337 saunders st,0,1,
1338 e 37th ave,0,1,
13380 108 ave,0,1,
1339 graveley,0,1,2020.0
1339 graveley st,0,1,
13399 104 ave,0,1,
134 powell st,0,1,
134 w 12 ave,0,1,2024.0
1340 burnaby st,0,1,
1340 w 12th ave,0,2,2024.0
1341 e 3rd,0,1,
1343 e 13th ave,0,1,
13438 central ave,0,1,
1344 e 41st ave,0,1,
1345 pandora ave,0,1,
1346 cotton dr,0,2,
1346 w 13th ave,1,1,2025.0
13460 70b ave,0,1,
1347 nicola st,0,1,
1348 barclay st,0,2,
1349 e 2nd ave,0,2,2020.0
135 19th st e,0,2,2024.0
135 liberty st,0,1,
1350 helen rd,0,1,
13507 96 ave,0,1,
1351 merklin ave,0,1,2020.0
13515 sumac ln,0,1,
13528 96 ave,0,1,
13536 marine dr,0,1,
1354 e 18th ave,0,1,
13540 60 ave,0,1,
1355 harwood st,0,1,
1355 pendrell st,0,3,2024.0
1355 w12th ave,0,1,
13550 105 ave,0,1,2018.0
1357 e 15,0,1,
1357 w 10th ave,0,1,2020.0
1358 e 35th ave,0,1,
1359 55th ave e,0,1,2018.0
1359 easy 2nd ave,0,1,
1360 burnaby st,0,1,2023.0
1360 hornby st,0,1,
13601 96 ave,0,1,
1361 bute st,0,1,
13615 fraser hwy,0,1,
1362 e 1st ave,0,1,
1364 10th ave w,0,1,2024.0
1364 e 12th ave,0,1,2021.0
1364 e 12th st,0,1,
1364 w 11 ave,0,1,2022.0
1364 w 11th ave,0,1,
1364 w11th ave,0,1,2021.0
1365 hastings st,0,1,
1366 w 12th ave,0,3,2024.0
1366 w 13 ave,0,1,2024.0
1366 w 13th ave,0,1,
1367 e 15th ave,0,1,
1368 26th ave,0,1,2023.0
1368 pandora ave,0,1,
13685 102 ave,0,1,
1370 davie st,0,2,
1370 e 1st ave,0,1,
1370 jervis,0,1,2020.0
1371 harwood st,0,2,
1373 w 73rd ave,0,1,2020.0
1373 w73 ave,0,1,
13732 91a ave,0,1,2018.0
1374 grant st,0,2,2024.0
1375 e 35th ave,1,1,2025.0
1375 nicola st,0,1,2018.0
1375 w 67th ave,0,1,2023.0
13750 100 ave,0,1,
1376 e 35th ave,1,1,2025.0
1378 e 26 ave,0,1,2020.0
13789 76 ave,0,1,
1379 howe st,0,1,
138 e hastings,0,1,
1380 jervis st,0,1,2020.0
1381 e 20th ave,0,1,2024.0
1383 e broadway,0,1,
1384 w 32nd ave,0,1,
13840 78a ave,0,2,
1385 w 12th,1,1,2025.0
1386 nicola st,0,1,2020.0
1386 w 73 ave,0,1,2020.0
1386 w73 ave,0,1,2020.0
1388 homer st,0,1,2024.0
1388 nelson st,0,1,
1388 w 6th ave,0,1,
13883 old dewdney trunk rd,0,1,2018.0
13888 70 ave,0,1,2024.0
1389 commercial dr,0,1,
1391 17 ave e,1,1,2025.0
1394 e 24th st,0,1,
1395 14th ave w,0,2,
1395 beach ave,0,4,2018.0
1395 w 12th ave,0,1,2024.0
1395 w 13th,0,1,
1395 w 14th ave,0,4,2024.0
13955 laurel dr - 206 surre,0,1,
1396 w 11th ave,0,1,2023.0
1397 w 71st ave,0,1,2021.0
1399 barclay st,0,1,
13th ave,0,1,
13th ave & commercial,0,1,2018.0
13th ave east,0,1,
140 5307 victoria dr,0,1,2018.0
140 n kootenay st,0,1,2018.0
1400 cotton dr,0,1,
1400 lewis dr,0,1,
1400 riverside dr,0,1,
1401 alberni st,0,1,
1401 cartier ave,0,1,
1401 fort st,0,1,
1404 e 21st ave,0,1,2018.0
1404 parker st,0,1,
1406,0,1,2018.0
1406a w 11th ave,0,1,2021.0
1407 glenview ct,0,1,
1408 21st ave e,0,1,2024.0
1408 e 15th ave,0,2,2024.0
141 6th st e,0,1,
141 b st,0,1,
1410 e 12th ave,0,1,2020.0
1410 venables,0,1,
1410 w 13th ave,0,2,
1411 commercial dr,1,2,2025.0
1412 e 37th ave,0,1,
14121 90a ave,0,1,
1414 barclay st,0,2,2021.0
1414 robson st,0,1,2020.0
1415 e broadway st,0,1,2020.0
14154 88 ave,0,1,
1416 e 13th ave,0,4,2018.0
1416 haro st,0,1,2023.0
1416 harwood st,0,1,
14165 110 ave,0,1,
1418 e 37th ave,0,1,
1420 e 37th ave,0,1,
1420 e 8th ave,0,1,2023.0
1420 madrona pl,0,1,
1420 w 11th ave,1,1,2025.0
1421 2nd ave e,0,1,
1421 burnaby st,0,2,
1421 e 2nd ave,0,1,2023.0
1421 maple st,0,1,
14218 103a ave,0,1,
1422 8th ave,0,1,2018.0
1422 victoria dr,0,1,2023.0
1423 austin ave,0,1,
1424 e 13th ave,0,2,2021.0
1424 e 15th ave,0,1,2024.0
1424 e 58th ave,0,1,2021.0
1424 nelson st,0,2,2023.0
1424 queen st w,0,1,
14241 72a ave,0,1,2024.0
1425 e 21st ave,0,1,2018.0
1425 haro st,0,2,2018.0
1425 w 10th ave,0,1,
1425 w 11th ave,0,1,2023.0
1425 w 71st ave,1,1,2025.0
14262 90a ave,0,1,
1428 parkway blvd,0,1,
1429 e 4th ave,0,1,
1429 vining st,0,1,
1430 e 37th,0,1,
1430 maple st,0,3,2018.0
1430 w 13th ave,0,1,2021.0
1432 60 st e,0,1,
1432 diefenbaker dr,0,1,
1433 harwood st,0,1,2018.0
1434 line 6 rd,0,1,2020.0
1435 commercial dr,0,1,
1435 graveley st,0,1,
1435 haywood ave,0,1,
1435 summit dr,0,1,
1435 w 10th ave,0,3,
1436 graveley st,0,3,2023.0
1436 gravely st,0,1,2024.0
1437 10th ave e,0,1,
1437 e 10th,0,1,
1437 e 10th ave,0,1,2022.0
1438 richards st,0,1,2024.0
144 12th st w,0,1,
144 park kamloo,0,1,
144 saunders st,0,1,
144 w 10th ave,0,1,2024.0
1440 broadway e,0,1,
1440 broadway st e,0,1,
1440 creekside dr,0,1,
1440 e broadway,1,1,2025.0
1440 haro st,0,1,
1440 lanark? alley @ lanark & 37th),0,1,
1441 ford ave,0,1,
14410 chartwell dr,0,1,
14415 18 ave,0,1,
14415 18th,0,1,
1442 brooke st,0,1,
1442 inkar rd,0,1,
1444 w 71st ave,0,1,
1445 14th ave w,0,1,
1445 knox rd,0,1,
1445 w 10th ave,0,2,
1445 w 70th ave,0,1,
1446 w13 ave,0,1,
1447 barclay st,0,1,2018.0
1447 semlin dr,0,1,2024.0
1448 e 37th (upstairs rental,0,1,
1449 e 10th ave,0,1,
145 e15th ave,0,1,
145 george st,0,1,2018.0
145 keith rd w,0,1,
145 predovic mtwy,0,1,
1450 chestnut st,0,5,2024.0
1450 e 7th ave,0,1,2020.0
1450 jamaica rd,0,1,
1450 sperling ave,0,1,2018.0
1450 w georgia,0,1,
1450 w georgia st,0,3,2022.0
14505 29a ave,1,1,2025.0
1451 12th ave e,0,1,2018.0
1452 w 13th ave,0,1,
1453 kingsw,0,1,
1454 e 15th ave,0,1,2018.0
1454 pendrell st,0,2,2020.0
1455 w 8th ave,0,7,
14555 68 ave,0,1,
14555 68th ave,0,1,
1457 8th east ave,0,1,
1457 e 8 ave,0,1,
1457 e 8th ave,0,1,2022.0
14581 105a ave,0,1,
1460 73rd ave w,1,1,2025.0
1460 barclay,0,1,2023.0
1460 barclay st,0,2,2022.0
1461,0,1,2020.0
1461 harwood,0,1,2020.0
1461 harwood st,0,3,2024.0
1463 8th ave w,0,1,
1465 lameys ml,0,1,2020.0
1465 parkway blvd,0,1,
1465 w 12th ave,0,1,2021.0
1465 w 14th ave,1,2,2025.0
1465 w 15th,1,1,2025.0
14658 76 ave,0,1,
1467 nation cres,0,1,
1468 cranbrook pl,0,1,
1468 e 1st ave,0,1,
1468 e1st ave,0,1,
1468 east11th ave,0,1,2022.0
1468 w 53rd ave,0,1,
14687 81a ave,0,1,
14688 102a ave,0,1,
147 chemin denis,0,1,
1472 charles st,0,1,
1472 elinor cres,0,1,2020.0
1472 william st,0,1,
1473 lincoln dr,0,1,
1474 fort st,0,1,2018.0
1476 w 14th ave,0,1,2023.0
1477 w 15th ave,0,1,
1479 b ontario 17,0,1,
148 e 6th ave,0,1,2018.0
1480 boundary cres,0,1,
1480 e 37th,0,1,
1480 w 71st ave,0,1,
1483 e king edward ave,0,2,2018.0
1483 king edward vancouve,0,1,
1483 lamaey's mill rd,0,1,2018.0
1483 lamest mill rd,0,1,
1483 lamey's mills rd,0,1,2020.0
14831 101a ave,0,1,
14835 66a ave,0,1,
1484 e 22,0,1,
1484 e 22nd ave,0,1,
1484 minto cres,0,1,
14840 105 ave,0,1,
1485 w 13th ave,0,1,
14852 southmere ct,0,1,
14861 southmere ct,0,1,
1488 e 37th,0,1,
1488 e 54th ave,0,1,
14896 108ave surre,0,1,
14899 107 a ave,0,1,
148st surre,0,1,
149 milross ave,0,1,
14921 104th ave,0,1,
1494 kingsway,0,2,2022.0
14968 101a ave,0,1,2024.0
1497 martin st,0,1,
1498 harwood st,1,1,2025.0
1499 w pender,0,1,2023.0
149b surre,0,1,
149st surre,0,1,
15 princess st,0,1,2023.0
150 athletes way,0,1,
150 e 14th ave,0,4,2023.0
150 e 16th,0,1,2020.0
150 e 16th ave,0,1,2022.0
150 e cordova st,0,2,2018.0
150 e cordova vancouv,0,1,
150 w 10th ave,0,1,
1500 haro st,0,1,2018.0
1500 howe,0,1,
1500 pendrell st,0,1,
1501 5815 yew st,0,1,2018.0
1501 haro st,0,2,2024.0
1503 909 colborne st,0,1,
1503 e 3rd ave,0,1,2020.0
1505 union st,0,1,
1507 e 12th ave,0,1,2018.0
1509 maple st,0,1,
1510 e broadway,0,1,2022.0
1510 e pender st,0,1,2018.0
1510 salisbury dr,0,1,2018.0
1510 salsbury dr,0,1,2018.0
1510 sasbury dr,0,1,2018.0
1511 n grandview hwy,0,1,
15127 70a ave,0,1,
15128 victoria ave,0,1,
1513 ridgeway ave,0,1,
15137 33 ave,0,1,
1515 charles st,0,1,2022.0
1515 e 6th ave,0,1,2024.0
1515 e broadway,0,1,
1515 w hastings st,0,1,
15158 royal ave royal ave,0,1,2018.0
1516 davie st,0,2,2021.0
1516 nanaimo st,0,1,2021.0
15168 36th v3z 0z6,0,1,
1517 sixth ave,0,1,
1518 bluestone edge ln,0,1,
1518 e 33rd ave,0,1,
1518 e 37th ave,0,1,
1519 e 12th ave,0,2,2021.0
15196 beachview ave,0,1,
152 e 11th ave,0,2,
152 e 23rd ave,0,1,2024.0
1520 blackwood st,0,1,
1521 burnaby st,0,1,2021.0
1521 e 11th st,0,1,2020.0
1523 e pender st,0,1,
1523 salsbury dr,0,1,2024.0
15230 guildford dr,0,1,
1525 e 4th ave,0,1,2020.0
1525 grandview hwy,0,1,
15258 92a ave,0,1,
1525b denman st,0,1,
1526 pandora ave,0,1,
15267 95ave,0,1,
1528 comox st,0,1,2018.0
1528 e 35th ave,0,2,
1528 e 5th ave,0,1,2023.0
1528 venables st,0,1,
1529 e 18th ave v5n2h4 vancouv,0,1,
1529 e 3rd ave,2,4,2025.0
1529 grant st,0,2,2018.0
1529 w broadway,0,1,
1529 w pender,0,1,2018.0
1529 w pender st,0,1,2024.0
153 4th st e,1,1,2025.0
153 douglas st e,0,1,
153 e 8th ave,0,2,
153 powell at v,0,1,
153 powell st,0,3,2024.0
1530 w 13th,0,1,2023.0
15306 96 ave,0,1,
1531 barclay st,0,2,2020.0
1532 e 13th,0,1,
1532 e pender st,0,1,
15321 russell ave,0,1,
1533 e 8th ave,0,1,2024.0
1533 e ave,0,1,2018.0
1533 e broadway,0,3,2024.0
15333 sequoia dr,0,1,
1534 henshaw ln,0,1,
1535 13th ave,0,1,2020.0
1535 e 1st ave,1,3,2025.0
1535 nelson st,0,1,
1535 w 12th ave,0,1,2022.0
1535 w 14th ave,0,1,2023.0
1536 94th ave,0,1,
1536 e 3rd ave,0,2,2024.0
1536 w 12th,0,1,
1536 w 12th ave,0,2,
1536 w 14th ave,0,3,2023.0
1537 burnaby st,1,3,2025.0
1537 e 4th ave,0,1,
1538 e 13th ave,0,1,2021.0
1538 e pender st,0,1,
1538 lakewood dr,0,1,
1538 morgan st,0,1,
1539 e 14th ave,0,1,
1539 e 4th ave,0,1,2021.0
154 17th st e,0,1,
154 18th st e,0,1,
154 e 7th ave,0,3,
1540 davie st,0,1,2021.0
1540 haro st,0,1,2023.0
1540 haro vancouve,0,1,
1540 salsbury dr,0,1,
1540 tanglewood ln,1,1,2025.0
1540 yew st,0,2,
1541 grant st,0,1,2023.0
15422 92 ave,0,1,
15425 35a ave,0,1,2024.0
1543 victoria dr,0,2,2018.0
1545 e 2nd ave,0,2,2020.0
1545 e 4th,0,1,
1545 e 4th ave,0,1,2021.0
1545 e broadway,0,1,2020.0
1545 w 14th ave,0,1,
1546 w 14 ave,0,1,
1546 yew st,0,1,2020.0
1547 e 13th ave,0,1,2024.0
1548 e 18th ave,1,2,2025.0
1549 grant st,0,2,2018.0
1549 kitchener,0,1,
1549 kitchener st,0,2,2018.0
1550 w 10th ave,0,1,
1550 w 11th ave,0,1,2024.0
15505 hessel brks,0,1,
1551 bridgman ave,0,1,2020.0
1552 e 10th ave,0,1,
1552 e pender st,0,2,2018.0
1552 pender st e,0,1,2018.0
1553 henshaw ln,0,2,2020.0
15534 madrona dr,0,2,
15545 84 ave,0,1,
15545 84av surre,0,1,
1555 charles st,0,1,2018.0
1555 e 13th ave,0,1,2020.0
1555 e 16th ave,0,1,2020.0
1555 graveley st,0,4,2020.0
1555 graveley st vancouver,0,1,
1555 richmond ave,0,1,
1555 woodland,0,1,
1555 woodland ave,0,1,
1555 woodland dr,0,1,2018.0
1556 5th ave e,0,2,2018.0
1556 charles st,0,3,2018.0
1556 e 5th,0,1,2018.0
1559 n grandview hwy,0,1,
15596 semiahmoo ave,0,1,
156 e 18th ave,0,1,
156 e 8th ave,0,4,
156 w 12th ave,0,1,
1560 11 ave e,0,1,
1560 13th ave w,0,1,2018.0
1560 e 18th ave,0,1,2024.0
1560 e 31st ave,0,1,
1560 e 4th ave,0,1,2018.0
1560 gordon pl cowichan bay,0,1,
1561 24th st w,0,1,
1561 bridgman ave,0,1,
1562 graveley,0,1,
1565 harwood st,1,2,2025.0
1565 w 13th ave,0,1,
1567 commercial dr,0,1,
1567 grandview hwy n,0,1,
1567 lodgepole pl,0,1,
1568 e broadway,0,1,2020.0
1568 topaz ct,0,1,2020.0
1569 violet cres,0,1,
157 terrace hill pl,0,1,
15745 croydon dr,0,2,
1575 e 1st ave,1,3,2025.0
1575 kamloops st,0,1,
1575 w 13th ave,0,1,2023.0
1576 e 35th ave,0,2,
1580 albatross ave,0,1,
1580 e 3rd ave vanv5n 1g9,0,1,
1580 haro,0,1,
1580 haro st,0,1,
1581 windermere st,0,1,
1582 hunter st,0,1,
1584 66th ave,0,1,
1585 w 14th ave,0,1,
1586 william st,1,2,2025.0
1587 w 59th ave,0,1,2023.0
1588 e hastings st,0,1,
1589 w 12th ave,0,1,
159 2nd ave w,0,1,2020.0
1590 hunter st,0,1,
15908 98 ave,0,1,
1591 christmas ave,0,1,
1592 e 2nd ave,0,2,2020.0
1592 e broadway,0,1,
1594 mcnair dr n,0,1,
1595 e 6th,0,1,2020.0
1595 e 6th ave,0,1,2018.0
1596 w 10th ave,0,1,
1597 w 64 ave,0,1,2021.0
1598 william st,1,1,2025.0
16 333 vancouver ave,0,1,
16 533 woodland dr,0,1,2018.0
16 e hastings,0,1,2020.0
160 6th st e,0,1,
1600 beach ave,0,3,2020.0
1600 d beach ave,0,1,2020.0
1600m beach ave,0,1,2021.0
1601 barclay st,0,4,2022.0
1602 6th ave e,0,1,2018.0
1602 e 12th ave,0,1,2020.0
1602 e broadway,0,1,
1603 bathurst st,0,1,
1603 e broadway,0,1,
1604 969 richards st,0,1,
1604 hosanna way,0,1,
1605,0,1,2020.0
1605 e 11 ave,0,1,
1605 e 11th ave,0,1,2024.0
1608 camosun st,0,1,
1608 frances st,0,1,
1609 comox st,0,2,2020.0
1609 cypress st,0,1,
1609 harwood st,0,2,2018.0
160b archery cres,0,1,
161 e 1st,0,1,2021.0
161 w georgia st,0,1,
1610 franklin st,1,3,2025.0
16107 111a ave,0,1,
1613 e 12th ave,0,1,
1615 trafalgar st,0,2,2024.0
1615 vine st,0,1,
1616 agnew ave,0,1,
1616 grant,0,1,2020.0
1616 pendrell st,0,7,2024.0
1616 w 10 ave 3,0,1,2023.0
1617 e 36th ave,0,1,
1617 e 5th ave,0,1,2020.0
1617 w 4th ave,0,1,2018.0
1618 w 6th ave,0,1,
162 mcpherson cres,0,1,
1620 barclay st,0,1,2018.0
1620 burnaby st,0,1,2020.0
1620 burtch rd,0,1,
1620 christmas ave,0,1,
1620 commercial,0,1,2018.0
1620 e 6th ave,0,1,2021.0
1620 e pender st,0,1,2024.0
1620 haro st,0,2,2020.0
1620 semlin dr,0,1,2020.0
1620 townsite rd,0,2,
1621 adanac,0,1,2018.0
1621 adanac st,0,1,2020.0
1622 e 11th ave,0,1,2024.0
1622 frances st,0,1,
1624 e broadway apt 204 vancouv,0,1,
1624 salsbury dr,0,1,2021.0
1625 mcphee ave,0,1,
1626 w 11th ave,0,1,2023.0
1626 w 12 ave,0,1,2022.0
1626 w 12th ave,0,1,2023.0
16260 23a ave,0,1,
1627 e 14th ave,0,2,
1627 e 4th ave,0,1,
1628 graveley st,0,1,2020.0
1629 haro,0,1,
1629 haro st,0,6,2022.0
1629 w 63 ave,0,2,2024.0
163 e cordova st,0,1,
163 powell st,0,1,
1630 burnaby st,0,2,2021.0
1630 chesterfield ave,0,2,
1630 evelyn st,0,1,
1630 hollywood crk,0,1,2023.0
1631 comox st,0,2,2020.0
1632 e 8th ave,0,1,2021.0
1633 victoria dr,0,1,2018.0
1633 w 8th ave,0,1,2020.0
1633 w 8th vancouv,0,1,
1634 e 6th ave,0,2,2020.0
1635 e 4th ave,2,6,2025.0
1635 e 6th,0,1,
1635 e 6th ave,0,2,2020.0
1635 w 12th ave,0,2,2023.0
1636 haro st,0,3,
1636 w 10th ave,0,3,2024.0
1638 e 3rd ave,0,2,2021.0
1639 e georgia st,0,1,
164 18th st e,0,1,
1640 alberni st,0,1,2018.0
1640 graveley st,0,1,
1641 mahon ave -1,0,1,2020.0
1641 woodland dr,0,1,2023.0
1643 e 3rd ave,1,1,2025.0
1644 nelson st,0,4,2022.0
1645 e 5th vancouve,0,1,
1645 w 11th ave,1,1,2025.0
1645 w 12th ave,1,1,2025.0
1646 cedar ave,0,1,
1646 e georgia st,0,1,
1646 w 12th ave,0,1,2023.0
16469 62a ave,0,1,
16469 64 ave,0,1,
16477 108 ave,0,1,
1648 venables st,0,1,
1650 4th ave e,0,1,
1650 e 4 ave,0,1,
1650 e 5th,0,1,2018.0
1650 e 5th ave,0,3,2018.0
1650 haro st,0,2,2021.0
1651 e georgia st,0,1,2020.0
1651 harwood st,0,2,2018.0
1651 parkway blvd,0,1,
1653 lambert ave,0,1,
1655 barclay,0,1,2021.0
1655 barclay st,1,8,2025.0
1655 begbie st,0,1,
1655 chambers st,0,1,
1655 haro st,1,3,2025.0
1655 w 11th ave,0,1,
1656 adanac,0,1,2020.0
1656 adanac st,0,3,2021.0
1656 adanac st 33,0,1,2022.0
1656 e 4th ave,0,2,2024.0
1659 lincoln ave,0,1,
1660 barclay st,0,1,
1660 e 5th ave,0,1,2020.0
1660 e georgia,0,1,
1660 e georgia st,0,1,
1660 fort st,0,1,
1661 burnaby st,0,1,2020.0
1661 davie st,0,1,
16618 60 ave,0,1,2024.0
1663 w 12th ave,1,2,2025.0
1664 e 11 ave,0,1,
1664 e 11th ave,0,2,
1664 kingsway,0,1,
1665 cotton dr,0,2,2020.0
1665 w 11th ave,0,1,2023.0
1666 pendrell st,0,1,
1666 w 12th ave,0,1,
1668 davie st,0,2,
166a st,0,1,
1670 e 10th ave,0,2,2018.0
1671 haro st,0,3,2020.0
1673 ascot ave,0,1,
1675 comox st,0,1,
1675 crescent view dr,0,1,
1675 e 14th ave,0,1,2023.0
1675 harwood,1,1,2025.0
1675 n los robles ave,0,1,
1675 w 11th ave,0,1,2023.0
1675 w 12th ave,0,1,2024.0
1676 e 36th ave,0,1,
1676 w 10th ave,0,1,
1676 w 11th ave,0,2,2023.0
1677 stanhope pl,0,1,
1678 w 7th ave,0,1,
168 esplanade e,0,1,2020.0
168 esplanade east,0,1,
168 powell st,0,2,2024.0
168 w 62nd ave,0,1,
1680 balsam st,0,1,2024.0
1680 dufferin cres,0,1,
1680 e 6th ave,0,1,
1680 poplar ave,0,1,
1685 w 13th ave,0,1,2021.0
1686 dempsey rd,0,1,
1686 w 12th ave,0,1,2024.0
1686 w 13th ave,0,1,2023.0
1688 e 4th ave,0,2,
1688 e 8th ave,1,1,2025.0
1688 robson st,0,1,
1689 306graveley st,0,1,2018.0
1689 graveley st,0,1,2021.0
1690 nelson st,0,2,
1690 nelson st buzzer 2041,0,1,2023.0
1696 frances st,0,1,2020.0
1696 pine st,0,1,
1696 w 11th vancouve,0,1,
17 3080 heather st,0,2,2018.0
17 e 27th ave,0,1,
170 5th st e,0,1,2021.0
1700 woodland dr,1,1,2025.0
1701 powell st,0,2,2020.0
1702 1160 haro st,0,1,2023.0
1703 1005 jervis st 1703 1005,0,1,2018.0
1703 cotton dr,0,1,
1704 alameda dr,0,1,
1704 cotton dr,0,1,
1704 victoria dr,0,2,2022.0
1705 william st,0,1,2018.0
1706 victoria dr,0,1,2018.0
1707 e 4th ave,0,1,
1707 e 4th vancouve,0,1,
1708 938 st,0,1,
1708 charles st,0,1,2018.0
1708 columbia st,0,1,2021.0
171 victoria st,0,1,
1710 barclay st,0,1,2018.0
1710 pearl st,0,1,
1711 semlin dr,0,1,
1712 capilano ave,0,1,
1714 alberni hwy,0,1,
1715 cook st,0,2,2023.0
1715 w 11th ave,0,2,2018.0
1715 w11th ave,0,1,2018.0
1720 balsam st,0,1,2020.0
1720 barcla st,0,1,2018.0
1720 kingsway,0,2,
1721 comox st,0,1,2018.0
1721 creek st,0,1,
1721 w canal st,0,1,
1723 victoria dr,0,1,2018.0
1724 creek st,0,1,
1726 e 6th ave,0,1,2023.0
1727 comox st,0,1,
1727 parker st,0,1,2024.0
1727 william st,0,2,2021.0
1728 2nd ave e,0,1,
1728 e 2nd,0,1,
1728 e 2nd ave,0,1,2020.0
1728 yew st,0,1,
1729 trafalgar,0,1,2020.0
173 w 18th ave,1,1,2025.0
173 w 19th ave,0,1,
1730 e pender st,0,1,2018.0
1730 pendrell st,1,1,2025.0
1732 e 18 ave,0,1,2018.0
1732 mcspadden ave,0,1,
1732 napier st,0,1,2018.0
1733 e 1st ave,1,1,2025.0
1733 e 33rd,0,1,2020.0
1734 cardinal cres,0,1,
1735 kensington ave,0,1,
1735 nelson,0,1,
1735 nelson st,0,3,2020.0
1736 e 5th ave,0,1,2023.0
1738 alberni st,0,1,
1740 comox st,0,1,
1741 w 10th ave,0,2,2023.0
1741 william st,0,1,2018.0
1742 e 3rd ave,0,1,
1742 pendrell st,0,1,2022.0
1743 bayswater st,0,2,
1743 pendrell,0,1,
1744 barclay,0,1,2020.0
1744 barclay st,0,6,2021.0
1744 e 56th ave,0,1,
1744b amphion st,0,1,2021.0
1745 w 12th ave,0,3,2018.0
1748 e pender st,1,4,2025.0
1748 napier st,1,1,2025.0
1749 charles st,0,1,
1749 e 14th ave,0,2,2020.0
1749 w3rd ave,0,1,2018.0
175 2nd st w,0,1,
175 e broadway,0,11,2018.0
175 princess st,0,1,
175 templeton dr,0,1,2021.0
175 w 10 ave,0,1,
175 w 10th ave,0,2,2020.0
1750 e 2nd ave,0,1,2022.0
1751 e 43rd ave,0,1,2020.0
17529 hyman path,0,1,
1755 e 2nd ave,0,1,2018.0
1755 e broadway vancouve,0,1,
1755 e13th ave,0,1,
1755 haro st,1,4,2025.0
1755 lions gate ln,0,1,
1755 w 14th ave,0,1,2024.0
1761 charles st,0,1,2018.0
1761 e 3rd ave,0,2,2018.0
1761 e 5th ave,0,1,2020.0
1761 william st,0,1,
1762 shannon ct,0,1,
1763 comox st,0,1,
1763 e pender st,0,1,2021.0
1763 nelson st,0,3,2021.0
1764 water st,0,1,
1765 kitchener st,0,1,
1766 gravely st,0,1,2020.0
1766 w 11th ave,0,1,
1768 cook st,0,1,2023.0
1768 e 13th ave,0,1,
1768 e 35th ave,0,1,
1768 w 8th ave,0,2,2024.0
1768 william st,0,1,2018.0
1770 barclay st,0,1,2018.0
1770 davie,0,10,2018.0
1770 davie st,0,8,2020.0
1770 pendrell st,1,1,2025.0
1771 e 18th ave,0,1,2022.0
1771 e georgia st,0,1,2024.0
17719 58a ave,0,32,2021.0
1772 comox st,0,1,
17731 westminster hwy,0,1,
1774 grant st,0,1,
1774 mcspadden ave,0,2,2022.0
1775 adanac st,0,2,
1775 cameron crescent qualicum bch,0,1,
1775 e 18th ave,0,1,2018.0
1775 e 29th ave,0,1,
1775 e 36th ave,0,1,
1775 quebec st,0,1,
1775 venables st,0,1,2018.0
1777 e 2nd ave,0,1,2021.0
1777 frances st,0,4,2024.0
1777 w 7th ave,0,2,2018.0
17779 100 ave,0,1,2024.0
17789 70 ave,0,1,2020.0
178 w 11th ave,0,1,
1783 manchester ct,0,1,
1784 w 14th ave,1,2,2025.0
1785 2nd ave e,0,1,2024.0
1785 e 2nd ave,1,1,2025.0
1785 rockland ave,0,1,
1788 w georgia st,0,1,2020.0
1788 william st,0,1,2021.0
179 e 26th ave,0,1,2020.0
179 w 17th ave,0,1,
1790 148 st,0,1,
1790 w 10th ave,0,1,
17934 58 ave,0,1,
1794 frances st,1,1,2025.0
1795 6th st e,0,1,
18 68 ave,0,1,
180 switchman,0,1,2018.0
180 switchmen st,0,2,2024.0
1800 rufus dr,0,2,
1801 panorama dr,0,1,
1804 grant st,0,2,
1805 e 11th ave,0,1,2022.0
1805 e 6th ave,0,1,
1805 n ave 51,0,1,2023.0
1805 napier st,0,1,2018.0
1805 w 13th ave,0,1,
1806 e 11th ave,0,1,2020.0
18077 67b ave,1,1,2025.0
1808 1111 alberni st,0,1,
1808 1st ave e,0,1,
1809 frances st,0,2,2021.0
181 e 32nd ave,1,1,2025.0
1810 e georgia st,0,1,
1810 pine st,0,1,
1811 adanac st,1,5,2025.0
1814 fairford dr,0,1,
1815 lennard dr,0,1,
1816 e 37th ave,0,1,
1816 parker st,0,1,2023.0
1817 falls st,0,1,
1820 e pender st,1,1,2025.0
1820 summerhill pl,0,1,
1820 woodland dr,0,1,
1822 e pender st,0,1,2018.0
1824 dunbar st,0,1,
1825 haro st,0,1,2020.0
1825 w 4th ave,1,1,2025.0
1826 adanac st,0,4,2018.0
183 e georgia st,0,2,
183 georgia st,0,2,
1830 alberni st,0,1,2020.0
1830 dublin st,0,1,
1830 e 1st ave,0,1,2020.0
1830 hillview dr,0,1,
1831 e georgia,0,1,
1831 e georgia st,0,1,2020.0
1831 robson,0,1,2020.0
1831 robson st,0,2,2018.0
1831 trafalgar st,0,1,2021.0
1834 charles st,0,1,2018.0
1834 e pender st,0,2,2020.0
1836 parker st,1,1,2025.0
18360 river rd,0,1,
1837 11th ave e,0,1,2021.0
1837 adanac st,0,1,2018.0
1838 e 1st ave,0,1,
1838 lemax ave,0,1,2020.0
18394 fraser hwy,0,2,
184 w 12th ave,1,1,2025.0
1840 160th st,0,1,
1840 e 1st ave,0,1,2018.0
1840b vine st,0,1,
1841 nootka st,0,1,2018.0
1841 oak bay ave,0,1,
1841 parker st,0,1,
1842 collingwood st,0,1,
1842 e georgia vancouv,0,1,
1842 e pender st,0,1,
1843 william st,0,1,
1844 barclay st,0,3,2020.0
1844 e georgia,0,1,2018.0
1844 georgia st e,0,1,2023.0
1845 comox st,0,4,2020.0
1845 w 13th ave,2,2,2025.0
1847 graveley st,0,1,
1847 pendrell st,0,4,2024.0
1848 w 3rd ave,0,1,
185 e 21st ave,0,1,2021.0
1850 adanac,1,1,2025.0
1850 adanac st,0,5,2021.0
1850 comox st,0,3,2020.0
1850 e 18th ave,0,1,2018.0
1850 w 8th ave,0,1,2024.0
1851 haro st,0,2,2020.0
18537 74 ave,0,1,
1855 e georgia st,0,4,2020.0
1856 frances st,0,4,2018.0
1856 nelson st,0,1,
1858 e 15th ave,1,1,2025.0
1858 e 16th ave,0,1,
1859 woodway pl,0,1,
186 greenwood ct,0,1,
1860 adanac st,0,1,
1860 e 14th ave,0,1,
1860 ethel st,0,1,
1860 haro st,0,1,
1860 nelson st,0,1,2024.0
1860 w2nd ave,0,1,
1862 parker st,1,2,2025.0
1866 w 13 ave,0,1,2024.0
1867 napier st,0,1,2020.0
1868 acadia rd,0,1,2024.0
1868 franklin st,0,1,
1869 comox st,0,3,2021.0
1869 frances st,1,2,2025.0
1869 parker st,0,1,2018.0
187 3rd ave e,0,1,
187 e 3rd ave,0,2,2023.0
187 turcotte curv,0,1,
1870 charles st,0,2,2021.0
1872 nelson st,0,2,2020.0
1872 w 10th ave,0,1,2018.0
1873 adanac st,0,3,2023.0
1873 nelson st,0,2,2020.0
1873 spyglass pl,0,1,2018.0
1875 7th ave w,0,1,2024.0
1875 robson st,0,3,2018.0
1875 yew,0,1,2018.0
1875 yew st,0,3,2018.0
1876 w broadway,0,1,2018.0
1877 haro st,0,1,
1877 w 5th ave,0,1,
188 e 26th ave,0,1,2021.0
188 keefer pl,0,2,
188 keefer st,0,3,2022.0
188 milross ave,0,5,2018.0
188 w 10th ave,0,1,
1880 e pender st,0,5,2020.0
1881 southmere cres e,0,1,2018.0
1883 stainsbury ave,0,1,2023.0
1885 barclay st,0,1,2020.0
1885 w 2nd,0,1,
1886 w 15th ave,0,1,2024.0
18875 69 ave,0,1,2018.0
1888 victoria diversion,0,2,2024.0
189 keefer st,0,2,
1890 comox ave,0,1,
1895 34th ave e,0,1,2018.0
1895 foul bay rd,0,1,
1895 powell st,0,1,
1896 comox st,0,1,
18a man king building,0,1,
1900 bowen rd,0,1,
1901 barclay st,0,2,2020.0
1902 charles st,0,1,2024.0
1905 robson st,0,1,
1906 3970 carrigan ct,0,1,
1906 barclay st,0,3,2024.0
1906 nelson,0,6,2021.0
1906 nelson st,0,10,2021.0
1906 tenth ave,0,1,
1907 grant st,0,2,2018.0
1908 e 5th ave,0,1,
1909 salton rd,0,1,
19091 advent rd,0,1,
191 57 ave e,0,1,
191 e 57th ave,0,1,
1910 6th ave w,0,1,2023.0
1910 ferndale st,0,1,2024.0
1910 vine st,1,1,2025.0
19109 69a ave,0,1,
1912 7th ave,0,1,2021.0
1914 robson st,0,2,
1915 haro,0,5,2022.0
1915 haro st,0,3,2021.0
1915 w broadway,0,2,2023.0
1916 e 35th ave,0,2,
1916 e 5th ave,0,1,
1918 haro st,0,1,
1918 waterloo st,0,2,2018.0
1919 bellevue ave,0,2,2018.0
1919 ferndale,0,1,2018.0
192 e17 ave,0,1,
1922 stephens st,0,1,
1923 parker st,0,2,2018.0
1924 barclay st,0,1,
1924 e 7th ave,0,1,2024.0
1924 kitchener st,0,1,2018.0
1924 william st,0,1,2022.0
1925 nelson st,2,6,2025.0
19250 119 ave,0,1,
1926 ferndale st,0,1,
1929 e 8th ave,0,1,2020.0
1929 grant st,0,1,
1929 w 3rd ave,0,1,
1930 e 3rd ave,0,1,2018.0
1931 william st,0,1,
1932 6th ave w,0,1,2018.0
1932 alberni st,0,2,2020.0
1932 robson st,0,1,2024.0
1932 w 1st ave,1,1,2025.0
1933 charles st,0,1,2021.0
1933 e 42 ave,0,1,
1933 relda ct,0,1,
1933 robson,0,1,2017.0
1933 robson st,0,3,2020.0
1934 william st,0,2,2024.0
1936 grant st,0,1,
1936 w 14th ave,0,2,2018.0
1937 3 second ave,0,1,
1937 e 8th ave,0,1,2018.0
1938 charles st,0,1,2018.0
1939 garden dr,0,1,2024.0
1940 barclay,0,1,2020.0
1940 lakewood dr,1,2,2025.0
1941 graveley st,0,2,2022.0
1942 charles st,0,1,
19431 nader mt,0,1,
1945 barclay st,0,2,2018.0
19451 sutton ave,0,1,
1947 w 7th ave,0,1,2018.0
1949 barclay st,0,1,
1949 beach ave,0,1,
1949 comox,0,1,2018.0
195 e22nd ave,0,1,2018.0
1950 adanac st,1,1,2025.0
19506 3a ave,0,1,2018.0
1952 comon st,0,1,2020.0
1952 comox st,0,5,2018.0
1952 valens st,0,1,
1954 charles st,0,2,2022.0
1955 haro st,0,3,2018.0
1956 haro st,0,2,
1956 kitchener st,0,1,2018.0
1956 w12th ave,0,1,
1957 guthrie rd,0,1,
1958 barclay,0,1,2018.0
1958 barclay st,0,2,
1958 barclay t,0,1,
1959 marine dr n,0,1,
196 stanton st,0,1,
196 w 45,0,1,
1960 alberni st,0,1,2018.0
1960 lee ave,0,1,
1966 w 15th,0,1,2018.0
1967 barclay st,0,1,
1969 renfrew st,0,4,
1970 41st ave w,0,1,2024.0
1970 fitzgerald ave,0,1,
19720 56 ave,0,1,
1974 e 38th ave,0,1,2018.0
1974 e pender st,0,1,
1974 turner st,0,1,2024.0
1975 balsam st,0,1,
1975 e 12th,0,1,2020.0
1975 w 10th ave,0,1,
1976 stephens st,0,1,2018.0
1978 charles st,0,1,2022.0
1978 karrie prts,0,1,
1978 purcell way,1,1,2025.0
1979 w 10th ave,0,1,
1979 yew st,0,1,2024.0
198 e windsor rd,0,1,2020.0
198 peveril ave,0,1,
1983 commercial dr,0,1,2024.0
1985 commercial dr,0,1,2022.0
1985 w 8th ave,0,1,
1985 wallace st,0,2,2018.0
1985 whyte ave,0,1,
1986 pender st e,0,1,
1987 7th ave w,0,1,2018.0
1987 charles st,0,1,
1989 dunbar st,0,1,2023.0
1990 barclay st,0,2,2018.0
1990 haro st,0,1,
1990 w 6th ave,0,1,
1990 waterloo st,0,1,
19917 davida plns,0,1,
1992 e 2nd,0,1,2020.0
1992 william st,0,1,
1994 william st,0,1,
1995 w 19th ave,0,1,
1996 w 41 st ave,0,1,
1999 nelson st,0,2,2023.0
1999 suffolk ave poco,0,1,
1st ave,0,1,
2 1012,0,1,2018.0
2 1660 georgia st e,0,1,2020.0
2 2629 west 1st ave,0,1,
2 465 e 16th ave,0,1,2023.0
2 506 east 43rd ave,0,1,2022.0
20 followers only⚠️,0,1,
20 she/they! black! gay!,0,1,
2000 veterans ln,0,1,
2001 beach,0,1,2020.0
2001 beach ave,0,6,2023.0
2001 wall st,0,1,
2002 1160 haro st,0,1,2018.0
2005 1100 jervis st,0,1,2021.0
2008 fullerton ave,0,1,
2008 rosser ave,0,1,
2009 cameron st,0,1,
2009 e 10th ave,0,1,
201 1956 haro st,0,1,
201 430 east cordova st,0,1,2023.0
201 5840 east blvd,0,1,2022.0
201 cayer st,0,1,
201 palace nacionel,0,1,
2010 barclay st,0,3,2024.0
2012 12th ave e,1,1,2025.0
2012 macdonald st,0,1,2021.0
2012 venebles,2,2,
2014 e newberry blvd,0,1,2022.0
2015 bayswater st,0,1,
20151 53 ave,0,1,2021.0
2016 7th ave,0,1,2021.0
2016 e 12th ave,0,1,2020.0
2016 e 3rd ave,0,1,
2016 fullerton ave,0,1,
2017 1618 quebec st,0,1,2018.0
2018 e broadway,0,1,
202,0,1,2021.0
202 2336 wall st,0,1,
202 580 whiting way,0,1,2024.0
202 885 salsbury dr,0,1,
202 kaylela pl,0,1,2020.0
202 salter st,0,1,
2020 8th ave w,0,1,2023.0
2020 comox st,0,2,2020.0
2020 haro st,0,2,2021.0
2020 vine st,0,1,2022.0
2020 w 2nd ave,0,1,
2020 w 8th ave,0,1,2024.0
20214 54a langley -v3a3w7,0,1,
20220 121 ave,0,1,
2024 fullerton ave,0,1,
2025 graveley st,0,1,2021.0
2025 stephens st,2,2,2025.0
2025 w 16th ave,0,1,
2025 w 2nd ave,0,1,
20253 ashley cres,0,1,
20257 53a ave,0,1,
2026 franklin st,0,1,
2027 e 31st ave,0,2,2018.0
2029 venables st,0,1,
203 1065 west 11th ave,0,1,2024.0
203 410 8th st,0,1,
203 4620 yew st,1,1,2025.0
203 825 e 8th ave,0,1,2018.0
203 8669 heather st,0,1,
203 919 w 13th ave,1,1,2025.0
203 e 6th ave,0,2,2018.0
2030 ferndale st,0,1,
2033 comox st,0,2,2021.0
2033 e 32nd ave,0,1,
2033 triumph st,0,3,2018.0
2035 barclay st,0,3,2024.0
2035 e 31st st,0,1,2021.0
2035 main st s,0,1,
2035 pauline jewett house,0,1,2023.0
2035 stanley ave,0,1,
2035 w 3rd ave,0,1,
2035 w 4th ave,0,1,2020.0
2035 w5th ave,0,1,
2036 e broadway,0,1,
2037 7th ave e,1,1,2025.0
2037 mcdonald st,0,1,2021.0
204 1046 w 12th ave,0,1,
204 1847,0,1,2023.0
204 32725 george ferguson st,0,1,
204 540 e hastings st,0,1,2018.0
204 726 5th ave,0,1,
204 726 west 13th ave,0,1,
204 9085 halston ct,0,1,2018.0
2040 barclay st,0,1,
2040 cornwall ave,0,1,
2040 kingsway,0,1,2021.0
2040 nelson st,0,3,2024.0
2040 york ave,0,2,2024.0
2041 e 1st ave,0,1,
2041436 gravley st,0,1,2024.0
2042 frederick norris rd,0,1,
2042 vancouve,0,1,
2043 kitchener st,0,1,
2044 w 3rd ave,0,1,
20449 park ave,0,1,
2045 nelson st,0,1,2018.0
2049 venables st,0,1,2018.0
205 3585 cambie st,1,1,2025.0
205 55 east 12th ave,0,1,2024.0
205 6630 telford ave,0,2,
205 759 yates st,0,1,
205 hall st,0,1,
205 queens ave,0,1,2018.0
205 stead rd,0,1,
205 w 11th ave,0,1,
2050 e 45th ave,0,1,
2050 nelson st,0,2,2023.0
2050 scotia,0,1,
2050 scotia st,0,6,2024.0
2051 hudson ave,0,1,2020.0
2052 triumph st,0,1,
2054 comox st,0,1,
20543 96th ave,0,1,2018.0
2055 w 15th ave,0,1,
2055 w 6th ave,0,1,
2055 york ave,0,1,
2056 franklin st,0,3,2021.0
2057 e 12th ave,0,1,
2057 e 1st ave,0,1,
2057 w 2nd ave,0,1,2018.0
206 1445 13th ave w,0,1,2020.0
206 1530 gravely,0,1,2021.0
206 1530 pandora st,0,1,2021.0
206 1906 barclay st,0,1,2024.0
206 225 north garden dr,0,1,2023.0
206 634,0,1,
206 750 w 16th ave,0,1,
206 newby ct,0,1,
2060 comox st,0,1,2020.0
2060 fraserview dr,0,1,
2061 39th ave e,0,1,
2061 beach ave,0,2,2024.0
2061 e 33rd ave,0,1,
2063 e 36th ave,1,1,2025.0
2063 w 37th ave,0,1,2021.0
2065 ferndale st,0,2,
2065 triumph,0,1,2018.0
2065 triumph st,0,2,2024.0
2065 william st,0,1,2024.0
2066 townley st,0,1,
2066 w 3rd ave,0,1,
2066 w 8th ave,0,5,
2067 akenhead rd,0,1,
2067 pandora st,0,1,2018.0
20679 eastleigh crescent langley nn,0,1,
2069 e 3rd ave,0,1,2020.0
2069 piercy ave,0,1,
207 101 east 7th,0,1,2023.0
207 1054 west 11th ave,0,1,2022.0
207 2141 e hastings,0,2,2023.0
207 2788 prince edward st,0,1,2018.0
207 3520 west broadway,0,1,2018.0
207 375 w10th ave,1,1,2025.0
207 555 e5th ave,0,1,
207 639 e 8th ave,0,1,2018.0
207 st lawrence st,0,1,
2070 harvey ave,0,1,
2070 w 14th vancouve,0,1,
2071 e 12th ave,0,1,
2071 e 4th ave,0,2,
2072 cadboro bay rd,0,1,
20748 90a ave,0,1,
2075 comox st,0,2,2024.0
2075 lower mall,0,1,2018.0
2075 milton st,0,1,
2075 w 12th ave,0,1,
2075 w mall,0,1,
20768 douglas cres,0,1,
2077 nelson st,0,2,2018.0
2078 e 38th ave,0,1,
2079 126 st sw,0,1,
207c 1115 craigflower rd,0,1,
208 1215 pacific st,0,1,2018.0
208 1350 comox st,0,1,
208 1450 chestnut st,1,1,2025.0
208 3755 6 ave,0,1,2018.0
208 st,0,1,
208 w 41st ave,0,1,2022.0
2080 maple st,0,1,
20801436 gravely st,0,1,2018.0
2082 e 38th,0,2,2024.0
2082 pandora st,0,1,2020.0
2084 w 6th ave,0,1,2020.0
2085 w 5th #201 vancouve,0,1,
2085 w 5th ave,0,1,2021.0
2085 w 6th ave,0,1,
209 10 ave sw,0,1,
209 1414 barclay st,0,1,
209 220 7th st,0,1,
209 65 west cordova,0,1,
2090 comox st,0,1,2018.0
2092 w 2nd ave,0,1,2018.0
2095 ferndale st,0,2,2018.0
20979 80a ave,0,1,2023.0
2098 boucherie rd,0,1,
2099 lougheed hwy,0,1,
20th ave vancouve,0,1,
21 they/them,0,1,
210,0,1,2023.0
210 128 west hastings,0,1,2023.0
210 288 1st ave w,0,1,
210 631 east 15th ave,0,1,2018.0
210 6383 cambie st,0,1,
210 e 16 ave,0,1,
210 prince philip dr,0,1,
2103 venable,0,1,2018.0
2105 7th ave w,0,1,2024.0
2105 w 47 ave,0,1,2018.0
2105 w 7th ave,0,2,
2107 akenhead rd,0,1,
211 425 east 11th ave,1,1,2025.0
211 90 east 11 ave,0,1,
211 eleventh st,0,2,2023.0
211 parkside dr prt,0,1,
2110 bowen rd,0,1,
2110 eighth ave,0,1,
2111 e 29th ave,0,1,
2112 e 13th ave,0,1,2023.0
2112 w 8th ave,0,1,2018.0
2115 cypress st,0,1,2018.0
2115 e 38th ave,0,1,
2115 triumph st,0,5,2021.0
2116 45th ave e,0,1,
2116 w 6th ave,0,2,2024.0
21164 yeomans cres,0,1,
211b skinner st,0,1,
212 1110 howie ave,0,1,2023.0
212 1892 starling dr,0,1,
212 229 lakewood dr,0,1,
212 3136 kingsway,0,1,
2120 w 44th,0,1,
2120 w 44th ave,0,2,2024.0
2121 dundas st,0,3,2020.0
2121 franklin,0,1,2024.0
2121 franklin st,0,4,2021.0
2121 w 21 ave,0,1,
2122 e 10th ave,0,1,2023.0
2123 w 37th ave,0,2,
2125 e 38th ave,0,1,2022.0
2125 e pender st,0,2,2020.0
2126 spring rd,0,1,
2129 e 1st ave,0,2,2024.0
2129 ferndale st,0,1,
2131 pandora st,0,2,2024.0
2131 w 3rd ave,0,1,
2132 dundas st 19,0,1,2018.0
2132 e 32nd ave,0,1,2020.0
2132 hamilton st,0,1,2021.0
2133 e 4th ave,0,1,2021.0
2134 semlin dr,0,1,2024.0
2136 drawbridge close,0,1,
2137 w 1st ave,0,2,2024.0
2137 w1st ave,0,2,2023.0
2138 madison ave,0,1,2018.0
214 928 main st,0,1,2020.0
214 aspenwood dr,0,1,
214 e 16tb ave,0,1,
214 eighth st,0,1,
214 jackson st,0,1,
2140 benvoulin ct,0,2,
2140 wall st,0,1,2020.0
2140 yew st,0,1,2018.0
2141 hastings st e,0,1,
2141 w 21st ave,0,1,2023.0
2142 arbutus st,0,1,2023.0
2142 jones ave,0,1,
2142 yew st,0,1,2024.0
2144 oxford st,0,1,2018.0
2145 kaslo st,0,2,2018.0
2145 turner st,0,1,2023.0
2147 graveley st,0,1,
2148 ferndale st,0,1,2024.0
2149 ferndale st,0,1,2020.0
215 12th st,0,1,
215 2647 west 4th ave,0,1,
215 mills rd,0,1,
215 n gilmore ave (upper),0,1,2020.0
215 templeton dr,0,1,2018.0
2150 brunswick st,0,1,
2150 e 40th ave,0,1,2018.0
2150 e hastings,1,2,2025.0
2150 kitchener st,1,1,2025.0
2150 pandora st,0,2,2024.0
2151 39th ave,0,2,2024.0
2151 front st,0,1,
2152 berkshire cres,0,1,
2154 dundas st,0,1,2022.0
2155 triumph st,0,1,2018.0
2155 w 38th ave,1,1,2025.0
2155 w 7th ave,0,1,2024.0
2155 w7th ave,0,1,
21555 121 ave,0,1,
2156 e 5th,0,1,2021.0
2157 w 8th ave,0,1,
2158 wall st,0,2,2020.0
2159 wall st,0,1,
216 e 12 st,0,1,
216 sandringham ave,0,1,
216 wildwood ave,0,1,
2161 w 12th ave,0,1,2024.0
2164 kitchener st,0,1,2018.0
2165 oxford st,0,1,
2167 dundas st,0,2,2020.0
2168 w 2nd ave,0,1,2022.0
217 21st ave e,0,1,2024.0
217 608 como lake ave,0,1,
217 e 21st ave,0,1,
217 gorge rd e,0,1,
217 queens ave,0,1,
2170 w 44th ave,0,1,
2171 w 19th ave,0,3,2021.0
2175 cambridge st,0,1,2024.0
2175 e broadway,0,1,2020.0
2175 fraser ave,0,1,
2175 salal dr,0,1,
2178 oxford st,0,1,
2178 s grandview hwy,0,1,
2179 adanac st,0,1,
218 cama,0,1,
218 e 3rd st,0,1,2024.0
218 e11thave aptd,0,1,2018.0
2180 e 7th ave,0,1,2023.0
2180 e8th ave,1,1,2025.0
2180 w 38th ave,0,1,2022.0
2180 w 6th ave,0,1,
2181 e 13th,0,1,
2182 e 5th ave,0,1,
2184 wall st,0,6,2023.0
2185 curteis rd,0,1,2024.0
2185 w 8th ave,0,5,2024.0
21854 lougheed hwy,0,1,
21858 47b ave,0,1,
21865 cary un,0,1,
2187 comox ave,0,1,
219 w 63rd ave,1,3,2025.0
2190 w 7th ave,0,1,
2191 w 1st ave,0,1,
2194 mckenzie ave,0,1,
2198 e 43rd ave,0,1,
220 churchill ave,0,1,
220 princess ave,0,1,2018.0
2200 dundas st,0,4,2020.0
22000 sharpe ave,0,1,
22015 garratt dr,0,1,
22020 selkirk ave,0,1,2018.0
2205 graveley st,0,2,2021.0
2205 lower mall,0,3,2024.0
2205 lower mall building 4,0,1,
2208 triumph st,0,1,
221 e 21st ave,0,1,
221 union st,0,2,
2210 cadboro bay rd,0,1,
2210 victoria dr - upstairs,0,1,2024.0
2213 ontario st,0,1,2022.0
2213 oxford st,0,1,2018.0
2215 e hastings st,0,1,
2215 hastings st e,0,1,2024.0
2215 w 13th ave,0,1,
2217 e 8th ave,1,1,2025.0
222 9200 ferndale rd,0,1,
222 e georgia st,0,1,2018.0
222 e15th ave,0,1,
2220 arbutus st,0,1,
2220 kingsway,0,1,2023.0
2220 w 2nd ave,0,1,2022.0
2221 e 30th ave,0,2,
2222 cambridge st,0,2,
2222 prince edward st,0,1,2020.0
22225 119 ave,0,1,
2223 prince edward st,0,1,2024.0
2224 alberta st,0,3,2022.0
2225 triumph st,0,2,2022.0
2225 w 8th ave,0,3,2018.0
2225 willoughby way,0,1,
2226 kamloops st,0,1,
2227 e 43rd ave,0,1,2018.0
2228 franklin st,0,5,2020.0
2228 triumph st,0,2,
2229 maple st,0,3,2020.0
223 16th ave e,0,1,
2230 mcbain ave,0,1,
2231 eton st,0,4,2020.0
2232 e 39th ave,0,1,
2232 w 5th ave,0,1,2024.0
2232 w 7th ave,0,1,
22324 119th ave maple rdg,0,1,
2233 allison rd,0,1,
2234 prince albert st,0,1,2024.0
2236 trinity st,0,2,
2237 e pender st,0,1,2022.0
2239 ave hingston,0,1,
224 13th ave e,1,1,2025.0
224 336 east 1st ave,0,1,
224 e 13th ave,0,2,2023.0
224 w 11th ave,0,1,
2241 venables st,0,1,2020.0
2242 b w 7 ave,0,1,2022.0
22437 121 ave,0,1,
2244 6th ave w,0,1,2024.0
2244 w 6th ave,0,1,
2245 mcgill st,0,1,2024.0
2249 eton st,0,1,2023.0
225 n nanaimo st,0,1,
225 sixth st,0,1,
225 w 10th,0,2,2018.0
2250 cambridge st,1,1,2025.0
2250 fraser st,0,1,
2250 w 3rd ave,0,1,2020.0
2251 pitt river rd,0,1,
2254 e 24th ave,0,1,2020.0
2254 triumph st,0,1,
2255 cambridge,0,1,2018.0
2255 cambridge st,1,4,2025.0
2255 cypress st,0,2,2022.0
2255 pandora st,0,6,2024.0
22551 chaldecott dr,0,1,
2256 franklin,0,1,2020.0
2256 franklin st,0,2,
2257 turner st,0,2,2020.0
2257 w 6th ave,0,1,2021.0
226 nelson st,0,1,
2260 e 40th ave,0,1,
2260 w 10th ave,0,1,
2260 windridge dr,0,1,
2261 e 5th ave,0,2,
2262 e 30th ave,0,2,2024.0
2263 redbud ln,0,1,
2265 e hastings,0,1,2018.0
2266 cassiar st,0,1,
2266 e 1st ave,0,1,2018.0
2266 trinity st,1,2,2025.0
2268 164a,0,1,
2268 triumph st,0,1,
2268 venables st,0,1,
2270 41st ave w,1,1,2025.0
2271 pandora st,0,2,
2272 dundas st,0,1,2020.0
2274 oxford st,0,1,
2274 york ave,0,1,2024.0
2275 oxford st,0,3,2023.0
2275 york ave,0,1,
2276 hermen dr,0,1,2018.0
2277 e30,0,1,
228 e 7th,0,1,2020.0
228 e 7th ave,0,2,2021.0
228 e hastings st,0,1,
228 nelson's cres,0,1,
2280 mcgill st,1,1,2025.0
2282 schindler cres,0,1,
22865 telosky ave,0,1,
2287 acadia rd,1,1,2025.0
2289 grant st,0,1,
229 e 13th ave,0,1,2024.0
229 lakewood dr,1,1,2025.0
229 ontario st,0,1,
229 templeton dr,0,1,2022.0
2292 w 43 ave,0,1,2022.0
2292 w 43rd ave,0,1,2024.0
2295 1st ave,0,1,
2296 cornwall ave,1,1,2025.0
2298 mcbain ave,0,1,
22nd ave e,0,1,
23 w cordova st,0,1,
230 a government st,0,1,
230 snowsell st,0,1,
230 w 10th ave,0,1,2020.0
2300 e 11th ave,0,1,
2301b trinity st,0,1,
2302 don mills rd,0,1,
2303 16 st sw,0,1,
2304 w 8th ave,0,1,
2305 turner st,2,2,2025.0
2305 w 7th ave,0,1,2022.0
2307 s shore cres,0,1,
2308 bonaccord dr,0,1,2018.0
2308 clark dr,0,1,2024.0
2308 e pender st,0,1,
23085 118 ave,0,1,
231 e pender st,0,1,
231 w 19th ave,0,1,2018.0
2310 e 4th ave,0,1,2024.0
2313 echo valley dr,0,2,
23131 123a ave,0,1,
2315 kingsway,0,1,
2315 turner st,0,1,
2315 w 6th ave,0,1,
2317 e 39th ave,0,1,
2317 turner st,0,2,2018.0
2318 w 14th ave,0,1,
232 12th ave e,0,1,2021.0
232 n ave,0,1,
232 w 63rd ave,0,1,2022.0
2320 ash st,0,1,
2320 franklin st,0,1,
2320 w 40th ave,0,1,2024.0
2320 woodland dr,0,3,2021.0
2321 scotia st,0,1,
2323 e 1st ave,0,1,
2324 w 1st ave,0,1,
2325 e 1st ave,0,1,2018.0
2325 ennerdale rd,0,1,
2325 franklin st,0,1,
2325 glen dr,1,1,2025.0
2325 w 8th ave,0,1,
2326 eton st,0,5,2024.0
2328 cambridge st,0,3,2024.0
2328 galt st,0,1,2022.0
2328 oxford st,0,2,2021.0
233 e 12th ave,1,4,2025.0
233 w 111th st,0,1,
233 w 13th ave,0,1,
233 w 6th ave,0,1,2018.0
23324 117b ave,0,1,
2333 eton st,0,1,
2333 main st,0,1,2022.0
2333 oford st,0,1,2020.0
2333 oxford st,0,3,2021.0
2335 laurel st,0,1,
2336 charles st,0,1,2023.0
2336 grandview hwy,0,1,
2336 grandview hwy s,0,1,2018.0
2336 s grandview hwy,0,2,
2336 york ave,0,1,2023.0
234 e 14th ave,0,1,
234 e 5 ave,0,1,
234 n templeton dr,0,1,2024.0
2340 victoria dr,0,1,2020.0
2341 w broadway,0,2,
2345 dundas st,0,1,2024.0
2345 w 5th ave,0,1,2024.0
2349 georgia st,0,1,
235 vaughan rd,0,1,
235 w 10th ave,0,2,2021.0
2351 lobban rd,0,1,
2352 w broadway,0,2,
2356 charles st,0,1,
2356 turner st,0,1,2023.0
2357 main mall,0,1,2018.0
2358 153 st,0,1,2022.0
236 princess ave,0,1,
2360 mckessock ave,0,1,
2364 victoria dr,0,1,
2365 mclean dr,0,4,
2365 w 2nd ave,0,1,2024.0
2365 w 5th ave,0,2,2018.0
2368 cornwall ave,0,1,
237 3755 west 6th ave,0,1,2024.0
2377 e 30th ave,0,2,2018.0
238 e 13th ave,0,2,2022.0
238 high st,0,1,
2380 cypress,0,1,
23849 62a cres,0,1,
2386 w fifth ave,0,1,
2387 argue st,0,1,2018.0
2387 mountain hwy,0,1,
2388 upland dr,0,1,2021.0
239 107th ave,0,1,
239 e georgia,0,1,
239 e georgia st,0,4,
239 ea,0,1,
2396 kingsway,0,1,
24 1016 west 13th ave,0,1,2018.0
24 2320 woodland dr,0,1,
24 sussex dr,0,1,2020.0
2404 guelph st,0,2,2022.0
2405 128 w cordova st,0,1,2024.0
2408 4390 grange st,0,1,
2408 e broadway,0,1,
241 townsend pl,0,1,2018.0
2414 granville st,0,1,2020.0
2415 prince edward st,0,2,2018.0
2416 fraser st,0,3,2023.0
2418 stephens st,0,1,
2419 bowness rd nw,0,1,
2419 weymouth pl,0,1,
2421 prince edward st,0,1,2020.0
2421 renfrew st,0,1,
2422 pandora st,0,1,2023.0
2424 cypress st,0,2,2021.0
2425 brunswick st,0,1,
2425 granville st,0,3,
2425 prince albert st,0,1,
2425 w 2nd ave,0,1,
2426 eton st,1,1,2025.0
243 e 15th ave,0,1,2018.0
2430 bering rd w,0,1,
24330 fraser hwy,0,1,
2435 e 8th ave,0,1,2024.0
2435 kingsway,0,1,
24351 103a ave,0,1,2024.0
2436 e 33rd ave,0,2,2018.0
2436 turner st,0,1,2018.0
2436 w 7th ave,0,1,2021.0
2439 nanaimo st,1,1,2025.0
244 e 14th ave,0,1,2023.0
2440 richmond rd,0,1,
2441 e 40th ave,0,1,2023.0
2445 w 2nd ave,0,1,2018.0
2446 1st ave w,0,1,
2448 pandora st,0,1,
245 st davids ave,0,1,
2452 napier st,0,1,2021.0
2453 21st ave e,0,1,
2454 w broadway,0,1,2021.0
2455 w 2nd ave,1,1,2025.0
2458 e 41 vancouv,0,1,
2461 mcgill st,0,1,
2461 pender,0,1,2020.0
2465 fraser st,0,1,2020.0
2465 wilson ave,0,1,
2466 galt st,0,1,
2466 w 15th ave,0,1,
2466 w broadway,0,1,
2469 napier st,0,1,2024.0
2471 2 st w,0,1,2018.0
2472 triumph st,0,1,
2472 turner st-basement,0,1,2018.0
2475 st catherines st,0,1,
2475 wall st,0,1,2018.0
248 28th ave e,0,1,
248 e 28th ave,0,1,
2480 e hastings st,0,1,
2480 laurel st,0,2,
24849 119 ave,0,1,2018.0
2485 ontario 62,0,1,
2486 venables,0,1,
2486 venables st,0,1,2020.0
24878 130a ave,0,1,
2488 franklin st,0,1,
249 dulce vlgs,0,1,
249 hastings st,0,1,
249 robert st,0,1,
249 se marine dr,0,1,
249 viers crk,0,1,
2490 stephens st,0,1,
2494 w 3rd ave,0,1,
2495 oak st,0,1,2020.0
2495 w 2nd ave,0,1,
25 17683 57 ave,0,2,
25 burrard st,0,1,
25 dorval rd,0,1,
25 e 12th ave,0,1,2024.0
25 e 13th ave,0,1,2018.0
250 15 ave e,0,1,
250 15st east,0,1,
250 e 57th ave,0,1,2022.0
250 e 6th ave,0,1,
250 powell st,0,1,
2502 1051 broughton st,0,1,2022.0
2505 e 5th ave,0,1,
2505 e broadway,0,1,
2506 w 12th ave,0,1,2022.0
2507 wark st,0,1,
2508 wall st,0,1,2023.0
2508 watson st,0,1,
251 union st,0,1,
2510 hoylake ave,0,1,2024.0
2511 quebec st,0,1,2020.0
2512 douglas st,0,1,
2512 e 2nd ave,0,1,2020.0
2512 e second ave,1,1,2025.0
2516 guilford dr,0,1,
2518 e 2nd ave,0,1,2018.0
2520 e 16 ave,0,1,2018.0
2520 glen dr,0,1,2021.0
2520 macdonald st,0,1,2024.0
2520 manitoba,0,1,
2520 manitoba st,0,3,2024.0
2521 ware st,0,1,2018.0
2523 e 12th ave,0,1,2024.0
2523 quadra st,0,1,
2523 wark st,0,1,
2525 balsam st,0,2,2021.0
2525 e 51st ave,0,1,
2525 saint catherines st,0,1,2021.0
2525 scott st,0,1,
2525 st catherines st,1,2,2025.0
2525 waterloo st,0,2,
2527 belmont ave,0,1,
2527 pine st,0,1,2024.0
2528 turner st,0,1,2020.0
2529 w 5th st,0,1,
253 chem old chelsea,0,1,
2530 carolina st,0,2,2020.0
2531 fraser st,0,1,
2533 napier st,0,1,
2533 penticton,0,1,
2533 penticton st,0,3,2018.0
2534 ash st,0,1,
2535 alberta,0,2,
2535 alberta st,1,2,2025.0
2535 e 7th ave,0,1,2020.0
2536 e 18th ave,0,1,2021.0
2536 guelph st,0,1,2022.0
2538 belmont ave,0,1,
2538 parker st,0,1,
2539 e 3rd ave,0,1,
254 12th ave e,0,12,2024.0
254 e 12th ave,0,4,2023.0
254 gorge rd e,0,2,
2540 guelph st,0,1,2024.0
2540 pandora st,0,1,
2541 e broadway,0,2,
2542 woodland dr,0,1,
2543 e 4th ave,0,1,2024.0
2544 cornwall ave,0,1,
2545 broadway w,0,1,2024.0
2545 main st,0,11,2024.0
2546 brock st,0,1,
2546 fraser st,0,1,2020.0
2546 w 13th ave,0,1,
2548 dingwall st,0,1,
255 3rd st w,0,1,
255 e 2nd st,0,1,
2550 wesbrook mall,0,1,
2551 prince albert st,0,1,2024.0
2552 whiteley ct,0,1,
2555 discovery st,1,1,2025.0
2555 eton st,0,1,2024.0
2555 hemlock st,0,9,
2556 e hastings,0,1,
2556 e hastings st,0,1,
2556 fromme rd n,0,1,2020.0
2558 garden ct,0,1,2020.0
256 e 2nd ave,0,1,
256 w 45th ave,1,1,2025.0
2561 tricouni pl,0,1,
2561 trinity st,0,1,
2562 e 7th ave,0,1,
2563 e pender,0,1,2020.0
2563 e pender st,0,1,
2570 e 5th ave,0,2,2022.0
2570 hemlock st,1,18,2025.0
2570 spruce st,0,1,
2571 mendham st,0,1,
2572 birch st,0,1,
2573 e pender st,0,1,2020.0
2575 mcgill st,0,1,2021.0
2575 w 3rd ave,0,1,2024.0
2575 windsor st,1,3,2025.0
2576 kingsway unit 303,0,1,2018.0
2576b e 24th ave,1,1,2025.0
258 hastings,0,1,2018.0
2581 bond st,0,1,
2586 grant st,0,2,2018.0
2587 upland dr,0,1,2021.0
2588 alder st,0,1,
2595 e 45th ave,0,1,
2595 graveley st,1,1,2025.0
2596 diamond cres,0,1,
2596 e 25th ave,0,1,
2596 oak,0,4,
26 e 50th ave,0,1,2021.0
260 16 st e,0,1,2018.0
2600 3 st s,0,1,
2600 wallace st,0,1,2020.0
2600 whiteley ct,0,1,
2601 florence lake rd,0,1,
2601 w 59th,1,1,2025.0
2602 ontario st,0,1,2021.0
2603 main st,0,3,2020.0
2609 e 19th ave,0,1,
261 e hastings,0,1,2018.0
2610 napier st,0,1,2018.0
2610 napier vb st,0,1,2018.0
2610 w 10 th ave,0,1,
2611 victoria dr,0,1,2022.0
2612 argyle ave,0,2,
2615 columbia st,0,1,2021.0
2615 shaftsbury ave,0,1,
2617 w 12th ave,0,1,2021.0
2618 clark dr,0,1,2024.0
2620 hemlock st,0,1,2018.0
2620 w 12th ave,0,1,2024.0
2620 w 13th ave,0,1,
2621 columbia st,0,1,
2621 fraser st,0,2,2020.0
2622 sw marine dr,0,1,
2623 dundas st,0,1,2018.0
2624 dundas st,0,1,
2624 dundas vancouve,0,1,
2625 alberta st,0,2,2018.0
2625 hemlock st,0,7,
2625 kaslo st,0,1,
2625 oxford st,0,1,
2626 alberta st,0,1,
2626 cook st,0,2,
2626 ontario st,0,1,
2627 shaughnessy st,0,1,
2628 parker st,0,1,2018.0
2629 melfa ln,0,1,
2629 prince edward st,0,1,2021.0
2632 alberta st,0,1,2021.0
2633 victoria dr,0,1,
2635 william st,0,1,2018.0
2636 hastings st e,0,1,2021.0
2636 w 11th ave,0,1,
2636 yukon st,0,2,2023.0
2637 prince albert st,0,1,
2637 quebec st,0,6,
2638 moscrop st,0,1,
2638 w 36th ave,0,1,2021.0
2639 e georgia st,0,1,2024.0
2639 georgia st e,0,1,2024.0
2640 w 10th ave,0,1,
2641 fraser st,0,1,2020.0
2646 e26thave,0,1,2020.0
2646 yukon,0,1,
26468 30 ave,0,1,2023.0
2649 charles st,0,1,
2649 quebec st,0,3,2021.0
2650 e 20th,0,1,2021.0
2651 library ln,0,1,
2657 fortress dr,0,1,
2657 w 8th ave,0,2,2021.0
266 e 50th ave,0,1,
2660 wesbrook mall,0,2,
2662 e 45,0,1,2018.0
2662 e 45th ave,0,1,2018.0
2663 lauralynn dr,0,1,2021.0
2665 w broadway,0,1,
2668 ash st,0,1,2021.0
2670 22nd ave e,1,1,2025.0
2671 cambridge st,0,1,2018.0
2672 cambridge st,0,1,
2675 alder st,0,2,2018.0
2675 fir st,0,1,
2676 e 23rd ave,0,1,
2676 e 2nd ave,0,1,2018.0
2676 e23rd vancouve,0,1,
2678 w broadway,0,1,2020.0
268 keefer,0,1,
268 keefer st,0,3,2021.0
2681 kitchener st,0,1,2021.0
2684 trinity st,0,1,2024.0
26843 32a ave,0,1,
2685 triumph st,0,1,
2687 158th st,0,1,
2687 w 49th ave,0,1,
2688 e 1st,0,1,2018.0
2688 watson st,0,1,
2689 kingsway,0,1,2020.0
269 w 4th st,0,1,
2698 blind bay rd,0,1,2021.0
2699 peatt rd,0,1,
26a cooper rd,0,1,
27 2570 spruce st,0,1,
27 8699 williams rd,0,1,
27 steward dr,0,1,2021.0
27 w pender st,0,1,2023.0
270 e 13th ave,0,3,2024.0
2702 privateers rd,0,1,
2703 tory ft,0,1,
2705 e 25th ave,0,1,
2705 w 1st ave,0,1,
2706 w 2nd ave,0,1,2018.0
2708 131 regiment sq,0,1,
2710 fir st,0,3,2021.0
2710 fraser st,0,1,
2710 st george st,0,1,
2710 w 5th ave,0,1,2018.0
2716 e 7th ave,0,3,2018.0
2716 w 22nd ave,0,1,2022.0
2720 columbia st,0,1,2018.0
2721 atlin pl,0,1,
2722 wall st,0,1,
2723 e kent ave n,0,1,
2724 violet st,0,2,
2726 spruce st,0,1,2024.0
2729 158 st,0,1,
2729 e 3rd ave,0,1,
2729 w 13th ave,0,1,
2730 acadia rd,2,2,2025.0
2731 w 11th ave,0,1,2020.0
2732 e hastings st,0,1,
2733 parker st,0,1,
2734 w 16 ave,0,1,
2736 pandora st,0,1,2018.0
2736 victoria dr,0,2,2020.0
274 e 26th ave,0,1,
2740 ontario st,0,1,
2740 stautw rd,0,1,
2740 yukon st,0,1,
2743 dundas,0,1,2018.0
2743 kitchener st,0,1,2020.0
2746 maple st,0,1,2023.0
2746 whitehead pl,0,1,
2748 oxford st,0,1,2020.0
2749 parker st,0,2,
275 2nd st e,0,1,
275 e 28th ave,0,1,
275 w 17th ave,0,1,2021.0
2750 cooperative way,0,2,2022.0
2751 kitchener st,0,1,
2758 kootenay st,0,1,
2759 e broadway,0,1,2018.0
2759 e pender st,0,1,
2759 euclid ave,0,1,
2759 westview dr,0,1,
2760 w 4th ave,0,1,
27608 25th dr s,1,1,2025.0
2762 e 4th ave,0,1,
2770 cambridge st,0,1,
2770 sophia st,0,1,2024.0
2770 sophia st 704,0,1,2018.0
2773 w 15th ave,0,1,
2775 sophia st,0,1,
2775 spruce st,1,2,2025.0
2776 hartsdale dr,0,1,
2780 cooperative way,0,1,2022.0
2780 sunnybridge dr,0,1,
2781 oxford st,0,1,
2785 w 37th ave,0,1,2021.0
2788 prince edward st,0,2,
2788 w 18th ave,0,1,2023.0
2790 dean ave,0,1,
2795 nanaimo st,0,2,
2796 e 7 ave,0,1,
28 salisbury ave,0,1,
280 osborne rd w,0,1,2018.0
2806 jacklin rd,0,1,
2806 yale st,0,1,
2808 w 27th ave,0,1,
2808 w 39th ave,0,1,
2809 prior st,0,1,
281 holdom ave,0,1,
281 robson pl,0,1,2023.0
2810 richmond rd,0,1,
2810 w 41st ave,0,1,2023.0
2814 e 10th a e,0,1,
2814 e 10th ave,0,1,2021.0
2816 charles st,0,1,
2817 clark dr,0,1,
2820 birch,0,1,
2820 prince albert st,0,1,
2826 e pender st,0,1,2020.0
2828 alberta st,0,1,
2828 yew st,0,1,
2829 woodland dr,0,1,
2830 hemlock st,1,2,2025.0
2830 woodland ct,0,1,
2834,1,1,2025.0
2838 154 st,0,1,2018.0
2838 kitchener st,0,1,2018.0
2838b windflower pl,0,1,
2839 graveley st,0,1,2018.0
2840 fraser st,0,1,
2841 grant st,0,1,
2842 w 34th ave,0,1,
2842 william ave,0,1,
2843 grant st,1,1,2025.0
2849 fraser st,0,2,2024.0
2849 hemlock st,0,1,2023.0
2849 quebec st,0,1,2018.0
285 10th ave e,0,1,2021.0
285 e 10th ave,1,1,2025.0
285 e 18th ave,0,1,2024.0
285 ross dr,0,1,2021.0
2854 e 15th ave,0,1,2022.0
2855 kitchener st,0,1,
2855 w 42 ave,0,1,2018.0
2858 wyndeatt ave,0,1,
2860 w king edward,0,1,2023.0
2860 w king edward ave,0,1,2022.0
2863 quadra st,0,2,
2865 glen dr,0,1,2020.0
2865 w 16th ave,0,1,2020.0
2866 e 19th ave,0,1,
2867 w12th ave,0,1,
2868 e 18th ave,0,1,2024.0
2868 e 42nd ave,0,1,
2868 e18th ave,0,1,
2868 pandora st,0,1,2022.0
2870 e 10th ave,0,1,
2870 nanaimo st,0,1,
2871 qu'appelle blvd,0,1,
2871 w 5th ave,0,1,2018.0
2875 osoyoos cres,1,1,2025.0
2876 252nd st,0,1,
288 e 8th ave,0,1,2020.0
288 e hastings,0,1,2020.0
288 e hastings st,0,3,
288 e8th ave,0,1,
288 w 1st ave,0,1,2023.0
288 w64 ave,0,1,
2882 5th ave e,0,1,2022.0
2888 e 2nd ave,0,1,
2888 w 41st ave,0,1,
289 alexander st,0,1,2022.0
289 e 6th ave,0,1,
2890 8th ave w,0,1,2024.0
2891 craigowan rd,0,1,
2891 young pl,0,1,
2896 30th ave w,0,1,2021.0
29 dana ln,0,1,
290 mill rd,0,1,2021.0
2900 hipwood ln,0,1,
2900 keets dr,0,1,
2901 2nd ave e,0,1,2023.0
2901 wall st,0,1,
2905 kaslo st,0,1,2022.0
2907 noel dr,0,1,
2907 woodland dr,0,1,
291 broadway,0,1,2018.0
291 e georgia st,0,1,2018.0
2910 alder st,1,1,
2910 pender st e,0,1,2024.0
2910 quebec st,0,2,
2911 w 33rd ave,0,1,
2915 kaslo st,0,1,
2918 slocan st,0,1,
2920 hemlock st,0,1,2018.0
292160 township rd 264,0,1,
2922 e 54th ave,0,1,2023.0
2922 hedgestone ct,0,1,
2924 venables st,0,4,2021.0
2925 e 1st,0,1,2018.0
2925 e 42nd ave,0,1,
2925 w 43rd ave,0,1,
2928 commercial dr,0,2,
2929 parker st,0,1,
2930 patterson st,0,1,
2930 qu’appelle st,0,1,
2932 craigowan rd,0,1,
2932 fraser,0,1,2021.0
2932 fraser st,0,1,
2938 fraser st,0,1,2020.0
2941 e 2nd ave,0,1,2024.0
2945 w 16th ave,0,1,2018.0
2947 e 4th ave,0,1,2024.0
2947 qu’appelle st,0,1,
295 e 11th ave,0,1,2020.0
295 francis way,0,1,
2950 fraser st,0,3,2020.0
2950 heather st,0,1,
2951 craigowan rd,0,1,
2954 w 4th ave,0,1,
2957 glen dr,0,1,
2959 tims st,0,1,
296 w 23rd ave,0,1,
2962 nelson pl,0,1,
2970 oak st,0,1,2018.0
2975 princess cres,0,1,
2978 whisper way,1,1,2025.0
2979 156 st,0,1,
2979 venables st,0,1,2020.0
298 e 11th ave,0,1,
298 e 21st ave,0,1,2020.0
2980 euclid ave,0,1,2018.0
2981 craigowan rd,0,1,
2982 268a st,0,1,
2982 burlington dr,0,1,
2983 w 36th ave,0,1,2022.0
2984 kitchener st,0,1,2021.0
2985 e 7th ave,0,1,
2989 alouette dr,0,1,
2989 grizzly pl,0,1,
2990 quebec st,0,1,
2991 e 1st ave,0,1,
2991 e1st ave,0,1,
2992 e 4th ave,0,1,
2997 w3rd ave,0,1,2021.0
2998 mouat dr,0,1,
2998 silver springs blvd,0,1,
2p0492 40th,0,1,2023.0
3 1540 - yew st,0,1,
3 1575 e 1st ave,1,1,2025.0
3 199 est 22nd ave,0,1,2022.0
3 2945 quadra st,0,1,
3 6680 sussex ave,0,1,
3 e 27th ave,1,1,2025.0
3 e 43rd ave,0,1,
3 pannahill rd,0,1,
3 rue gabriel fauré,0,1,
3 wilkes creek dr,0,1,2021.0
30 e 10th ave,0,1,2020.0
30 e 12th ave,0,1,2021.0
300 1925 nelson st,0,1,2024.0
3000 clark dr,0,1,2018.0
3000 rath plz,0,1,
3005 st catherines st,0,1,2018.0
3006 39 ave,0,1,
301 1121 harwood st,0,1,
301 2025 stephens st,0,1,
301 2291 west 1st ave,0,1,2024.0
301 e 18th ave,0,1,
301 e 41st ave,0,1,
301 hart st,0,1,
301 ross durrance rd,0,1,
301 schoolhouse st,0,1,
3010 quadra st,0,1,
3010 sleil waututh rd,0,2,
3013 heather st,0,2,
3016 charles,0,1,2024.0
3017 oak st,0,1,2022.0
302 258 east hastings v,0,1,
302 522 moberly rd,0,1,
302 603 w 59th ave,0,1,2023.0
302 cardiff way,0,1,
302 columbia st,0,1,2020.0
3020 fraser st,0,1,
3020 knight st,0,2,
3020 quebec st,0,1,
3021 e 6th ave,0,2,2022.0
3023 quebec st,0,1,2024.0
3025 e 3rd ave,0,1,2024.0
3025 fraser st,0,1,
3026 w 2nd ave,0,1,2021.0
30260 fraser hwy,0,1,
3029 balfour ave,0,1,
303 1075 barclay st,0,1,
303 1945 woodway pl,0,1,
303 2323 carolina st,0,1,
303 2350 w 1st ave,0,1,2023.0
303 2425 york ave,0,1,
303 330 n nanaimo st,0,1,2018.0
303 e pender st,0,3,2023.0
303 pender st e,0,1,2022.0
3030 glen dr,0,1,
3031 23rd ave,0,1,2021.0
3031 e 20th ave,0,1,2024.0
3031 williams rd,0,1,2018.0
3032 e 16th ave,0,1,
3033 e kent ave n,0,1,
3034 graveley st,0,1,2024.0
3035 e 2nd ave,0,1,2024.0
3035 w 6th ave,0,2,2021.0
3036 ontario st,0,1,2023.0
3036 w 4th ave,0,1,
3038 commercial dr,0,1,
304 1340 west 12th ave,0,1,2021.0
304 3738 norfolk st,0,1,
304 750 east broadway st,1,1,2025.0
304 cartier st,0,1,2020.0
304 e 10th ave,0,1,2018.0
3040 graveley st,0,1,2018.0
3040 w 5th ave,0,1,
3044 clearbrook rd,0,1,
3048 spruce st,0,1,
305 1330 hornby st,0,1,
305 2288 pine st,0,1,2021.0
305 95 e14th ave,0,1,2018.0
305 highland way,0,1,2018.0
305 linden ave,1,1,2025.0
305 milton st nanaimo bc v9r-6b6,0,1,
305 w 11th ave,0,1,2018.0
3051 jackson st,0,1,
3053 maddams st,0,1,2020.0
3057 w 33rd ave,0,1,2024.0
306 115 east keith rd,0,1,
306 1389 commercial dr,0,1,
306 1490 pennyfarthing dr,0,1,
306 2191 west 1st ave,0,1,
306 317 e 8th ave,0,1,2021.0
30604 bergnaum frks,0,1,
3062 e 16th,0,1,2024.0
3062 e 16th ave,0,1,2024.0
3062 larch way,0,1,2020.0
3065 alberta st,0,1,2018.0
3066 clark dr,0,1,
3067 e 22nd ave,0,1,2021.0
307 1160 w 13th ave,0,1,
307 1775 quebec st,0,1,2018.0
307 188 milross,0,1,
307 555 east 6th ave,0,1,
307 richmond st,0,1,
307 w 18th ave,0,1,2018.0
3073 adanac st,0,1,2018.0
3073 e 22nd ave,0,1,
3074 mountain hwy,0,1,2018.0
3075 prince edward st,0,3,2024.0
3076 e 7th ave basement,0,1,
3079 copley st,0,1,
308 1050 jervis,0,1,2023.0
308 930 chilco st,0,1,2018.0
308 e 55th ave,0,1,
308 e 5th ave,0,1,2024.0
308 w 11th ave,0,1,2022.0
3080 clark dr,0,2,2018.0
3080 fromme rd,0,1,
3080 gladwin,0,1,
3081 e 8th ave,0,1,
3083 e kent ave,0,1,2020.0
3083 e kent ave n,0,1,2020.0
3085 knight st,0,1,
3087 e broadway,0,1,
3089 oak st 205,0,1,2024.0
309 2280 west 6th ave,0,1,2024.0
309 2490 stephens st,0,1,2024.0
309 3234 quadra st,0,1,
309 326 1st st w,0,1,2018.0
3090 gladwin rd,0,1,
3090 kingsway,0,2,
31 w 11 ave,0,1,
31 w pender st,0,2,2024.0
310 1075 w 14th ave,1,1,2025.0
310 1550 blackwood st,0,1,
310 2nd st e,0,1,
310 alexander,0,1,2018.0
310 e 13th ave,0,1,
3100 rinvold rd,0,1,
3102 windor gate,0,1,2018.0
3105 dayanee springs blvd,0,1,
3107 w 37th ave,0,1,
3109 161 st,0,1,
311 afton ln,0,1,
311 carnarvon st,0,1,
3110 dayanee springs blvd,0,1,
3110 nanaimo st,0,1,
3115 quebec st,0,1,2024.0
31158 westridge pl,0,1,
312 hospital st,0,1,
312 main st,0,1,2020.0
3122 st john st prt,0,1,
3124 nootka st,0,1,2021.0
3125 astor dr,0,1,2023.0
3125 songbird mews,0,1,
3128 e 46th ave,0,1,
3128 e46th ave,0,1,
3132 harriet rd,0,1,
3136 10th ave w,0,1,2018.0
3136 kingsway,0,1,2021.0
3138 8th ave e,0,1,2023.0
314 1750 west 13th ave,0,1,
3140 e 2nd ave,0,1,2023.0
3142 w 2nd ave,0,2,2018.0
3144 jacklin rd,0,1,
3146 kings ave,0,1,
3148 barons rd,0,1,
315 1038 main st,0,1,2021.0
315 163 5th st w,0,1,2024.0
315 2345 dundas st,0,1,
315 2416 main st,0,1,
315 520 eighth st,0,1,
315 hecate st,0,1,
315 n nanaimo st,0,1,2024.0
315 powell st,0,1,2020.0
315 w12th ave,0,2,
3150 prince edward st,0,2,2024.0
3155 e broadway,0,1,2020.0
3155 w 14th ave,0,1,2018.0
316 33690 marshall rd,0,1,
316 cedar st,0,1,
3160 albina st,0,1,
3162 euclid ave,0,1,2021.0
3163 riverwalk ave,0,1,
3163 w 3rd ave,0,1,2018.0
3166 euclid ave,0,1,2021.0
3168 metchosin rd,0,1,
3168 prince edward st,0,1,
317 8th ave e,0,1,2024.0
3170 quebec st,0,1,
3171 w 7 ave,0,1,
3178 ivanhoe st,0,1,
3179 nanaimo st,0,1,
31790 union ave,0,1,
318 527 commodore rd,0,1,2018.0
318 agnes st,0,1,
3185a stephens st,0,1,2020.0
3188 murray rd,0,1,
319 dartmoor dr,0,1,2023.0
319 e broadway,0,2,2018.0
319 heatley ave,0,1,
3190 e 8 ave,0,1,2022.0
3193 mariner way,0,1,
3195 e broadway,0,1,2021.0
32 ave,0,1,
32 ch du ptit canada,0,1,
320 abbott,0,1,2018.0
320 abbott st,0,1,
320 holmes st,0,1,
3203 back rd,0,1,
3205 dieppe dr,0,1,
3205 findlay st,0,2,
3207 garden dr,0,1,2020.0
321 e 2nd st,0,1,2018.0
321 n kootenay st,0,1,
3210 doncaster dr,0,1,
3210 venables st,0,1,
3212 milton ave,0,1,
3212 w 5th ave,0,1,2024.0
32122 pineview ave,0,1,
3215 6th ave w,0,1,2018.0
3215 alder,0,1,
3217 columbia st,0,1,
3217 e 58th ave,0,2,2021.0
3218 ontario st,0,1,
322,0,1,2020.0
322 e 8th ave,0,3,2024.0
3220 quadra st,0,1,
3222 e georgia st,0,1,
3225 pier dr,0,1,
3225 wetherby rd,0,1,
3226 findlay st,0,1,
3226 w 8,0,1,2021.0
3228 tupper st,0,1,
323 5166 halifax st,0,1,2021.0
323 8th ave,0,1,2020.0
323 michigan st,0,1,
3231 53rd ave,0,1,2020.0
3233 w king edward ave,0,1,2021.0
3234 8th ave e,0,1,2024.0
3234 e pender st,0,1,
3234 quadra st,0,1,
3237 e 15th ave,0,1,2018.0
3238 cedar hill rd,0,1,
3239 clive ave,0,1,
324 e 13th ave,0,1,
324 richmond ave e,0,1,
324 w 10,0,13,
3241 broadwater rd,0,1,
3242 woodland dr,0,1,
325 14 ave e,0,1,
325 ash st,0,2,
325 e 14th ave,0,4,2020.0
325 e 38th st,0,1,2020.0
325 e 6th ave,0,2,2020.0
325 e14th ave,0,1,
325 w 13 ave,0,1,
325 w 14th ave,1,1,2025.0
3250 15th ave w,0,1,
3254 w 3rd ave,0,1,
3255 e broadway,0,1,
3255 heather st,0,1,
32550 maclure rd,0,1,
32592 williams ave msn,0,1,
326 3rd st w,0,1,
326 nanaimo st,0,3,2020.0
3260 graveley st,0,1,
3261 townline rd,0,1,
3263 w 10th ave,0,1,2021.0
3266 cook st,0,1,
3270 w 4th ave,0,1,2022.0
3274 dumfries ave,0,1,2022.0
3278 e 27th ave,0,1,2020.0
3278 heather st,0,1,
3278 pringle pl,0,1,2021.0
328 agnes st,0,1,
328 e 11th ave,0,5,2023.0
328 w 18th ave,0,1,
328 wale rd,0,1,
3281 w 8th ave,0,1,2020.0
3282 allan rd,0,1,
3282 w 8th ave,0,1,2024.0
3286 napier st,1,1,2025.0
3289 oak st,0,3,2023.0
329 18th ave sw,0,1,
329 sherbrooke st,0,1,
3290 w 4th ave,0,1,
3292 findlay st,0,2,2018.0
33 ranelagh ave,0,1,
33 water steet unit 502,0,1,2021.0
330 ash st,0,1,
330 monahan tpke,0,1,
330 powell st,0,1,
330 wood dale dr,0,1,2018.0
3305 sophia st,1,2,2025.0
3309 e 45th ave,0,1,
3313 william st,0,1,
33165 2nd ave,0,1,
3317 vanness ave,0,1,2018.0
3317 venables,0,1,
3319 kingsway,0,1,
332 lonsdale ave,0,1,2021.0
3320 w 27 ave,0,1,2018.0
3322 lealand ct,0,1,
3323 napier st,0,1,2021.0
3324 w 3rd ave,0,1,
3325 wordsworth st,0,3,
3327 e 3rd vancouv,0,1,
3327 edinburgh st,0,1,
3329 e 2nd ave,0,1,2018.0
33295 maclure rd,0,1,
333 11th ave e,0,1,2024.0
333 carral st,0,1,
333 e 11th ave,0,4,2020.0
333 e 13th ave,0,1,2018.0
3330 collingwood st,0,1,
3331 church st,0,1,
3334 archimedes st,0,1,2021.0
3334 heather st,0,1,
33341 marshall rd,0,1,
3335 dorchester ave,0,1,
3338 e 27th ave,0,1,
3338 slocan st,0,1,
3338 webber ln,0,1,
3339 heather st,0,1,
3339 napier st,0,1,
334 e 5th ave,0,2,2020.0
3340 ocean park blvd,0,1,
3342 a willowdale rd,0,1,
3342 turner st,0,1,
3343 windsor st,0,1,2018.0
3347 lanark st,0,1,
3348 e 8th ave,0,1,
335 13th st,0,1,2018.0
335 e 14th,0,1,2020.0
335 e 14th ave,0,2,2022.0
3353 austrey ave,0,1,2021.0
3353 commercial dr,0,1,
3354 w 10th ave,0,1,
33551 cannon ave,0,1,
3356 w 7th ave,0,1,
3357 3rd ave w,0,2,2023.0
3357 monmouth ave,0,1,
336 7th ave e,1,1,2025.0
3363 church st,0,1,
3363 e 3rd ave,0,1,2020.0
3368 e 44th ave,0,1,
3368 e 8th ave,0,1,
3369 price st,0,1,
337 e 44th ave,0,1,2023.0
3371 lakedale ave,0,1,
3371 metchosin rd,0,1,
3375 oak st,0,2,2024.0
3375 ontario st,0,2,2020.0
3377 e 27th ave,0,1,2020.0
3379 e 2nd,0,1,2020.0
3379 heather st,1,1,2025.0
33790 essendene ave,0,1,
338 e 16th ave,0,1,2018.0
338 e 20th ave,0,1,
338 e 54th,0,1,2018.0
338 w 8th ave,0,1,
3380 whittier ave,0,1,
3388 columbia st,0,1,2018.0
339 e 13th ave,0,1,
339 e 13th st,0,1,
3390 church st,0,1,
3392 w 21st ave,0,1,
3394 e 1st ave,0,1,2018.0
3396 salsbury way,0,1,2024.0
34 vine st s,0,1,
340 cordova st e,1,1,2025.0
340 e 14th ave,0,1,2024.0
340 eighth st,0,1,
340 ginger dr,0,2,
3404 sophia st,0,1,2018.0
3406 w 8th ave,0,1,
3407 e 3rd ave,0,1,
3408 crowley dr,0,1,
341 redwood stcom,0,1,
341 sw 9th st,0,1,
3411 e52nd ave,0,1,
3415 sion frontage rd,0,1,
3415 w 24th ave,1,1,2025.0
3416 w 2nd ave,0,1,
3417 main st,0,1,
342 4th st e,0,1,
3420 fairbrook pl,0,1,
3421 glen dr,1,1,2025.0
3427 wellington ave,0,1,
3430 e 61st,0,1,
3431 glen dr,0,1,
34313 forrest ter,0,1,
3433 crowley dr,1,3,2025.0
3434 dundas st w,0,1,
3434 nairn ave,0,1,
3437 e 25th ave,0,3,2020.0
3438 vanness ave,1,1,2025.0
3440 nanaimo st,0,2,
3440 smith ave,0,1,2020.0
3440 w 26th ave,0,1,2018.0
3440 w broadway,0,1,
3443 river rd w,0,1,
3447 w broadway,0,1,
345 husch rd,0,1,
3453 garden dr,0,1,2023.0
3455 ascot pl,0,2,2021.0
3455 w 4th ave,0,1,
3456 commercial st,0,1,2018.0
346 e 18th ave,0,1,
3461 e 5th ave,0,1,
3461 renner lcks,0,1,
3461 w 12th ave,0,1,2022.0
3462 ross dr,0,2,
3463 27th ave e,0,1,2018.0
3463 oak st,0,2,2021.0
3467 normandy dr,0,1,2024.0
3472 w 10th,0,1,2018.0
3477 commercial st,0,1,
3479 anzio dr,0,1,2020.0
3480 cambridge st,0,1,
3480 main st,0,2,2020.0
3480 main vancouve,0,1,
3482 knight st,0,1,
3489 ascot pl,1,2,2025.0
349 e21,0,1,
349 nigel ave,0,1,
349 se marine dr,0,1,
3491 w 8th ave,0,2,2024.0
3492 wellington ave,0,1,2021.0
3493 commercial st,0,1,
3496 henderson rd,0,1,
35 spencer ave,0,1,
35 w 41st ave,1,2,2025.0
350 douglas st,0,1,
350 e 2nd,0,1,
350 e20th ave,0,1,
350 keefer st,0,2,2021.0
350 wale rd,0,1,
3500 joya ave,0,1,2020.0
351 josephine dr,0,1,
3510 w 11th ave,0,1,2020.0
3515 westbrook mall,0,1,2023.0
3518 bishop pl,0,1,
352 hospital st,0,1,2024.0
3522 point grey rd,0,1,2023.0
3524 quebec st,0,1,2018.0
3528 vanness ave,1,2,2025.0
353 15910 fraser hwy,0,1,
3530 falaise ave,0,1,
3531 pearkes pl prt,0,1,
3534 franklin st,0,1,
3535 crowley dr,0,1,
3535 knight st,0,1,2020.0
3535 w 35th ave,0,1,
3537 dieppe dr,0,1,
3537 oak st,0,1,2021.0
3538 e sawmill cres,0,1,
3539 naples way,0,1,
3539 welwyn st,0,1,2018.0
3545 e 43 ave,1,1,2025.0
3549 gladstone st,1,1,2025.0
355 e 15th ave,1,3,2025.0
355 w 12th,0,1,2023.0
3550 adanac st,0,4,2024.0
3550 w 2nd ave,0,1,2018.0
3550 w broadway,0,1,
3555 vimy cres,0,2,
3556 price st,0,1,
3558 mount seymour pkwy,0,1,
3559 w 21st ave,0,1,
356 e 33rd,0,1,2018.0
3560 17th ave w,0,1,
3560 cambie st,0,1,2023.0
3560 euclid ave,0,1,
3562 w 3rd,0,1,2021.0
3565 triumph st,0,1,2022.0
3565 w 37th ave,0,1,
3570 monmouth ave,0,1,
3570 w 27th ave,1,1,2025.0
3579 w 50th ave,0,1,
358 e 26th ave,0,1,
358 powell st,0,3,2020.0
3580 dumfries st,0,2,
3582 chickadee pl,0,1,
3583 kingsway,0,3,2022.0
3583 w 40th ave,0,1,2020.0
3583 w 50th ave,0,1,2022.0
3585 vimy cres,1,1,2025.0
3586 w 28th ave,0,1,
3588 crowley dr,0,1,
3588 w 18th ave,0,1,2024.0
3588 w 24th ave,2,2,2025.0
3588 w 29th ave,0,1,
3590 cambie st,0,1,2018.0
3591 oak st,0,2,2021.0
3596 27th ave,0,1,2020.0
36 e 14th ave,0,1,2018.0
36 lisgar st,1,1,2025.0
36 n hythe ave,0,1,2020.0
360 e 14th ave,0,2,2024.0
360 e 15th ave,0,1,2020.0
36060 old yale rd,0,1,
3607 commercial st,0,1,2021.0
361 heatley st,0,1,2021.0
3611 w 18th ave,0,1,
3612 w 4th ave,0,1,2018.0
3616 e 24th ave,0,1,
3618 sawmill cres,0,1,
3619 mcbride rd,0,1,
3619 vimy cres,0,2,
3620 turner st,0,1,
3621 cambridge st,0,1,
3628 cessford rd,0,1,
3628 rae ave,0,1,
3629 deercrest dr,1,1,2025.0
3634 cedar hill rd,0,1,
3637 cambie,0,1,
3637 vimy cres,0,1,
3638 dundas st w,0,1,2022.0
3638 e 26th ave,0,1,2018.0
3638 rae ave,0,1,2024.0
3638 w 6th ave,0,1,2018.0
3639 main st,0,2,2020.0
3639 vanness,0,1,
3643 pender st e,0,1,2023.0
3644 nanaimo st,0,1,
3646 normandy dr,0,1,
365 e 14th ave,0,2,2023.0
3650 cottleview dr,0,1,
3651 renfrew vancouve,0,1,
3655 victoria dr,0,1,2024.0
3655 wesbrook mall,0,2,
3656 e 26th ave,0,1,
365b foul bay rd,0,1,
3663 16th ave w,0,1,
3663 crowley dr,0,2,2021.0
3663 franklin st,0,1,
3665 244 st,0,1,2020.0
367 mugford rd,0,1,2021.0
367 w 16th ave,0,1,
3670 sunset blvd,0,1,
3671 sable ave,0,1,2018.0
3673 3rd ave w,0,1,2020.0
3673 w 11th ave,0,1,2020.0
3675 minto rd,0,1,
3677 victoria dr,1,2,2025.0
368 e cordova st,0,1,
3680 savannah ave,0,1,2024.0
3680 w 7th ave,0,2,2023.0
3680 w 8th ave,0,1,
3686 chi mews,0,1,
3691 w 6th ave,0,1,2018.0
37 darney bay,0,1,
3700 28a st,0,1,
3700 cedar hill rd,0,1,
3701 country club dr,0,1,
3701 thurston st,0,1,
3707 w 7th,0,1,
3707 w 7th ave,0,1,
3708 deercrest dr n,0,1,
3708 dumfries st,0,1,
3709 main st,0,1,
3714 main st,0,1,2021.0
3718 w broadway,1,1,2025.0
372 e 8th,0,1,
372 e 8th ave,0,1,2023.0
3720 main st,0,1,
3720 w7th ave,0,1,
3722 dominion st,0,1,
3725 cambie st,0,1,
373 burnside rd e,0,1,
3730 cambie st,0,1,
3730 eton st,0,1,
3730 fraser st,0,1,
3732 knight st,0,1,2020.0
3735 dumfries st,0,1,
3737 bartlett ct,0,1,2022.0
3739 casorso rd,0,1,
374 alberta stnew westminste,0,1,
374 e65 ave,0,1,2018.0
374 simpson st,0,1,
3740 knight st,0,1,2020.0
3740 prince albert st,0,2,2024.0
3743 w 2nd ave,0,1,
3746 inverness st,0,1,2020.0
375 main st,0,1,
375 main st(was living at),0,1,2018.0
3750 imperial st,1,1,2025.0
3755 bartlett ct,0,1,
3755 w 6th ave,0,2,2021.0
376 4th st e,0,1,
376 n garden dr,0,1,2021.0
3760 fleming st,0,1,
3764 nanaimo,0,1,
3765 yale st,0,1,
3767 fraser st,0,1,
3769 w 7th ave,0,1,
3771 cambie st,0,1,2020.0
3779 beatrice st,0,1,2024.0
3779 dundas st,0,1,
378 e 38th ave,0,1,2020.0
378 st charles st,0,1,
3780 cambie st,0,1,
3780 cambie vancouv,0,1,
3790 garry st,0,1,
3793 dubois st,0,1,2020.0
3793 w24th ave,0,1,
38 cowdy st,0,1,
38 e 27th ave,0,1,
38 ravinder ct,0,1,
38 w 1st ave,0,1,2018.0
38 zevenheuvelenweg,0,1,
380 e 16th ave,0,1,2020.0
380 klahanie ct,0,1,
380 main st,0,2,2024.0
3808 w22nd` ave,0,1,
38148 hemlock ave,0,1,
3817 15th ave w,0,1,
3818 w 18th ave,0,1,
3819 cambie st,0,4,2024.0
3819 georgia st,0,1,
3820 izetta cyn,0,1,
3820 shelbourne st,0,1,
3824 w 15th ave,0,1,
3828 w 35th ave,0,1,2022.0
3831 rees rd,1,1,2025.0
3831 w 1st ave,0,1,2020.0
3832 w 10th ave,0,2,2024.0
3835 slocan st,0,1,
3836 cambie st,0,1,
3840 knight st,0,1,2020.0
3842 w 16th ave,0,1,
3843 dunbar,0,1,2018.0
3846 carrigan crt 102 burnab,0,1,
3846 carrigan ct,0,1,2018.0
3847 parker st,0,1,
385 17th ave e,0,1,2021.0
3851 hull st,0,1,2020.0
3854 prospect rd n,0,1,
3856 lister st,0,1,
3857 glengyle st,0,1,
3857 granville,0,1,2018.0
3857 victoria dr,1,1,2025.0
3860 albert st,0,1,2021.0
3864 w 17th ave,0,1,
3874 w 30th ave,0,1,
3879 trinity st,0,1,2024.0
388 drake st,0,1,2018.0
388 kaslo st,0,3,2024.0
388 skeena st,0,2,2024.0
388 w 1st,0,1,
3883 carey rd,0,1,
3883 w 11th ave,0,1,2020.0
3886 shelbourne st,0,1,
3895 dumfries st,0,1,2018.0
39 8930 walnut grove dr,0,1,
3903 kekait pl,0,1,2018.0
3906 commercial st,0,1,2020.0
3908 ke kait pl,0,1,2020.0
3911 carrigan ct,0,1,2018.0
3917 knight st,0,1,2021.0
3918 nanaimo st,0,1,
392 dougall rd s,0,1,
3920 hastings st,0,1,
3925 w 20th st,0,1,
3927 edmonton trl ne,0,1,
3927 selkirk ave,0,1,
393 w 44th vancouv,0,1,
3930 fraser st,0,1,
394 e 28th ave,0,2,
3941 yale st,0,1,2021.0
395 e 18th ave,0,1,2020.0
3950 eton,0,1,
3959 main st,0,1,2018.0
396 e 49th ave,0,1,2022.0
3962 pender st,0,1,2023.0
3965 10th ave,0,1,
3972 leeming rd,0,1,
3972 manitoba ave,0,1,
39775 moses oval,0,1,
3979 lillooet vancouv,0,1,
3980 carrigan ct,0,1,2018.0
3981 beatrice st,0,1,2020.0
3984 main st,0,2,2018.0
3988 bel nor pl,0,1,
3989 dumfries ave,0,1,2021.0
3989 dumfries st,0,1,2021.0
399 nanaimo ave w,0,1,
4 554 east 10th ave,0,1,2018.0
4 5740 hastings st,0,1,
4 7137 ash cres,0,1,2024.0
40 e hastings,0,1,2018.0
400 campbell ave,0,1,
401 1334 cardero,0,1,2022.0
401 2228 welcher ave,0,1,
401 228 7th ave e,0,1,
401 306 jackson ave,0,1,
401 ash st,0,1,
4010 sunnycrest dr,0,1,2021.0
4010 w 10th ave,0,1,
4011 kamloops st,0,2,2023.0
4012 larchwood dr,0,2,
402 1560 e 4th ave,0,1,2022.0
4028 shelbourne st,0,1,
4028 w 16th ave,0,1,2023.0
403 1628 4th ave w,0,1,2021.0
403 2025 west 2,0,1,
403 reginald cor,0,1,
403 stride ave,0,1,2018.0
4030 107-155 e 12th st,0,1,
4036 w35th ave,0,1,
4037 oak st,0,3,
4038 edinburgh st,0,1,
404 100 esplanade e,1,1,2025.0
404 e 8th ave,0,1,2020.0
4040 victoria dr,0,2,2022.0
4041 st catherines st,0,1,2024.0
4045 union st,0,1,
404a 7025 stride ave,0,1,
405 cardero st,0,1,2018.0
405 e king edward vancouve,0,1,
405 prior st,0,1,
4050 toronto st,0,1,2020.0
4051 garry st,0,1,
406 2225 triumph st,0,1,2020.0
406 3133 hillside ave,0,1,
406 lakewood dr,0,1,2018.0
4063 w 40th ave,0,1,
4069 brockton cres,0,1,
407 bergstrom frks,0,1,
407 e 19th ave,0,1,2018.0
407 heatley ave,0,1,2018.0
4076 penticton st,0,1,
4078 knight st,0,2,
408 1999 nelson st,0,1,
408 575 e 5th ave,0,1,
4080 yukon st,0,1,
4084 union st,0,2,2022.0
4084 w 10th ave,0,1,2018.0
4088 columbia st,0,1,2022.0
4089 mount seymour pkwy,0,1,
409 2408 east broadway,0,1,
409 368 lakewood dr,0,1,2023.0
409 e 50th ave,0,1,
4091 w 35th ave,0,1,
4096 mcgill st,0,1,
41 e hastings,0,1,2020.0
41 e hastings st,0,3,
410 1209 e broadway,0,1,
410 eighth st,0,1,
410 josephine st,0,1,
4105 knight st,0,1,2018.0
4108 victoria dr,0,1,
411 7th st,0,1,2024.0
4111 danforth dr,0,1,
412 e cordova st,0,1,2020.0
412 michigan st,0,1,
412 sealion pl,0,1,
4120 main st,0,1,2021.0
4120 virginia cres,0,1,
4123 heather st,0,1,
4128 main st,0,1,
413 e 23rd ave,0,1,
4132 commercial st,0,1,
4132 tytahun cres,0,1,
414 10th ave e,0,1,
4141 oak st,0,1,
4142 s island hwy,0,1,
415 alexander,0,1,2020.0
415 carbonate st,0,1,
415 ginger dr,0,1,2020.0
415 nelson st,0,1,
4150 elgin st,0,1,2024.0
4151 windsor st,0,1,2024.0
4156 cambridge st,0,1,2020.0
4160 lang smt,0,1,
4160 triumph st,0,1,
4168 w 11th ave,0,1,2018.0
4170 irmin st,0,1,
4170 nanaimo st,0,1,
418 main st,0,1,2018.0
4180 nanaimo st,0,1,2021.0
419 e 10th ave,0,1,
419 e 21st ave,0,1,
4191 albert st,0,1,2020.0
4194 maywood st,0,1,
4194 w 10th ave,0,1,
42 e cordova,0,1,2024.0
420 caton pl,0,1,
420 eleventh st,0,1,
420 w 16th ave,0,1,2023.0
4203 quebec st,0,1,
4207 portland st,0,1,2018.0
4209 marine dr,0,1,2018.0
421 e 20th ave,0,1,
4212 8th ave,0,1,
4212 perry st,0,1,
4213 miller st,0,1,
4215 frances st,0,1,
4216 georgia st,0,1,2021.0
4217 ave de lorimier,0,1,
4217 glanford ave,0,1,
4220 john st,0,1,
4221 moyberry st,0,1,
4224 hessel walk,0,1,
4226 rupert st,0,1,
4227 frances st,0,1,2018.0
4227 w 29th ave,0,1,2022.0
423 e 10th ave,0,1,2024.0
423 stannard ave,0,1,
4230 prince edward st,0,1,2018.0
4232 sardis st,0,1,
423b 301st st,0,1,
4242 brant st,0,1,2024.0
425 carnarvon,0,1,
425 e 11th ave,0,2,2018.0
4257 fraser,0,1,2018.0
426 12th ave w,1,1,2025.0
426 e 53rd ave,0,1,
427 4550 fraser st,0,1,2021.0
428 w 14th ave,0,1,2018.0
4282 perry st,0,1,2021.0
4285 macdonald rd,0,1,
42860 weber iss,0,1,
4288 st catherine's st,0,1,2021.0
429 campbell ave,0,1,2018.0
429 coldwater cres,0,1,
429 sw 9th st,0,1,
4290 kalso st,0,1,2021.0
4290 kaslo,0,1,2021.0
4290 metchosin rd,0,1,
4295 ellis park,0,1,
43 e 11th ave,0,2,
43 e 15th vancouv,0,1,
43 powell,0,1,
430 11 st,0,1,
430 8th ave e,0,1,2024.0
430 e 8th ave,0,2,2021.0
4301 hammes xrd,0,1,
4305 cambridge st,0,1,
4306 windsor st,0,1,2020.0
431 pacific st,0,1,2023.0
4313 pinewood cres,1,1,2025.0
4316 w 2nd ave,0,4,
432 15th ave w,1,1,2025.0
432 e 3rd st,0,1,
4320 slocan st,0,1,2021.0
4323 claredon st,0,1,2020.0
4325 maywood st,0,1,
4325 w 10th ave,0,1,2021.0
433 e king edward ave,0,1,
433 prior st,0,1,2023.0
433 seymour river pl,0,1,
4330 watson st,0,2,2022.0
4335 prince albert st,0,1,
4335 w 10th ave,1,1,2025.0
4336 w 10th ave,0,1,2018.0
4338 commercial st,0,1,
4339 fraser st,0,1,2018.0
4341 dundas st,0,2,2020.0
4342 nanaimo st,0,1,2018.0
435 w 13th ave,0,1,2022.0
4355 maywood st,0,1,
4356 elgin st,0,2,2024.0
4356 w 14th ave,0,1,2022.0
4363 halifax st,0,1,
4368 frances st,0,2,
4369 frances st,0,1,2024.0
437 e hastings,0,1,2020.0
437 hastings,0,1,2018.0
4371 w 10th ave,0,1,2021.0
438 e 20 ave,0,1,2023.0
438 e 20th ave,0,1,
438 seymour,0,1,2020.0
4387 w 15th ave,0,1,
4390 grange st,0,1,
4393 wildwood cres,0,1,2024.0
44 e 13th ave,0,2,2018.0
44 leopold pl,0,1,
440 e 15th ave,0,2,2021.0
440 e 5th ave,0,1,
440 hartman rd,0,1,
440 w 17th ave,0,1,
441 ninth st,0,1,
4410 james st,1,1,2025.0
4418 angus dr,0,1,2024.0
4428 bonavista dr,0,1,
4429 6th ave w,0,1,
4430 capilano rd,0,1,
4433 moscrop st,0,1,
4433 w 12th ave,0,1,
4433 w 14th ave,0,1,
4434 w 1st ave,0,1,2020.0
4435 slocan st,0,1,2023.0
4448 saint george,0,1,
445 2nd ave w,0,1,
445 w 28th ave,0,1,2020.0
4450 w 9th ave,0,1,2018.0
4453 main st,0,3,
44565 vandell dr,0,1,
446 e 16th ave,0,1,
44669 wilford ter,0,1,
4468 gladstone st,1,1,2025.0
4469 frances st,0,1,
447 e 6th,0,1,2023.0
447 e 6th ave,0,3,2018.0
4471 gena knls,0,1,
4476 welwyn st,0,2,
448 e 60th ave,0,1,2024.0
4486 commercial st,0,1,
449 e 44 ave,1,1,2025.0
449 hastings st e,0,1,
4490 sooke rd,0,1,
4494 w 12th ave,0,1,
45 bellingham ct,0,1,2024.0
45 playfield cres,0,1,2023.0
45 sw marine dr,0,1,
450 dallas rd,0,1,
450 n nanaimo,0,1,
450 n nanaimo st,0,1,
450 w 7th ave,0,1,
4501 arthur dr,0,1,2021.0
4504 earles st,0,2,
4504 earls st,0,1,2020.0
4507 bedwell harbour rd,0,1,
4508 hazel st,0,1,
4508 main st,0,1,
4510 aufderhar uns,0,1,
4511 elgin st,0,1,
4515 main st,0,1,2023.0
4516 moss st,0,1,
4517 redford st,0,1,
45185 wolfe rd,0,1,
452 hilltop ave,0,1,
4534 luettgen cir,0,1,
4534 w 1st ave,0,1,2021.0
45344 hodgins,0,1,2018.0
4535 napier st,0,2,2018.0
4537 mackenzie st,0,1,
4538 10th ave w,0,1,2018.0
4539 cambie st,0,2,2020.0
454 e 8th ave,0,2,
4545 frances st,0,1,
4549 ross st,0,1,
455 w georgia st,0,1,
4550 fraser st,0,1,2024.0
4555 john st,0,1,
4555 ross st,1,1,2025.0
456 main st,0,1,
456 moberly rd,0,1,
456 pandora ave,0,1,
4560 thompson rd,0,1,2021.0
4565 george st,0,1,2021.0
45663 henderson ave,0,1,
4567 sunnybrae-canoe pt,0,1,
4570 james st,0,1,
4574 w 10th ave apartment #202,0,1,2022.0
4577 darwin ave,0,1,
458 n hythe ave,0,1,
4580 maple cres,0,1,2021.0
4580 sidney st,0,1,
4580 w 11th ave,0,1,
4590 earles st,0,1,
45938 reece ave,0,1,
4596 hoy st,0,1,
4598 moss st,0,1,2018.0
46 e 42 ave,0,1,
460 e 6th ave,0,1,
4606 w 8th ave,0,1,
461 griffiths pl,0,1,
4623 commercial st,0,1,
4625 fairlawn dr,0,1,
46254 mccaffrey blvd,0,1,
4630 napier st,0,1,
46356 margaret ave,0,1,
4639 birchfeild pl,0,1,
4639 fraser st,0,3,2023.0
4641 walden st,0,1,
4655 main st,0,1,2021.0
4657 sardis st,0,1,2021.0
4658 cordova bay rd,0,1,
4659 georgia st,0,1,
4659 w 7th ave,0,1,2021.0
4660 w 10th ave,0,1,2018.0
46657 lamonica vlg,0,1,
467 alexander,0,1,2023.0
467 powell st,0,1,
4670 assembly way,0,1,
4677 northview ct,0,1,
468 e 13th ave,0,1,
4683 arbutus st,0,2,2020.0
4686 knight st,0,4,2018.0
4688 elgin st,0,1,2018.0
4688 w 4th ave,0,1,
469 ailsa ave,0,1,2018.0
469 e 10th ave,0,2,2024.0
4694 w 7th ave,0,1,2020.0
4696 w 4th ave,0,1,
47 bowhill ave,0,1,
47 w 12th ave,0,1,2021.0
470 w 19th ave,0,1,2023.0
4702 clarendon st,0,1,
4706 fairmont st,0,1,
4706 nanaimo st,0,1,
4708 westlawn dr,0,1,2023.0
471 w 19th ave,0,1,2018.0
4710 hastings st,0,1,2020.0
4710 mcglynn path,0,1,
4711 cambie st,0,1,2018.0
4715 dumfries st,0,1,
472 e pender,0,1,
4720 marrello rd,0,1,
4722 quebec st,0,1,
4725 dumfries st,0,1,2022.0
473 felix jack rd,0,1,2024.0
4734 54 st,0,1,
4734 55b st,0,1,
4748 knight st,0,1,2020.0
475 elgin st,0,1,
475 keefer st,0,1,
4763 lanark,0,1,2018.0
4766 knight st,0,1,
4767 cedarglen pl,0,1,2020.0
4768 brentwood dr,0,1,
477 e 10th ave,2,2,2025.0
477 howard ave,0,2,2023.0
4770 ross st,0,1,2024.0
4771 frances st,0,1,
4772 main st,0,1,
4774 argly st,0,1,2020.0
4778 lanark st,0,1,
478 w windsor rd,0,1,2018.0
4780 mchardy st,0,1,
4788 brentlawn dr,0,1,2021.0
4791 culloden st,1,1,2025.0
4795 joyce st,1,1,2025.0
480 robson st,0,1,2020.0
4800 wintergreen ave,1,1,2025.0
4801 27 st,0,1,
4808 hazel st,0,1,
480a e columbia st,0,1,2020.0
481 keefer st,0,1,
4810 gladstone st,2,2,2025.0
482 16th ave e,1,1,2025.0
482 e 16 ave,1,1,2025.0
482 e 16th ave,0,1,2023.0
4821 dumfries st,0,1,
4824 hickory ct,0,1,2024.0
4825 e 1st ave,0,1,2024.0
483 garbally rd,0,1,
483 keefer st,0,1,
4831 scotty creek rd,0,1,
4832 lanark st,0,1,
4837 dumfries st,0,1,
4839 lanark st,0,1,
484 e 21st ave,0,1,
4842 cutlass ct,0,1,
485 e 44th ave,0,1,
485 keefer st,0,1,
485 w 14th ave,0,2,
4850 rupert st,0,1,
4852 w 40th ave,0,1,
4855 chesham ave,0,1,
4858 slocan st,0,1,
486 grafton ave,0,1,
4865 fleming st,0,1,
4868 brentwood dr,0,1,2018.0
488 64th ave w,0,1,
488 kingsway,0,2,2020.0
488 sw marine dr,0,1,
488 w 41st ave,0,1,2024.0
4880 fleming st,0,1,2023.0
4888 nanaimo st,0,1,
4893 quebec st,0,3,2024.0
4896 rupert st,0,1,
4898 ellis ln,0,1,
49 clifford private,0,1,
49 wilkes creek dr,0,1,
4906 main st,0,1,
4909 52 ave,0,1,
4923 moss st,0,1,
49279317 123021612,0,1,
4929 college highroad,0,1,
4933 fisher dr,0,1,
4942 rupert st,0,1,
4947 wycliffe rd,0,1,
495 holbrook ct e,0,1,
4955 newton st,0,1,
4959 knight st,0,1,
4960 bennett st,0,1,2020.0
4966 rupert st,0,1,2021.0
4967 main st,0,1,
4987 main st,1,2,2025.0
4998 prince albert st,0,1,
49th oak st,0,1,
4th nvancouv,0,1,
5 1131 barclay st,0,1,
5 1336 west 14th ave,0,1,2024.0
5 1707 east 4th ave,0,1,
5 209 heatley ave,0,1,2018.0
5 421 vancouver st,0,1,
5 ave s,0,1,
5 e 10h ave,0,1,2018.0
5 greystone pl,0,1,2024.0
5 magnolia dr,0,1,
5 minories,0,2,
5 pender st w,0,1,
5 w hastings st,0,1,
50 cordova st e,0,1,
50 w 12th ave,0,1,2023.0
500 canterwood ct,0,1,
500 rithet st,0,1,
500 w 12tb ave,0,1,
5003 pleasant valley rd,0,1,
5007 quebec st,0,1,2018.0
501 1265 barclay st,0,1,2018.0
501 5 west pender st,0,1,2021.0
501 e 10th ave,0,1,
501 pacific st,0,3,2024.0
501 sixth st,0,1,
5016 elgin st,0,1,
502 930 cambie st,0,2,2024.0
503,0,1,2020.0
503 21 st n,0,1,
5030 hastings st,0,1,
5030 windsor st,0,1,
5031 augustina aly,0,1,
505 3008 glen dr,0,1,
5050 halifax st,0,1,
5058 joyce st,0,1,
506 w 62 ave,0,1,2020.0
507 e 6th ave,0,1,
507 main st,0,1,
5070 fraser st,0,1,
508 14000 riverport way,0,1,
508 1515 w 57 ave,0,1,2018.0
508 8th st,0,1,
508 hawks ave,0,1,2024.0
509 1450 chestnut st,0,1,2023.0
509 640 fisgard st,0,1,
509 jefferson ave,0,1,
5090 hastings st,0,1,
5094 gladstone st,0,1,2021.0
510 agnes st,0,1,2021.0
511 ash st,0,1,
5115 cambie st,0,1,
5115 garden city rd,0,1,
5115 wilshire blvd,0,1,
512 1405 w 15th ave,0,1,2021.0
512 campbell ave,0,1,
512 e 10th ave,0,2,2018.0
512 prior st,0,1,2021.0
512 sundance ct,0,1,
513 3855 ross dr,0,1,
5135 aberdeen st,0,1,
514 arbutus ave,0,1,
514 e 5th abs,0,1,
5144 topaz pl,0,1,
515 c kootenay st,0,1,
515 n penticton st,0,1,2023.0
515 w hastings vancouv,0,1,
5150 lorraine ave,0,1,
5155 imperial st,0,1,
5155 sooke rd,0,1,
516 1915 haro st,0,1,2018.0
516 2nd st ne,0,1,
516 e 10th ave,0,1,
516 e 49th st,1,1,2025.0
516 eleventh st,0,1,
516 foster ave,0,1,
516 linden ave,0,1,
5166 halifax st,0,1,
5166 main st,0,1,
517 commercial dr,0,2,2018.0
517 thulin st,0,1,
517 union st,0,1,2018.0
517 victoria st,0,1,
5173 chapman rd,0,1,2018.0
518 e 18th ave,0,1,2018.0
518 e 28th,0,1,
518 richards,0,1,2018.0
518 richards st,0,1,2020.0
5186 dunster rd,0,1,
519 rithet st,0,1,
5197 223a st,0,1,
5197 radcliffe rd,0,1,
52 4th st,0,1,
52 e 21st ave,0,1,
52 fourth st,0,1,
520 e 19th ave,0,1,2024.0
520 s grand,0,1,
520 st patrick st,0,1,2020.0
521 dogwood st s,0,1,
5218 inverness st,0,1,
522 e 10th ave,0,1,2020.0
522 moberly rd,0,1,
522 victoria dr,0,1,2024.0
5220 capitol dr,0,1,
5224 204 st,0,1,
523 rowcliffe ave,0,1,
5231 cranbrook ave,0,1,
5233 joyce st,0,2,2021.0
524 e 11th ave,0,1,
525 5th ave e,0,1,
525 abbott st,0,2,2018.0
525 carrall st,0,1,
525 e 5th,0,1,2018.0
525 e 5th ave,0,7,2020.0
525 eleventh,0,1,
525 w 13th ave,0,1,2022.0
5250 rupert st,0,1,
5252 bursill st,0,1,
5253 taunton st,0,1,
525w 14th ave,0,1,
526 6th st,0,1,
526 hwy 48,0,1,
5269 slocan st,0,1,
527 ash st,0,2,2022.0
527 e georgia st,0,1,2020.0
5275 schou st,0,1,2018.0
528 rochester ave,0,1,
5280 203 st,0,1,2021.0
5280 oakmount crk,0,1,
5285 hastings st,0,1,
5288 melbourne st,0,1,
529 tenth st,0,1,
5294 204 st,0,1,
53 13th ave e,0,1,2021.0
53 hastings st w,0,1,2024.0
530 dogwood st,0,1,
5304 mckinnon st,0,1,2024.0
53043 heathcote sts,0,1,
531 atlantic st,0,1,
531 e 18th ave,0,1,2020.0
531 w 27th ave,0,2,2024.0
531 w bay ter,0,1,
5317 abbey ave,0,1,2023.0
5317 knight st,0,2,2024.0
5317 mckinnon st,0,1,2021.0
532 e georgia,0,1,2018.0
5325 lanark st,0,1,2024.0
5326 fleming st,0,1,
5326 lanark st side door,0,1,
5328 lanark st,0,1,
533 woodland dr,0,1,2018.0
5333 casgrain ave,0,1,
5338 lanark st,0,1,
534 yundt sq,0,1,
5347 lanark st,0,3,
5347 oak st,0,1,
5349 oak st,0,1,
535 holdom ave,0,1,
5350 balsam st,0,1,
5350 dumfries,0,2,
5350 vine st,0,1,2024.0
536 e 11th ave,0,1,2020.0
537 18th ave e,0,1,
537 e 7th ave,0,3,2023.0
5378 lanark st,0,3,
538 union st,0,1,
5380 oben st,0,1,
5381 207 st,0,1,
5386 lanark st,0,2,
5389 chamberlayne way,0,1,
5389 lanark st,0,1,
5391 woodpecker dr,0,1,
5392 dumfries st,0,1,
540 e hastings,0,1,2020.0
540 helmken st,0,1,2024.0
540 rochester ave,0,1,2021.0
5401 lakeshore dr,0,1,
5408 neville st,0,1,2018.0
541 w 13th ave,0,1,2023.0
5410 claude ave,0,1,
5419 lanark st,0,3,
542 55 st,0,1,
542 e 50th ave,0,1,2018.0
5420 206 st,0,1,
5420 moreland dr,0,1,
5425 shortcut rd,0,1,
543 e 21st ave,0,1,2023.0
543 rupert st,0,1,
5430 dundee st,0,1,
5432 lanark st,0,4,
5435 kincaid st,0,1,
5438 lanark st,0,4,
544 platt's lane ests,0,1,
544 sydney coquitlam,0,1,2020.0
5444 prince edward st,0,1,2023.0
545 atlantic st,0,2,2024.0
545 sydney ave,0,1,
5454 balsam st,0,1,
5457 bruce st,0,1,
5463 dumfries st,0,3,
5465 carmichael rd,0,1,
5468 dumfries st,0,1,
5468 lanark st,0,2,2024.0
547 burnside rd e,0,1,
547 herald st,0,1,
5470 elsom ave,0,1,
5470 ormidale st,0,1,2022.0
5475 vine st,0,1,
5477 neville st,0,1,
5477 portland st,0,1,
548 barnard st,0,1,
548 breamar rd e,0,1,
548 brookmere ave,0,1,
548 dallas rd,0,1,2021.0
54808 macgyver wl,0,1,
5482 schmidt cts,0,1,
5485 old mill way,0,1,
5488 lanark st,0,2,
5489 walter pl,0,1,2018.0
55 bay st,0,1,
55 e 12th,0,1,2024.0
55 e 12th ave,2,6,2025.0
55 e 14th ave,0,1,2021.0
55 e cordova,0,1,2021.0
55 e cordova st,0,2,
55 gorge rd e,0,1,
55 tenth st,0,1,
550 6th ave,0,1,
550 e 7th ave,0,2,2023.0
550 lorne st,0,1,
550 pacific st,0,2,
550 taylor st,0,1,
5507 montgomery pl,1,1,2025.0
5508 halifax st,0,1,2022.0
551 linden ave,0,1,
551 union st,0,1,2024.0
5510 willingdon ave,0,1,
5515 boundary rd,0,1,2024.0
5516 clarendon st,0,1,
5520 lanark st,0,2,
5522 sherbrooke st,0,1,
5524 lost lake rd,0,1,
5525 14 ave,0,1,
5526 turcotte wls,0,1,
5530 lanark st,0,2,
5537 wales st,0,1,
5543 toronto rd,0,1,2018.0
5544 fraser st,0,1,2020.0
5549 keith st,0,1,2018.0
555 6th ave e,0,1,2018.0
555 e 12th ave,0,1,2023.0
555 e 18th ave,0,1,2018.0
555 e 5th ave,0,8,2018.0
555 e 6th,0,1,2020.0
555 e 6th ave,0,2,2020.0
555 e18 ave,1,1,2025.0
555 glenmeadows rd,0,1,
555 jervis st,0,1,2018.0
555 w 14th ave,0,1,
555 w 49th ave,0,1,
555 york ave,0,1,2018.0
5550 cambie st,0,1,
5555 14 ave,1,1,2025.0
5560 inman ave,0,1,2023.0
5565 ontario st,1,1,2025.0
5568 osler st,0,1,
5569 culloden st,0,1,2024.0
5570 dumfries,0,1,
558 blitz rd,0,1,
558 keefer,0,1,2018.0
560 mclean dr,0,3,
560 w 17th ave,0,1,2020.0
562 11 ave e,0,1,
562 e 11th ave,0,4,2021.0
5625 montgomery pl,0,1,
5628 gladstone st,1,1,2025.0
563 prior st,0,1,2018.0
5635 lanark st,0,1,
5638 mackenzie st,0,1,
564 w 23rd st,0,1,
5641 201 st,0,1,
5645 commercial,0,1,2021.0
5645 commercial st,0,1,2021.0
5646 inverness st,0,1,2024.0
56463 selma rdg,0,1,
5647 16 ave,0,1,
5650 dumfries,0,2,
5656 victoria dr,0,1,
5657 harold stvancouve,0,1,
5659 tomswood rd prt,0,1,
5659 tyne st,0,1,
566 austin ave,0,1,
5665 boundary rd,0,1,
567 prior st,0,1,
5674 jersey ave,0,1,
5688 ash st,0,1,
569 powell st,0,1,
5699 sophia st,0,1,2023.0
57 agnes st,0,1,
57 cambridge st,0,1,
570 e 8th ave,0,1,2018.0
570 powell,0,1,
5708 curtis st,1,1,2025.0
5708 francis rd,0,1,
57214 charise way,0,1,
5723 mayview cir,0,1,2018.0
5728 berton ave,0,1,
5729 prince albert st,0,1,
573b mcclure rd,0,1,
574 e broadway,0,1,2018.0
575 dogwood st s,0,1,
575 e 5th ave,0,8,2018.0
5750 larch st,0,1,
5750 spindrift st,0,1,
5750 surf cir,0,1,2020.0
576 w 24th,0,1,
577 auer frg,0,1,
577 e 8th ave,0,1,
5779 birney ave,0,1,
5781 binning ave,1,1,2025.0
58 e 39th ave,1,1,2025.0
58 keefer pl,0,1,2018.0
5802 irmin st,0,1,
5811 no 3 rd,0,1,
5812 124a st,0,1,
5818 lincoln st,0,1,
5828 booth ave,0,1,2021.0
5828 thunderbird blvd,0,2,
5831 ormidale st,0,1,
5834 battison st,0,1,
584 w 24th ave,0,2,2022.0
5840 east blvd,0,1,2024.0
5846 lanark st,0,2,2018.0
5852 forglen dr,0,1,2021.0
5852 patterson ave,0,1,
5863 vine st,0,1,2020.0
5867 knight st,0,1,2020.0
5869 fremlin st,0,1,
5869 olive ave,0,1,2020.0
5871 knight st,0,1,
5875 culloden st,0,1,
588 e 5th ave,0,3,2018.0
588 w 24th ave,0,1,2022.0
5889 dunbar st,0,1,
5896 ortiz aly,0,1,
59 w cordova,0,2,2020.0
590 w 12th ave - apt 201,0,1,2022.0
5900 olive ave,0,1,2020.0
5908 arlington st,0,1,2024.0
5915 lancaster st,0,1,2018.0
5915 vedder rd,0,1,
593 woodland dr,0,1,
5930 beatrice st,0,1,2020.0
5941 151 st,0,1,
5955 oakdale rd,0,2,
5958 mckee st,0,1,2024.0
596 broadway st,0,1,
596 e hastings st,0,1,
5976 cambie st vancouver bc,0,1,
5976 tisdall st,0,1,
597b 2525 west mall,0,1,2018.0
5980 joyce st,0,1,2018.0
5988 grey ave,0,1,
5989 elm st,0,1,
5992 131 st,0,1,
5992 151st,0,1,
5b 869 clarke rd,0,1,
6 2312 wark st,0,1,
6 2925 oak st,0,1,
6 32883 orchid dr,0,1,
600 campbell ave,0,1,
600 drake st,0,2,2021.0
600 raymur ave,0,1,
600 vernon dr,0,2,2020.0
6000 cypress bowl rd,0,1,2023.0
6005 walter gage rd,0,1,
6009 athlone,0,1,
601 bute at vancouve,0,1,
601 bute st,0,2,2022.0
601 bute st vancouver,0,1,
601 e hastings st,0,1,2020.0
601 e pender st,0,1,
6010 granville st,0,1,2024.0
6013 kathleen ave,0,1,2018.0
6015 tisdall st,0,1,
602 citadel parade,0,1,
602 waterloo dr,0,1,2018.0
6020 east blvd,0,1,2022.0
6026 tisdall st,0,1,
603 1049 chilco st,0,1,
6033 katsura st,0,1,
6034c 58a st,0,1,
6035 knight st,0,1,
6038 willow st no 5,0,1,
6044 wilson ave,0,2,2020.0
605 e 22nd ave,0,1,2022.0
6051 172b st,0,1,
6051 fraser st,0,1,
606 1650 burnaby st,0,1,
6069 163b st,0,1,
607 990 broughton st,0,1,2018.0
607 e 29th ave,0,1,2018.0
607 e 8th ave,0,1,
6071 sanford cmn,0,1,
6077 kingsway burna,0,1,
608 179 main st,0,1,2021.0
608 belmomt st,0,1,
608 belmont st,0,1,
609 heatley ave,1,1,2025.0
609 seymour st,0,1,2024.0
61 13789 76 ave,0,1,
61 robson ave,0,1,
610 blackford st,0,1,
610 comox nanaim,0,1,
610 granville st,0,3,
610 jervis st,0,2,
610 salsbury dr,0,1,
6106 chester st,0,1,
6108 main st,0,1,2020.0
611 e 10th ave,0,1,2024.0
611 e 7th ave,0,3,2021.0
611 e 7th vancouve,0,1,
611 e cordova st,0,1,2018.0
6130 buckingham pl,0,1,2018.0
6136 184 st,0,1,
6146 ewart st,0,1,
615 7th ave,0,1,
615 cook st,0,1,
615 e 49th ave,0,2,
615 st georges ave,0,1,2020.0
6150 cypress st,0,1,2023.0
6151 carson st,0,1,
6153 battison st,0,1,2024.0
616 e 12th ave,0,1,
616 powell st,0,1,2020.0
6161 alma,0,1,
617 twentieth st,0,1,
6176 prohaska ft,0,1,
6177 collingwood pl,0,1,
6177 elgin ave,0,1,2021.0
6179 no 1 rd,0,1,
618 abbott,0,1,
618 abbott st,0,1,
6181 elgin st,1,1,2025.0
6185 188st,0,2,
6185 prince albert st,0,2,2023.0
6190 alfredo iss,0,1,
6193 service st,0,1,
6198 kathleen ave,0,1,
62 rue du corbon,0,1,
620 blackford st,0,1,
620 toronto st,0,1,
6201 cecil green park rd,1,2,2025.0
621 13th st,0,1,
621 7th ave e,0,1,
621 e 7 ave,0,1,2023.0
621 e 7th ave,0,6,2022.0
621 e7th ave,0,1,2021.0
621 w 57th ave,0,1,
6227 167a st,0,1,
6233 tyler rd,0,1,
6238 lanark st,0,1,2018.0
6238 prince albert st,0,1,
6255 argyle st,0,1,
6270 stoneridge mall rd,0,1,
6279 eagles dr,0,1,2024.0
628 kinghorne mews,1,1,2025.0
628 w 22nd ave,0,1,
6284 greenside dr w,0,1,
629 e cordova st,0,1,
629 w cordova st,0,1,
63 keefer pl,0,4,2023.0
63 martinridge grv ne,0,1,
630 e broadway,0,1,
630 mary st,0,1,
6300 alder st,0,1,2020.0
6301 silver dart dr,0,1,
631 e 11th ave,0,1,2018.0
6311 308 gilbert rdrichmon,0,1,
6311 gilbert rd,0,1,2021.0
6326 hawthorn ln,0,1,
6328 larkin dr,0,1,
6329 selma ave,0,1,2024.0
633 abbott st,0,1,
633 commercial dr,0,1,
633 w 16th ave,0,1,2018.0
633 w 8th ave,0,1,
6330 mcrobb ave,0,1,
6335 thunderbird creacent,0,1,
6335 thunderbird cres,1,1,2025.0
63366 racquel rnch,0,1,
6345 savary nanaim,0,1,
635 e 18th ave,0,1,
635 e hastings,0,1,2020.0
6350 willingdon ave,0,1,
6353 douglas st,0,1,2018.0
6356 east blvd,0,1,2020.0
636 bentley rd,0,1,
636 e 50th ave,0,1,2022.0
636 keefer st,0,1,2018.0
6363 agronomy rd,0,1,
6366 cassie ave,0,1,2018.0
637 e 24th ave,0,1,
637 fairview st,0,1,
638 9th ave,0,1,
638 alexander st,0,3,2021.0
638 meredith rd ne,0,1,
638 w 6th ave,0,1,
6385 hawthorne ln,0,1,2024.0
639 e 8th ave,0,1,
639 prior st,0,1,2024.0
64 e 6th ave,0,1,
640 fisgard st,0,1,
640 gore ave,0,1,2020.0
6408 burns st,0,1,
6423 main st,0,2,2021.0
6424 chester st,0,1,2021.0
6425 adera st,0,1,
6428 vivian st,0,1,
6433 king ave,0,1,
644 e 13th ave,0,2,2023.0
645 e 51st ave,0,1,
645 gauthier ave,0,1,
6450 east blvd,0,1,
6451 minoru blvd,0,1,2023.0
6455 golledge ave,0,1,
6455 willingdon ave,0,1,
646 e 44 ave,0,1,
646 e 44th ave,0,1,
646 e cordova,0,1,
646 e georgia st,0,1,2018.0
647 chapman ave,0,1,
6470 silver ave,0,1,
6475 chester st,0,1,
648 kingsway,0,1,
65 w cordova st,0,2,2020.0
650 brookleigh rd,0,1,
650 kingsway,0,1,
650 princess ave,0,1,2020.0
6534 union st,0,1,
654 65 cordova st w,0,1,2024.0
655 front st,0,1,
655 moberly rd,0,1,
6551 sussex ave,0,1,2022.0
6555 bonsor ave,0,1,
6557 burlington ave,0,1,
656 commercial dr,0,2,2020.0
657 e 26th ave,0,1,
657 union st,0,1,2022.0
6588,0,1,2021.0
659 e 15th ave,0,1,2020.0
659 w 18th ave,0,1,
6590 lochdale,0,1,
6591 doman st,0,1,
6597 apllecross rd,0,1,
6598 doman st,0,1,
66 john st,0,1,
66 moss st,0,1,
66 sydney st,0,1,
66 w cordova st,0,1,
660 7307,0,1,
660 e 10th ave,0,1,2020.0
660 jackson,0,1,2018.0
660 niagara st,0,1,
660 w 13th ave,0,3,2024.0
6601 applecross rd,0,1,
661 thompson ave,0,1,
6611 southoaks cres,0,1,
6622 willingdon ave,0,1,
6635 mckay ave,0,1,
6640 elliot,0,1,2018.0
6645 125a st,0,1,
6647 fraser,0,1,2022.0
6648 brooks st,0,1,2020.0
665 e 6th ave,0,1,
667 skeena st,0,1,
6670 122 st,0,1,
6670 canada way,0,1,
6677 cambie st,0,1,2020.0
668 citadel parade,0,2,
668 columbia st,0,1,
668 e 20th ave,0,1,
668 union st,0,1,
6688 quebec st,0,1,
6695 fleming st,0,1,
6695 mckay ave,0,2,2018.0
67 miner st,0,1,
67 wildwood dr sw,1,1,2025.0
670 e 30th ave,0,1,2024.0
67002 kuhlman prts,0,1,
6719 silver ave,0,1,2021.0
6737 nanaimo st,0,1,
6742 walker ave,0,1,
6743 fleming st,0,1,
6745 west blvd,0,1,
675 e 11th ave,0,1,2020.0
675 kerry pl,0,1,
675 salsbury dr,1,1,2025.0
675 victoria dr,0,2,2020.0
6750 oak st,0,2,
6769 dow ave,0,1,2023.0
677 e 7th,0,1,2020.0
677 e 7th ave,0,1,
677 w 41 ave,0,1,
6775 keebler ctr,0,1,
6788 danan st,0,1,
679 w 29th ave,0,1,2023.0
6791 kerr st,0,1,
68 e 43rd ave,0,1,2021.0
68 hamilton ave,0,1,
680 clarkson st,0,1,2024.0
680 e 5th ave,0,1,
680 e 8th ave,0,1,2018.0
680 pine st,0,1,
680 w king edward ave,0,3,
6803 rue chambord,0,1,
681 w 19th ave,0,1,
6818 144t surrey v3w5r7,0,1,
6818 ash st,0,1,
6822 124street surre,0,1,
6824 balmoral st,0,1,
6833 village grn,0,2,2024.0
6836 balmoral st,0,1,
6840 185 st,0,1,
6850 sperling ave,0,1,
6858 blanchard rd,0,1,
686 e cordova st,0,2,2018.0
6863 204 st,0,1,
6875 w blvd,0,1,
6879 aubrey st,0,1,
688 abbott st,0,2,2018.0
688 e 16th ave,0,1,
688 e 22nd ave,0,1,
6888 127a st,0,1,
689 abbott st,0,1,
6898 kamloops st,0,1,
69 fuck st,0,1,
691 north rd,0,1,
692 goldie ave,0,1,
6922 jubilee ave,0,1,2021.0
6940 burns ct,0,2,2021.0
695 e 19th ave,0,1,2024.0
695 se marine dr,0,1,
695 w 17th ave,0,1,2023.0
69573 cronin smt,0,1,
696 w 45th ave,0,1,2018.0
6968 knight st,0,1,2024.0
6968 pearson way,0,1,2021.0
699 cardero st,0,1,
7 1168,0,1,2020.0
7 1256,0,1,
7 127 - 172 st,0,1,2021.0
7 1336 east 2and ave,0,1,
7 1336 east 2nd ave,1,1,2025.0
7 2185 oxford st,0,1,2020.0
7 2649 quebec st,0,1,
7 4097 fraser st,0,1,2018.0
7 412 304st kimberle,0,2,
7 ashgrove cres,0,1,
700 college st,0,1,
700 jackson ave,0,1,
701,0,1,2021.0
701 1330 pendrell st,0,1,
701 1629 haro st,0,1,2021.0
701 e 15th ave,0,1,
701 hilchey rd,0,1,
701 w victoria park ave,0,1,
7010 134 st,0,1,
7013 144a st,0,1,
702,0,1,2020.0
702 e king edward ave,0,1,
702 school rd,0,1,
703 1305 w 12th ave,1,1,2025.0
704 victoria rd,0,1,
704 w 69th ave,0,1,
705 dogwood rd,0,1,
7055 blake st,0,1,
706 e king edward,0,1,
706 queens ave,0,1,
7062 osler st,0,1,2020.0
7062 quesnel st,1,1,2025.0
7065 21st ave,0,1,2024.0
707 77 walter hardwick ave,0,1,
707 e 20th ave,0,1,
707 esquimalt rd,0,1,
7071 148a st,0,1,
7074 inlet dr,0,1,
7075 vivian dr,0,1,
7077 beresford st,0,1,
7085 victoria dr,0,1,
7088 17th ave,0,1,2024.0
7088 vivian dr,0,1,
709 12th st,0,1,
709 14th st,0,1,
709 e 39th ave,0,1,
709 e 49th ave,0,1,2020.0
709 fourteenth st,0,1,
7091 cambie st,0,1,2020.0
710 e 17th ave,0,1,
710 union st,0,1,2022.0
7100 ledway rd,0,2,2020.0
7101 kerr st,0,1,
7107 camano st,0,1,2018.0
711 7th ave,0,1,2018.0
711 e 6th ave,0,1,2021.0
711 hillcrest rd,0,1,
7111 linden ave,0,1,
7111 salisbury ave,0,1,
71132 brakus frds,0,1,
7117 barrie ave,0,1,2020.0
7120 pandora st,0,1,2018.0
713 cairn rd,0,1,
713 e 12th ave,0,1,
7131 17th ave - #201,0,1,
7138 clarendon st,0,1,
714 jackson ave,0,1,
7148 argyle rd,0,1,
7148 ash cres,0,1,
715 victoria dr,0,2,
7155 dallas dr,0,1,
7168 stirling st,0,1,2018.0
7169 bridgewood dr,0,1,
717 e 11th ave,0,1,2021.0
7170 199 st,0,1,
7170 ash cres,0,1,
718 main st,0,2,
718 main st v6a 2v7 vancouv,0,1,
7182 bridgewood dr,0,1,
7184 68st delt,0,1,
719 nightingale crk,0,1,
7191 bridgewood dr,0,1,
7199 bridgewood dr,0,1,2021.0
72 ave delta bc v4e1z5,0,1,
720 17 ave sw,0,1,
720 e king edward ave,0,1,
720 pender st e,0,1,
720 seventh ave,0,1,2022.0
7206 n kerby ave,0,1,
7209 stirling st,0,1,
721 14th ave e,0,1,
721 anskar ct,0,1,2023.0
721 millyard,0,1,
721 skeena st,0,1,2023.0
7211 charlford ave,0,1,
72156 hal pt,0,1,
7216 mary ave,0,1,2020.0
72186 hodkiewicz via,0,1,
722 e pender,0,1,2018.0
722 prior st,0,1,2020.0
7220 edmonds st,0,2,
7236 199 a st,0,1,2020.0
7248 129 st,0,1,
7249 wiltshire st,0,1,2021.0
725 columbia ave,0,1,
725 salsbury dr,0,1,2022.0
7252 inlet dr,0,1,
7255 blake st,0,1,
726 e 11th ave,2,2,2025.0
727 e 17th ave,0,4,2023.0
727 e 17th st,0,1,
727 e 30th ave,0,1,2018.0
727 e 7th ave,0,1,
727 keefer,0,1,2018.0
727 queens ave new westminster,0,1,
727 robel cir,0,1,
7272 salisbury ave,0,1,
728 e 30th ave,0,1,
7281 cambie st,0,1,2022.0
7292 lancaster,0,1,2024.0
7293 moffatt rd,0,1,
730 8th ave e,0,1,2022.0
730 e 8th ave,1,1,2025.0
7311 gilbert rd,0,1,
732 creekside cres,0,1,
732 fifth ave,0,2,2018.0
7325 arcola st,0,1,
733 2 ave nw,0,1,
734 e 54th ave,0,1,
734 rockheights ave,0,1,
734 thirteenth st,0,1,
735 e 16th ave,0,1,
735 royal ave,0,1,
7350 boundary rd,0,1,2018.0
7350 charlford ave,0,1,
7355 charmaine riv,0,1,
7358 edmonds st,0,1,
736 e broadway,0,1,2024.0
7368 celista dr,0,1,2023.0
7368 gollner ave,0,1,2021.0
737 carnarvon st,0,2,
7374 194a st,0,1,
7376 halifax st,0,1,
7388 macpherson ave,0,1,2024.0
739 princess st,0,1,2023.0
7390 pandora st,0,1,
7393 turnill st,0,1,
7399 murdoch ave,0,1,
740 porter rd,0,1,
7402 lawrence dr,0,1,2018.0
741 dovercourt rd,0,1,2023.0
741 e 61st ave,0,1,
7418 byrnepark walk,0,1,2021.0
7425 18th ave,0,1,
7426 gusikowski ests,0,1,
7428 14th ave,0,1,
7428 6th st,0,1,
7435 121 a st,0,1,
744 e 19th ave,0,1,2023.0
744 hawks ave,0,1,2022.0
744 w 7th ave,0,1,2018.0
745 stewart ave,0,1,
746 e 12 ave,0,1,
746 e 12th ave,0,2,2024.0
7475 victoria dr,0,2,
7486 fernmar rd,0,1,
7488 westholme rd,0,1,
7490 colleen st,0,1,
75 e 8th ave,0,3,
75 w king edward,0,1,
750 hot springs rd,0,1,
750 jervis st,0,1,2024.0
750 w 12th ave,0,1,2018.0
7500 nevis dr,0,1,
7504 202a st,0,1,
7509 ontario st,0,1,2018.0
7511 minoru blvd,0,1,2018.0
753 brookside pl,0,1,
754 e 37th ave,0,1,
7540 aubrey st,0,1,
7540 lismer ave,0,1,2020.0
7542 newcombe st,0,1,
755 kit cres,0,1,
7557 davies st,0,1,
756 e 14th ave,0,1,2018.0
756 great northern way,0,2,2020.0
757 e 30th ave,0,1,
7572 15th st,0,1,
7575 kingsway,0,1,2021.0
7579 16th st,0,1,
758 e pender st,0,1,
7581 cedar st,0,1,
759 yates st,0,1,
76 coburg st,0,1,2018.0
76 princess st,0,1,
761 e 15th ave,0,1,2024.0
761 prior st,0,1,
7612 ym,0,1,
7617 ontario st,0,1,2018.0
762 e 12th ave,0,1,
7624 bywell ct,0,1,2018.0
7632 vivian hwy,0,1,
7633 prince albert st,0,1,
764 rupert st,0,1,
7641 blaydon ct,0,1,
7647 145 st,0,2,
765 e 30th ave,0,1,2018.0
765 victoria dr,0,2,2020.0
767 e 17th st,0,1,2020.0
767 wilkinson grv,0,1,
7671 minoru blvd,0,1,
7682 harber byp,0,1,
7691 hartmann flds,0,1,
77 nelson rd,0,1,
770 e 7th ave,0,1,
770 s island hwy,0,1,
7700 st albans rd,0,1,
7708 alderbridge way,0,1,
772 e georgia,0,1,
7728 sunnyholme cres,0,1,
773 e 53rd ave,0,1,
773 e pender st,0,1,
7737 hilda st,0,1,
774 great northern way,0,1,2021.0
7743 elford st,0,2,2018.0
775 e 7th ave,0,1,
775 mcgill rd,0,1,
775 salsbury dr,0,1,2022.0
7751 allman st,0,1,2020.0
7760 luckakuck pl,0,1,
7761 burgess st,0,1,
7764 147 st,0,1,
7777 royal oak ave,0,1,2023.0
7778 4th st,0,1,
778 victoria dr,0,1,2020.0
7814 elwell st,0,1,
782 e pender st,0,2,
7822 ney ave,0,1,
7831 garden city rd,0,1,2018.0
784 thurlow st,0,2,2023.0
785 chase ave,0,1,
7851 goldstream dr,0,1,2021.0
786 e hastings,0,1,2018.0
787 e 14th ave,0,1,2024.0
788 richards st apt 2107 v6b0c7 vancouv,0,1,
789 drake st,0,1,
789 w pender st,0,1,
789a pidcock rd,0,1,
79 e 60 ave,0,1,
79 wilson park rd,0,1,
790 dominion rd,0,2,
7911 112 st,0,1,
792 schmitt gdns,0,1,
7922 cartier st,0,1,2018.0
7931 limewood pl,0,1,2021.0
794 francis ave,0,1,
795 western ave,0,1,
7955 122 st,0,1,
7962 sussex ave,0,1,
797 keefer st,0,2,2018.0
797 w 24th ave,0,1,
7978 york ave,0,1,
7988 ackroyd rd,0,1,2022.0
7th ave,0,1,
8 1238 cardero st,0,1,
8 1540 yew st,0,1,2018.0
8 1695 w 11th ave,1,1,2025.0
8 1937 west 2nd ave,0,1,2018.0
8 smithe mews,0,1,
800 jackson ave,0,2,2024.0
800 keefer st,0,1,
800 mclean dr,0,1,2020.0
801 1030 16th ave sw,0,1,
801 stamm frg,0,1,
8012 jadetree ct,0,1,
802 dundonald dr,0,1,2018.0
802 lillian st,0,1,
803 e 13th ave,0,1,
8031 ryan rd,0,1,
8033 164 st,0,1,
804 1050 burrard st,0,1,
804 39 sixth st,0,1,
804 789 drake st,0,1,2021.0
804 kimberly pl,0,1,
804 patterson ave,0,1,2021.0
8046 12th ave,0,1,2024.0
807 3 6th ave,0,1,2018.0
807 e 6 ave,0,1,
807 e 6th ave,0,1,
807 e6th ave,0,1,
808 3rd ave,0,1,
809 arthur pl,0,1,2021.0
809 burdett ave,0,1,
809 durward ave,0,1,
809 w 16th st,0,1,2018.0
8092 british columbia 101,0,1,
8097 168b st,0,1,
81 sea ave,0,1,
810 commercial dv,0,1,
810 fifth ave,0,1,
810 saint andrews st,0,1,
810 w 64th ave,0,1,
810 whitchurch st,0,1,
811 ashbury ave,0,1,
811 cumberland st,1,1,2025.0
811 helmcken st,0,2,
8116 riel pl,0,2,
8128 188 st,0,1,
814 4th ave,0,1,
8147 timber ln,0,1,
815 w 49th ave,1,2,2025.0
816 ingersoll ave,0,1,
816 phillis rpds,0,1,
8171 saba rd,0,1,
818 chestnut st,0,1,
818 e 11 ave,0,1,2018.0
8180 coleman st msn,0,1,
8180 colonial dr,0,1,
8181 252nd st,0,1,
8189 cambie st,0,2,
819 hamilton st,0,2,2024.0
8194 cottonwood bay rd,0,1,
820 craigflower rd,0,1,
820 woodland dr,0,1,
8200 bear paw trl,0,1,
8200 gilbert rd,0,1,
8200 rideau dr,0,1,
8202 211b st,0,1,2022.0
821 cambie st,0,1,2018.0
821 princess ave,0,1,
821 w 10th,0,3,
822 jackson ave,0,5,2021.0
8220 king george blvd,0,1,
8220 king george bulv sur,0,1,
823 e 14 ave,0,1,2024.0
823 victoria dr,0,1,2024.0
823 zulauf trl,0,1,
8238 saba rd,0,1,
824 e 12th ave,0,1,
824 hawks ave,0,1,2021.0
824a e pender st,0,1,2021.0
825 20th ave e,0,1,
825 e 8th ave,0,3,2020.0
825 e georgia,0,1,2018.0
825 prior streer vancouve,0,1,
825 salsbury dr,0,1,
825 victoria dr,0,2,
827 e 16th ave,0,4,2020.0
828 agnes st,0,1,
8298 110 st,0,1,
83 w 17th ave,0,1,2018.0
830 e 6th,1,1,2025.0
830 e 6th ave,0,2,
830 jackson ave,0,1,
830 w 18th ave,0,2,2024.0
8308 aspenwood pl,0,1,
831 brechin rd,0,1,
831 dunsmuir rd,0,1,
8311 no 1 rd,0,1,
833 agnes st,0,2,
833 seymour,0,1,
833 seymour st,0,2,2018.0
8333 sweet ave,0,1,
834 hawks ave,0,1,2018.0
8340 elliott st,0,1,
835 e 31sr ave,0,1,
8368 fremlin st,0,1,2018.0
837 e broadway,0,1,
837 e broadway st,0,1,2024.0
837 keefer st,0,1,
837 w 18th ave,0,1,
837 w hastings,0,1,
8370 168a st,0,1,
8391 delaware rd,0,1,2020.0
83a ave langl,0,1,
840 broughton st,0,1,2020.0
840 e 6th ave,0,1,2018.0
841 kindersley rd,0,1,
841 mcbride blvd,0,1,
841 royal ave,0,1,
8411 browngate rd,0,1,2018.0
843 cardero st,0,1,
844 johnson st,0,1,
845 8th st,0,1,
845 chilco st,0,1,2021.0
8455 victoria dr,0,1,
846 w king edward st,0,1,
847 cornell ave,0,1,
8481 164a st,0,1,2020.0
8488 cornish st,0,1,2020.0
8499 harber crst,0,1,
85 belmont rd,0,1,
85 lexington ave,0,1,
85 merivale st,0,1,
85024 demetra un,0,1,
8509 osler st,0,1,
851 bidwell st,0,2,2024.0
852 nicola st,1,1,2025.0
85210 shela lf,0,1,
853 e 7th ave,0,1,
8538 river district xing,0,1,
854 e 12th,0,1,2020.0
855 e 13th basement,0,1,
855 e broadway,0,3,2022.0
855 ellery st,0,1,
855 thurlow st,0,2,2021.0
855 vancouver st,0,1,
8555 granville st,0,1,2020.0
856 e broadway,1,2,2025.0
856 e georgia st,0,1,
857 beatty st,0,2,2018.0
857 e 32nd ave,0,1,2018.0
8592 mcewen ter,0,1,
8596 146a st,0,1,2018.0
86 1155haro st,0,1,
8620 laurel st,0,1,
8623 granville st,1,1,2025.0
8625,0,1,2018.0
8625 fremlin st,0,1,2024.0
8625 logan st,0,1,2023.0
8625 logan st vancouver bc canada,0,1,
8625 osler st,0,1,
8628 hazelbridge way,0,1,
8630 shaughnessy st,0,1,
8632 cartier st,0,1,
8635 french st,0,1,2024.0
8635 hudson st,0,2,2021.0
8636 oak,0,1,2020.0
864 pembroke st,0,1,
8643 logan st,0,1,2021.0
8644 montcalm st,0,1,2022.0
865 view st,0,2,
8655 cartier st,0,1,
8655 king george blvd,0,1,
8655 oak st,0,1,2020.0
8656 french st,0,1,
8656 oak st,0,1,
866 e broadway,0,1,2020.0
8666 laurel st,0,1,2020.0
8667 cartier st,0,1,2020.0
8668 shaughnessy st,0,1,2021.0
8669 heather st,0,1,
867 e 10th ave,0,1,2018.0
867 keefer st,0,1,
8675 fremlin st,0,1,
8679 montcalm st,0,1,2020.0
868 e 30th ave,0,1,2023.0
8680 fremlin st,0,1,
8686 selkirk st,0,1,2018.0
8690 jack uppal st,0,1,
86934 darius clfs,0,1,
86991 twila pr,0,1,
870 w 7th ave,0,1,
8700 granville ave,0,1,
8700 jones rd,1,2,2025.0
8707 montcalm st,0,1,
8708 french st,0,2,2020.0
8710 montcalm st,0,1,2020.0
8715 osler st,0,1,
8726 montcalm st,0,1,
873 hollywood rd n,0,1,
873 w 18th ave,1,1,2025.0
874 w 6th ave,0,1,2023.0
8740 selkirk st,0,1,
8741 montcalm st,0,3,2020.0
8746 carl sq,0,1,
8748 hwy 6,0,1,
8749 bellevue dr,0,1,
8750 osler st,0,1,
8750 selkirk st,0,1,2020.0
8757 cartier st,0,1,
876 e 20th ave,0,1,
876 w 16th ave,0,2,2020.0
8770 granville,0,1,2020.0
8770 granville st,0,1,
8770 selkirk st,0,1,2018.0
8775 161 st,0,1,
8775 osler st,0,1,2021.0
8777 hudson st,0,1,
878 gilford st,0,1,
8788 fremlin st,0,2,
88 w pender st,0,1,2020.0
880 commercial diversion,0,1,
880 e georgia st,0,1,
880 princess ave,0,2,2020.0
8800 moore rd,0,1,
8803 thersa plns,0,1,
8805 hudson,0,1,2020.0
881 union st,0,1,
882 premier st,0,1,
883 john vlys,0,1,
8830 montcalm st,1,1,2025.0
884 bute st,2,5,2025.0
8842 ursus cres,0,1,2020.0
885 salsbury,0,1,
885 salsbury dr,0,1,2020.0
886 12 st e,0,1,2021.0
886 e 12th st,0,1,2018.0
8860 montcalm,0,2,2020.0
8869 montcalm st,0,1,2020.0
888 homer st,0,1,2024.0
888 pacific st,0,1,2024.0
888 w 68 ave,0,1,
8880 cook rd,0,1,
8888 university dr,0,1,
8889 204 st,0,1,
889 taylorwood pl w,0,1,
8892 montcalm,0,1,2020.0
8892 selkirk st,0,1,
890 e 49th ave,0,1,
890 greenchain,0,1,2023.0
8917 mackie st,0,1,
892 park ave,0,1,
8929 148th st,0,1,2020.0
893 borden st,0,1,
8937 montcalm st,0,1,2020.0
8941 salsbury dr,0,1,2023.0
8950 university high st,0,1,
8988 hudson st,0,2,2018.0
8988 patterson rd,0,1,
9 2249 eton st,0,1,2024.0
90 alexander st vancouver bc v6a 1b4 canada,0,1,2023.0
90 e 11th ave,1,3,2025.0
90 ridgemont ave,0,1,
900 jervis st,0,1,
9009 cornerstone mews,1,1,2025.0
901 1755 haro st,0,1,
901 jervis st,0,2,2024.0
9011 skye pl,0,2,
902 1265 beach ave,0,1,
902 1331 west georgia st,0,1,
902 720 7th ave,0,1,
903 980 seymour st,0,1,2018.0
905 4 st,0,1,
905 4th ave,0,2,
905 chilco st,0,1,2020.0
905 se 136th ave,0,1,
906 3438 vanness ave,1,1,2025.0
9061 horne st,0,1,
908 w7th ave,0,1,
909 1275 haro st,1,1,2025.0
909 e 16th ave,0,1,
909 mainland,1,1,2025.0
9098 halston ct,0,1,
910 5th ave,0,1,
910 saint andrews st,0,1,
910 victoria dr,1,1,2025.0
910 w 19th ave,0,1,2021.0
911 w 21st ave,0,1,2018.0
913 gibsons way,0,1,
914 princess ave,0,1,
9143 146a st,0,1,
9147 saturna dr,0,1,
915 tabruck ave,0,1,2020.0
916 e 11th ave,0,1,2021.0
9177 154 st,0,1,
918 commercial dr,0,2,2024.0
9188 university cres,0,1,
919 13th ave w,1,1,2025.0
919 market st,0,1,
919 station st,1,2,2025.0
919 w 13th vancouv,0,1,
9191 university cres,0,2,2018.0
920 darrell cv,0,1,
920 e hastings,0,1,
92070 gorczany park,0,1,
921 thurlow st,0,1,
9210 rue puyseaux,0,1,
9233 government st,0,1,
924 bay st,0,1,
925 bute st,0,2,2021.0
925 cardero st,1,1,2025.0
925 victoria dr,0,1,2023.0
925 w 70th ave,0,1,
925 w 70th vancouve,0,1,
928 commercial dr,0,1,
928 e broadway,1,1,2025.0
928 main st,0,2,2020.0
928 richards st,1,3,2025.0
9280 glenallan dr,0,1,
929 w 16,0,1,2020.0
930 cambie st,0,2,2018.0
930 chilco st,0,5,2024.0
930 immanual st,0,1,
9304 salish ct,0,2,
93072 wisozk lck,0,1,
931 convent pl,0,1,
9319 university cres,0,1,2018.0
933 admirals rd,0,1,
933 e hastings vancouve,0,1,
9333 sills ave,0,1,
934 stewart ave,0,1,
9343a charles st,0,1,
935 dansey,0,1,2021.0
935 e 17th ave,0,1,
935 jervis,0,1,
935 jervis st,0,1,2024.0
937 wilmer st,0,1,
938 e broadway,1,2,2025.0
938 smithe st,0,2,2024.0
9389 132 st,0,1,
939 expo blvd,1,2,2025.0
939 homer st,1,2,2025.0
939 london pl,0,1,2018.0
9393 tower rd,0,1,2021.0
940 fairfield rd,0,1,
940 queens ave,0,1,
941 salsbury dr,0,4,2018.0
942 e broadway,0,1,2023.0
943 e 10th ave,0,1,
9437 151a st,0,1,
945 139a st,0,1,
945 e 28th ave,0,1,
945 jervis st,0,1,2022.0
9450 128 st,0,1,
9456 118 st,0,1,
9456 139a st,0,1,2018.0
946 ellery st,0,1,
9460 128 st,0,1,
947 e hastings st,0,2,
947 hastings st e,0,1,2018.0
9480 128 st,0,1,
9480 menzies st,0,1,
95 e 14th ave,0,10,2021.0
95 e 1st ave,0,2,2023.0
95 e 58th ave,0,1,2018.0
95 view royal ave,0,1,
950 cambie st,0,1,
950 jervis st,0,1,
9500 erickson dr,0,2,
9500 odlin rd,0,1,
9502 erickson dr,0,1,
951 addeley st,0,1,2018.0
951 boundary rd,0,1,2024.0
951 topaz ave,0,1,
9530 willowleaf pl,0,1,
954 mcintyre rd,0,1,2021.0
955 e hastings,0,1,2023.0
955 e hastings st,0,1,
955 reunion ave,0,2,
955 w10th,0,3,
9555 128 st,0,1,2023.0
9562 126 st,0,1,
958 broadway e,1,1,2025.0
958 bute st,0,1,
958 e broadway,2,2,2025.0
9580 prince charles blvd,0,1,
959 w 19th ave,0,1,2023.0
961 haliburton st,0,1,2018.0
9611 patterson rd,0,1,2021.0
962 jervis st,0,2,
9620 120 st,0,1,
963 e 22nd ave,1,1,2025.0
963 w 19th ave,0,1,2018.0
965 lakewood dr,0,1,2024.0
965 seapearl pl,0,1,2018.0
966 37th ave e,0,1,
9660 206 st,0,1,
967 w 23rd ave,0,1,2021.0
968 kingsway,0,3,2022.0
97 1840 160 st,0,1,
97 e 7th ave,0,1,
97 w georgia,0,1,
970 saddle st,0,1,
970 tulip ave,0,1,
972 e 17th ave,0,1,
972 w 23rd ave,0,1,
9731 capella dr richmond,0,1,
975 e 11th ave,0,1,
975 w 10th,0,2,
975 w 13th ave,0,1,2023.0
975 w 14th ave,0,2,
975 w 70th ave,0,1,
976 humboldt st,0,1,
977 broughton st,0,1,2021.0
9776 130a st,0,1,
978 lehner curv,0,1,
979 easter rd,0,1,
979 levi pines,0,1,
980 seymour st,0,1,2018.0
980 w18th ave,0,1,2023.0
980 wordsley st,0,1,
9800 glenares dr,0,1,2018.0
983 e hastings st,0,1,
9830 whalley blvd,0,1,2018.0
9835 king george blvd,0,2,
984 mckenzie ave,0,1,
984 w 7th ave,0,1,2018.0
985 malaspina cres,0,1,
985 nicola st,0,1,
986 amanda radl,0,1,
986 e 10th ave,0,1,
98631 braun rue,0,1,
9868 cameron st,0,1,
9888 university cres,0,1,2024.0
989 nelson,0,1,
989b manhattan dr,0,1,
99 begin st,0,1,
990 broughton st,0,1,2018.0
990 e 8th ave,0,1,
990 e8th ave,0,1,2023.0
9903 conery cres,0,1,
9907 103 st,0,1,
991 cloverdale ave,0,1,
9937 138 st,0,1,
995 e 52 ave,0,1,2020.0
9955 140 st,0,1,
996 w 20th ave,0,1,2022.0
9981 whalley blvd,0,2,2023.0
999 carnavon st,0,1,
999 seymour st,0,2,2022.0
??,0,1,2020.0
a-1155 kingsway,0,1,2018.0
a-6644 canada way,0,1,2018.0
a-955 west 10th ave,0,1,2022.0
a275 hollywood rd s,0,1,
a4 1220 stgeorges ave n,0,1,
allen st 2,0,1,
apartment building,0,1,2022.0
apt 1,0,1,
apt 101 2145 west 2nd ave,0,1,2024.0
apt 111 2335 west 3rd ave,0,1,
apt 2 537 e 7th ave,0,1,2018.0
apt 201,0,1,2020.0
apt 201 577 east 8th ave,0,1,2021.0
b-4016 glen dr,0,1,2018.0
box 11,0,1,2020.0
box 4757,0,1,2018.0
box 714,0,1,2024.0
box 815,0,1,
bsmnt 23061 cliff ave,0,1,2023.0
bsmt 2078 west 6th,1,1,2025.0
bsmt 2846 semiamhoo trail,0,1,2020.0
bsmt 3250 quees ave,0,1,
c- 524 east 15th ave vancouver bc canada,0,1,2024.0
c-218 11th ave e,1,1,2025.0
carnegie,0,1,2018.0
chemin de polytechnique,0,1,
commercial dr,0,1,2018.0
dtes,0,1,2018.0
e 10th ave,0,1,2018.0
e 12th ave,0,1,2020.0
e 4th ave,0,1,2024.0
e121 807 east 6th ave,0,1,
e17 ave,0,1,
east 5th ave,0,1,2018.0
francis,0,1,2018.0
frasierview,0,1,2023.0
granville st,0,1,
haro st,0,1,2023.0
lakewood & 2nd,0,1,2020.0
lanark st,0,2,
month,0,1,2023.0
moving no address,0,1,2021.0
ouellette ave,0,1,
pandora st,0,1,2018.0
po box 1243,0,1,
po box 135,0,1,2018.0
po box 1684,0,1,
po box 234,0,1,
po box 370,0,1,
po box 535,0,1,
po box 56,0,1,
po box 8216,0,1,2018.0
po box 87,0,1,
rear-980 31st ave east,1,1,2025.0
saskatchewan 4,0,1,
ste#2 - 7557 canada way,0,1,2022.0
suite 102-3660 cambie st,0,1,2021.0
suite 204 306 e 6 ave,0,1,2018.0
suite 400 - 601 west broadway,0,1,2022.0
suite 801,0,1,2018.0
thôn la duy,0,1,
unit 2,0,1,
unit 207 - 1056 burnaby st,0,1,2023.0
unit 308 1344 east 1st ave,1,1,2025.0
unit 4 5740 hastings st,0,1,2024.0
unit 7 - 7325 montecito dr,0,1,2022.0
unknown,0,1,2023.0
unknown-emailed on 6-18,1,1,2025.0
upper - 1932 w 6th,0,1,2018.0
v4c 6e4,0,1,
v5e 4ka,0,1,
v5k 1 v9,0,1,
v5k 2y9_,0,1,
v5m 1x6,0,1,
v5n 1p9,0,1,
v5n 3p2,0,1,
v5p 2k3,0,1,
v5t 1n9,0,1,
v6a 0a7,0,1,
v6k 1 j5,0,1,
v8n 2z3 233 robert st,0,1,
v9b 1m9 victor,0,1,
vaness ave,0,1,2018.0
via valdieri 19,0,1,2024.0
victory ship way,0,1,
w hastings st,0,1,
w12 ave,0,1,
w13 ave,0,1,
w3rd ave,0,1,
west 28th ave,0,1,2023.0
